timestamp,timezone,location_id,location_name,user_count,status,response
2026-09-28 00:01:47,+0300,3,T1,10,success,"{"total":10,"location_name":"T1 Shopping Mall","location_id":3}"
2026-09-28 00:01:47,+0300,9,Mustika,1,success,"{"total":1,"location_name":"Mustika","location_id":9}"
2026-09-28 00:01:47,+0300,10,Suur-Paala,0,success,"{"total":0,"location_name":"Suur-Paala","location_id":10}"
2026-09-28 00:01:47,+0300,1,Hipodroom,0,success,"{"total":0,"location_name":"Hipodroom (CLOSED)","location_id":1}"
2026-09-28 00:03:47,+0300,3,T1,10,success,"{"total":10,"location_name":"T1 Shopping Mall","location_id":3}"
2026-09-28 00:03:47,+0300,9,Mustika,1,success,"{"total":1,"location_name":"Mustika","location_id":9}"
2026-09-28 00:03:47,+0300,10,Suur-Paala,0,success,"{"total":0,"location_name":"Suur-Paala","location_id":10}"
2026-09-28 00:03:47,+0300,1,Hipodroom,0,success,"{"total":0,"location_name":"Hipodroom (CLOSED)","location_id":1}"
2026-09-28 00:05:48,+0300,3,T1,10,success,"{"total":10,"location_name":"T1 Shopping Mall","location_id":3}"
2026-09-28 00:05:48,+0300,9,Mustika,1,success,"{"total":1,"location_name":"Mustika","location_id":9}"
2026-09-28 00:05:48,+0300,10,Suur-Paala,0,success,"{"total":0,"location_name":"Suur-Paala","location_id":10}"
2026-09-28 00:05:48,+0300,1,Hipodroom,0,success,"{"total":0,"location_name":"Hipodroom (CLOSED)","location_id":1}"
2026-09-28 00:07:48,+0300,3,T1,10,success,"{"total":10,"location_name":"T1 Shopping Mall","location_id":3}"
2026-09-28 00:07:48,+0300,9,Mustika,1,success,"{"total":1,"location_name":"Mustika","location_id":9}"
2026-09-28 00:07:48,+0300,10,Suur-Paala,0,success,"{"total":0,"location_name":"Suur-Paala","location_id":10}"
2026-09-28 00:07:48,+0300,1,Hipodroom,0,success,"{"total":0,"location_name":"Hipodroom (CLOSED)","location_id":1}"
2026-09-28 00:09:49,+0300,3,T1,10,success,"{"total":10,"location_name":"T1 Shopping Mall","location_id":3}"
2026-09-28 00:09:49,+0300,9,Mustika,1,success,"{"total":1,"location_name":"Mustika","location_id":9}"
2026-09-28 00:09:49,+0300,10,Suur-Paala,0,success,"{"total":0,"location_name":"Suur-Paala","location_id":10}"
2026-09-28 00:09:49,+0300,1,Hipodroom,0,success,"{"total":0,"location_name":"Hipodroom (CLOSED)","location_id":1}"
2026-09-28 00:11:50,+0300,3,T1,10,success,"{"total":10,"location_name":"T1 Shopping Mall","location_id":3}"
2026-09-28 00:11:50,+0300,9,Mustika,1,success,"{"total":1,"location_name":"Mustika","location_id":9}"
2026-09-28 00:11:50,+0300,10,Suur-Paala,0,success,"{"total":0,"location_name":"Suur-Paala","location_id":10}"
2026-09-28 00:11:50,+0300,1,Hipodroom,0,success,"{"total":0,"location_name":"Hipodroom (CLOSED)","location_id":1}"
2026-09-28 00:13:50,+0300,3,T1,9,success,"{"total":9,"location_name":"T1 Shopping Mall","location_id":3}"
2026-09-28 00:13:50,+0300,9,Mustika,1,success,"{"total":1,"location_name":"Mustika","location_id":9}"
2026-09-28 00:13:50,+0300,10,Suur-Paala,0,success,"{"total":0,"location_name":"Suur-Paala","location_id":10}"
2026-09-28 00:13:50,+0300,1,Hipodroom,0,success,"{"total":0,"location_name":"Hipodroom (CLOSED)","location_id":1}"
2026-09-28 00:15:51,+0300,3,T1,9,success,"{"total":9,"location_name":"T1 Shopping Mall","location_id":3}"
2026-09-28 00:15:51,+0300,9,Mustika,1,success,"{"total":1,"location_name":"Mustika","location_id":9}"
2026-09-28 00:15:51,+0300,10,Suur-Paala,0,success,"{"total":0,"location_name":"Suur-Paala","location_id":10}"
2026-09-28 00:15:51,+0300,1,Hipodroom,0,success,"{"total":0,"location_name":"Hipodroom (CLOSED)","location_id":1}"
2026-09-28 00:17:51,+0300,3,T1,9,success,"{"total":9,"location_name":"T1 Shopping Mall","location_id":3}"
2026-09-28 00:17:51,+0300,9,Mustika,1,success,"{"total":1,"location_name":"Mustika","location_id":9}"
2026-09-28 00:17:51,+0300,10,Suur-Paala,0,success,"{"total":0,"location_name":"Suur-Paala","location_id":10}"
2026-09-28 00:17:51,+0300,1,Hipodroom,0,success,"{"total":0,"location_name":"Hipodroom (CLOSED)","location_id":1}"
2026-09-28 00:19:52,+0300,3,T1,9,success,"{"total":9,"location_name":"T1 Shopping Mall","location_id":3}"
2026-09-28 00:19:52,+0300,9,Mustika,1,success,"{"total":1,"location_name":"Mustika","location_id":9}"
2026-09-28 00:19:52,+0300,10,Suur-Paala,0,success,"{"total":0,"location_name":"Suur-Paala","location_id":10}"
2026-09-28 00:19:52,+0300,1,Hipodroom,0,success,"{"total":0,"location_name":"Hipodroom (CLOSED)","location_id":1}"
2026-09-28 00:21:53,+0300,3,T1,9,success,"{"total":9,"location_name":"T1 Shopping Mall","location_id":3}"
2026-09-28 00:21:53,+0300,9,Mustika,1,success,"{"total":1,"location_name":"Mustika","location_id":9}"
2026-09-28 00:21:53,+0300,10,Suur-Paala,0,success,"{"total":0,"location_name":"Suur-Paala","location_id":10}"
2026-09-28 00:21:53,+0300,1,Hipodroom,0,success,"{"total":0,"location_name":"Hipodroom (CLOSED)","location_id":1}"
2026-09-28 00:23:53,+0300,3,T1,9,success,"{"total":9,"location_name":"T1 Shopping Mall","location_id":3}"
2026-09-28 00:23:53,+0300,9,Mustika,1,success,"{"total":1,"location_name":"Mustika","location_id":9}"
2026-09-28 00:23:53,+0300,10,Suur-Paala,0,success,"{"total":0,"location_name":"Suur-Paala","location_id":10}"
2026-09-28 00:23:53,+0300,1,Hipodroom,0,success,"{"total":0,"location_name":"Hipodroom (CLOSED)","location_id":1}"
2026-09-28 00:25:54,+0300,3,T1,8,success,"{"total":8,"location_name":"T1 Shopping Mall","location_id":3}"
2026-09-28 00:25:54,+0300,9,Mustika,1,success,"{"total":1,"location_name":"Mustika","location_id":9}"
2026-09-28 00:25:54,+0300,10,Suur-Paala,0,success,"{"total":0,"location_name":"Suur-Paala","location_id":10}"
2026-09-28 00:25:54,+0300,1,Hipodroom,0,success,"{"total":0,"location_name":"Hipodroom (CLOSED)","location_id":1}"
2026-09-28 00:27:55,+0300,3,T1,8,success,"{"total":8,"location_name":"T1 Shopping Mall","location_id":3}"
2026-09-28 00:27:55,+0300,9,Mustika,1,success,"{"total":1,"location_name":"Mustika","location_id":9}"
2026-09-28 00:27:55,+0300,10,Suur-Paala,0,success,"{"total":0,"location_name":"Suur-Paala","location_id":10}"
2026-09-28 00:27:55,+0300,1,Hipodroom,0,success,"{"total":0,"location_name":"Hipodroom (CLOSED)","location_id":1}"
2026-09-28 00:29:55,+0300,3,T1,8,success,"{"total":8,"location_name":"T1 Shopping Mall","location_id":3}"
2026-09-28 00:29:55,+0300,9,Mustika,1,success,"{"total":1,"location_name":"Mustika","location_id":9}"
2026-09-28 00:29:55,+0300,10,Suur-Paala,0,success,"{"total":0,"location_name":"Suur-Paala","location_id":10}"
2026-09-28 00:29:55,+0300,1,Hipodroom,0,success,"{"total":0,"location_name":"Hipodroom (CLOSED)","location_id":1}"
2026-09-28 00:31:56,+0300,3,T1,8,success,"{"total":8,"location_name":"T1 Shopping Mall","location_id":3}"
2026-09-28 00:31:56,+0300,9,Mustika,0,success,"{"total":0,"location_name":"Mustika","location_id":9}"
2026-09-28 00:31:56,+0300,10,Suur-Paala,0,success,"{"total":0,"location_name":"Suur-Paala","location_id":10}"
2026-09-28 00:31:56,+0300,1,Hipodroom,0,success,"{"total":0,"location_name":"Hipodroom (CLOSED)","location_id":1}"
2026-09-28 00:33:57,+0300,3,T1,8,success,"{"total":8,"location_name":"T1 Shopping Mall","location_id":3}"
2026-09-28 00:33:57,+0300,9,Mustika,0,success,"{"total":0,"location_name":"Mustika","location_id":9}"
2026-09-28 00:33:57,+0300,10,Suur-Paala,0,success,"{"total":0,"location_name":"Suur-Paala","location_id":10}"
2026-09-28 00:33:57,+0300,1,Hipodroom,0,success,"{"total":0,"location_name":"Hipodroom (CLOSED)","location_id":1}"
2026-09-28 00:35:58,+0300,3,T1,8,success,"{"total":8,"location_name":"T1 Shopping Mall","location_id":3}"
2026-09-28 00:35:58,+0300,9,Mustika,0,success,"{"total":0,"location_name":"Mustika","location_id":9}"
2026-09-28 00:35:58,+0300,10,Suur-Paala,0,success,"{"total":0,"location_name":"Suur-Paala","location_id":10}"
2026-09-28 00:35:58,+0300,1,Hipodroom,0,success,"{"total":0,"location_name":"Hipodroom (CLOSED)","location_id":1}"
2026-09-28 00:37:58,+0300,3,T1,8,success,"{"total":8,"location_name":"T1 Shopping Mall","location_id":3}"
2026-09-28 00:37:58,+0300,9,Mustika,0,success,"{"total":0,"location_name":"Mustika","location_id":9}"
2026-09-28 00:37:58,+0300,10,Suur-Paala,0,success,"{"total":0,"location_name":"Suur-Paala","location_id":10}"
2026-09-28 00:37:58,+0300,1,Hipodroom,0,success,"{"total":0,"location_name":"Hipodroom (CLOSED)","location_id":1}"
2026-09-28 00:39:59,+0300,3,T1,8,success,"{"total":8,"location_name":"T1 Shopping Mall","location_id":3}"
2026-09-28 00:39:59,+0300,9,Mustika,0,success,"{"total":0,"location_name":"Mustika","location_id":9}"
2026-09-28 00:39:59,+0300,10,Suur-Paala,0,success,"{"total":0,"location_name":"Suur-Paala","location_id":10}"
2026-09-28 00:39:59,+0300,1,Hipodroom,0,success,"{"total":0,"location_name":"Hipodroom (CLOSED)","location_id":1}"
2026-09-28 00:42:00,+0300,3,T1,8,success,"{"total":8,"location_name":"T1 Shopping Mall","location_id":3}"
2026-09-28 00:42:00,+0300,9,Mustika,0,success,"{"total":0,"location_name":"Mustika","location_id":9}"
2026-09-28 00:42:00,+0300,10,Suur-Paala,0,success,"{"total":0,"location_name":"Suur-Paala","location_id":10}"
2026-09-28 00:42:00,+0300,1,Hipodroom,0,success,"{"total":0,"location_name":"Hipodroom (CLOSED)","location_id":1}"
2026-09-28 00:44:01,+0300,3,T1,8,success,"{"total":8,"location_name":"T1 Shopping Mall","location_id":3}"
2026-09-28 00:44:01,+0300,9,Mustika,0,success,"{"total":0,"location_name":"Mustika","location_id":9}"
2026-09-28 00:44:01,+0300,10,Suur-Paala,0,success,"{"total":0,"location_name":"Suur-Paala","location_id":10}"
2026-09-28 00:44:01,+0300,1,Hipodroom,0,success,"{"total":0,"location_name":"Hipodroom (CLOSED)","location_id":1}"
2026-09-28 00:46:01,+0300,3,T1,8,success,"{"total":8,"location_name":"T1 Shopping Mall","location_id":3}"
2026-09-28 00:46:01,+0300,9,Mustika,0,success,"{"total":0,"location_name":"Mustika","location_id":9}"
2026-09-28 00:46:01,+0300,10,Suur-Paala,0,success,"{"total":0,"location_name":"Suur-Paala","location_id":10}"
2026-09-28 00:46:01,+0300,1,Hipodroom,0,success,"{"total":0,"location_name":"Hipodroom (CLOSED)","location_id":1}"
2026-09-28 00:48:02,+0300,3,T1,8,success,"{"total":8,"location_name":"T1 Shopping Mall","location_id":3}"
2026-09-28 00:48:02,+0300,9,Mustika,0,success,"{"total":0,"location_name":"Mustika","location_id":9}"
2026-09-28 00:48:02,+0300,10,Suur-Paala,0,success,"{"total":0,"location_name":"Suur-Paala","location_id":10}"
2026-09-28 00:48:02,+0300,1,Hipodroom,0,success,"{"total":0,"location_name":"Hipodroom (CLOSED)","location_id":1}"
2026-09-28 00:50:03,+0300,3,T1,7,success,"{"total":7,"location_name":"T1 Shopping Mall","location_id":3}"
2026-09-28 00:50:03,+0300,9,Mustika,0,success,"{"total":0,"location_name":"Mustika","location_id":9}"
2026-09-28 00:50:03,+0300,10,Suur-Paala,0,success,"{"total":0,"location_name":"Suur-Paala","location_id":10}"
2026-09-28 00:50:03,+0300,1,Hipodroom,0,success,"{"total":0,"location_name":"Hipodroom (CLOSED)","location_id":1}"
2026-09-28 00:52:04,+0300,3,T1,7,success,"{"total":7,"location_name":"T1 Shopping Mall","location_id":3}"
2026-09-28 00:52:04,+0300,9,Mustika,0,success,"{"total":0,"location_name":"Mustika","location_id":9}"
2026-09-28 00:52:04,+0300,10,Suur-Paala,0,success,"{"total":0,"location_name":"Suur-Paala","location_id":10}"
2026-09-28 00:52:04,+0300,1,Hipodroom,0,success,"{"total":0,"location_name":"Hipodroom (CLOSED)","location_id":1}"
2026-09-28 00:54:04,+0300,3,T1,7,success,"{"total":7,"location_name":"T1 Shopping Mall","location_id":3}"
2026-09-28 00:54:04,+0300,9,Mustika,0,success,"{"total":0,"location_name":"Mustika","location_id":9}"
2026-09-28 00:54:04,+0300,10,Suur-Paala,0,success,"{"total":0,"location_name":"Suur-Paala","location_id":10}"
2026-09-28 00:54:04,+0300,1,Hipodroom,0,success,"{"total":0,"location_name":"Hipodroom (CLOSED)","location_id":1}"
2026-09-28 00:56:05,+0300,3,T1,5,success,"{"total":5,"location_name":"T1 Shopping Mall","location_id":3}"
2026-09-28 00:56:05,+0300,9,Mustika,0,success,"{"total":0,"location_name":"Mustika","location_id":9}"
2026-09-28 00:56:05,+0300,10,Suur-Paala,0,success,"{"total":0,"location_name":"Suur-Paala","location_id":10}"
2026-09-28 00:56:05,+0300,1,Hipodroom,0,success,"{"total":0,"location_name":"Hipodroom (CLOSED)","location_id":1}"
2026-09-28 00:58:05,+0300,3,T1,5,success,"{"total":5,"location_name":"T1 Shopping Mall","location_id":3}"
2026-09-28 00:58:05,+0300,9,Mustika,0,success,"{"total":0,"location_name":"Mustika","location_id":9}"
2026-09-28 00:58:05,+0300,10,Suur-Paala,0,success,"{"total":0,"location_name":"Suur-Paala","location_id":10}"
2026-09-28 00:58:05,+0300,1,Hipodroom,0,success,"{"total":0,"location_name":"Hipodroom (CLOSED)","location_id":1}"
2026-09-28 01:00:06,+0300,3,T1,5,success,"{"total":5,"location_name":"T1 Shopping Mall","location_id":3}"
2026-09-28 01:00:06,+0300,9,Mustika,0,success,"{"total":0,"location_name":"Mustika","location_id":9}"
2026-09-28 01:00:06,+0300,10,Suur-Paala,0,success,"{"total":0,"location_name":"Suur-Paala","location_id":10}"
2026-09-28 01:00:06,+0300,1,Hipodroom,0,success,"{"total":0,"location_name":"Hipodroom (CLOSED)","location_id":1}"
2026-09-28 01:02:07,+0300,3,T1,5,success,"{"total":5,"location_name":"T1 Shopping Mall","location_id":3}"
2026-09-28 01:02:07,+0300,9,Mustika,0,success,"{"total":0,"location_name":"Mustika","location_id":9}"
2026-09-28 01:02:07,+0300,10,Suur-Paala,0,success,"{"total":0,"location_name":"Suur-Paala","location_id":10}"
2026-09-28 01:02:07,+0300,1,Hipodroom,0,success,"{"total":0,"location_name":"Hipodroom (CLOSED)","location_id":1}"
2026-09-28 01:04:07,+0300,3,T1,5,success,"{"total":5,"location_name":"T1 Shopping Mall","location_id":3}"
2026-09-28 01:04:07,+0300,9,Mustika,0,success,"{"total":0,"location_name":"Mustika","location_id":9}"
2026-09-28 01:04:07,+0300,10,Suur-Paala,0,success,"{"total":0,"location_name":"Suur-Paala","location_id":10}"
2026-09-28 01:04:07,+0300,1,Hipodroom,0,success,"{"total":0,"location_name":"Hipodroom (CLOSED)","location_id":1}"
2026-09-28 01:06:08,+0300,3,T1,5,success,"{"total":5,"location_name":"T1 Shopping Mall","location_id":3}"
2026-09-28 01:06:08,+0300,9,Mustika,0,success,"{"total":0,"location_name":"Mustika","location_id":9}"
2026-09-28 01:06:08,+0300,10,Suur-Paala,0,success,"{"total":0,"location_name":"Suur-Paala","location_id":10}"
2026-09-28 01:06:08,+0300,1,Hipodroom,0,success,"{"total":0,"location_name":"Hipodroom (CLOSED)","location_id":1}"
2026-09-28 01:08:09,+0300,3,T1,5,success,"{"total":5,"location_name":"T1 Shopping Mall","location_id":3}"
2026-09-28 01:08:09,+0300,9,Mustika,0,success,"{"total":0,"location_name":"Mustika","location_id":9}"
2026-09-28 01:08:09,+0300,10,Suur-Paala,0,success,"{"total":0,"location_name":"Suur-Paala","location_id":10}"
2026-09-28 01:08:09,+0300,1,Hipodroom,0,success,"{"total":0,"location_name":"Hipodroom (CLOSED)","location_id":1}"
2026-09-28 01:10:10,+0300,3,T1,5,success,"{"total":5,"location_name":"T1 Shopping Mall","location_id":3}"
2026-09-28 01:10:10,+0300,9,Mustika,0,success,"{"total":0,"location_name":"Mustika","location_id":9}"
2026-09-28 01:10:10,+0300,10,Suur-Paala,0,success,"{"total":0,"location_name":"Suur-Paala","location_id":10}"
2026-09-28 01:10:10,+0300,1,Hipodroom,0,success,"{"total":0,"location_name":"Hipodroom (CLOSED)","location_id":1}"
2026-09-28 01:12:10,+0300,3,T1,5,success,"{"total":5,"location_name":"T1 Shopping Mall","location_id":3}"
2026-09-28 01:12:10,+0300,9,Mustika,0,success,"{"total":0,"location_name":"Mustika","location_id":9}"
2026-09-28 01:12:10,+0300,10,Suur-Paala,0,success,"{"total":0,"location_name":"Suur-Paala","location_id":10}"
2026-09-28 01:12:10,+0300,1,Hipodroom,0,success,"{"total":0,"location_name":"Hipodroom (CLOSED)","location_id":1}"
2026-09-28 01:14:11,+0300,3,T1,4,success,"{"total":4,"location_name":"T1 Shopping Mall","location_id":3}"
2026-09-28 01:14:11,+0300,9,Mustika,0,success,"{"total":0,"location_name":"Mustika","location_id":9}"
2026-09-28 01:14:11,+0300,10,Suur-Paala,0,success,"{"total":0,"location_name":"Suur-Paala","location_id":10}"
2026-09-28 01:14:11,+0300,1,Hipodroom,0,success,"{"total":0,"location_name":"Hipodroom (CLOSED)","location_id":1}"
2026-09-28 01:16:12,+0300,3,T1,4,success,"{"total":4,"location_name":"T1 Shopping Mall","location_id":3}"
2026-09-28 01:16:12,+0300,9,Mustika,0,success,"{"total":0,"location_name":"Mustika","location_id":9}"
2026-09-28 01:16:12,+0300,10,Suur-Paala,0,success,"{"total":0,"location_name":"Suur-Paala","location_id":10}"
2026-09-28 01:16:12,+0300,1,Hipodroom,0,success,"{"total":0,"location_name":"Hipodroom (CLOSED)","location_id":1}"
2026-09-28 01:18:12,+0300,3,T1,4,success,"{"total":4,"location_name":"T1 Shopping Mall","location_id":3}"
2026-09-28 01:18:12,+0300,9,Mustika,0,success,"{"total":0,"location_name":"Mustika","location_id":9}"
2026-09-28 01:18:12,+0300,10,Suur-Paala,0,success,"{"total":0,"location_name":"Suur-Paala","location_id":10}"
2026-09-28 01:18:12,+0300,1,Hipodroom,0,success,"{"total":0,"location_name":"Hipodroom (CLOSED)","location_id":1}"
2026-09-28 01:20:13,+0300,3,T1,3,success,"{"total":3,"location_name":"T1 Shopping Mall","location_id":3}"
2026-09-28 01:20:13,+0300,9,Mustika,0,success,"{"total":0,"location_name":"Mustika","location_id":9}"
2026-09-28 01:20:13,+0300,10,Suur-Paala,0,success,"{"total":0,"location_name":"Suur-Paala","location_id":10}"
2026-09-28 01:20:13,+0300,1,Hipodroom,0,success,"{"total":0,"location_name":"Hipodroom (CLOSED)","location_id":1}"
2026-09-28 01:22:14,+0300,3,T1,3,success,"{"total":3,"location_name":"T1 Shopping Mall","location_id":3}"
2026-09-28 01:22:14,+0300,9,Mustika,0,success,"{"total":0,"location_name":"Mustika","location_id":9}"
2026-09-28 01:22:14,+0300,10,Suur-Paala,0,success,"{"total":0,"location_name":"Suur-Paala","location_id":10}"
2026-09-28 01:22:14,+0300,1,Hipodroom,0,success,"{"total":0,"location_name":"Hipodroom (CLOSED)","location_id":1}"
2026-09-28 01:24:15,+0300,3,T1,3,success,"{"total":3,"location_name":"T1 Shopping Mall","location_id":3}"
2026-09-28 01:24:15,+0300,9,Mustika,0,success,"{"total":0,"location_name":"Mustika","location_id":9}"
2026-09-28 01:24:15,+0300,10,Suur-Paala,0,success,"{"total":0,"location_name":"Suur-Paala","location_id":10}"
2026-09-28 01:24:15,+0300,1,Hipodroom,0,success,"{"total":0,"location_name":"Hipodroom (CLOSED)","location_id":1}"
2026-09-28 01:26:15,+0300,3,T1,3,success,"{"total":3,"location_name":"T1 Shopping Mall","location_id":3}"
2026-09-28 01:26:15,+0300,9,Mustika,0,success,"{"total":0,"location_name":"Mustika","location_id":9}"
2026-09-28 01:26:15,+0300,10,Suur-Paala,0,success,"{"total":0,"location_name":"Suur-Paala","location_id":10}"
2026-09-28 01:26:15,+0300,1,Hipodroom,0,success,"{"total":0,"location_name":"Hipodroom (CLOSED)","location_id":1}"
2026-09-28 01:28:16,+0300,3,T1,3,success,"{"total":3,"location_name":"T1 Shopping Mall","location_id":3}"
2026-09-28 01:28:16,+0300,9,Mustika,0,success,"{"total":0,"location_name":"Mustika","location_id":9}"
2026-09-28 01:28:16,+0300,10,Suur-Paala,0,success,"{"total":0,"location_name":"Suur-Paala","location_id":10}"
2026-09-28 01:28:16,+0300,1,Hipodroom,0,success,"{"total":0,"location_name":"Hipodroom (CLOSED)","location_id":1}"
2026-09-28 01:30:17,+0300,3,T1,3,success,"{"total":3,"location_name":"T1 Shopping Mall","location_id":3}"
2026-09-28 01:30:17,+0300,9,Mustika,0,success,"{"total":0,"location_name":"Mustika","location_id":9}"
2026-09-28 01:30:17,+0300,10,Suur-Paala,0,success,"{"total":0,"location_name":"Suur-Paala","location_id":10}"
2026-09-28 01:30:17,+0300,1,Hipodroom,0,success,"{"total":0,"location_name":"Hipodroom (CLOSED)","location_id":1}"
2026-09-28 01:32:17,+0300,3,T1,3,success,"{"total":3,"location_name":"T1 Shopping Mall","location_id":3}"
2026-09-28 01:32:17,+0300,9,Mustika,0,success,"{"total":0,"location_name":"Mustika","location_id":9}"
2026-09-28 01:32:17,+0300,10,Suur-Paala,0,success,"{"total":0,"location_name":"Suur-Paala","location_id":10}"
2026-09-28 01:32:17,+0300,1,Hipodroom,0,success,"{"total":0,"location_name":"Hipodroom (CLOSED)","location_id":1}"
2026-09-28 01:34:18,+0300,3,T1,3,success,"{"total":3,"location_name":"T1 Shopping Mall","location_id":3}"
2026-09-28 01:34:18,+0300,9,Mustika,0,success,"{"total":0,"location_name":"Mustika","location_id":9}"
2026-09-28 01:34:18,+0300,10,Suur-Paala,0,success,"{"total":0,"location_name":"Suur-Paala","location_id":10}"
2026-09-28 01:34:18,+0300,1,Hipodroom,0,success,"{"total":0,"location_name":"Hipodroom (CLOSED)","location_id":1}"
2026-09-28 01:36:18,+0300,3,T1,3,success,"{"total":3,"location_name":"T1 Shopping Mall","location_id":3}"
2026-09-28 01:36:18,+0300,9,Mustika,0,success,"{"total":0,"location_name":"Mustika","location_id":9}"
2026-09-28 01:36:18,+0300,10,Suur-Paala,0,success,"{"total":0,"location_name":"Suur-Paala","location_id":10}"
2026-09-28 01:36:18,+0300,1,Hipodroom,0,success,"{"total":0,"location_name":"Hipodroom (CLOSED)","location_id":1}"
2026-09-28 01:38:19,+0300,3,T1,2,success,"{"total":2,"location_name":"T1 Shopping Mall","location_id":3}"
2026-09-28 01:38:19,+0300,9,Mustika,0,success,"{"total":0,"location_name":"Mustika","location_id":9}"
2026-09-28 01:38:19,+0300,10,Suur-Paala,0,success,"{"total":0,"location_name":"Suur-Paala","location_id":10}"
2026-09-28 01:38:19,+0300,1,Hipodroom,0,success,"{"total":0,"location_name":"Hipodroom (CLOSED)","location_id":1}"
2026-09-28 01:40:20,+0300,3,T1,2,success,"{"total":2,"location_name":"T1 Shopping Mall","location_id":3}"
2026-09-28 01:40:20,+0300,9,Mustika,0,success,"{"total":0,"location_name":"Mustika","location_id":9}"
2026-09-28 01:40:20,+0300,10,Suur-Paala,0,success,"{"total":0,"location_name":"Suur-Paala","location_id":10}"
2026-09-28 01:40:20,+0300,1,Hipodroom,0,success,"{"total":0,"location_name":"Hipodroom (CLOSED)","location_id":1}"
2026-09-28 01:42:20,+0300,3,T1,2,success,"{"total":2,"location_name":"T1 Shopping Mall","location_id":3}"
2026-09-28 01:42:20,+0300,9,Mustika,0,success,"{"total":0,"location_name":"Mustika","location_id":9}"
2026-09-28 01:42:20,+0300,10,Suur-Paala,0,success,"{"total":0,"location_name":"Suur-Paala","location_id":10}"
2026-09-28 01:42:20,+0300,1,Hipodroom,0,success,"{"total":0,"location_name":"Hipodroom (CLOSED)","location_id":1}"
2026-09-28 01:44:21,+0300,3,T1,2,success,"{"total":2,"location_name":"T1 Shopping Mall","location_id":3}"
2026-09-28 01:44:21,+0300,9,Mustika,0,success,"{"total":0,"location_name":"Mustika","location_id":9}"
2026-09-28 01:44:21,+0300,10,Suur-Paala,0,success,"{"total":0,"location_name":"Suur-Paala","location_id":10}"
2026-09-28 01:44:21,+0300,1,Hipodroom,0,success,"{"total":0,"location_name":"Hipodroom (CLOSED)","location_id":1}"
2026-09-28 01:46:22,+0300,3,T1,2,success,"{"total":2,"location_name":"T1 Shopping Mall","location_id":3}"
2026-09-28 01:46:22,+0300,9,Mustika,0,success,"{"total":0,"location_name":"Mustika","location_id":9}"
2026-09-28 01:46:22,+0300,10,Suur-Paala,0,success,"{"total":0,"location_name":"Suur-Paala","location_id":10}"
2026-09-28 01:46:22,+0300,1,Hipodroom,0,success,"{"total":0,"location_name":"Hipodroom (CLOSED)","location_id":1}"
2026-09-28 01:48:23,+0300,3,T1,2,success,"{"total":2,"location_name":"T1 Shopping Mall","location_id":3}"
2026-09-28 01:48:23,+0300,9,Mustika,0,success,"{"total":0,"location_name":"Mustika","location_id":9}"
2026-09-28 01:48:23,+0300,10,Suur-Paala,0,success,"{"total":0,"location_name":"Suur-Paala","location_id":10}"
2026-09-28 01:48:23,+0300,1,Hipodroom,0,success,"{"total":0,"location_name":"Hipodroom (CLOSED)","location_id":1}"
2026-09-28 01:50:23,+0300,3,T1,2,success,"{"total":2,"location_name":"T1 Shopping Mall","location_id":3}"
2026-09-28 01:50:23,+0300,9,Mustika,0,success,"{"total":0,"location_name":"Mustika","location_id":9}"
2026-09-28 01:50:23,+0300,10,Suur-Paala,0,success,"{"total":0,"location_name":"Suur-Paala","location_id":10}"
2026-09-28 01:50:23,+0300,1,Hipodroom,0,success,"{"total":0,"location_name":"Hipodroom (CLOSED)","location_id":1}"
2026-09-28 01:52:24,+0300,3,T1,2,success,"{"total":2,"location_name":"T1 Shopping Mall","location_id":3}"
2026-09-28 01:52:24,+0300,9,Mustika,0,success,"{"total":0,"location_name":"Mustika","location_id":9}"
2026-09-28 01:52:24,+0300,10,Suur-Paala,0,success,"{"total":0,"location_name":"Suur-Paala","location_id":10}"
2026-09-28 01:52:24,+0300,1,Hipodroom,0,success,"{"total":0,"location_name":"Hipodroom (CLOSED)","location_id":1}"
2026-09-28 01:54:25,+0300,3,T1,2,success,"{"total":2,"location_name":"T1 Shopping Mall","location_id":3}"
2026-09-28 01:54:25,+0300,9,Mustika,0,success,"{"total":0,"location_name":"Mustika","location_id":9}"
2026-09-28 01:54:25,+0300,10,Suur-Paala,0,success,"{"total":0,"location_name":"Suur-Paala","location_id":10}"
2026-09-28 01:54:25,+0300,1,Hipodroom,0,success,"{"total":0,"location_name":"Hipodroom (CLOSED)","location_id":1}"
2026-09-28 01:56:25,+0300,3,T1,2,success,"{"total":2,"location_name":"T1 Shopping Mall","location_id":3}"
2026-09-28 01:56:25,+0300,9,Mustika,0,success,"{"total":0,"location_name":"Mustika","location_id":9}"
2026-09-28 01:56:25,+0300,10,Suur-Paala,0,success,"{"total":0,"location_name":"Suur-Paala","location_id":10}"
2026-09-28 01:56:25,+0300,1,Hipodroom,0,success,"{"total":0,"location_name":"Hipodroom (CLOSED)","location_id":1}"
2026-09-28 01:58:26,+0300,3,T1,2,success,"{"total":2,"location_name":"T1 Shopping Mall","location_id":3}"
2026-09-28 01:58:26,+0300,9,Mustika,0,success,"{"total":0,"location_name":"Mustika","location_id":9}"
2026-09-28 01:58:26,+0300,10,Suur-Paala,0,success,"{"total":0,"location_name":"Suur-Paala","location_id":10}"
2026-09-28 01:58:26,+0300,1,Hipodroom,0,success,"{"total":0,"location_name":"Hipodroom (CLOSED)","location_id":1}"
2026-09-28 02:00:27,+0300,3,T1,2,success,"{"total":2,"location_name":"T1 Shopping Mall","location_id":3}"
2026-09-28 02:00:27,+0300,9,Mustika,0,success,"{"total":0,"location_name":"Mustika","location_id":9}"
2026-09-28 02:00:27,+0300,10,Suur-Paala,0,success,"{"total":0,"location_name":"Suur-Paala","location_id":10}"
2026-09-28 02:00:27,+0300,1,Hipodroom,0,success,"{"total":0,"location_name":"Hipodroom (CLOSED)","location_id":1}"
2026-09-28 02:02:27,+0300,3,T1,2,success,"{"total":2,"location_name":"T1 Shopping Mall","location_id":3}"
2026-09-28 02:02:27,+0300,9,Mustika,0,success,"{"total":0,"location_name":"Mustika","location_id":9}"
2026-09-28 02:02:27,+0300,10,Suur-Paala,0,success,"{"total":0,"location_name":"Suur-Paala","location_id":10}"
2026-09-28 02:02:27,+0300,1,Hipodroom,0,success,"{"total":0,"location_name":"Hipodroom (CLOSED)","location_id":1}"
2026-09-28 02:04:28,+0300,3,T1,2,success,"{"total":2,"location_name":"T1 Shopping Mall","location_id":3}"
2026-09-28 02:04:28,+0300,9,Mustika,0,success,"{"total":0,"location_name":"Mustika","location_id":9}"
2026-09-28 02:04:28,+0300,10,Suur-Paala,0,success,"{"total":0,"location_name":"Suur-Paala","location_id":10}"
2026-09-28 02:04:28,+0300,1,Hipodroom,0,success,"{"total":0,"location_name":"Hipodroom (CLOSED)","location_id":1}"
2026-09-28 02:06:29,+0300,3,T1,2,success,"{"total":2,"location_name":"T1 Shopping Mall","location_id":3}"
2026-09-28 02:06:29,+0300,9,Mustika,0,success,"{"total":0,"location_name":"Mustika","location_id":9}"
2026-09-28 02:06:29,+0300,10,Suur-Paala,0,success,"{"total":0,"location_name":"Suur-Paala","location_id":10}"
2026-09-28 02:06:29,+0300,1,Hipodroom,0,success,"{"total":0,"location_name":"Hipodroom (CLOSED)","location_id":1}"
2026-09-28 02:08:30,+0300,3,T1,2,success,"{"total":2,"location_name":"T1 Shopping Mall","location_id":3}"
2026-09-28 02:08:30,+0300,9,Mustika,0,success,"{"total":0,"location_name":"Mustika","location_id":9}"
2026-09-28 02:08:30,+0300,10,Suur-Paala,0,success,"{"total":0,"location_name":"Suur-Paala","location_id":10}"
2026-09-28 02:08:30,+0300,1,Hipodroom,0,success,"{"total":0,"location_name":"Hipodroom (CLOSED)","location_id":1}"
2026-09-28 02:10:30,+0300,3,T1,2,success,"{"total":2,"location_name":"T1 Shopping Mall","location_id":3}"
2026-09-28 02:10:30,+0300,9,Mustika,0,success,"{"total":0,"location_name":"Mustika","location_id":9}"
2026-09-28 02:10:30,+0300,10,Suur-Paala,0,success,"{"total":0,"location_name":"Suur-Paala","location_id":10}"
2026-09-28 02:10:30,+0300,1,Hipodroom,0,success,"{"total":0,"location_name":"Hipodroom (CLOSED)","location_id":1}"
2026-09-28 02:12:31,+0300,3,T1,2,success,"{"total":2,"location_name":"T1 Shopping Mall","location_id":3}"
2026-09-28 02:12:31,+0300,9,Mustika,0,success,"{"total":0,"location_name":"Mustika","location_id":9}"
2026-09-28 02:12:31,+0300,10,Suur-Paala,0,success,"{"total":0,"location_name":"Suur-Paala","location_id":10}"
2026-09-28 02:12:31,+0300,1,Hipodroom,0,success,"{"total":0,"location_name":"Hipodroom (CLOSED)","location_id":1}"
2026-09-28 02:14:32,+0300,3,T1,1,success,"{"total":1,"location_name":"T1 Shopping Mall","location_id":3}"
2026-09-28 02:14:32,+0300,9,Mustika,0,success,"{"total":0,"location_name":"Mustika","location_id":9}"
2026-09-28 02:14:32,+0300,10,Suur-Paala,0,success,"{"total":0,"location_name":"Suur-Paala","location_id":10}"
2026-09-28 02:14:32,+0300,1,Hipodroom,0,success,"{"total":0,"location_name":"Hipodroom (CLOSED)","location_id":1}"
2026-09-28 02:16:33,+0300,3,T1,1,success,"{"total":1,"location_name":"T1 Shopping Mall","location_id":3}"
2026-09-28 02:16:33,+0300,9,Mustika,0,success,"{"total":0,"location_name":"Mustika","location_id":9}"
2026-09-28 02:16:33,+0300,10,Suur-Paala,0,success,"{"total":0,"location_name":"Suur-Paala","location_id":10}"
2026-09-28 02:16:33,+0300,1,Hipodroom,0,success,"{"total":0,"location_name":"Hipodroom (CLOSED)","location_id":1}"
2026-09-28 02:18:34,+0300,3,T1,1,success,"{"total":1,"location_name":"T1 Shopping Mall","location_id":3}"
2026-09-28 02:18:34,+0300,9,Mustika,0,success,"{"total":0,"location_name":"Mustika","location_id":9}"
2026-09-28 02:18:34,+0300,10,Suur-Paala,0,success,"{"total":0,"location_name":"Suur-Paala","location_id":10}"
2026-09-28 02:18:34,+0300,1,Hipodroom,0,success,"{"total":0,"location_name":"Hipodroom (CLOSED)","location_id":1}"
2026-09-28 02:20:34,+0300,3,T1,0,success,"{"total":0,"location_name":"T1 Shopping Mall","location_id":3}"
2026-09-28 02:20:34,+0300,9,Mustika,0,success,"{"total":0,"location_name":"Mustika","location_id":9}"
2026-09-28 02:20:34,+0300,10,Suur-Paala,0,success,"{"total":0,"location_name":"Suur-Paala","location_id":10}"
2026-09-28 02:20:34,+0300,1,Hipodroom,0,success,"{"total":0,"location_name":"Hipodroom (CLOSED)","location_id":1}"
2026-09-28 02:22:35,+0300,3,T1,0,success,"{"total":0,"location_name":"T1 Shopping Mall","location_id":3}"
2026-09-28 02:22:35,+0300,9,Mustika,0,success,"{"total":0,"location_name":"Mustika","location_id":9}"
2026-09-28 02:22:35,+0300,10,Suur-Paala,0,success,"{"total":0,"location_name":"Suur-Paala","location_id":10}"
2026-09-28 02:22:35,+0300,1,Hipodroom,0,success,"{"total":0,"location_name":"Hipodroom (CLOSED)","location_id":1}"
2026-09-28 02:24:35,+0300,3,T1,0,success,"{"total":0,"location_name":"T1 Shopping Mall","location_id":3}"
2026-09-28 02:24:35,+0300,9,Mustika,0,success,"{"total":0,"location_name":"Mustika","location_id":9}"
2026-09-28 02:24:35,+0300,10,Suur-Paala,0,success,"{"total":0,"location_name":"Suur-Paala","location_id":10}"
2026-09-28 02:24:35,+0300,1,Hipodroom,0,success,"{"total":0,"location_name":"Hipodroom (CLOSED)","location_id":1}"
2026-09-28 02:26:36,+0300,3,T1,0,success,"{"total":0,"location_name":"T1 Shopping Mall","location_id":3}"
2026-09-28 02:26:36,+0300,9,Mustika,0,success,"{"total":0,"location_name":"Mustika","location_id":9}"
2026-09-28 02:26:36,+0300,10,Suur-Paala,0,success,"{"total":0,"location_name":"Suur-Paala","location_id":10}"
2026-09-28 02:26:36,+0300,1,Hipodroom,0,success,"{"total":0,"location_name":"Hipodroom (CLOSED)","location_id":1}"
2026-09-28 02:28:37,+0300,3,T1,0,success,"{"total":0,"location_name":"T1 Shopping Mall","location_id":3}"
2026-09-28 02:28:37,+0300,9,Mustika,0,success,"{"total":0,"location_name":"Mustika","location_id":9}"
2026-09-28 02:28:37,+0300,10,Suur-Paala,0,success,"{"total":0,"location_name":"Suur-Paala","location_id":10}"
2026-09-28 02:28:37,+0300,1,Hipodroom,0,success,"{"total":0,"location_name":"Hipodroom (CLOSED)","location_id":1}"
2026-09-28 02:30:38,+0300,3,T1,0,success,"{"total":0,"location_name":"T1 Shopping Mall","location_id":3}"
2026-09-28 02:30:38,+0300,9,Mustika,0,success,"{"total":0,"location_name":"Mustika","location_id":9}"
2026-09-28 02:30:38,+0300,10,Suur-Paala,0,success,"{"total":0,"location_name":"Suur-Paala","location_id":10}"
2026-09-28 02:30:38,+0300,1,Hipodroom,0,success,"{"total":0,"location_name":"Hipodroom (CLOSED)","location_id":1}"
2026-09-28 02:32:38,+0300,3,T1,0,success,"{"total":0,"location_name":"T1 Shopping Mall","location_id":3}"
2026-09-28 02:32:38,+0300,9,Mustika,0,success,"{"total":0,"location_name":"Mustika","location_id":9}"
2026-09-28 02:32:38,+0300,10,Suur-Paala,0,success,"{"total":0,"location_name":"Suur-Paala","location_id":10}"
2026-09-28 02:32:38,+0300,1,Hipodroom,0,success,"{"total":0,"location_name":"Hipodroom (CLOSED)","location_id":1}"
2026-09-28 02:34:39,+0300,3,T1,0,success,"{"total":0,"location_name":"T1 Shopping Mall","location_id":3}"
2026-09-28 02:34:39,+0300,9,Mustika,0,success,"{"total":0,"location_name":"Mustika","location_id":9}"
2026-09-28 02:34:39,+0300,10,Suur-Paala,0,success,"{"total":0,"location_name":"Suur-Paala","location_id":10}"
2026-09-28 02:34:39,+0300,1,Hipodroom,0,success,"{"total":0,"location_name":"Hipodroom (CLOSED)","location_id":1}"
2026-09-28 02:36:40,+0300,3,T1,0,success,"{"total":0,"location_name":"T1 Shopping Mall","location_id":3}"
2026-09-28 02:36:40,+0300,9,Mustika,0,success,"{"total":0,"location_name":"Mustika","location_id":9}"
2026-09-28 02:36:40,+0300,10,Suur-Paala,0,success,"{"total":0,"location_name":"Suur-Paala","location_id":10}"
2026-09-28 02:36:40,+0300,1,Hipodroom,0,success,"{"total":0,"location_name":"Hipodroom (CLOSED)","location_id":1}"
2026-09-28 02:38:41,+0300,3,T1,0,success,"{"total":0,"location_name":"T1 Shopping Mall","location_id":3}"
2026-09-28 02:38:41,+0300,9,Mustika,0,success,"{"total":0,"location_name":"Mustika","location_id":9}"
2026-09-28 02:38:41,+0300,10,Suur-Paala,0,success,"{"total":0,"location_name":"Suur-Paala","location_id":10}"
2026-09-28 02:38:41,+0300,1,Hipodroom,0,success,"{"total":0,"location_name":"Hipodroom (CLOSED)","location_id":1}"
2026-09-28 02:40:42,+0300,3,T1,0,success,"{"total":0,"location_name":"T1 Shopping Mall","location_id":3}"
2026-09-28 02:40:42,+0300,9,Mustika,0,success,"{"total":0,"location_name":"Mustika","location_id":9}"
2026-09-28 02:40:42,+0300,10,Suur-Paala,0,success,"{"total":0,"location_name":"Suur-Paala","location_id":10}"
2026-09-28 02:40:42,+0300,1,Hipodroom,0,success,"{"total":0,"location_name":"Hipodroom (CLOSED)","location_id":1}"
2026-09-28 02:42:42,+0300,3,T1,0,success,"{"total":0,"location_name":"T1 Shopping Mall","location_id":3}"
2026-09-28 02:42:42,+0300,9,Mustika,0,success,"{"total":0,"location_name":"Mustika","location_id":9}"
2026-09-28 02:42:42,+0300,10,Suur-Paala,0,success,"{"total":0,"location_name":"Suur-Paala","location_id":10}"
2026-09-28 02:42:42,+0300,1,Hipodroom,0,success,"{"total":0,"location_name":"Hipodroom (CLOSED)","location_id":1}"
2026-09-28 02:44:43,+0300,3,T1,0,success,"{"total":0,"location_name":"T1 Shopping Mall","location_id":3}"
2026-09-28 02:44:43,+0300,9,Mustika,0,success,"{"total":0,"location_name":"Mustika","location_id":9}"
2026-09-28 02:44:43,+0300,10,Suur-Paala,0,success,"{"total":0,"location_name":"Suur-Paala","location_id":10}"
2026-09-28 02:44:43,+0300,1,Hipodroom,0,success,"{"total":0,"location_name":"Hipodroom (CLOSED)","location_id":1}"
2026-09-28 02:46:44,+0300,3,T1,0,success,"{"total":0,"location_name":"T1 Shopping Mall","location_id":3}"
2026-09-28 02:46:44,+0300,9,Mustika,0,success,"{"total":0,"location_name":"Mustika","location_id":9}"
2026-09-28 02:46:44,+0300,10,Suur-Paala,0,success,"{"total":0,"location_name":"Suur-Paala","location_id":10}"
2026-09-28 02:46:44,+0300,1,Hipodroom,0,success,"{"total":0,"location_name":"Hipodroom (CLOSED)","location_id":1}"
2026-09-28 02:48:44,+0300,3,T1,0,success,"{"total":0,"location_name":"T1 Shopping Mall","location_id":3}"
2026-09-28 02:48:44,+0300,9,Mustika,0,success,"{"total":0,"location_name":"Mustika","location_id":9}"
2026-09-28 02:48:44,+0300,10,Suur-Paala,0,success,"{"total":0,"location_name":"Suur-Paala","location_id":10}"
2026-09-28 02:48:44,+0300,1,Hipodroom,0,success,"{"total":0,"location_name":"Hipodroom (CLOSED)","location_id":1}"
2026-09-28 02:50:45,+0300,3,T1,0,success,"{"total":0,"location_name":"T1 Shopping Mall","location_id":3}"
2026-09-28 02:50:45,+0300,9,Mustika,0,success,"{"total":0,"location_name":"Mustika","location_id":9}"
2026-09-28 02:50:45,+0300,10,Suur-Paala,0,success,"{"total":0,"location_name":"Suur-Paala","location_id":10}"
2026-09-28 02:50:45,+0300,1,Hipodroom,0,success,"{"total":0,"location_name":"Hipodroom (CLOSED)","location_id":1}"
2026-09-28 02:52:46,+0300,3,T1,0,success,"{"total":0,"location_name":"T1 Shopping Mall","location_id":3}"
2026-09-28 02:52:46,+0300,9,Mustika,0,success,"{"total":0,"location_name":"Mustika","location_id":9}"
2026-09-28 02:52:46,+0300,10,Suur-Paala,0,success,"{"total":0,"location_name":"Suur-Paala","location_id":10}"
2026-09-28 02:52:46,+0300,1,Hipodroom,0,success,"{"total":0,"location_name":"Hipodroom (CLOSED)","location_id":1}"
2026-09-28 02:54:46,+0300,3,T1,0,success,"{"total":0,"location_name":"T1 Shopping Mall","location_id":3}"
2026-09-28 02:54:46,+0300,9,Mustika,0,success,"{"total":0,"location_name":"Mustika","location_id":9}"
2026-09-28 02:54:46,+0300,10,Suur-Paala,0,success,"{"total":0,"location_name":"Suur-Paala","location_id":10}"
2026-09-28 02:54:46,+0300,1,Hipodroom,0,success,"{"total":0,"location_name":"Hipodroom (CLOSED)","location_id":1}"
2026-09-28 02:56:47,+0300,3,T1,0,success,"{"total":0,"location_name":"T1 Shopping Mall","location_id":3}"
2026-09-28 02:56:47,+0300,9,Mustika,0,success,"{"total":0,"location_name":"Mustika","location_id":9}"
2026-09-28 02:56:47,+0300,10,Suur-Paala,0,success,"{"total":0,"location_name":"Suur-Paala","location_id":10}"
2026-09-28 02:56:47,+0300,1,Hipodroom,0,success,"{"total":0,"location_name":"Hipodroom (CLOSED)","location_id":1}"
2026-09-28 02:58:48,+0300,3,T1,0,success,"{"total":0,"location_name":"T1 Shopping Mall","location_id":3}"
2026-09-28 02:58:48,+0300,9,Mustika,0,success,"{"total":0,"location_name":"Mustika","location_id":9}"
2026-09-28 02:58:48,+0300,10,Suur-Paala,0,success,"{"total":0,"location_name":"Suur-Paala","location_id":10}"
2026-09-28 02:58:48,+0300,1,Hipodroom,0,success,"{"total":0,"location_name":"Hipodroom (CLOSED)","location_id":1}"
2026-09-28 03:00:48,+0300,3,T1,0,success,"{"total":0,"location_name":"T1 Shopping Mall","location_id":3}"
2026-09-28 03:00:48,+0300,9,Mustika,0,success,"{"total":0,"location_name":"Mustika","location_id":9}"
2026-09-28 03:00:48,+0300,10,Suur-Paala,0,success,"{"total":0,"location_name":"Suur-Paala","location_id":10}"
2026-09-28 03:00:48,+0300,1,Hipodroom,0,success,"{"total":0,"location_name":"Hipodroom (CLOSED)","location_id":1}"
2026-09-28 03:02:49,+0300,3,T1,0,success,"{"total":0,"location_name":"T1 Shopping Mall","location_id":3}"
2026-09-28 03:02:49,+0300,9,Mustika,0,success,"{"total":0,"location_name":"Mustika","location_id":9}"
2026-09-28 03:02:49,+0300,10,Suur-Paala,0,success,"{"total":0,"location_name":"Suur-Paala","location_id":10}"
2026-09-28 03:02:49,+0300,1,Hipodroom,0,success,"{"total":0,"location_name":"Hipodroom (CLOSED)","location_id":1}"
2026-09-28 03:04:50,+0300,3,T1,0,success,"{"total":0,"location_name":"T1 Shopping Mall","location_id":3}"
2026-09-28 03:04:50,+0300,9,Mustika,0,success,"{"total":0,"location_name":"Mustika","location_id":9}"
2026-09-28 03:04:50,+0300,10,Suur-Paala,0,success,"{"total":0,"location_name":"Suur-Paala","location_id":10}"
2026-09-28 03:04:50,+0300,1,Hipodroom,0,success,"{"total":0,"location_name":"Hipodroom (CLOSED)","location_id":1}"
2026-09-28 03:06:50,+0300,3,T1,0,success,"{"total":0,"location_name":"T1 Shopping Mall","location_id":3}"
2026-09-28 03:06:50,+0300,9,Mustika,0,success,"{"total":0,"location_name":"Mustika","location_id":9}"
2026-09-28 03:06:50,+0300,10,Suur-Paala,0,success,"{"total":0,"location_name":"Suur-Paala","location_id":10}"
2026-09-28 03:06:50,+0300,1,Hipodroom,0,success,"{"total":0,"location_name":"Hipodroom (CLOSED)","location_id":1}"
2026-09-28 03:08:51,+0300,3,T1,0,success,"{"total":0,"location_name":"T1 Shopping Mall","location_id":3}"
2026-09-28 03:08:51,+0300,9,Mustika,0,success,"{"total":0,"location_name":"Mustika","location_id":9}"
2026-09-28 03:08:51,+0300,10,Suur-Paala,0,success,"{"total":0,"location_name":"Suur-Paala","location_id":10}"
2026-09-28 03:08:51,+0300,1,Hipodroom,0,success,"{"total":0,"location_name":"Hipodroom (CLOSED)","location_id":1}"
2026-09-28 03:10:51,+0300,3,T1,0,success,"{"total":0,"location_name":"T1 Shopping Mall","location_id":3}"
2026-09-28 03:10:51,+0300,9,Mustika,0,success,"{"total":0,"location_name":"Mustika","location_id":9}"
2026-09-28 03:10:51,+0300,10,Suur-Paala,0,success,"{"total":0,"location_name":"Suur-Paala","location_id":10}"
2026-09-28 03:10:51,+0300,1,Hipodroom,0,success,"{"total":0,"location_name":"Hipodroom (CLOSED)","location_id":1}"
2026-09-28 03:12:52,+0300,3,T1,0,success,"{"total":0,"location_name":"T1 Shopping Mall","location_id":3}"
2026-09-28 03:12:52,+0300,9,Mustika,0,success,"{"total":0,"location_name":"Mustika","location_id":9}"
2026-09-28 03:12:52,+0300,10,Suur-Paala,0,success,"{"total":0,"location_name":"Suur-Paala","location_id":10}"
2026-09-28 03:12:52,+0300,1,Hipodroom,0,success,"{"total":0,"location_name":"Hipodroom (CLOSED)","location_id":1}"
2026-09-28 03:14:52,+0300,3,T1,0,success,"{"total":0,"location_name":"T1 Shopping Mall","location_id":3}"
2026-09-28 03:14:52,+0300,9,Mustika,0,success,"{"total":0,"location_name":"Mustika","location_id":9}"
2026-09-28 03:14:52,+0300,10,Suur-Paala,0,success,"{"total":0,"location_name":"Suur-Paala","location_id":10}"
2026-09-28 03:14:52,+0300,1,Hipodroom,0,success,"{"total":0,"location_name":"Hipodroom (CLOSED)","location_id":1}"
2026-09-28 03:16:53,+0300,3,T1,0,success,"{"total":0,"location_name":"T1 Shopping Mall","location_id":3}"
2026-09-28 03:16:53,+0300,9,Mustika,0,success,"{"total":0,"location_name":"Mustika","location_id":9}"
2026-09-28 03:16:53,+0300,10,Suur-Paala,0,success,"{"total":0,"location_name":"Suur-Paala","location_id":10}"
2026-09-28 03:16:53,+0300,1,Hipodroom,0,success,"{"total":0,"location_name":"Hipodroom (CLOSED)","location_id":1}"
2026-09-28 03:18:54,+0300,3,T1,0,success,"{"total":0,"location_name":"T1 Shopping Mall","location_id":3}"
2026-09-28 03:18:54,+0300,9,Mustika,0,success,"{"total":0,"location_name":"Mustika","location_id":9}"
2026-09-28 03:18:54,+0300,10,Suur-Paala,0,success,"{"total":0,"location_name":"Suur-Paala","location_id":10}"
2026-09-28 03:18:54,+0300,1,Hipodroom,0,success,"{"total":0,"location_name":"Hipodroom (CLOSED)","location_id":1}"
2026-09-28 03:20:54,+0300,3,T1,0,success,"{"total":0,"location_name":"T1 Shopping Mall","location_id":3}"
2026-09-28 03:20:54,+0300,9,Mustika,0,success,"{"total":0,"location_name":"Mustika","location_id":9}"
2026-09-28 03:20:54,+0300,10,Suur-Paala,0,success,"{"total":0,"location_name":"Suur-Paala","location_id":10}"
2026-09-28 03:20:54,+0300,1,Hipodroom,0,success,"{"total":0,"location_name":"Hipodroom (CLOSED)","location_id":1}"
2026-09-28 03:22:55,+0300,3,T1,0,success,"{"total":0,"location_name":"T1 Shopping Mall","location_id":3}"
2026-09-28 03:22:55,+0300,9,Mustika,0,success,"{"total":0,"location_name":"Mustika","location_id":9}"
2026-09-28 03:22:55,+0300,10,Suur-Paala,0,success,"{"total":0,"location_name":"Suur-Paala","location_id":10}"
2026-09-28 03:22:55,+0300,1,Hipodroom,0,success,"{"total":0,"location_name":"Hipodroom (CLOSED)","location_id":1}"
2026-09-28 03:24:55,+0300,3,T1,0,success,"{"total":0,"location_name":"T1 Shopping Mall","location_id":3}"
2026-09-28 03:24:55,+0300,9,Mustika,0,success,"{"total":0,"location_name":"Mustika","location_id":9}"
2026-09-28 03:24:55,+0300,10,Suur-Paala,0,success,"{"total":0,"location_name":"Suur-Paala","location_id":10}"
2026-09-28 03:24:55,+0300,1,Hipodroom,0,success,"{"total":0,"location_name":"Hipodroom (CLOSED)","location_id":1}"
2026-09-28 03:26:56,+0300,3,T1,0,success,"{"total":0,"location_name":"T1 Shopping Mall","location_id":3}"
2026-09-28 03:26:56,+0300,9,Mustika,0,success,"{"total":0,"location_name":"Mustika","location_id":9}"
2026-09-28 03:26:56,+0300,10,Suur-Paala,0,success,"{"total":0,"location_name":"Suur-Paala","location_id":10}"
2026-09-28 03:26:56,+0300,1,Hipodroom,0,success,"{"total":0,"location_name":"Hipodroom (CLOSED)","location_id":1}"
2026-09-28 03:28:56,+0300,3,T1,0,success,"{"total":0,"location_name":"T1 Shopping Mall","location_id":3}"
2026-09-28 03:28:56,+0300,9,Mustika,0,success,"{"total":0,"location_name":"Mustika","location_id":9}"
2026-09-28 03:28:56,+0300,10,Suur-Paala,0,success,"{"total":0,"location_name":"Suur-Paala","location_id":10}"
2026-09-28 03:28:56,+0300,1,Hipodroom,0,success,"{"total":0,"location_name":"Hipodroom (CLOSED)","location_id":1}"
2026-09-28 03:30:57,+0300,3,T1,0,success,"{"total":0,"location_name":"T1 Shopping Mall","location_id":3}"
2026-09-28 03:30:57,+0300,9,Mustika,0,success,"{"total":0,"location_name":"Mustika","location_id":9}"
2026-09-28 03:30:57,+0300,10,Suur-Paala,0,success,"{"total":0,"location_name":"Suur-Paala","location_id":10}"
2026-09-28 03:30:57,+0300,1,Hipodroom,0,success,"{"total":0,"location_name":"Hipodroom (CLOSED)","location_id":1}"
2026-09-28 03:32:58,+0300,3,T1,0,success,"{"total":0,"location_name":"T1 Shopping Mall","location_id":3}"
2026-09-28 03:32:58,+0300,9,Mustika,0,success,"{"total":0,"location_name":"Mustika","location_id":9}"
2026-09-28 03:32:58,+0300,10,Suur-Paala,0,success,"{"total":0,"location_name":"Suur-Paala","location_id":10}"
2026-09-28 03:32:58,+0300,1,Hipodroom,0,success,"{"total":0,"location_name":"Hipodroom (CLOSED)","location_id":1}"
2026-09-28 03:34:58,+0300,3,T1,0,success,"{"total":0,"location_name":"T1 Shopping Mall","location_id":3}"
2026-09-28 03:34:58,+0300,9,Mustika,0,success,"{"total":0,"location_name":"Mustika","location_id":9}"
2026-09-28 03:34:58,+0300,10,Suur-Paala,0,success,"{"total":0,"location_name":"Suur-Paala","location_id":10}"
2026-09-28 03:34:58,+0300,1,Hipodroom,0,success,"{"total":0,"location_name":"Hipodroom (CLOSED)","location_id":1}"
2026-09-28 03:36:59,+0300,3,T1,0,success,"{"total":0,"location_name":"T1 Shopping Mall","location_id":3}"
2026-09-28 03:36:59,+0300,9,Mustika,0,success,"{"total":0,"location_name":"Mustika","location_id":9}"
2026-09-28 03:36:59,+0300,10,Suur-Paala,0,success,"{"total":0,"location_name":"Suur-Paala","location_id":10}"
2026-09-28 03:36:59,+0300,1,Hipodroom,0,success,"{"total":0,"location_name":"Hipodroom (CLOSED)","location_id":1}"
2026-09-28 03:39:00,+0300,3,T1,0,success,"{"total":0,"location_name":"T1 Shopping Mall","location_id":3}"
2026-09-28 03:39:00,+0300,9,Mustika,0,success,"{"total":0,"location_name":"Mustika","location_id":9}"
2026-09-28 03:39:00,+0300,10,Suur-Paala,0,success,"{"total":0,"location_name":"Suur-Paala","location_id":10}"
2026-09-28 03:39:00,+0300,1,Hipodroom,0,success,"{"total":0,"location_name":"Hipodroom (CLOSED)","location_id":1}"
2026-09-28 03:41:00,+0300,3,T1,0,success,"{"total":0,"location_name":"T1 Shopping Mall","location_id":3}"
2026-09-28 03:41:00,+0300,9,Mustika,0,success,"{"total":0,"location_name":"Mustika","location_id":9}"
2026-09-28 03:41:00,+0300,10,Suur-Paala,0,success,"{"total":0,"location_name":"Suur-Paala","location_id":10}"
2026-09-28 03:41:00,+0300,1,Hipodroom,0,success,"{"total":0,"location_name":"Hipodroom (CLOSED)","location_id":1}"
2026-09-28 03:43:02,+0300,3,T1,0,success,"{"total":0,"location_name":"T1 Shopping Mall","location_id":3}"
2026-09-28 03:43:02,+0300,9,Mustika,0,success,"{"total":0,"location_name":"Mustika","location_id":9}"
2026-09-28 03:43:02,+0300,10,Suur-Paala,0,success,"{"total":0,"location_name":"Suur-Paala","location_id":10}"
2026-09-28 03:43:02,+0300,1,Hipodroom,0,success,"{"total":0,"location_name":"Hipodroom (CLOSED)","location_id":1}"
2026-09-28 03:45:02,+0300,3,T1,0,success,"{"total":0,"location_name":"T1 Shopping Mall","location_id":3}"
2026-09-28 03:45:02,+0300,9,Mustika,0,success,"{"total":0,"location_name":"Mustika","location_id":9}"
2026-09-28 03:45:02,+0300,10,Suur-Paala,0,success,"{"total":0,"location_name":"Suur-Paala","location_id":10}"
2026-09-28 03:45:02,+0300,1,Hipodroom,0,success,"{"total":0,"location_name":"Hipodroom (CLOSED)","location_id":1}"
2026-09-28 03:47:03,+0300,3,T1,0,success,"{"total":0,"location_name":"T1 Shopping Mall","location_id":3}"
2026-09-28 03:47:03,+0300,9,Mustika,0,success,"{"total":0,"location_name":"Mustika","location_id":9}"
2026-09-28 03:47:03,+0300,10,Suur-Paala,0,success,"{"total":0,"location_name":"Suur-Paala","location_id":10}"
2026-09-28 03:47:03,+0300,1,Hipodroom,0,success,"{"total":0,"location_name":"Hipodroom (CLOSED)","location_id":1}"
2026-09-28 03:49:04,+0300,3,T1,0,success,"{"total":0,"location_name":"T1 Shopping Mall","location_id":3}"
2026-09-28 03:49:04,+0300,9,Mustika,0,success,"{"total":0,"location_name":"Mustika","location_id":9}"
2026-09-28 03:49:04,+0300,10,Suur-Paala,0,success,"{"total":0,"location_name":"Suur-Paala","location_id":10}"
2026-09-28 03:49:04,+0300,1,Hipodroom,0,success,"{"total":0,"location_name":"Hipodroom (CLOSED)","location_id":1}"
2026-09-28 03:51:04,+0300,3,T1,0,success,"{"total":0,"location_name":"T1 Shopping Mall","location_id":3}"
2026-09-28 03:51:04,+0300,9,Mustika,0,success,"{"total":0,"location_name":"Mustika","location_id":9}"
2026-09-28 03:51:04,+0300,10,Suur-Paala,0,success,"{"total":0,"location_name":"Suur-Paala","location_id":10}"
2026-09-28 03:51:04,+0300,1,Hipodroom,0,success,"{"total":0,"location_name":"Hipodroom (CLOSED)","location_id":1}"
2026-09-28 03:53:05,+0300,3,T1,0,success,"{"total":0,"location_name":"T1 Shopping Mall","location_id":3}"
2026-09-28 03:53:05,+0300,9,Mustika,0,success,"{"total":0,"location_name":"Mustika","location_id":9}"
2026-09-28 03:53:05,+0300,10,Suur-Paala,0,success,"{"total":0,"location_name":"Suur-Paala","location_id":10}"
2026-09-28 03:53:05,+0300,1,Hipodroom,0,success,"{"total":0,"location_name":"Hipodroom (CLOSED)","location_id":1}"
2026-09-28 03:55:05,+0300,3,T1,0,success,"{"total":0,"location_name":"T1 Shopping Mall","location_id":3}"
2026-09-28 03:55:05,+0300,9,Mustika,0,success,"{"total":0,"location_name":"Mustika","location_id":9}"
2026-09-28 03:55:05,+0300,10,Suur-Paala,0,success,"{"total":0,"location_name":"Suur-Paala","location_id":10}"
2026-09-28 03:55:05,+0300,1,Hipodroom,0,success,"{"total":0,"location_name":"Hipodroom (CLOSED)","location_id":1}"
2026-09-28 03:57:06,+0300,3,T1,0,success,"{"total":0,"location_name":"T1 Shopping Mall","location_id":3}"
2026-09-28 03:57:06,+0300,9,Mustika,0,success,"{"total":0,"location_name":"Mustika","location_id":9}"
2026-09-28 03:57:06,+0300,10,Suur-Paala,0,success,"{"total":0,"location_name":"Suur-Paala","location_id":10}"
2026-09-28 03:57:06,+0300,1,Hipodroom,0,success,"{"total":0,"location_name":"Hipodroom (CLOSED)","location_id":1}"
2026-09-28 03:59:07,+0300,3,T1,0,success,"{"total":0,"location_name":"T1 Shopping Mall","location_id":3}"
2026-09-28 03:59:07,+0300,9,Mustika,0,success,"{"total":0,"location_name":"Mustika","location_id":9}"
2026-09-28 03:59:07,+0300,10,Suur-Paala,0,success,"{"total":0,"location_name":"Suur-Paala","location_id":10}"
2026-09-28 03:59:07,+0300,1,Hipodroom,0,success,"{"total":0,"location_name":"Hipodroom (CLOSED)","location_id":1}"
2026-09-28 04:01:07,+0300,3,T1,0,success,"{"total":0,"location_name":"T1 Shopping Mall","location_id":3}"
2026-09-28 04:01:07,+0300,9,Mustika,0,success,"{"total":0,"location_name":"Mustika","location_id":9}"
2026-09-28 04:01:07,+0300,10,Suur-Paala,0,success,"{"total":0,"location_name":"Suur-Paala","location_id":10}"
2026-09-28 04:01:07,+0300,1,Hipodroom,0,success,"{"total":0,"location_name":"Hipodroom (CLOSED)","location_id":1}"
2026-09-28 04:03:08,+0300,3,T1,0,success,"{"total":0,"location_name":"T1 Shopping Mall","location_id":3}"
2026-09-28 04:03:08,+0300,9,Mustika,0,success,"{"total":0,"location_name":"Mustika","location_id":9}"
2026-09-28 04:03:08,+0300,10,Suur-Paala,0,success,"{"total":0,"location_name":"Suur-Paala","location_id":10}"
2026-09-28 04:03:08,+0300,1,Hipodroom,0,success,"{"total":0,"location_name":"Hipodroom (CLOSED)","location_id":1}"
2026-09-28 04:05:09,+0300,3,T1,0,success,"{"total":0,"location_name":"T1 Shopping Mall","location_id":3}"
2026-09-28 04:05:09,+0300,9,Mustika,0,success,"{"total":0,"location_name":"Mustika","location_id":9}"
2026-09-28 04:05:09,+0300,10,Suur-Paala,0,success,"{"total":0,"location_name":"Suur-Paala","location_id":10}"
2026-09-28 04:05:09,+0300,1,Hipodroom,0,success,"{"total":0,"location_name":"Hipodroom (CLOSED)","location_id":1}"
2026-09-28 04:07:09,+0300,3,T1,0,success,"{"total":0,"location_name":"T1 Shopping Mall","location_id":3}"
2026-09-28 04:07:09,+0300,9,Mustika,0,success,"{"total":0,"location_name":"Mustika","location_id":9}"
2026-09-28 04:07:09,+0300,10,Suur-Paala,0,success,"{"total":0,"location_name":"Suur-Paala","location_id":10}"
2026-09-28 04:07:09,+0300,1,Hipodroom,0,success,"{"total":0,"location_name":"Hipodroom (CLOSED)","location_id":1}"
2026-09-28 04:09:10,+0300,3,T1,0,success,"{"total":0,"location_name":"T1 Shopping Mall","location_id":3}"
2026-09-28 04:09:10,+0300,9,Mustika,0,success,"{"total":0,"location_name":"Mustika","location_id":9}"
2026-09-28 04:09:10,+0300,10,Suur-Paala,0,success,"{"total":0,"location_name":"Suur-Paala","location_id":10}"
2026-09-28 04:09:10,+0300,1,Hipodroom,0,success,"{"total":0,"location_name":"Hipodroom (CLOSED)","location_id":1}"
2026-09-28 04:11:11,+0300,3,T1,0,success,"{"total":0,"location_name":"T1 Shopping Mall","location_id":3}"
2026-09-28 04:11:11,+0300,9,Mustika,0,success,"{"total":0,"location_name":"Mustika","location_id":9}"
2026-09-28 04:11:11,+0300,10,Suur-Paala,0,success,"{"total":0,"location_name":"Suur-Paala","location_id":10}"
2026-09-28 04:11:11,+0300,1,Hipodroom,0,success,"{"total":0,"location_name":"Hipodroom (CLOSED)","location_id":1}"
2026-09-28 04:13:11,+0300,3,T1,0,success,"{"total":0,"location_name":"T1 Shopping Mall","location_id":3}"
2026-09-28 04:13:11,+0300,9,Mustika,0,success,"{"total":0,"location_name":"Mustika","location_id":9}"
2026-09-28 04:13:11,+0300,10,Suur-Paala,0,success,"{"total":0,"location_name":"Suur-Paala","location_id":10}"
2026-09-28 04:13:11,+0300,1,Hipodroom,0,success,"{"total":0,"location_name":"Hipodroom (CLOSED)","location_id":1}"
2026-09-28 04:15:12,+0300,3,T1,0,success,"{"total":0,"location_name":"T1 Shopping Mall","location_id":3}"
2026-09-28 04:15:12,+0300,9,Mustika,0,success,"{"total":0,"location_name":"Mustika","location_id":9}"
2026-09-28 04:15:12,+0300,10,Suur-Paala,0,success,"{"total":0,"location_name":"Suur-Paala","location_id":10}"
2026-09-28 04:15:12,+0300,1,Hipodroom,0,success,"{"total":0,"location_name":"Hipodroom (CLOSED)","location_id":1}"
2026-09-28 04:17:13,+0300,3,T1,0,success,"{"total":0,"location_name":"T1 Shopping Mall","location_id":3}"
2026-09-28 04:17:13,+0300,9,Mustika,0,success,"{"total":0,"location_name":"Mustika","location_id":9}"
2026-09-28 04:17:13,+0300,10,Suur-Paala,0,success,"{"total":0,"location_name":"Suur-Paala","location_id":10}"
2026-09-28 04:17:13,+0300,1,Hipodroom,0,success,"{"total":0,"location_name":"Hipodroom (CLOSED)","location_id":1}"
2026-09-28 04:19:13,+0300,3,T1,0,success,"{"total":0,"location_name":"T1 Shopping Mall","location_id":3}"
2026-09-28 04:19:13,+0300,9,Mustika,0,success,"{"total":0,"location_name":"Mustika","location_id":9}"
2026-09-28 04:19:13,+0300,10,Suur-Paala,0,success,"{"total":0,"location_name":"Suur-Paala","location_id":10}"
2026-09-28 04:19:13,+0300,1,Hipodroom,0,success,"{"total":0,"location_name":"Hipodroom (CLOSED)","location_id":1}"
2026-09-28 04:21:14,+0300,3,T1,0,success,"{"total":0,"location_name":"T1 Shopping Mall","location_id":3}"
2026-09-28 04:21:14,+0300,9,Mustika,0,success,"{"total":0,"location_name":"Mustika","location_id":9}"
2026-09-28 04:21:14,+0300,10,Suur-Paala,0,success,"{"total":0,"location_name":"Suur-Paala","location_id":10}"
2026-09-28 04:21:14,+0300,1,Hipodroom,0,success,"{"total":0,"location_name":"Hipodroom (CLOSED)","location_id":1}"
2026-09-28 04:23:14,+0300,3,T1,0,success,"{"total":0,"location_name":"T1 Shopping Mall","location_id":3}"
2026-09-28 04:23:14,+0300,9,Mustika,0,success,"{"total":0,"location_name":"Mustika","location_id":9}"
2026-09-28 04:23:14,+0300,10,Suur-Paala,0,success,"{"total":0,"location_name":"Suur-Paala","location_id":10}"
2026-09-28 04:23:14,+0300,1,Hipodroom,0,success,"{"total":0,"location_name":"Hipodroom (CLOSED)","location_id":1}"
2026-09-28 04:25:15,+0300,3,T1,0,success,"{"total":0,"location_name":"T1 Shopping Mall","location_id":3}"
2026-09-28 04:25:15,+0300,9,Mustika,0,success,"{"total":0,"location_name":"Mustika","location_id":9}"
2026-09-28 04:25:15,+0300,10,Suur-Paala,0,success,"{"total":0,"location_name":"Suur-Paala","location_id":10}"
2026-09-28 04:25:15,+0300,1,Hipodroom,0,success,"{"total":0,"location_name":"Hipodroom (CLOSED)","location_id":1}"
2026-09-28 04:27:15,+0300,3,T1,0,success,"{"total":0,"location_name":"T1 Shopping Mall","location_id":3}"
2026-09-28 04:27:15,+0300,9,Mustika,0,success,"{"total":0,"location_name":"Mustika","location_id":9}"
2026-09-28 04:27:15,+0300,10,Suur-Paala,0,success,"{"total":0,"location_name":"Suur-Paala","location_id":10}"
2026-09-28 04:27:15,+0300,1,Hipodroom,0,success,"{"total":0,"location_name":"Hipodroom (CLOSED)","location_id":1}"
2026-09-28 04:29:16,+0300,3,T1,0,success,"{"total":0,"location_name":"T1 Shopping Mall","location_id":3}"
2026-09-28 04:29:16,+0300,9,Mustika,0,success,"{"total":0,"location_name":"Mustika","location_id":9}"
2026-09-28 04:29:16,+0300,10,Suur-Paala,0,success,"{"total":0,"location_name":"Suur-Paala","location_id":10}"
2026-09-28 04:29:16,+0300,1,Hipodroom,0,success,"{"total":0,"location_name":"Hipodroom (CLOSED)","location_id":1}"
2026-09-28 04:31:16,+0300,3,T1,0,success,"{"total":0,"location_name":"T1 Shopping Mall","location_id":3}"
2026-09-28 04:31:16,+0300,9,Mustika,0,success,"{"total":0,"location_name":"Mustika","location_id":9}"
2026-09-28 04:31:16,+0300,10,Suur-Paala,0,success,"{"total":0,"location_name":"Suur-Paala","location_id":10}"
2026-09-28 04:31:16,+0300,1,Hipodroom,0,success,"{"total":0,"location_name":"Hipodroom (CLOSED)","location_id":1}"
2026-09-28 04:33:17,+0300,3,T1,0,success,"{"total":0,"location_name":"T1 Shopping Mall","location_id":3}"
2026-09-28 04:33:17,+0300,9,Mustika,0,success,"{"total":0,"location_name":"Mustika","location_id":9}"
2026-09-28 04:33:17,+0300,10,Suur-Paala,0,success,"{"total":0,"location_name":"Suur-Paala","location_id":10}"
2026-09-28 04:33:17,+0300,1,Hipodroom,0,success,"{"total":0,"location_name":"Hipodroom (CLOSED)","location_id":1}"
2026-09-28 04:35:18,+0300,3,T1,0,success,"{"total":0,"location_name":"T1 Shopping Mall","location_id":3}"
2026-09-28 04:35:18,+0300,9,Mustika,0,success,"{"total":0,"location_name":"Mustika","location_id":9}"
2026-09-28 04:35:18,+0300,10,Suur-Paala,0,success,"{"total":0,"location_name":"Suur-Paala","location_id":10}"
2026-09-28 04:35:18,+0300,1,Hipodroom,0,success,"{"total":0,"location_name":"Hipodroom (CLOSED)","location_id":1}"
2026-09-28 04:37:18,+0300,3,T1,0,success,"{"total":0,"location_name":"T1 Shopping Mall","location_id":3}"
2026-09-28 04:37:18,+0300,9,Mustika,0,success,"{"total":0,"location_name":"Mustika","location_id":9}"
2026-09-28 04:37:18,+0300,10,Suur-Paala,0,success,"{"total":0,"location_name":"Suur-Paala","location_id":10}"
2026-09-28 04:37:18,+0300,1,Hipodroom,0,success,"{"total":0,"location_name":"Hipodroom (CLOSED)","location_id":1}"
2026-09-28 04:39:19,+0300,3,T1,0,success,"{"total":0,"location_name":"T1 Shopping Mall","location_id":3}"
2026-09-28 04:39:19,+0300,9,Mustika,0,success,"{"total":0,"location_name":"Mustika","location_id":9}"
2026-09-28 04:39:19,+0300,10,Suur-Paala,0,success,"{"total":0,"location_name":"Suur-Paala","location_id":10}"
2026-09-28 04:39:19,+0300,1,Hipodroom,0,success,"{"total":0,"location_name":"Hipodroom (CLOSED)","location_id":1}"
2026-09-28 04:41:19,+0300,3,T1,0,success,"{"total":0,"location_name":"T1 Shopping Mall","location_id":3}"
2026-09-28 04:41:19,+0300,9,Mustika,0,success,"{"total":0,"location_name":"Mustika","location_id":9}"
2026-09-28 04:41:19,+0300,10,Suur-Paala,0,success,"{"total":0,"location_name":"Suur-Paala","location_id":10}"
2026-09-28 04:41:19,+0300,1,Hipodroom,0,success,"{"total":0,"location_name":"Hipodroom (CLOSED)","location_id":1}"
2026-09-28 04:43:20,+0300,3,T1,0,success,"{"total":0,"location_name":"T1 Shopping Mall","location_id":3}"
2026-09-28 04:43:20,+0300,9,Mustika,0,success,"{"total":0,"location_name":"Mustika","location_id":9}"
2026-09-28 04:43:20,+0300,10,Suur-Paala,0,success,"{"total":0,"location_name":"Suur-Paala","location_id":10}"
2026-09-28 04:43:20,+0300,1,Hipodroom,0,success,"{"total":0,"location_name":"Hipodroom (CLOSED)","location_id":1}"
2026-09-28 04:45:21,+0300,3,T1,0,success,"{"total":0,"location_name":"T1 Shopping Mall","location_id":3}"
2026-09-28 04:45:21,+0300,9,Mustika,0,success,"{"total":0,"location_name":"Mustika","location_id":9}"
2026-09-28 04:45:21,+0300,10,Suur-Paala,0,success,"{"total":0,"location_name":"Suur-Paala","location_id":10}"
2026-09-28 04:45:21,+0300,1,Hipodroom,0,success,"{"total":0,"location_name":"Hipodroom (CLOSED)","location_id":1}"
2026-09-28 04:47:21,+0300,3,T1,0,success,"{"total":0,"location_name":"T1 Shopping Mall","location_id":3}"
2026-09-28 04:47:21,+0300,9,Mustika,0,success,"{"total":0,"location_name":"Mustika","location_id":9}"
2026-09-28 04:47:21,+0300,10,Suur-Paala,0,success,"{"total":0,"location_name":"Suur-Paala","location_id":10}"
2026-09-28 04:47:21,+0300,1,Hipodroom,0,success,"{"total":0,"location_name":"Hipodroom (CLOSED)","location_id":1}"
2026-09-28 04:49:22,+0300,3,T1,0,success,"{"total":0,"location_name":"T1 Shopping Mall","location_id":3}"
2026-09-28 04:49:22,+0300,9,Mustika,0,success,"{"total":0,"location_name":"Mustika","location_id":9}"
2026-09-28 04:49:22,+0300,10,Suur-Paala,0,success,"{"total":0,"location_name":"Suur-Paala","location_id":10}"
2026-09-28 04:49:22,+0300,1,Hipodroom,0,success,"{"total":0,"location_name":"Hipodroom (CLOSED)","location_id":1}"
2026-09-28 04:51:23,+0300,3,T1,0,success,"{"total":0,"location_name":"T1 Shopping Mall","location_id":3}"
2026-09-28 04:51:23,+0300,9,Mustika,0,success,"{"total":0,"location_name":"Mustika","location_id":9}"
2026-09-28 04:51:23,+0300,10,Suur-Paala,0,success,"{"total":0,"location_name":"Suur-Paala","location_id":10}"
2026-09-28 04:51:23,+0300,1,Hipodroom,0,success,"{"total":0,"location_name":"Hipodroom (CLOSED)","location_id":1}"
2026-09-28 04:53:23,+0300,3,T1,0,success,"{"total":0,"location_name":"T1 Shopping Mall","location_id":3}"
2026-09-28 04:53:23,+0300,9,Mustika,0,success,"{"total":0,"location_name":"Mustika","location_id":9}"
2026-09-28 04:53:23,+0300,10,Suur-Paala,0,success,"{"total":0,"location_name":"Suur-Paala","location_id":10}"
2026-09-28 04:53:23,+0300,1,Hipodroom,0,success,"{"total":0,"location_name":"Hipodroom (CLOSED)","location_id":1}"
2026-09-28 04:55:24,+0300,3,T1,0,success,"{"total":0,"location_name":"T1 Shopping Mall","location_id":3}"
2026-09-28 04:55:24,+0300,9,Mustika,0,success,"{"total":0,"location_name":"Mustika","location_id":9}"
2026-09-28 04:55:24,+0300,10,Suur-Paala,0,success,"{"total":0,"location_name":"Suur-Paala","location_id":10}"
2026-09-28 04:55:24,+0300,1,Hipodroom,0,success,"{"total":0,"location_name":"Hipodroom (CLOSED)","location_id":1}"
2026-09-28 04:57:24,+0300,3,T1,0,success,"{"total":0,"location_name":"T1 Shopping Mall","location_id":3}"
2026-09-28 04:57:24,+0300,9,Mustika,0,success,"{"total":0,"location_name":"Mustika","location_id":9}"
2026-09-28 04:57:24,+0300,10,Suur-Paala,0,success,"{"total":0,"location_name":"Suur-Paala","location_id":10}"
2026-09-28 04:57:24,+0300,1,Hipodroom,0,success,"{"total":0,"location_name":"Hipodroom (CLOSED)","location_id":1}"
2026-09-28 04:59:25,+0300,3,T1,0,success,"{"total":0,"location_name":"T1 Shopping Mall","location_id":3}"
2026-09-28 04:59:25,+0300,9,Mustika,0,success,"{"total":0,"location_name":"Mustika","location_id":9}"
2026-09-28 04:59:25,+0300,10,Suur-Paala,0,success,"{"total":0,"location_name":"Suur-Paala","location_id":10}"
2026-09-28 04:59:25,+0300,1,Hipodroom,0,success,"{"total":0,"location_name":"Hipodroom (CLOSED)","location_id":1}"
2026-09-28 05:01:25,+0300,3,T1,0,success,"{"total":0,"location_name":"T1 Shopping Mall","location_id":3}"
2026-09-28 05:01:25,+0300,9,Mustika,0,success,"{"total":0,"location_name":"Mustika","location_id":9}"
2026-09-28 05:01:25,+0300,10,Suur-Paala,0,success,"{"total":0,"location_name":"Suur-Paala","location_id":10}"
2026-09-28 05:01:25,+0300,1,Hipodroom,0,success,"{"total":0,"location_name":"Hipodroom (CLOSED)","location_id":1}"
2026-09-28 05:03:26,+0300,3,T1,0,success,"{"total":0,"location_name":"T1 Shopping Mall","location_id":3}"
2026-09-28 05:03:26,+0300,9,Mustika,0,success,"{"total":0,"location_name":"Mustika","location_id":9}"
2026-09-28 05:03:26,+0300,10,Suur-Paala,0,success,"{"total":0,"location_name":"Suur-Paala","location_id":10}"
2026-09-28 05:03:26,+0300,1,Hipodroom,0,success,"{"total":0,"location_name":"Hipodroom (CLOSED)","location_id":1}"
2026-09-28 05:05:27,+0300,3,T1,0,success,"{"total":0,"location_name":"T1 Shopping Mall","location_id":3}"
2026-09-28 05:05:27,+0300,9,Mustika,0,success,"{"total":0,"location_name":"Mustika","location_id":9}"
2026-09-28 05:05:27,+0300,10,Suur-Paala,0,success,"{"total":0,"location_name":"Suur-Paala","location_id":10}"
2026-09-28 05:05:27,+0300,1,Hipodroom,0,success,"{"total":0,"location_name":"Hipodroom (CLOSED)","location_id":1}"
2026-09-28 05:07:27,+0300,3,T1,0,success,"{"total":0,"location_name":"T1 Shopping Mall","location_id":3}"
2026-09-28 05:07:27,+0300,9,Mustika,0,success,"{"total":0,"location_name":"Mustika","location_id":9}"
2026-09-28 05:07:27,+0300,10,Suur-Paala,0,success,"{"total":0,"location_name":"Suur-Paala","location_id":10}"
2026-09-28 05:07:27,+0300,1,Hipodroom,0,success,"{"total":0,"location_name":"Hipodroom (CLOSED)","location_id":1}"
2026-09-28 05:09:28,+0300,3,T1,0,success,"{"total":0,"location_name":"T1 Shopping Mall","location_id":3}"
2026-09-28 05:09:28,+0300,9,Mustika,0,success,"{"total":0,"location_name":"Mustika","location_id":9}"
2026-09-28 05:09:28,+0300,10,Suur-Paala,0,success,"{"total":0,"location_name":"Suur-Paala","location_id":10}"
2026-09-28 05:09:28,+0300,1,Hipodroom,0,success,"{"total":0,"location_name":"Hipodroom (CLOSED)","location_id":1}"
2026-09-28 05:11:28,+0300,3,T1,0,success,"{"total":0,"location_name":"T1 Shopping Mall","location_id":3}"
2026-09-28 05:11:28,+0300,9,Mustika,0,success,"{"total":0,"location_name":"Mustika","location_id":9}"
2026-09-28 05:11:28,+0300,10,Suur-Paala,0,success,"{"total":0,"location_name":"Suur-Paala","location_id":10}"
2026-09-28 05:11:28,+0300,1,Hipodroom,0,success,"{"total":0,"location_name":"Hipodroom (CLOSED)","location_id":1}"
2026-09-28 05:13:29,+0300,3,T1,0,success,"{"total":0,"location_name":"T1 Shopping Mall","location_id":3}"
2026-09-28 05:13:29,+0300,9,Mustika,0,success,"{"total":0,"location_name":"Mustika","location_id":9}"
2026-09-28 05:13:29,+0300,10,Suur-Paala,0,success,"{"total":0,"location_name":"Suur-Paala","location_id":10}"
2026-09-28 05:13:29,+0300,1,Hipodroom,0,success,"{"total":0,"location_name":"Hipodroom (CLOSED)","location_id":1}"
2026-09-28 05:15:30,+0300,3,T1,0,success,"{"total":0,"location_name":"T1 Shopping Mall","location_id":3}"
2026-09-28 05:15:30,+0300,9,Mustika,0,success,"{"total":0,"location_name":"Mustika","location_id":9}"
2026-09-28 05:15:30,+0300,10,Suur-Paala,0,success,"{"total":0,"location_name":"Suur-Paala","location_id":10}"
2026-09-28 05:15:30,+0300,1,Hipodroom,0,success,"{"total":0,"location_name":"Hipodroom (CLOSED)","location_id":1}"
2026-09-28 05:17:30,+0300,3,T1,0,success,"{"total":0,"location_name":"T1 Shopping Mall","location_id":3}"
2026-09-28 05:17:30,+0300,9,Mustika,0,success,"{"total":0,"location_name":"Mustika","location_id":9}"
2026-09-28 05:17:30,+0300,10,Suur-Paala,0,success,"{"total":0,"location_name":"Suur-Paala","location_id":10}"
2026-09-28 05:17:30,+0300,1,Hipodroom,0,success,"{"total":0,"location_name":"Hipodroom (CLOSED)","location_id":1}"
2026-09-28 05:19:31,+0300,3,T1,0,success,"{"total":0,"location_name":"T1 Shopping Mall","location_id":3}"
2026-09-28 05:19:31,+0300,9,Mustika,0,success,"{"total":0,"location_name":"Mustika","location_id":9}"
2026-09-28 05:19:31,+0300,10,Suur-Paala,0,success,"{"total":0,"location_name":"Suur-Paala","location_id":10}"
2026-09-28 05:19:31,+0300,1,Hipodroom,0,success,"{"total":0,"location_name":"Hipodroom (CLOSED)","location_id":1}"
2026-09-28 05:21:31,+0300,3,T1,0,success,"{"total":0,"location_name":"T1 Shopping Mall","location_id":3}"
2026-09-28 05:21:31,+0300,9,Mustika,0,success,"{"total":0,"location_name":"Mustika","location_id":9}"
2026-09-28 05:21:31,+0300,10,Suur-Paala,0,success,"{"total":0,"location_name":"Suur-Paala","location_id":10}"
2026-09-28 05:21:31,+0300,1,Hipodroom,0,success,"{"total":0,"location_name":"Hipodroom (CLOSED)","location_id":1}"
2026-09-28 05:23:32,+0300,3,T1,0,success,"{"total":0,"location_name":"T1 Shopping Mall","location_id":3}"
2026-09-28 05:23:32,+0300,9,Mustika,0,success,"{"total":0,"location_name":"Mustika","location_id":9}"
2026-09-28 05:23:32,+0300,10,Suur-Paala,0,success,"{"total":0,"location_name":"Suur-Paala","location_id":10}"
2026-09-28 05:23:32,+0300,1,Hipodroom,0,success,"{"total":0,"location_name":"Hipodroom (CLOSED)","location_id":1}"
2026-09-28 05:25:32,+0300,3,T1,0,success,"{"total":0,"location_name":"T1 Shopping Mall","location_id":3}"
2026-09-28 05:25:32,+0300,9,Mustika,0,success,"{"total":0,"location_name":"Mustika","location_id":9}"
2026-09-28 05:25:32,+0300,10,Suur-Paala,0,success,"{"total":0,"location_name":"Suur-Paala","location_id":10}"
2026-09-28 05:25:32,+0300,1,Hipodroom,0,success,"{"total":0,"location_name":"Hipodroom (CLOSED)","location_id":1}"
2026-09-28 05:27:33,+0300,3,T1,0,success,"{"total":0,"location_name":"T1 Shopping Mall","location_id":3}"
2026-09-28 05:27:33,+0300,9,Mustika,0,success,"{"total":0,"location_name":"Mustika","location_id":9}"
2026-09-28 05:27:33,+0300,10,Suur-Paala,0,success,"{"total":0,"location_name":"Suur-Paala","location_id":10}"
2026-09-28 05:27:33,+0300,1,Hipodroom,0,success,"{"total":0,"location_name":"Hipodroom (CLOSED)","location_id":1}"
2026-09-28 05:29:34,+0300,3,T1,0,success,"{"total":0,"location_name":"T1 Shopping Mall","location_id":3}"
2026-09-28 05:29:34,+0300,9,Mustika,0,success,"{"total":0,"location_name":"Mustika","location_id":9}"
2026-09-28 05:29:34,+0300,10,Suur-Paala,0,success,"{"total":0,"location_name":"Suur-Paala","location_id":10}"
2026-09-28 05:29:34,+0300,1,Hipodroom,0,success,"{"total":0,"location_name":"Hipodroom (CLOSED)","location_id":1}"
2026-09-28 05:31:34,+0300,3,T1,0,success,"{"total":0,"location_name":"T1 Shopping Mall","location_id":3}"
2026-09-28 05:31:34,+0300,9,Mustika,0,success,"{"total":0,"location_name":"Mustika","location_id":9}"
2026-09-28 05:31:34,+0300,10,Suur-Paala,0,success,"{"total":0,"location_name":"Suur-Paala","location_id":10}"
2026-09-28 05:31:34,+0300,1,Hipodroom,0,success,"{"total":0,"location_name":"Hipodroom (CLOSED)","location_id":1}"
2026-09-28 05:33:35,+0300,3,T1,0,success,"{"total":0,"location_name":"T1 Shopping Mall","location_id":3}"
2026-09-28 05:33:35,+0300,9,Mustika,0,success,"{"total":0,"location_name":"Mustika","location_id":9}"
2026-09-28 05:33:35,+0300,10,Suur-Paala,0,success,"{"total":0,"location_name":"Suur-Paala","location_id":10}"
2026-09-28 05:33:35,+0300,1,Hipodroom,0,success,"{"total":0,"location_name":"Hipodroom (CLOSED)","location_id":1}"
2026-09-28 05:35:35,+0300,3,T1,0,success,"{"total":0,"location_name":"T1 Shopping Mall","location_id":3}"
2026-09-28 05:35:35,+0300,9,Mustika,0,success,"{"total":0,"location_name":"Mustika","location_id":9}"
2026-09-28 05:35:35,+0300,10,Suur-Paala,0,success,"{"total":0,"location_name":"Suur-Paala","location_id":10}"
2026-09-28 05:35:35,+0300,1,Hipodroom,0,success,"{"total":0,"location_name":"Hipodroom (CLOSED)","location_id":1}"
2026-09-28 05:37:36,+0300,3,T1,0,success,"{"total":0,"location_name":"T1 Shopping Mall","location_id":3}"
2026-09-28 05:37:36,+0300,9,Mustika,0,success,"{"total":0,"location_name":"Mustika","location_id":9}"
2026-09-28 05:37:36,+0300,10,Suur-Paala,0,success,"{"total":0,"location_name":"Suur-Paala","location_id":10}"
2026-09-28 05:37:36,+0300,1,Hipodroom,0,success,"{"total":0,"location_name":"Hipodroom (CLOSED)","location_id":1}"
2026-09-28 05:39:37,+0300,3,T1,0,success,"{"total":0,"location_name":"T1 Shopping Mall","location_id":3}"
2026-09-28 05:39:37,+0300,9,Mustika,0,success,"{"total":0,"location_name":"Mustika","location_id":9}"
2026-09-28 05:39:37,+0300,10,Suur-Paala,0,success,"{"total":0,"location_name":"Suur-Paala","location_id":10}"
2026-09-28 05:39:37,+0300,1,Hipodroom,0,success,"{"total":0,"location_name":"Hipodroom (CLOSED)","location_id":1}"
2026-09-28 05:41:37,+0300,3,T1,0,success,"{"total":0,"location_name":"T1 Shopping Mall","location_id":3}"
2026-09-28 05:41:37,+0300,9,Mustika,0,success,"{"total":0,"location_name":"Mustika","location_id":9}"
2026-09-28 05:41:37,+0300,10,Suur-Paala,0,success,"{"total":0,"location_name":"Suur-Paala","location_id":10}"
2026-09-28 05:41:37,+0300,1,Hipodroom,0,success,"{"total":0,"location_name":"Hipodroom (CLOSED)","location_id":1}"
2026-09-28 05:43:38,+0300,3,T1,0,success,"{"total":0,"location_name":"T1 Shopping Mall","location_id":3}"
2026-09-28 05:43:38,+0300,9,Mustika,0,success,"{"total":0,"location_name":"Mustika","location_id":9}"
2026-09-28 05:43:38,+0300,10,Suur-Paala,0,success,"{"total":0,"location_name":"Suur-Paala","location_id":10}"
2026-09-28 05:43:38,+0300,1,Hipodroom,0,success,"{"total":0,"location_name":"Hipodroom (CLOSED)","location_id":1}"
2026-09-28 05:45:38,+0300,3,T1,0,success,"{"total":0,"location_name":"T1 Shopping Mall","location_id":3}"
2026-09-28 05:45:38,+0300,9,Mustika,0,success,"{"total":0,"location_name":"Mustika","location_id":9}"
2026-09-28 05:45:38,+0300,10,Suur-Paala,0,success,"{"total":0,"location_name":"Suur-Paala","location_id":10}"
2026-09-28 05:45:38,+0300,1,Hipodroom,0,success,"{"total":0,"location_name":"Hipodroom (CLOSED)","location_id":1}"
2026-09-28 05:47:39,+0300,3,T1,0,success,"{"total":0,"location_name":"T1 Shopping Mall","location_id":3}"
2026-09-28 05:47:39,+0300,9,Mustika,0,success,"{"total":0,"location_name":"Mustika","location_id":9}"
2026-09-28 05:47:39,+0300,10,Suur-Paala,0,success,"{"total":0,"location_name":"Suur-Paala","location_id":10}"
2026-09-28 05:47:39,+0300,1,Hipodroom,0,success,"{"total":0,"location_name":"Hipodroom (CLOSED)","location_id":1}"
2026-09-28 05:49:39,+0300,3,T1,0,success,"{"total":0,"location_name":"T1 Shopping Mall","location_id":3}"
2026-09-28 05:49:39,+0300,9,Mustika,0,success,"{"total":0,"location_name":"Mustika","location_id":9}"
2026-09-28 05:49:39,+0300,10,Suur-Paala,0,success,"{"total":0,"location_name":"Suur-Paala","location_id":10}"
2026-09-28 05:49:39,+0300,1,Hipodroom,0,success,"{"total":0,"location_name":"Hipodroom (CLOSED)","location_id":1}"
2026-09-28 05:51:40,+0300,3,T1,0,success,"{"total":0,"location_name":"T1 Shopping Mall","location_id":3}"
2026-09-28 05:51:40,+0300,9,Mustika,0,success,"{"total":0,"location_name":"Mustika","location_id":9}"
2026-09-28 05:51:40,+0300,10,Suur-Paala,0,success,"{"total":0,"location_name":"Suur-Paala","location_id":10}"
2026-09-28 05:51:40,+0300,1,Hipodroom,0,success,"{"total":0,"location_name":"Hipodroom (CLOSED)","location_id":1}"
2026-09-28 05:53:41,+0300,3,T1,0,success,"{"total":0,"location_name":"T1 Shopping Mall","location_id":3}"
2026-09-28 05:53:41,+0300,9,Mustika,0,success,"{"total":0,"location_name":"Mustika","location_id":9}"
2026-09-28 05:53:41,+0300,10,Suur-Paala,0,success,"{"total":0,"location_name":"Suur-Paala","location_id":10}"
2026-09-28 05:53:41,+0300,1,Hipodroom,0,success,"{"total":0,"location_name":"Hipodroom (CLOSED)","location_id":1}"
2026-09-28 05:55:41,+0300,3,T1,0,success,"{"total":0,"location_name":"T1 Shopping Mall","location_id":3}"
2026-09-28 05:55:41,+0300,9,Mustika,0,success,"{"total":0,"location_name":"Mustika","location_id":9}"
2026-09-28 05:55:41,+0300,10,Suur-Paala,0,success,"{"total":0,"location_name":"Suur-Paala","location_id":10}"
2026-09-28 05:55:41,+0300,1,Hipodroom,0,success,"{"total":0,"location_name":"Hipodroom (CLOSED)","location_id":1}"
2026-09-28 05:57:42,+0300,3,T1,0,success,"{"total":0,"location_name":"T1 Shopping Mall","location_id":3}"
2026-09-28 05:57:42,+0300,9,Mustika,0,success,"{"total":0,"location_name":"Mustika","location_id":9}"
2026-09-28 05:57:42,+0300,10,Suur-Paala,0,success,"{"total":0,"location_name":"Suur-Paala","location_id":10}"
2026-09-28 05:57:42,+0300,1,Hipodroom,0,success,"{"total":0,"location_name":"Hipodroom (CLOSED)","location_id":1}"
2026-09-28 05:59:43,+0300,3,T1,0,success,"{"total":0,"location_name":"T1 Shopping Mall","location_id":3}"
2026-09-28 05:59:43,+0300,9,Mustika,0,success,"{"total":0,"location_name":"Mustika","location_id":9}"
2026-09-28 05:59:43,+0300,10,Suur-Paala,0,success,"{"total":0,"location_name":"Suur-Paala","location_id":10}"
2026-09-28 05:59:43,+0300,1,Hipodroom,0,success,"{"total":0,"location_name":"Hipodroom (CLOSED)","location_id":1}"
2026-09-28 06:01:43,+0300,3,T1,0,success,"{"total":0,"location_name":"T1 Shopping Mall","location_id":3}"
2026-09-28 06:01:43,+0300,9,Mustika,0,success,"{"total":0,"location_name":"Mustika","location_id":9}"
2026-09-28 06:01:43,+0300,10,Suur-Paala,0,success,"{"total":0,"location_name":"Suur-Paala","location_id":10}"
2026-09-28 06:01:43,+0300,1,Hipodroom,0,success,"{"total":0,"location_name":"Hipodroom (CLOSED)","location_id":1}"
2026-09-28 06:03:44,+0300,3,T1,0,success,"{"total":0,"location_name":"T1 Shopping Mall","location_id":3}"
2026-09-28 06:03:44,+0300,9,Mustika,0,success,"{"total":0,"location_name":"Mustika","location_id":9}"
2026-09-28 06:03:44,+0300,10,Suur-Paala,0,success,"{"total":0,"location_name":"Suur-Paala","location_id":10}"
2026-09-28 06:03:44,+0300,1,Hipodroom,0,success,"{"total":0,"location_name":"Hipodroom (CLOSED)","location_id":1}"
2026-09-28 06:05:44,+0300,3,T1,0,success,"{"total":0,"location_name":"T1 Shopping Mall","location_id":3}"
2026-09-28 06:05:44,+0300,9,Mustika,0,success,"{"total":0,"location_name":"Mustika","location_id":9}"
2026-09-28 06:05:44,+0300,10,Suur-Paala,0,success,"{"total":0,"location_name":"Suur-Paala","location_id":10}"
2026-09-28 06:05:44,+0300,1,Hipodroom,0,success,"{"total":0,"location_name":"Hipodroom (CLOSED)","location_id":1}"
2026-09-28 06:07:45,+0300,3,T1,0,success,"{"total":0,"location_name":"T1 Shopping Mall","location_id":3}"
2026-09-28 06:07:45,+0300,9,Mustika,0,success,"{"total":0,"location_name":"Mustika","location_id":9}"
2026-09-28 06:07:45,+0300,10,Suur-Paala,0,success,"{"total":0,"location_name":"Suur-Paala","location_id":10}"
2026-09-28 06:07:45,+0300,1,Hipodroom,0,success,"{"total":0,"location_name":"Hipodroom (CLOSED)","location_id":1}"
2026-09-28 06:09:45,+0300,3,T1,0,success,"{"total":0,"location_name":"T1 Shopping Mall","location_id":3}"
2026-09-28 06:09:45,+0300,9,Mustika,0,success,"{"total":0,"location_name":"Mustika","location_id":9}"
2026-09-28 06:09:45,+0300,10,Suur-Paala,0,success,"{"total":0,"location_name":"Suur-Paala","location_id":10}"
2026-09-28 06:09:45,+0300,1,Hipodroom,0,success,"{"total":0,"location_name":"Hipodroom (CLOSED)","location_id":1}"
2026-09-28 06:11:46,+0300,3,T1,0,success,"{"total":0,"location_name":"T1 Shopping Mall","location_id":3}"
2026-09-28 06:11:46,+0300,9,Mustika,0,success,"{"total":0,"location_name":"Mustika","location_id":9}"
2026-09-28 06:11:46,+0300,10,Suur-Paala,0,success,"{"total":0,"location_name":"Suur-Paala","location_id":10}"
2026-09-28 06:11:46,+0300,1,Hipodroom,0,success,"{"total":0,"location_name":"Hipodroom (CLOSED)","location_id":1}"
2026-09-28 06:13:47,+0300,3,T1,0,success,"{"total":0,"location_name":"T1 Shopping Mall","location_id":3}"
2026-09-28 06:13:47,+0300,9,Mustika,0,success,"{"total":0,"location_name":"Mustika","location_id":9}"
2026-09-28 06:13:47,+0300,10,Suur-Paala,0,success,"{"total":0,"location_name":"Suur-Paala","location_id":10}"
2026-09-28 06:13:47,+0300,1,Hipodroom,0,success,"{"total":0,"location_name":"Hipodroom (CLOSED)","location_id":1}"
2026-09-28 06:15:48,+0300,3,T1,0,success,"{"total":0,"location_name":"T1 Shopping Mall","location_id":3}"
2026-09-28 06:15:48,+0300,9,Mustika,0,success,"{"total":0,"location_name":"Mustika","location_id":9}"
2026-09-28 06:15:48,+0300,10,Suur-Paala,0,success,"{"total":0,"location_name":"Suur-Paala","location_id":10}"
2026-09-28 06:15:48,+0300,1,Hipodroom,0,success,"{"total":0,"location_name":"Hipodroom (CLOSED)","location_id":1}"
2026-09-28 06:17:48,+0300,3,T1,0,success,"{"total":0,"location_name":"T1 Shopping Mall","location_id":3}"
2026-09-28 06:17:48,+0300,9,Mustika,0,success,"{"total":0,"location_name":"Mustika","location_id":9}"
2026-09-28 06:17:48,+0300,10,Suur-Paala,0,success,"{"total":0,"location_name":"Suur-Paala","location_id":10}"
2026-09-28 06:17:48,+0300,1,Hipodroom,0,success,"{"total":0,"location_name":"Hipodroom (CLOSED)","location_id":1}"
2026-09-28 06:19:49,+0300,3,T1,0,success,"{"total":0,"location_name":"T1 Shopping Mall","location_id":3}"
2026-09-28 06:19:49,+0300,9,Mustika,0,success,"{"total":0,"location_name":"Mustika","location_id":9}"
2026-09-28 06:19:49,+0300,10,Suur-Paala,0,success,"{"total":0,"location_name":"Suur-Paala","location_id":10}"
2026-09-28 06:19:49,+0300,1,Hipodroom,0,success,"{"total":0,"location_name":"Hipodroom (CLOSED)","location_id":1}"
2026-09-28 06:21:49,+0300,3,T1,0,success,"{"total":0,"location_name":"T1 Shopping Mall","location_id":3}"
2026-09-28 06:21:49,+0300,9,Mustika,0,success,"{"total":0,"location_name":"Mustika","location_id":9}"
2026-09-28 06:21:49,+0300,10,Suur-Paala,0,success,"{"total":0,"location_name":"Suur-Paala","location_id":10}"
2026-09-28 06:21:49,+0300,1,Hipodroom,0,success,"{"total":0,"location_name":"Hipodroom (CLOSED)","location_id":1}"
2026-09-28 06:23:50,+0300,3,T1,0,success,"{"total":0,"location_name":"T1 Shopping Mall","location_id":3}"
2026-09-28 06:23:50,+0300,9,Mustika,0,success,"{"total":0,"location_name":"Mustika","location_id":9}"
2026-09-28 06:23:50,+0300,10,Suur-Paala,0,success,"{"total":0,"location_name":"Suur-Paala","location_id":10}"
2026-09-28 06:23:50,+0300,1,Hipodroom,0,success,"{"total":0,"location_name":"Hipodroom (CLOSED)","location_id":1}"
2026-09-28 06:25:50,+0300,3,T1,0,success,"{"total":0,"location_name":"T1 Shopping Mall","location_id":3}"
2026-09-28 06:25:50,+0300,9,Mustika,0,success,"{"total":0,"location_name":"Mustika","location_id":9}"
2026-09-28 06:25:50,+0300,10,Suur-Paala,0,success,"{"total":0,"location_name":"Suur-Paala","location_id":10}"
2026-09-28 06:25:50,+0300,1,Hipodroom,0,success,"{"total":0,"location_name":"Hipodroom (CLOSED)","location_id":1}"
2026-09-28 06:27:51,+0300,3,T1,0,success,"{"total":0,"location_name":"T1 Shopping Mall","location_id":3}"
2026-09-28 06:27:51,+0300,9,Mustika,0,success,"{"total":0,"location_name":"Mustika","location_id":9}"
2026-09-28 06:27:51,+0300,10,Suur-Paala,0,success,"{"total":0,"location_name":"Suur-Paala","location_id":10}"
2026-09-28 06:27:51,+0300,1,Hipodroom,0,success,"{"total":0,"location_name":"Hipodroom (CLOSED)","location_id":1}"
2026-09-28 06:29:52,+0300,3,T1,0,success,"{"total":0,"location_name":"T1 Shopping Mall","location_id":3}"
2026-09-28 06:29:52,+0300,9,Mustika,0,success,"{"total":0,"location_name":"Mustika","location_id":9}"
2026-09-28 06:29:52,+0300,10,Suur-Paala,0,success,"{"total":0,"location_name":"Suur-Paala","location_id":10}"
2026-09-28 06:29:52,+0300,1,Hipodroom,0,success,"{"total":0,"location_name":"Hipodroom (CLOSED)","location_id":1}"
2026-09-28 06:31:52,+0300,3,T1,0,success,"{"total":0,"location_name":"T1 Shopping Mall","location_id":3}"
2026-09-28 06:31:52,+0300,9,Mustika,0,success,"{"total":0,"location_name":"Mustika","location_id":9}"
2026-09-28 06:31:52,+0300,10,Suur-Paala,0,success,"{"total":0,"location_name":"Suur-Paala","location_id":10}"
2026-09-28 06:31:52,+0300,1,Hipodroom,0,success,"{"total":0,"location_name":"Hipodroom (CLOSED)","location_id":1}"
2026-09-28 06:33:53,+0300,3,T1,0,success,"{"total":0,"location_name":"T1 Shopping Mall","location_id":3}"
2026-09-28 06:33:53,+0300,9,Mustika,0,success,"{"total":0,"location_name":"Mustika","location_id":9}"
2026-09-28 06:33:53,+0300,10,Suur-Paala,0,success,"{"total":0,"location_name":"Suur-Paala","location_id":10}"
2026-09-28 06:33:53,+0300,1,Hipodroom,0,success,"{"total":0,"location_name":"Hipodroom (CLOSED)","location_id":1}"
2026-09-28 06:35:54,+0300,3,T1,0,success,"{"total":0,"location_name":"T1 Shopping Mall","location_id":3}"
2026-09-28 06:35:54,+0300,9,Mustika,0,success,"{"total":0,"location_name":"Mustika","location_id":9}"
2026-09-28 06:35:54,+0300,10,Suur-Paala,0,success,"{"total":0,"location_name":"Suur-Paala","location_id":10}"
2026-09-28 06:35:54,+0300,1,Hipodroom,0,success,"{"total":0,"location_name":"Hipodroom (CLOSED)","location_id":1}"
2026-09-28 06:37:54,+0300,3,T1,0,success,"{"total":0,"location_name":"T1 Shopping Mall","location_id":3}"
2026-09-28 06:37:54,+0300,9,Mustika,0,success,"{"total":0,"location_name":"Mustika","location_id":9}"
2026-09-28 06:37:54,+0300,10,Suur-Paala,0,success,"{"total":0,"location_name":"Suur-Paala","location_id":10}"
2026-09-28 06:37:54,+0300,1,Hipodroom,0,success,"{"total":0,"location_name":"Hipodroom (CLOSED)","location_id":1}"
2026-09-28 06:39:55,+0300,3,T1,0,success,"{"total":0,"location_name":"T1 Shopping Mall","location_id":3}"
2026-09-28 06:39:55,+0300,9,Mustika,0,success,"{"total":0,"location_name":"Mustika","location_id":9}"
2026-09-28 06:39:55,+0300,10,Suur-Paala,0,success,"{"total":0,"location_name":"Suur-Paala","location_id":10}"
2026-09-28 06:39:55,+0300,1,Hipodroom,0,success,"{"total":0,"location_name":"Hipodroom (CLOSED)","location_id":1}"
2026-09-28 06:41:55,+0300,3,T1,0,success,"{"total":0,"location_name":"T1 Shopping Mall","location_id":3}"
2026-09-28 06:41:55,+0300,9,Mustika,0,success,"{"total":0,"location_name":"Mustika","location_id":9}"
2026-09-28 06:41:55,+0300,10,Suur-Paala,0,success,"{"total":0,"location_name":"Suur-Paala","location_id":10}"
2026-09-28 06:41:55,+0300,1,Hipodroom,0,success,"{"total":0,"location_name":"Hipodroom (CLOSED)","location_id":1}"
2026-09-28 06:43:56,+0300,3,T1,0,success,"{"total":0,"location_name":"T1 Shopping Mall","location_id":3}"
2026-09-28 06:43:56,+0300,9,Mustika,0,success,"{"total":0,"location_name":"Mustika","location_id":9}"
2026-09-28 06:43:56,+0300,10,Suur-Paala,0,success,"{"total":0,"location_name":"Suur-Paala","location_id":10}"
2026-09-28 06:43:56,+0300,1,Hipodroom,0,success,"{"total":0,"location_name":"Hipodroom (CLOSED)","location_id":1}"
2026-09-28 06:45:57,+0300,3,T1,0,success,"{"total":0,"location_name":"T1 Shopping Mall","location_id":3}"
2026-09-28 06:45:57,+0300,9,Mustika,0,success,"{"total":0,"location_name":"Mustika","location_id":9}"
2026-09-28 06:45:57,+0300,10,Suur-Paala,0,success,"{"total":0,"location_name":"Suur-Paala","location_id":10}"
2026-09-28 06:45:57,+0300,1,Hipodroom,0,success,"{"total":0,"location_name":"Hipodroom (CLOSED)","location_id":1}"
2026-09-28 06:47:57,+0300,3,T1,0,success,"{"total":0,"location_name":"T1 Shopping Mall","location_id":3}"
2026-09-28 06:47:57,+0300,9,Mustika,0,success,"{"total":0,"location_name":"Mustika","location_id":9}"
2026-09-28 06:47:57,+0300,10,Suur-Paala,0,success,"{"total":0,"location_name":"Suur-Paala","location_id":10}"
2026-09-28 06:47:57,+0300,1,Hipodroom,0,success,"{"total":0,"location_name":"Hipodroom (CLOSED)","location_id":1}"
2026-09-28 06:49:58,+0300,3,T1,0,success,"{"total":0,"location_name":"T1 Shopping Mall","location_id":3}"
2026-09-28 06:49:58,+0300,9,Mustika,0,success,"{"total":0,"location_name":"Mustika","location_id":9}"
2026-09-28 06:49:58,+0300,10,Suur-Paala,0,success,"{"total":0,"location_name":"Suur-Paala","location_id":10}"
2026-09-28 06:49:58,+0300,1,Hipodroom,0,success,"{"total":0,"location_name":"Hipodroom (CLOSED)","location_id":1}"
2026-09-28 06:51:58,+0300,3,T1,0,success,"{"total":0,"location_name":"T1 Shopping Mall","location_id":3}"
2026-09-28 06:51:58,+0300,9,Mustika,0,success,"{"total":0,"location_name":"Mustika","location_id":9}"
2026-09-28 06:51:58,+0300,10,Suur-Paala,0,success,"{"total":0,"location_name":"Suur-Paala","location_id":10}"
2026-09-28 06:51:58,+0300,1,Hipodroom,0,success,"{"total":0,"location_name":"Hipodroom (CLOSED)","location_id":1}"
2026-09-28 06:53:59,+0300,3,T1,0,success,"{"total":0,"location_name":"T1 Shopping Mall","location_id":3}"
2026-09-28 06:53:59,+0300,9,Mustika,0,success,"{"total":0,"location_name":"Mustika","location_id":9}"
2026-09-28 06:53:59,+0300,10,Suur-Paala,0,success,"{"total":0,"location_name":"Suur-Paala","location_id":10}"
2026-09-28 06:53:59,+0300,1,Hipodroom,0,success,"{"total":0,"location_name":"Hipodroom (CLOSED)","location_id":1}"
2026-09-28 06:55:59,+0300,3,T1,0,success,"{"total":0,"location_name":"T1 Shopping Mall","location_id":3}"
2026-09-28 06:55:59,+0300,9,Mustika,0,success,"{"total":0,"location_name":"Mustika","location_id":9}"
2026-09-28 06:55:59,+0300,10,Suur-Paala,0,success,"{"total":0,"location_name":"Suur-Paala","location_id":10}"
2026-09-28 06:55:59,+0300,1,Hipodroom,0,success,"{"total":0,"location_name":"Hipodroom (CLOSED)","location_id":1}"
2026-09-28 06:58:00,+0300,3,T1,0,success,"{"total":0,"location_name":"T1 Shopping Mall","location_id":3}"
2026-09-28 06:58:00,+0300,9,Mustika,0,success,"{"total":0,"location_name":"Mustika","location_id":9}"
2026-09-28 06:58:00,+0300,10,Suur-Paala,0,success,"{"total":0,"location_name":"Suur-Paala","location_id":10}"
2026-09-28 06:58:00,+0300,1,Hipodroom,0,success,"{"total":0,"location_name":"Hipodroom (CLOSED)","location_id":1}"
2026-09-28 07:00:00,+0300,3,T1,0,success,"{"total":0,"location_name":"T1 Shopping Mall","location_id":3}"
2026-09-28 07:00:00,+0300,9,Mustika,0,success,"{"total":0,"location_name":"Mustika","location_id":9}"
2026-09-28 07:00:00,+0300,10,Suur-Paala,0,success,"{"total":0,"location_name":"Suur-Paala","location_id":10}"
2026-09-28 07:00:00,+0300,1,Hipodroom,0,success,"{"total":0,"location_name":"Hipodroom (CLOSED)","location_id":1}"
2026-09-28 07:02:01,+0300,3,T1,0,success,"{"total":0,"location_name":"T1 Shopping Mall","location_id":3}"
2026-09-28 07:02:01,+0300,9,Mustika,0,success,"{"total":0,"location_name":"Mustika","location_id":9}"
2026-09-28 07:02:01,+0300,10,Suur-Paala,0,success,"{"total":0,"location_name":"Suur-Paala","location_id":10}"
2026-09-28 07:02:01,+0300,1,Hipodroom,0,success,"{"total":0,"location_name":"Hipodroom (CLOSED)","location_id":1}"
2026-09-28 07:04:02,+0300,3,T1,0,success,"{"total":0,"location_name":"T1 Shopping Mall","location_id":3}"
2026-09-28 07:04:02,+0300,9,Mustika,0,success,"{"total":0,"location_name":"Mustika","location_id":9}"
2026-09-28 07:04:02,+0300,10,Suur-Paala,0,success,"{"total":0,"location_name":"Suur-Paala","location_id":10}"
2026-09-28 07:04:02,+0300,1,Hipodroom,0,success,"{"total":0,"location_name":"Hipodroom (CLOSED)","location_id":1}"
2026-09-28 07:06:02,+0300,3,T1,0,success,"{"total":0,"location_name":"T1 Shopping Mall","location_id":3}"
2026-09-28 07:06:02,+0300,9,Mustika,0,success,"{"total":0,"location_name":"Mustika","location_id":9}"
2026-09-28 07:06:02,+0300,10,Suur-Paala,0,success,"{"total":0,"location_name":"Suur-Paala","location_id":10}"
2026-09-28 07:06:02,+0300,1,Hipodroom,0,success,"{"total":0,"location_name":"Hipodroom (CLOSED)","location_id":1}"
2026-09-28 07:08:02,+0300,3,T1,0,success,"{"total":0,"location_name":"T1 Shopping Mall","location_id":3}"
2026-09-28 07:08:02,+0300,9,Mustika,0,success,"{"total":0,"location_name":"Mustika","location_id":9}"
2026-09-28 07:08:02,+0300,10,Suur-Paala,0,success,"{"total":0,"location_name":"Suur-Paala","location_id":10}"
2026-09-28 07:08:02,+0300,1,Hipodroom,0,success,"{"total":0,"location_name":"Hipodroom (CLOSED)","location_id":1}"
2026-09-28 07:10:03,+0300,3,T1,0,success,"{"total":0,"location_name":"T1 Shopping Mall","location_id":3}"
2026-09-28 07:10:03,+0300,9,Mustika,0,success,"{"total":0,"location_name":"Mustika","location_id":9}"
2026-09-28 07:10:03,+0300,10,Suur-Paala,0,success,"{"total":0,"location_name":"Suur-Paala","location_id":10}"
2026-09-28 07:10:03,+0300,1,Hipodroom,0,success,"{"total":0,"location_name":"Hipodroom (CLOSED)","location_id":1}"
2026-09-28 07:12:04,+0300,3,T1,0,success,"{"total":0,"location_name":"T1 Shopping Mall","location_id":3}"
2026-09-28 07:12:04,+0300,9,Mustika,0,success,"{"total":0,"location_name":"Mustika","location_id":9}"
2026-09-28 07:12:04,+0300,10,Suur-Paala,0,success,"{"total":0,"location_name":"Suur-Paala","location_id":10}"
2026-09-28 07:12:04,+0300,1,Hipodroom,0,success,"{"total":0,"location_name":"Hipodroom (CLOSED)","location_id":1}"
2026-09-28 07:14:04,+0300,3,T1,1,success,"{"total":1,"location_name":"T1 Shopping Mall","location_id":3}"
2026-09-28 07:14:04,+0300,9,Mustika,0,success,"{"total":0,"location_name":"Mustika","location_id":9}"
2026-09-28 07:14:04,+0300,10,Suur-Paala,0,success,"{"total":0,"location_name":"Suur-Paala","location_id":10}"
2026-09-28 07:14:04,+0300,1,Hipodroom,0,success,"{"total":0,"location_name":"Hipodroom (CLOSED)","location_id":1}"
2026-09-28 07:16:05,+0300,3,T1,1,success,"{"total":1,"location_name":"T1 Shopping Mall","location_id":3}"
2026-09-28 07:16:05,+0300,9,Mustika,0,success,"{"total":0,"location_name":"Mustika","location_id":9}"
2026-09-28 07:16:05,+0300,10,Suur-Paala,0,success,"{"total":0,"location_name":"Suur-Paala","location_id":10}"
2026-09-28 07:16:05,+0300,1,Hipodroom,0,success,"{"total":0,"location_name":"Hipodroom (CLOSED)","location_id":1}"
2026-09-28 07:18:05,+0300,3,T1,1,success,"{"total":1,"location_name":"T1 Shopping Mall","location_id":3}"
2026-09-28 07:18:05,+0300,9,Mustika,0,success,"{"total":0,"location_name":"Mustika","location_id":9}"
2026-09-28 07:18:05,+0300,10,Suur-Paala,0,success,"{"total":0,"location_name":"Suur-Paala","location_id":10}"
2026-09-28 07:18:05,+0300,1,Hipodroom,0,success,"{"total":0,"location_name":"Hipodroom (CLOSED)","location_id":1}"
2026-09-28 07:20:06,+0300,3,T1,1,success,"{"total":1,"location_name":"T1 Shopping Mall","location_id":3}"
2026-09-28 07:20:06,+0300,9,Mustika,0,success,"{"total":0,"location_name":"Mustika","location_id":9}"
2026-09-28 07:20:06,+0300,10,Suur-Paala,0,success,"{"total":0,"location_name":"Suur-Paala","location_id":10}"
2026-09-28 07:20:06,+0300,1,Hipodroom,0,success,"{"total":0,"location_name":"Hipodroom (CLOSED)","location_id":1}"
2026-09-28 07:22:07,+0300,3,T1,1,success,"{"total":1,"location_name":"T1 Shopping Mall","location_id":3}"
2026-09-28 07:22:07,+0300,9,Mustika,0,success,"{"total":0,"location_name":"Mustika","location_id":9}"
2026-09-28 07:22:07,+0300,10,Suur-Paala,0,success,"{"total":0,"location_name":"Suur-Paala","location_id":10}"
2026-09-28 07:22:07,+0300,1,Hipodroom,0,success,"{"total":0,"location_name":"Hipodroom (CLOSED)","location_id":1}"
2026-09-28 07:24:07,+0300,3,T1,1,success,"{"total":1,"location_name":"T1 Shopping Mall","location_id":3}"
2026-09-28 07:24:07,+0300,9,Mustika,0,success,"{"total":0,"location_name":"Mustika","location_id":9}"
2026-09-28 07:24:07,+0300,10,Suur-Paala,0,success,"{"total":0,"location_name":"Suur-Paala","location_id":10}"
2026-09-28 07:24:07,+0300,1,Hipodroom,0,success,"{"total":0,"location_name":"Hipodroom (CLOSED)","location_id":1}"
2026-09-28 07:26:08,+0300,3,T1,1,success,"{"total":1,"location_name":"T1 Shopping Mall","location_id":3}"
2026-09-28 07:26:08,+0300,9,Mustika,0,success,"{"total":0,"location_name":"Mustika","location_id":9}"
2026-09-28 07:26:08,+0300,10,Suur-Paala,0,success,"{"total":0,"location_name":"Suur-Paala","location_id":10}"
2026-09-28 07:26:08,+0300,1,Hipodroom,0,success,"{"total":0,"location_name":"Hipodroom (CLOSED)","location_id":1}"
2026-09-28 07:28:08,+0300,3,T1,1,success,"{"total":1,"location_name":"T1 Shopping Mall","location_id":3}"
2026-09-28 07:28:08,+0300,9,Mustika,0,success,"{"total":0,"location_name":"Mustika","location_id":9}"
2026-09-28 07:28:08,+0300,10,Suur-Paala,0,success,"{"total":0,"location_name":"Suur-Paala","location_id":10}"
2026-09-28 07:28:08,+0300,1,Hipodroom,0,success,"{"total":0,"location_name":"Hipodroom (CLOSED)","location_id":1}"
2026-09-28 07:30:09,+0300,3,T1,1,success,"{"total":1,"location_name":"T1 Shopping Mall","location_id":3}"
2026-09-28 07:30:09,+0300,9,Mustika,0,success,"{"total":0,"location_name":"Mustika","location_id":9}"
2026-09-28 07:30:09,+0300,10,Suur-Paala,0,success,"{"total":0,"location_name":"Suur-Paala","location_id":10}"
2026-09-28 07:30:09,+0300,1,Hipodroom,0,success,"{"total":0,"location_name":"Hipodroom (CLOSED)","location_id":1}"
2026-09-28 07:32:09,+0300,3,T1,1,success,"{"total":1,"location_name":"T1 Shopping Mall","location_id":3}"
2026-09-28 07:32:09,+0300,9,Mustika,0,success,"{"total":0,"location_name":"Mustika","location_id":9}"
2026-09-28 07:32:09,+0300,10,Suur-Paala,0,success,"{"total":0,"location_name":"Suur-Paala","location_id":10}"
2026-09-28 07:32:09,+0300,1,Hipodroom,0,success,"{"total":0,"location_name":"Hipodroom (CLOSED)","location_id":1}"
2026-09-28 07:34:10,+0300,3,T1,1,success,"{"total":1,"location_name":"T1 Shopping Mall","location_id":3}"
2026-09-28 07:34:10,+0300,9,Mustika,0,success,"{"total":0,"location_name":"Mustika","location_id":9}"
2026-09-28 07:34:10,+0300,10,Suur-Paala,0,success,"{"total":0,"location_name":"Suur-Paala","location_id":10}"
2026-09-28 07:34:10,+0300,1,Hipodroom,0,success,"{"total":0,"location_name":"Hipodroom (CLOSED)","location_id":1}"
2026-09-28 07:36:10,+0300,3,T1,1,success,"{"total":1,"location_name":"T1 Shopping Mall","location_id":3}"
2026-09-28 07:36:10,+0300,9,Mustika,0,success,"{"total":0,"location_name":"Mustika","location_id":9}"
2026-09-28 07:36:10,+0300,10,Suur-Paala,0,success,"{"total":0,"location_name":"Suur-Paala","location_id":10}"
2026-09-28 07:36:10,+0300,1,Hipodroom,0,success,"{"total":0,"location_name":"Hipodroom (CLOSED)","location_id":1}"
2026-09-28 07:38:10,+0300,3,T1,1,success,"{"total":1,"location_name":"T1 Shopping Mall","location_id":3}"
2026-09-28 07:38:10,+0300,9,Mustika,0,success,"{"total":0,"location_name":"Mustika","location_id":9}"
2026-09-28 07:38:10,+0300,10,Suur-Paala,0,success,"{"total":0,"location_name":"Suur-Paala","location_id":10}"
2026-09-28 07:38:10,+0300,1,Hipodroom,0,success,"{"total":0,"location_name":"Hipodroom (CLOSED)","location_id":1}"
2026-09-28 07:40:11,+0300,3,T1,1,success,"{"total":1,"location_name":"T1 Shopping Mall","location_id":3}"
2026-09-28 07:40:11,+0300,9,Mustika,0,success,"{"total":0,"location_name":"Mustika","location_id":9}"
2026-09-28 07:40:11,+0300,10,Suur-Paala,0,success,"{"total":0,"location_name":"Suur-Paala","location_id":10}"
2026-09-28 07:40:11,+0300,1,Hipodroom,0,success,"{"total":0,"location_name":"Hipodroom (CLOSED)","location_id":1}"
2026-09-28 07:42:11,+0300,3,T1,1,success,"{"total":1,"location_name":"T1 Shopping Mall","location_id":3}"
2026-09-28 07:42:11,+0300,9,Mustika,0,success,"{"total":0,"location_name":"Mustika","location_id":9}"
2026-09-28 07:42:11,+0300,10,Suur-Paala,0,success,"{"total":0,"location_name":"Suur-Paala","location_id":10}"
2026-09-28 07:42:11,+0300,1,Hipodroom,0,success,"{"total":0,"location_name":"Hipodroom (CLOSED)","location_id":1}"
2026-09-28 07:44:12,+0300,3,T1,1,success,"{"total":1,"location_name":"T1 Shopping Mall","location_id":3}"
2026-09-28 07:44:12,+0300,9,Mustika,0,success,"{"total":0,"location_name":"Mustika","location_id":9}"
2026-09-28 07:44:12,+0300,10,Suur-Paala,0,success,"{"total":0,"location_name":"Suur-Paala","location_id":10}"
2026-09-28 07:44:12,+0300,1,Hipodroom,0,success,"{"total":0,"location_name":"Hipodroom (CLOSED)","location_id":1}"
2026-09-28 07:46:12,+0300,3,T1,1,success,"{"total":1,"location_name":"T1 Shopping Mall","location_id":3}"
2026-09-28 07:46:12,+0300,9,Mustika,0,success,"{"total":0,"location_name":"Mustika","location_id":9}"
2026-09-28 07:46:12,+0300,10,Suur-Paala,0,success,"{"total":0,"location_name":"Suur-Paala","location_id":10}"
2026-09-28 07:46:12,+0300,1,Hipodroom,0,success,"{"total":0,"location_name":"Hipodroom (CLOSED)","location_id":1}"
2026-09-28 07:48:13,+0300,3,T1,1,success,"{"total":1,"location_name":"T1 Shopping Mall","location_id":3}"
2026-09-28 07:48:13,+0300,9,Mustika,0,success,"{"total":0,"location_name":"Mustika","location_id":9}"
2026-09-28 07:48:13,+0300,10,Suur-Paala,0,success,"{"total":0,"location_name":"Suur-Paala","location_id":10}"
2026-09-28 07:48:13,+0300,1,Hipodroom,0,success,"{"total":0,"location_name":"Hipodroom (CLOSED)","location_id":1}"
2026-09-28 07:50:14,+0300,3,T1,1,success,"{"total":1,"location_name":"T1 Shopping Mall","location_id":3}"
2026-09-28 07:50:14,+0300,9,Mustika,0,success,"{"total":0,"location_name":"Mustika","location_id":9}"
2026-09-28 07:50:14,+0300,10,Suur-Paala,0,success,"{"total":0,"location_name":"Suur-Paala","location_id":10}"
2026-09-28 07:50:14,+0300,1,Hipodroom,0,success,"{"total":0,"location_name":"Hipodroom (CLOSED)","location_id":1}"
2026-09-28 07:52:14,+0300,3,T1,1,success,"{"total":1,"location_name":"T1 Shopping Mall","location_id":3}"
2026-09-28 07:52:14,+0300,9,Mustika,0,success,"{"total":0,"location_name":"Mustika","location_id":9}"
2026-09-28 07:52:14,+0300,10,Suur-Paala,0,success,"{"total":0,"location_name":"Suur-Paala","location_id":10}"
2026-09-28 07:52:14,+0300,1,Hipodroom,0,success,"{"total":0,"location_name":"Hipodroom (CLOSED)","location_id":1}"
2026-09-28 07:54:15,+0300,3,T1,1,success,"{"total":1,"location_name":"T1 Shopping Mall","location_id":3}"
2026-09-28 07:54:15,+0300,9,Mustika,0,success,"{"total":0,"location_name":"Mustika","location_id":9}"
2026-09-28 07:54:15,+0300,10,Suur-Paala,0,success,"{"total":0,"location_name":"Suur-Paala","location_id":10}"
2026-09-28 07:54:15,+0300,1,Hipodroom,0,success,"{"total":0,"location_name":"Hipodroom (CLOSED)","location_id":1}"
2026-09-28 07:56:15,+0300,3,T1,1,success,"{"total":1,"location_name":"T1 Shopping Mall","location_id":3}"
2026-09-28 07:56:15,+0300,9,Mustika,2,success,"{"total":2,"location_name":"Mustika","location_id":9}"
2026-09-28 07:56:15,+0300,10,Suur-Paala,0,success,"{"total":0,"location_name":"Suur-Paala","location_id":10}"
2026-09-28 07:56:15,+0300,1,Hipodroom,0,success,"{"total":0,"location_name":"Hipodroom (CLOSED)","location_id":1}"
2026-09-28 07:58:16,+0300,3,T1,1,success,"{"total":1,"location_name":"T1 Shopping Mall","location_id":3}"
2026-09-28 07:58:16,+0300,9,Mustika,2,success,"{"total":2,"location_name":"Mustika","location_id":9}"
2026-09-28 07:58:16,+0300,10,Suur-Paala,0,success,"{"total":0,"location_name":"Suur-Paala","location_id":10}"
2026-09-28 07:58:16,+0300,1,Hipodroom,0,success,"{"total":0,"location_name":"Hipodroom (CLOSED)","location_id":1}"
2026-09-28 08:00:16,+0300,3,T1,1,success,"{"total":1,"location_name":"T1 Shopping Mall","location_id":3}"
2026-09-28 08:00:16,+0300,9,Mustika,2,success,"{"total":2,"location_name":"Mustika","location_id":9}"
2026-09-28 08:00:16,+0300,10,Suur-Paala,0,success,"{"total":0,"location_name":"Suur-Paala","location_id":10}"
2026-09-28 08:00:16,+0300,1,Hipodroom,0,success,"{"total":0,"location_name":"Hipodroom (CLOSED)","location_id":1}"
2026-09-28 08:02:17,+0300,3,T1,1,success,"{"total":1,"location_name":"T1 Shopping Mall","location_id":3}"
2026-09-28 08:02:17,+0300,9,Mustika,3,success,"{"total":3,"location_name":"Mustika","location_id":9}"
2026-09-28 08:02:17,+0300,10,Suur-Paala,0,success,"{"total":0,"location_name":"Suur-Paala","location_id":10}"
2026-09-28 08:02:17,+0300,1,Hipodroom,0,success,"{"total":0,"location_name":"Hipodroom (CLOSED)","location_id":1}"
2026-09-28 08:04:17,+0300,3,T1,1,success,"{"total":1,"location_name":"T1 Shopping Mall","location_id":3}"
2026-09-28 08:04:17,+0300,9,Mustika,3,success,"{"total":3,"location_name":"Mustika","location_id":9}"
2026-09-28 08:04:17,+0300,10,Suur-Paala,0,success,"{"total":0,"location_name":"Suur-Paala","location_id":10}"
2026-09-28 08:04:17,+0300,1,Hipodroom,0,success,"{"total":0,"location_name":"Hipodroom (CLOSED)","location_id":1}"
2026-09-28 08:06:18,+0300,3,T1,1,success,"{"total":1,"location_name":"T1 Shopping Mall","location_id":3}"
2026-09-28 08:06:18,+0300,9,Mustika,3,success,"{"total":3,"location_name":"Mustika","location_id":9}"
2026-09-28 08:06:18,+0300,10,Suur-Paala,0,success,"{"total":0,"location_name":"Suur-Paala","location_id":10}"
2026-09-28 08:06:18,+0300,1,Hipodroom,0,success,"{"total":0,"location_name":"Hipodroom (CLOSED)","location_id":1}"
2026-09-28 08:08:18,+0300,3,T1,2,success,"{"total":2,"location_name":"T1 Shopping Mall","location_id":3}"
2026-09-28 08:08:18,+0300,9,Mustika,3,success,"{"total":3,"location_name":"Mustika","location_id":9}"
2026-09-28 08:08:18,+0300,10,Suur-Paala,0,success,"{"total":0,"location_name":"Suur-Paala","location_id":10}"
2026-09-28 08:08:18,+0300,1,Hipodroom,0,success,"{"total":0,"location_name":"Hipodroom (CLOSED)","location_id":1}"
2026-09-28 08:10:19,+0300,3,T1,2,success,"{"total":2,"location_name":"T1 Shopping Mall","location_id":3}"
2026-09-28 08:10:19,+0300,9,Mustika,3,success,"{"total":3,"location_name":"Mustika","location_id":9}"
2026-09-28 08:10:19,+0300,10,Suur-Paala,0,success,"{"total":0,"location_name":"Suur-Paala","location_id":10}"
2026-09-28 08:10:19,+0300,1,Hipodroom,0,success,"{"total":0,"location_name":"Hipodroom (CLOSED)","location_id":1}"
2026-09-28 08:12:19,+0300,3,T1,2,success,"{"total":2,"location_name":"T1 Shopping Mall","location_id":3}"
2026-09-28 08:12:19,+0300,9,Mustika,3,success,"{"total":3,"location_name":"Mustika","location_id":9}"
2026-09-28 08:12:19,+0300,10,Suur-Paala,0,success,"{"total":0,"location_name":"Suur-Paala","location_id":10}"
2026-09-28 08:12:19,+0300,1,Hipodroom,0,success,"{"total":0,"location_name":"Hipodroom (CLOSED)","location_id":1}"
2026-09-28 08:14:20,+0300,3,T1,2,success,"{"total":2,"location_name":"T1 Shopping Mall","location_id":3}"
2026-09-28 08:14:20,+0300,9,Mustika,3,success,"{"total":3,"location_name":"Mustika","location_id":9}"
2026-09-28 08:14:20,+0300,10,Suur-Paala,0,success,"{"total":0,"location_name":"Suur-Paala","location_id":10}"
2026-09-28 08:14:20,+0300,1,Hipodroom,0,success,"{"total":0,"location_name":"Hipodroom (CLOSED)","location_id":1}"
2026-09-28 08:16:21,+0300,3,T1,2,success,"{"total":2,"location_name":"T1 Shopping Mall","location_id":3}"
2026-09-28 08:16:21,+0300,9,Mustika,3,success,"{"total":3,"location_name":"Mustika","location_id":9}"
2026-09-28 08:16:21,+0300,10,Suur-Paala,0,success,"{"total":0,"location_name":"Suur-Paala","location_id":10}"
2026-09-28 08:16:21,+0300,1,Hipodroom,0,success,"{"total":0,"location_name":"Hipodroom (CLOSED)","location_id":1}"
2026-09-28 08:18:21,+0300,3,T1,2,success,"{"total":2,"location_name":"T1 Shopping Mall","location_id":3}"
2026-09-28 08:18:21,+0300,9,Mustika,3,success,"{"total":3,"location_name":"Mustika","location_id":9}"
2026-09-28 08:18:21,+0300,10,Suur-Paala,0,success,"{"total":0,"location_name":"Suur-Paala","location_id":10}"
2026-09-28 08:18:21,+0300,1,Hipodroom,0,success,"{"total":0,"location_name":"Hipodroom (CLOSED)","location_id":1}"
2026-09-28 08:20:22,+0300,3,T1,2,success,"{"total":2,"location_name":"T1 Shopping Mall","location_id":3}"
2026-09-28 08:20:22,+0300,9,Mustika,3,success,"{"total":3,"location_name":"Mustika","location_id":9}"
2026-09-28 08:20:22,+0300,10,Suur-Paala,0,success,"{"total":0,"location_name":"Suur-Paala","location_id":10}"
2026-09-28 08:20:22,+0300,1,Hipodroom,0,success,"{"total":0,"location_name":"Hipodroom (CLOSED)","location_id":1}"
2026-09-28 08:22:22,+0300,3,T1,2,success,"{"total":2,"location_name":"T1 Shopping Mall","location_id":3}"
2026-09-28 08:22:22,+0300,9,Mustika,3,success,"{"total":3,"location_name":"Mustika","location_id":9}"
2026-09-28 08:22:22,+0300,10,Suur-Paala,0,success,"{"total":0,"location_name":"Suur-Paala","location_id":10}"
2026-09-28 08:22:22,+0300,1,Hipodroom,0,success,"{"total":0,"location_name":"Hipodroom (CLOSED)","location_id":1}"
2026-09-28 08:24:23,+0300,3,T1,2,success,"{"total":2,"location_name":"T1 Shopping Mall","location_id":3}"
2026-09-28 08:24:23,+0300,9,Mustika,3,success,"{"total":3,"location_name":"Mustika","location_id":9}"
2026-09-28 08:24:23,+0300,10,Suur-Paala,0,success,"{"total":0,"location_name":"Suur-Paala","location_id":10}"
2026-09-28 08:24:23,+0300,1,Hipodroom,0,success,"{"total":0,"location_name":"Hipodroom (CLOSED)","location_id":1}"
2026-09-28 08:26:24,+0300,3,T1,2,success,"{"total":2,"location_name":"T1 Shopping Mall","location_id":3}"
2026-09-28 08:26:24,+0300,9,Mustika,3,success,"{"total":3,"location_name":"Mustika","location_id":9}"
2026-09-28 08:26:24,+0300,10,Suur-Paala,0,success,"{"total":0,"location_name":"Suur-Paala","location_id":10}"
2026-09-28 08:26:24,+0300,1,Hipodroom,0,success,"{"total":0,"location_name":"Hipodroom (CLOSED)","location_id":1}"
2026-09-28 08:28:24,+0300,3,T1,2,success,"{"total":2,"location_name":"T1 Shopping Mall","location_id":3}"
2026-09-28 08:28:24,+0300,9,Mustika,3,success,"{"total":3,"location_name":"Mustika","location_id":9}"
2026-09-28 08:28:24,+0300,10,Suur-Paala,0,success,"{"total":0,"location_name":"Suur-Paala","location_id":10}"
2026-09-28 08:28:24,+0300,1,Hipodroom,0,success,"{"total":0,"location_name":"Hipodroom (CLOSED)","location_id":1}"
2026-09-28 08:30:25,+0300,3,T1,2,success,"{"total":2,"location_name":"T1 Shopping Mall","location_id":3}"
2026-09-28 08:30:25,+0300,9,Mustika,3,success,"{"total":3,"location_name":"Mustika","location_id":9}"
2026-09-28 08:30:25,+0300,10,Suur-Paala,0,success,"{"total":0,"location_name":"Suur-Paala","location_id":10}"
2026-09-28 08:30:25,+0300,1,Hipodroom,0,success,"{"total":0,"location_name":"Hipodroom (CLOSED)","location_id":1}"
2026-09-28 08:32:26,+0300,3,T1,2,success,"{"total":2,"location_name":"T1 Shopping Mall","location_id":3}"
2026-09-28 08:32:26,+0300,9,Mustika,3,success,"{"total":3,"location_name":"Mustika","location_id":9}"
2026-09-28 08:32:26,+0300,10,Suur-Paala,0,success,"{"total":0,"location_name":"Suur-Paala","location_id":10}"
2026-09-28 08:32:26,+0300,1,Hipodroom,0,success,"{"total":0,"location_name":"Hipodroom (CLOSED)","location_id":1}"
2026-09-28 08:34:26,+0300,3,T1,2,success,"{"total":2,"location_name":"T1 Shopping Mall","location_id":3}"
2026-09-28 08:34:26,+0300,9,Mustika,3,success,"{"total":3,"location_name":"Mustika","location_id":9}"
2026-09-28 08:34:26,+0300,10,Suur-Paala,0,success,"{"total":0,"location_name":"Suur-Paala","location_id":10}"
2026-09-28 08:34:26,+0300,1,Hipodroom,0,success,"{"total":0,"location_name":"Hipodroom (CLOSED)","location_id":1}"
2026-09-28 08:36:27,+0300,3,T1,2,success,"{"total":2,"location_name":"T1 Shopping Mall","location_id":3}"
2026-09-28 08:36:27,+0300,9,Mustika,3,success,"{"total":3,"location_name":"Mustika","location_id":9}"
2026-09-28 08:36:27,+0300,10,Suur-Paala,0,success,"{"total":0,"location_name":"Suur-Paala","location_id":10}"
2026-09-28 08:36:27,+0300,1,Hipodroom,0,success,"{"total":0,"location_name":"Hipodroom (CLOSED)","location_id":1}"
2026-09-28 08:38:28,+0300,3,T1,2,success,"{"total":2,"location_name":"T1 Shopping Mall","location_id":3}"
2026-09-28 08:38:28,+0300,9,Mustika,3,success,"{"total":3,"location_name":"Mustika","location_id":9}"
2026-09-28 08:38:28,+0300,10,Suur-Paala,0,success,"{"total":0,"location_name":"Suur-Paala","location_id":10}"
2026-09-28 08:38:28,+0300,1,Hipodroom,0,success,"{"total":0,"location_name":"Hipodroom (CLOSED)","location_id":1}"
2026-09-28 08:40:28,+0300,3,T1,2,success,"{"total":2,"location_name":"T1 Shopping Mall","location_id":3}"
2026-09-28 08:40:28,+0300,9,Mustika,3,success,"{"total":3,"location_name":"Mustika","location_id":9}"
2026-09-28 08:40:28,+0300,10,Suur-Paala,0,success,"{"total":0,"location_name":"Suur-Paala","location_id":10}"
2026-09-28 08:40:28,+0300,1,Hipodroom,0,success,"{"total":0,"location_name":"Hipodroom (CLOSED)","location_id":1}"
2026-09-28 08:42:29,+0300,3,T1,2,success,"{"total":2,"location_name":"T1 Shopping Mall","location_id":3}"
2026-09-28 08:42:29,+0300,9,Mustika,3,success,"{"total":3,"location_name":"Mustika","location_id":9}"
2026-09-28 08:42:29,+0300,10,Suur-Paala,0,success,"{"total":0,"location_name":"Suur-Paala","location_id":10}"
2026-09-28 08:42:29,+0300,1,Hipodroom,0,success,"{"total":0,"location_name":"Hipodroom (CLOSED)","location_id":1}"
2026-09-28 08:44:29,+0300,3,T1,2,success,"{"total":2,"location_name":"T1 Shopping Mall","location_id":3}"
2026-09-28 08:44:29,+0300,9,Mustika,3,success,"{"total":3,"location_name":"Mustika","location_id":9}"
2026-09-28 08:44:29,+0300,10,Suur-Paala,0,success,"{"total":0,"location_name":"Suur-Paala","location_id":10}"
2026-09-28 08:44:29,+0300,1,Hipodroom,0,success,"{"total":0,"location_name":"Hipodroom (CLOSED)","location_id":1}"
2026-09-28 08:46:30,+0300,3,T1,2,success,"{"total":2,"location_name":"T1 Shopping Mall","location_id":3}"
2026-09-28 08:46:30,+0300,9,Mustika,3,success,"{"total":3,"location_name":"Mustika","location_id":9}"
2026-09-28 08:46:30,+0300,10,Suur-Paala,0,success,"{"total":0,"location_name":"Suur-Paala","location_id":10}"
2026-09-28 08:46:30,+0300,1,Hipodroom,0,success,"{"total":0,"location_name":"Hipodroom (CLOSED)","location_id":1}"
2026-09-28 08:48:30,+0300,3,T1,2,success,"{"total":2,"location_name":"T1 Shopping Mall","location_id":3}"
2026-09-28 08:48:30,+0300,9,Mustika,3,success,"{"total":3,"location_name":"Mustika","location_id":9}"
2026-09-28 08:48:30,+0300,10,Suur-Paala,0,success,"{"total":0,"location_name":"Suur-Paala","location_id":10}"
2026-09-28 08:48:30,+0300,1,Hipodroom,0,success,"{"total":0,"location_name":"Hipodroom (CLOSED)","location_id":1}"
2026-09-28 08:50:31,+0300,3,T1,2,success,"{"total":2,"location_name":"T1 Shopping Mall","location_id":3}"
2026-09-28 08:50:31,+0300,9,Mustika,3,success,"{"total":3,"location_name":"Mustika","location_id":9}"
2026-09-28 08:50:31,+0300,10,Suur-Paala,0,success,"{"total":0,"location_name":"Suur-Paala","location_id":10}"
2026-09-28 08:50:31,+0300,1,Hipodroom,0,success,"{"total":0,"location_name":"Hipodroom (CLOSED)","location_id":1}"
2026-09-28 08:52:31,+0300,3,T1,2,success,"{"total":2,"location_name":"T1 Shopping Mall","location_id":3}"
2026-09-28 08:52:31,+0300,9,Mustika,3,success,"{"total":3,"location_name":"Mustika","location_id":9}"
2026-09-28 08:52:31,+0300,10,Suur-Paala,0,success,"{"total":0,"location_name":"Suur-Paala","location_id":10}"
2026-09-28 08:52:31,+0300,1,Hipodroom,0,success,"{"total":0,"location_name":"Hipodroom (CLOSED)","location_id":1}"
2026-09-28 08:54:32,+0300,3,T1,2,success,"{"total":2,"location_name":"T1 Shopping Mall","location_id":3}"
2026-09-28 08:54:32,+0300,9,Mustika,3,success,"{"total":3,"location_name":"Mustika","location_id":9}"
2026-09-28 08:54:32,+0300,10,Suur-Paala,0,success,"{"total":0,"location_name":"Suur-Paala","location_id":10}"
2026-09-28 08:54:32,+0300,1,Hipodroom,0,success,"{"total":0,"location_name":"Hipodroom (CLOSED)","location_id":1}"
2026-09-28 08:56:32,+0300,3,T1,2,success,"{"total":2,"location_name":"T1 Shopping Mall","location_id":3}"
2026-09-28 08:56:32,+0300,9,Mustika,3,success,"{"total":3,"location_name":"Mustika","location_id":9}"
2026-09-28 08:56:32,+0300,10,Suur-Paala,0,success,"{"total":0,"location_name":"Suur-Paala","location_id":10}"
2026-09-28 08:56:32,+0300,1,Hipodroom,0,success,"{"total":0,"location_name":"Hipodroom (CLOSED)","location_id":1}"
2026-09-28 08:58:33,+0300,3,T1,2,success,"{"total":2,"location_name":"T1 Shopping Mall","location_id":3}"
2026-09-28 08:58:33,+0300,9,Mustika,3,success,"{"total":3,"location_name":"Mustika","location_id":9}"
2026-09-28 08:58:33,+0300,10,Suur-Paala,0,success,"{"total":0,"location_name":"Suur-Paala","location_id":10}"
2026-09-28 08:58:33,+0300,1,Hipodroom,0,success,"{"total":0,"location_name":"Hipodroom (CLOSED)","location_id":1}"
2026-09-28 09:00:34,+0300,3,T1,3,success,"{"total":3,"location_name":"T1 Shopping Mall","location_id":3}"
2026-09-28 09:00:34,+0300,9,Mustika,4,success,"{"total":4,"location_name":"Mustika","location_id":9}"
2026-09-28 09:00:34,+0300,10,Suur-Paala,0,success,"{"total":0,"location_name":"Suur-Paala","location_id":10}"
2026-09-28 09:00:34,+0300,1,Hipodroom,0,success,"{"total":0,"location_name":"Hipodroom (CLOSED)","location_id":1}"
2026-09-28 09:02:34,+0300,3,T1,3,success,"{"total":3,"location_name":"T1 Shopping Mall","location_id":3}"
2026-09-28 09:02:34,+0300,9,Mustika,4,success,"{"total":4,"location_name":"Mustika","location_id":9}"
2026-09-28 09:02:34,+0300,10,Suur-Paala,0,success,"{"total":0,"location_name":"Suur-Paala","location_id":10}"
2026-09-28 09:02:34,+0300,1,Hipodroom,0,success,"{"total":0,"location_name":"Hipodroom (CLOSED)","location_id":1}"
2026-09-28 09:04:35,+0300,3,T1,3,success,"{"total":3,"location_name":"T1 Shopping Mall","location_id":3}"
2026-09-28 09:04:35,+0300,9,Mustika,4,success,"{"total":4,"location_name":"Mustika","location_id":9}"
2026-09-28 09:04:35,+0300,10,Suur-Paala,0,success,"{"total":0,"location_name":"Suur-Paala","location_id":10}"
2026-09-28 09:04:35,+0300,1,Hipodroom,0,success,"{"total":0,"location_name":"Hipodroom (CLOSED)","location_id":1}"
2026-09-28 09:06:35,+0300,3,T1,3,success,"{"total":3,"location_name":"T1 Shopping Mall","location_id":3}"
2026-09-28 09:06:35,+0300,9,Mustika,4,success,"{"total":4,"location_name":"Mustika","location_id":9}"
2026-09-28 09:06:35,+0300,10,Suur-Paala,0,success,"{"total":0,"location_name":"Suur-Paala","location_id":10}"
2026-09-28 09:06:35,+0300,1,Hipodroom,0,success,"{"total":0,"location_name":"Hipodroom (CLOSED)","location_id":1}"
2026-09-28 09:08:36,+0300,3,T1,3,success,"{"total":3,"location_name":"T1 Shopping Mall","location_id":3}"
2026-09-28 09:08:36,+0300,9,Mustika,4,success,"{"total":4,"location_name":"Mustika","location_id":9}"
2026-09-28 09:08:36,+0300,10,Suur-Paala,0,success,"{"total":0,"location_name":"Suur-Paala","location_id":10}"
2026-09-28 09:08:36,+0300,1,Hipodroom,0,success,"{"total":0,"location_name":"Hipodroom (CLOSED)","location_id":1}"
2026-09-28 09:10:36,+0300,3,T1,3,success,"{"total":3,"location_name":"T1 Shopping Mall","location_id":3}"
2026-09-28 09:10:36,+0300,9,Mustika,4,success,"{"total":4,"location_name":"Mustika","location_id":9}"
2026-09-28 09:10:36,+0300,10,Suur-Paala,0,success,"{"total":0,"location_name":"Suur-Paala","location_id":10}"
2026-09-28 09:10:36,+0300,1,Hipodroom,0,success,"{"total":0,"location_name":"Hipodroom (CLOSED)","location_id":1}"
2026-09-28 09:12:37,+0300,3,T1,3,success,"{"total":3,"location_name":"T1 Shopping Mall","location_id":3}"
2026-09-28 09:12:37,+0300,9,Mustika,4,success,"{"total":4,"location_name":"Mustika","location_id":9}"
2026-09-28 09:12:37,+0300,10,Suur-Paala,0,success,"{"total":0,"location_name":"Suur-Paala","location_id":10}"
2026-09-28 09:12:37,+0300,1,Hipodroom,0,success,"{"total":0,"location_name":"Hipodroom (CLOSED)","location_id":1}"
2026-09-28 09:14:37,+0300,3,T1,3,success,"{"total":3,"location_name":"T1 Shopping Mall","location_id":3}"
2026-09-28 09:14:37,+0300,9,Mustika,4,success,"{"total":4,"location_name":"Mustika","location_id":9}"
2026-09-28 09:14:37,+0300,10,Suur-Paala,0,success,"{"total":0,"location_name":"Suur-Paala","location_id":10}"
2026-09-28 09:14:37,+0300,1,Hipodroom,0,success,"{"total":0,"location_name":"Hipodroom (CLOSED)","location_id":1}"
2026-09-28 09:16:38,+0300,3,T1,3,success,"{"total":3,"location_name":"T1 Shopping Mall","location_id":3}"
2026-09-28 09:16:38,+0300,9,Mustika,4,success,"{"total":4,"location_name":"Mustika","location_id":9}"
2026-09-28 09:16:38,+0300,10,Suur-Paala,0,success,"{"total":0,"location_name":"Suur-Paala","location_id":10}"
2026-09-28 09:16:38,+0300,1,Hipodroom,0,success,"{"total":0,"location_name":"Hipodroom (CLOSED)","location_id":1}"
2026-09-28 09:18:38,+0300,3,T1,3,success,"{"total":3,"location_name":"T1 Shopping Mall","location_id":3}"
2026-09-28 09:18:38,+0300,9,Mustika,4,success,"{"total":4,"location_name":"Mustika","location_id":9}"
2026-09-28 09:18:38,+0300,10,Suur-Paala,0,success,"{"total":0,"location_name":"Suur-Paala","location_id":10}"
2026-09-28 09:18:38,+0300,1,Hipodroom,0,success,"{"total":0,"location_name":"Hipodroom (CLOSED)","location_id":1}"
2026-09-28 09:20:39,+0300,3,T1,3,success,"{"total":3,"location_name":"T1 Shopping Mall","location_id":3}"
2026-09-28 09:20:39,+0300,9,Mustika,4,success,"{"total":4,"location_name":"Mustika","location_id":9}"
2026-09-28 09:20:39,+0300,10,Suur-Paala,0,success,"{"total":0,"location_name":"Suur-Paala","location_id":10}"
2026-09-28 09:20:39,+0300,1,Hipodroom,0,success,"{"total":0,"location_name":"Hipodroom (CLOSED)","location_id":1}"
2026-09-28 09:22:39,+0300,3,T1,3,success,"{"total":3,"location_name":"T1 Shopping Mall","location_id":3}"
2026-09-28 09:22:39,+0300,9,Mustika,4,success,"{"total":4,"location_name":"Mustika","location_id":9}"
2026-09-28 09:22:39,+0300,10,Suur-Paala,0,success,"{"total":0,"location_name":"Suur-Paala","location_id":10}"
2026-09-28 09:22:39,+0300,1,Hipodroom,0,success,"{"total":0,"location_name":"Hipodroom (CLOSED)","location_id":1}"
2026-09-28 09:24:40,+0300,3,T1,3,success,"{"total":3,"location_name":"T1 Shopping Mall","location_id":3}"
2026-09-28 09:24:40,+0300,9,Mustika,4,success,"{"total":4,"location_name":"Mustika","location_id":9}"
2026-09-28 09:24:40,+0300,10,Suur-Paala,0,success,"{"total":0,"location_name":"Suur-Paala","location_id":10}"
2026-09-28 09:24:40,+0300,1,Hipodroom,0,success,"{"total":0,"location_name":"Hipodroom (CLOSED)","location_id":1}"
2026-09-28 09:26:40,+0300,3,T1,3,success,"{"total":3,"location_name":"T1 Shopping Mall","location_id":3}"
2026-09-28 09:26:40,+0300,9,Mustika,4,success,"{"total":4,"location_name":"Mustika","location_id":9}"
2026-09-28 09:26:40,+0300,10,Suur-Paala,0,success,"{"total":0,"location_name":"Suur-Paala","location_id":10}"
2026-09-28 09:26:40,+0300,1,Hipodroom,0,success,"{"total":0,"location_name":"Hipodroom (CLOSED)","location_id":1}"
2026-09-28 09:28:41,+0300,3,T1,3,success,"{"total":3,"location_name":"T1 Shopping Mall","location_id":3}"
2026-09-28 09:28:41,+0300,9,Mustika,4,success,"{"total":4,"location_name":"Mustika","location_id":9}"
2026-09-28 09:28:41,+0300,10,Suur-Paala,0,success,"{"total":0,"location_name":"Suur-Paala","location_id":10}"
2026-09-28 09:28:41,+0300,1,Hipodroom,0,success,"{"total":0,"location_name":"Hipodroom (CLOSED)","location_id":1}"
2026-09-28 09:30:41,+0300,3,T1,5,success,"{"total":5,"location_name":"T1 Shopping Mall","location_id":3}"
2026-09-28 09:30:41,+0300,9,Mustika,4,success,"{"total":4,"location_name":"Mustika","location_id":9}"
2026-09-28 09:30:41,+0300,10,Suur-Paala,0,success,"{"total":0,"location_name":"Suur-Paala","location_id":10}"
2026-09-28 09:30:41,+0300,1,Hipodroom,0,success,"{"total":0,"location_name":"Hipodroom (CLOSED)","location_id":1}"
2026-09-28 09:32:42,+0300,3,T1,5,success,"{"total":5,"location_name":"T1 Shopping Mall","location_id":3}"
2026-09-28 09:32:42,+0300,9,Mustika,4,success,"{"total":4,"location_name":"Mustika","location_id":9}"
2026-09-28 09:32:42,+0300,10,Suur-Paala,0,success,"{"total":0,"location_name":"Suur-Paala","location_id":10}"
2026-09-28 09:32:42,+0300,1,Hipodroom,0,success,"{"total":0,"location_name":"Hipodroom (CLOSED)","location_id":1}"
2026-09-28 09:34:42,+0300,3,T1,5,success,"{"total":5,"location_name":"T1 Shopping Mall","location_id":3}"
2026-09-28 09:34:42,+0300,9,Mustika,4,success,"{"total":4,"location_name":"Mustika","location_id":9}"
2026-09-28 09:34:42,+0300,10,Suur-Paala,0,success,"{"total":0,"location_name":"Suur-Paala","location_id":10}"
2026-09-28 09:34:42,+0300,1,Hipodroom,0,success,"{"total":0,"location_name":"Hipodroom (CLOSED)","location_id":1}"
2026-09-28 09:36:43,+0300,3,T1,5,success,"{"total":5,"location_name":"T1 Shopping Mall","location_id":3}"
2026-09-28 09:36:43,+0300,9,Mustika,4,success,"{"total":4,"location_name":"Mustika","location_id":9}"
2026-09-28 09:36:43,+0300,10,Suur-Paala,0,success,"{"total":0,"location_name":"Suur-Paala","location_id":10}"
2026-09-28 09:36:43,+0300,1,Hipodroom,0,success,"{"total":0,"location_name":"Hipodroom (CLOSED)","location_id":1}"
2026-09-28 09:38:43,+0300,3,T1,5,success,"{"total":5,"location_name":"T1 Shopping Mall","location_id":3}"
2026-09-28 09:38:43,+0300,9,Mustika,4,success,"{"total":4,"location_name":"Mustika","location_id":9}"
2026-09-28 09:38:43,+0300,10,Suur-Paala,0,success,"{"total":0,"location_name":"Suur-Paala","location_id":10}"
2026-09-28 09:38:43,+0300,1,Hipodroom,0,success,"{"total":0,"location_name":"Hipodroom (CLOSED)","location_id":1}"
2026-09-28 09:40:43,+0300,3,T1,5,success,"{"total":5,"location_name":"T1 Shopping Mall","location_id":3}"
2026-09-28 09:40:43,+0300,9,Mustika,4,success,"{"total":4,"location_name":"Mustika","location_id":9}"
2026-09-28 09:40:43,+0300,10,Suur-Paala,0,success,"{"total":0,"location_name":"Suur-Paala","location_id":10}"
2026-09-28 09:40:43,+0300,1,Hipodroom,0,success,"{"total":0,"location_name":"Hipodroom (CLOSED)","location_id":1}"
2026-09-28 09:42:44,+0300,3,T1,5,success,"{"total":5,"location_name":"T1 Shopping Mall","location_id":3}"
2026-09-28 09:42:44,+0300,9,Mustika,4,success,"{"total":4,"location_name":"Mustika","location_id":9}"
2026-09-28 09:42:44,+0300,10,Suur-Paala,0,success,"{"total":0,"location_name":"Suur-Paala","location_id":10}"
2026-09-28 09:42:44,+0300,1,Hipodroom,0,success,"{"total":0,"location_name":"Hipodroom (CLOSED)","location_id":1}"
2026-09-28 09:44:44,+0300,3,T1,5,success,"{"total":5,"location_name":"T1 Shopping Mall","location_id":3}"
2026-09-28 09:44:44,+0300,9,Mustika,4,success,"{"total":4,"location_name":"Mustika","location_id":9}"
2026-09-28 09:44:44,+0300,10,Suur-Paala,0,success,"{"total":0,"location_name":"Suur-Paala","location_id":10}"
2026-09-28 09:44:44,+0300,1,Hipodroom,0,success,"{"total":0,"location_name":"Hipodroom (CLOSED)","location_id":1}"
2026-09-28 09:46:45,+0300,3,T1,5,success,"{"total":5,"location_name":"T1 Shopping Mall","location_id":3}"
2026-09-28 09:46:45,+0300,9,Mustika,4,success,"{"total":4,"location_name":"Mustika","location_id":9}"
2026-09-28 09:46:45,+0300,10,Suur-Paala,0,success,"{"total":0,"location_name":"Suur-Paala","location_id":10}"
2026-09-28 09:46:45,+0300,1,Hipodroom,0,success,"{"total":0,"location_name":"Hipodroom (CLOSED)","location_id":1}"
2026-09-28 09:48:46,+0300,3,T1,5,success,"{"total":5,"location_name":"T1 Shopping Mall","location_id":3}"
2026-09-28 09:48:46,+0300,9,Mustika,4,success,"{"total":4,"location_name":"Mustika","location_id":9}"
2026-09-28 09:48:46,+0300,10,Suur-Paala,0,success,"{"total":0,"location_name":"Suur-Paala","location_id":10}"
2026-09-28 09:48:46,+0300,1,Hipodroom,0,success,"{"total":0,"location_name":"Hipodroom (CLOSED)","location_id":1}"
2026-09-28 09:50:46,+0300,3,T1,5,success,"{"total":5,"location_name":"T1 Shopping Mall","location_id":3}"
2026-09-28 09:50:46,+0300,9,Mustika,4,success,"{"total":4,"location_name":"Mustika","location_id":9}"
2026-09-28 09:50:46,+0300,10,Suur-Paala,0,success,"{"total":0,"location_name":"Suur-Paala","location_id":10}"
2026-09-28 09:50:46,+0300,1,Hipodroom,0,success,"{"total":0,"location_name":"Hipodroom (CLOSED)","location_id":1}"
2026-09-28 09:52:47,+0300,3,T1,5,success,"{"total":5,"location_name":"T1 Shopping Mall","location_id":3}"
2026-09-28 09:52:47,+0300,9,Mustika,4,success,"{"total":4,"location_name":"Mustika","location_id":9}"
2026-09-28 09:52:47,+0300,10,Suur-Paala,0,success,"{"total":0,"location_name":"Suur-Paala","location_id":10}"
2026-09-28 09:52:47,+0300,1,Hipodroom,0,success,"{"total":0,"location_name":"Hipodroom (CLOSED)","location_id":1}"
2026-09-28 09:54:47,+0300,3,T1,5,success,"{"total":5,"location_name":"T1 Shopping Mall","location_id":3}"
2026-09-28 09:54:47,+0300,9,Mustika,5,success,"{"total":5,"location_name":"Mustika","location_id":9}"
2026-09-28 09:54:47,+0300,10,Suur-Paala,0,success,"{"total":0,"location_name":"Suur-Paala","location_id":10}"
2026-09-28 09:54:47,+0300,1,Hipodroom,0,success,"{"total":0,"location_name":"Hipodroom (CLOSED)","location_id":1}"
2026-09-28 09:56:48,+0300,3,T1,5,success,"{"total":5,"location_name":"T1 Shopping Mall","location_id":3}"
2026-09-28 09:56:48,+0300,9,Mustika,5,success,"{"total":5,"location_name":"Mustika","location_id":9}"
2026-09-28 09:56:48,+0300,10,Suur-Paala,0,success,"{"total":0,"location_name":"Suur-Paala","location_id":10}"
2026-09-28 09:56:48,+0300,1,Hipodroom,0,success,"{"total":0,"location_name":"Hipodroom (CLOSED)","location_id":1}"
2026-09-28 09:58:48,+0300,3,T1,5,success,"{"total":5,"location_name":"T1 Shopping Mall","location_id":3}"
2026-09-28 09:58:48,+0300,9,Mustika,5,success,"{"total":5,"location_name":"Mustika","location_id":9}"
2026-09-28 09:58:48,+0300,10,Suur-Paala,0,success,"{"total":0,"location_name":"Suur-Paala","location_id":10}"
2026-09-28 09:58:48,+0300,1,Hipodroom,0,success,"{"total":0,"location_name":"Hipodroom (CLOSED)","location_id":1}"
2026-09-28 10:00:48,+0300,3,T1,5,success,"{"total":5,"location_name":"T1 Shopping Mall","location_id":3}"
2026-09-28 10:00:48,+0300,9,Mustika,5,success,"{"total":5,"location_name":"Mustika","location_id":9}"
2026-09-28 10:00:48,+0300,10,Suur-Paala,0,success,"{"total":0,"location_name":"Suur-Paala","location_id":10}"
2026-09-28 10:00:48,+0300,1,Hipodroom,0,success,"{"total":0,"location_name":"Hipodroom (CLOSED)","location_id":1}"
2026-09-28 10:02:49,+0300,3,T1,5,success,"{"total":5,"location_name":"T1 Shopping Mall","location_id":3}"
2026-09-28 10:02:49,+0300,9,Mustika,5,success,"{"total":5,"location_name":"Mustika","location_id":9}"
2026-09-28 10:02:49,+0300,10,Suur-Paala,0,success,"{"total":0,"location_name":"Suur-Paala","location_id":10}"
2026-09-28 10:02:49,+0300,1,Hipodroom,0,success,"{"total":0,"location_name":"Hipodroom (CLOSED)","location_id":1}"
2026-09-28 10:04:50,+0300,3,T1,5,success,"{"total":5,"location_name":"T1 Shopping Mall","location_id":3}"
2026-09-28 10:04:50,+0300,9,Mustika,5,success,"{"total":5,"location_name":"Mustika","location_id":9}"
2026-09-28 10:04:50,+0300,10,Suur-Paala,0,success,"{"total":0,"location_name":"Suur-Paala","location_id":10}"
2026-09-28 10:04:50,+0300,1,Hipodroom,0,success,"{"total":0,"location_name":"Hipodroom (CLOSED)","location_id":1}"
2026-09-28 10:06:51,+0300,3,T1,5,success,"{"total":5,"location_name":"T1 Shopping Mall","location_id":3}"
2026-09-28 10:06:51,+0300,9,Mustika,5,success,"{"total":5,"location_name":"Mustika","location_id":9}"
2026-09-28 10:06:51,+0300,10,Suur-Paala,0,success,"{"total":0,"location_name":"Suur-Paala","location_id":10}"
2026-09-28 10:06:51,+0300,1,Hipodroom,1,success,"{"total":1,"location_name":"Hipodroom (CLOSED)","location_id":1}"
2026-09-28 10:08:51,+0300,3,T1,5,success,"{"total":5,"location_name":"T1 Shopping Mall","location_id":3}"
2026-09-28 10:08:51,+0300,9,Mustika,5,success,"{"total":5,"location_name":"Mustika","location_id":9}"
2026-09-28 10:08:51,+0300,10,Suur-Paala,0,success,"{"total":0,"location_name":"Suur-Paala","location_id":10}"
2026-09-28 10:08:51,+0300,1,Hipodroom,1,success,"{"total":1,"location_name":"Hipodroom (CLOSED)","location_id":1}"
2026-09-28 10:10:52,+0300,3,T1,5,success,"{"total":5,"location_name":"T1 Shopping Mall","location_id":3}"
2026-09-28 10:10:52,+0300,9,Mustika,5,success,"{"total":5,"location_name":"Mustika","location_id":9}"
2026-09-28 10:10:52,+0300,10,Suur-Paala,0,success,"{"total":0,"location_name":"Suur-Paala","location_id":10}"
2026-09-28 10:10:52,+0300,1,Hipodroom,1,success,"{"total":1,"location_name":"Hipodroom (CLOSED)","location_id":1}"
2026-09-28 10:12:52,+0300,3,T1,4,success,"{"total":4,"location_name":"T1 Shopping Mall","location_id":3}"
2026-09-28 10:12:52,+0300,9,Mustika,6,success,"{"total":6,"location_name":"Mustika","location_id":9}"
2026-09-28 10:12:52,+0300,10,Suur-Paala,0,success,"{"total":0,"location_name":"Suur-Paala","location_id":10}"
2026-09-28 10:12:52,+0300,1,Hipodroom,1,success,"{"total":1,"location_name":"Hipodroom (CLOSED)","location_id":1}"
2026-09-28 10:14:53,+0300,3,T1,4,success,"{"total":4,"location_name":"T1 Shopping Mall","location_id":3}"
2026-09-28 10:14:53,+0300,9,Mustika,6,success,"{"total":6,"location_name":"Mustika","location_id":9}"
2026-09-28 10:14:53,+0300,10,Suur-Paala,1,success,"{"total":1,"location_name":"Suur-Paala","location_id":10}"
2026-09-28 10:14:53,+0300,1,Hipodroom,1,success,"{"total":1,"location_name":"Hipodroom (CLOSED)","location_id":1}"
2026-09-28 10:16:53,+0300,3,T1,4,success,"{"total":4,"location_name":"T1 Shopping Mall","location_id":3}"
2026-09-28 10:16:53,+0300,9,Mustika,6,success,"{"total":6,"location_name":"Mustika","location_id":9}"
2026-09-28 10:16:53,+0300,10,Suur-Paala,1,success,"{"total":1,"location_name":"Suur-Paala","location_id":10}"
2026-09-28 10:16:53,+0300,1,Hipodroom,1,success,"{"total":1,"location_name":"Hipodroom (CLOSED)","location_id":1}"
2026-09-28 10:18:54,+0300,3,T1,4,success,"{"total":4,"location_name":"T1 Shopping Mall","location_id":3}"
2026-09-28 10:18:54,+0300,9,Mustika,6,success,"{"total":6,"location_name":"Mustika","location_id":9}"
2026-09-28 10:18:54,+0300,10,Suur-Paala,1,success,"{"total":1,"location_name":"Suur-Paala","location_id":10}"
2026-09-28 10:18:54,+0300,1,Hipodroom,1,success,"{"total":1,"location_name":"Hipodroom (CLOSED)","location_id":1}"
2026-09-28 10:20:54,+0300,3,T1,4,success,"{"total":4,"location_name":"T1 Shopping Mall","location_id":3}"
2026-09-28 10:20:54,+0300,9,Mustika,6,success,"{"total":6,"location_name":"Mustika","location_id":9}"
2026-09-28 10:20:54,+0300,10,Suur-Paala,1,success,"{"total":1,"location_name":"Suur-Paala","location_id":10}"
2026-09-28 10:20:54,+0300,1,Hipodroom,1,success,"{"total":1,"location_name":"Hipodroom (CLOSED)","location_id":1}"
2026-09-28 10:22:55,+0300,3,T1,4,success,"{"total":4,"location_name":"T1 Shopping Mall","location_id":3}"
2026-09-28 10:22:55,+0300,9,Mustika,6,success,"{"total":6,"location_name":"Mustika","location_id":9}"
2026-09-28 10:22:55,+0300,10,Suur-Paala,1,success,"{"total":1,"location_name":"Suur-Paala","location_id":10}"
2026-09-28 10:22:55,+0300,1,Hipodroom,1,success,"{"total":1,"location_name":"Hipodroom (CLOSED)","location_id":1}"
2026-09-28 10:24:55,+0300,3,T1,4,success,"{"total":4,"location_name":"T1 Shopping Mall","location_id":3}"
2026-09-28 10:24:55,+0300,9,Mustika,6,success,"{"total":6,"location_name":"Mustika","location_id":9}"
2026-09-28 10:24:55,+0300,10,Suur-Paala,1,success,"{"total":1,"location_name":"Suur-Paala","location_id":10}"
2026-09-28 10:24:55,+0300,1,Hipodroom,1,success,"{"total":1,"location_name":"Hipodroom (CLOSED)","location_id":1}"
2026-09-28 10:26:56,+0300,3,T1,4,success,"{"total":4,"location_name":"T1 Shopping Mall","location_id":3}"
2026-09-28 10:26:56,+0300,9,Mustika,6,success,"{"total":6,"location_name":"Mustika","location_id":9}"
2026-09-28 10:26:56,+0300,10,Suur-Paala,1,success,"{"total":1,"location_name":"Suur-Paala","location_id":10}"
2026-09-28 10:26:56,+0300,1,Hipodroom,1,success,"{"total":1,"location_name":"Hipodroom (CLOSED)","location_id":1}"
2026-09-28 10:28:56,+0300,3,T1,4,success,"{"total":4,"location_name":"T1 Shopping Mall","location_id":3}"
2026-09-28 10:28:56,+0300,9,Mustika,6,success,"{"total":6,"location_name":"Mustika","location_id":9}"
2026-09-28 10:28:56,+0300,10,Suur-Paala,1,success,"{"total":1,"location_name":"Suur-Paala","location_id":10}"
2026-09-28 10:28:56,+0300,1,Hipodroom,1,success,"{"total":1,"location_name":"Hipodroom (CLOSED)","location_id":1}"
2026-09-28 10:30:57,+0300,3,T1,4,success,"{"total":4,"location_name":"T1 Shopping Mall","location_id":3}"
2026-09-28 10:30:57,+0300,9,Mustika,6,success,"{"total":6,"location_name":"Mustika","location_id":9}"
2026-09-28 10:30:57,+0300,10,Suur-Paala,1,success,"{"total":1,"location_name":"Suur-Paala","location_id":10}"
2026-09-28 10:30:57,+0300,1,Hipodroom,1,success,"{"total":1,"location_name":"Hipodroom (CLOSED)","location_id":1}"
2026-09-28 10:32:58,+0300,3,T1,4,success,"{"total":4,"location_name":"T1 Shopping Mall","location_id":3}"
2026-09-28 10:32:58,+0300,9,Mustika,6,success,"{"total":6,"location_name":"Mustika","location_id":9}"
2026-09-28 10:32:58,+0300,10,Suur-Paala,1,success,"{"total":1,"location_name":"Suur-Paala","location_id":10}"
2026-09-28 10:32:58,+0300,1,Hipodroom,1,success,"{"total":1,"location_name":"Hipodroom (CLOSED)","location_id":1}"
2026-09-28 10:34:58,+0300,3,T1,4,success,"{"total":4,"location_name":"T1 Shopping Mall","location_id":3}"
2026-09-28 10:34:58,+0300,9,Mustika,6,success,"{"total":6,"location_name":"Mustika","location_id":9}"
2026-09-28 10:34:58,+0300,10,Suur-Paala,1,success,"{"total":1,"location_name":"Suur-Paala","location_id":10}"
2026-09-28 10:34:58,+0300,1,Hipodroom,1,success,"{"total":1,"location_name":"Hipodroom (CLOSED)","location_id":1}"
2026-09-28 10:36:59,+0300,3,T1,4,success,"{"total":4,"location_name":"T1 Shopping Mall","location_id":3}"
2026-09-28 10:36:59,+0300,9,Mustika,6,success,"{"total":6,"location_name":"Mustika","location_id":9}"
2026-09-28 10:36:59,+0300,10,Suur-Paala,1,success,"{"total":1,"location_name":"Suur-Paala","location_id":10}"
2026-09-28 10:36:59,+0300,1,Hipodroom,1,success,"{"total":1,"location_name":"Hipodroom (CLOSED)","location_id":1}"
2026-09-28 10:38:59,+0300,3,T1,4,success,"{"total":4,"location_name":"T1 Shopping Mall","location_id":3}"
2026-09-28 10:38:59,+0300,9,Mustika,6,success,"{"total":6,"location_name":"Mustika","location_id":9}"
2026-09-28 10:38:59,+0300,10,Suur-Paala,1,success,"{"total":1,"location_name":"Suur-Paala","location_id":10}"
2026-09-28 10:38:59,+0300,1,Hipodroom,1,success,"{"total":1,"location_name":"Hipodroom (CLOSED)","location_id":1}"
2026-09-28 10:41:00,+0300,3,T1,4,success,"{"total":4,"location_name":"T1 Shopping Mall","location_id":3}"
2026-09-28 10:41:00,+0300,9,Mustika,6,success,"{"total":6,"location_name":"Mustika","location_id":9}"
2026-09-28 10:41:00,+0300,10,Suur-Paala,1,success,"{"total":1,"location_name":"Suur-Paala","location_id":10}"
2026-09-28 10:41:00,+0300,1,Hipodroom,1,success,"{"total":1,"location_name":"Hipodroom (CLOSED)","location_id":1}"
2026-09-28 10:43:00,+0300,3,T1,4,success,"{"total":4,"location_name":"T1 Shopping Mall","location_id":3}"
2026-09-28 10:43:00,+0300,9,Mustika,6,success,"{"total":6,"location_name":"Mustika","location_id":9}"
2026-09-28 10:43:00,+0300,10,Suur-Paala,1,success,"{"total":1,"location_name":"Suur-Paala","location_id":10}"
2026-09-28 10:43:00,+0300,1,Hipodroom,1,success,"{"total":1,"location_name":"Hipodroom (CLOSED)","location_id":1}"
2026-09-28 10:45:01,+0300,3,T1,4,success,"{"total":4,"location_name":"T1 Shopping Mall","location_id":3}"
2026-09-28 10:45:01,+0300,9,Mustika,6,success,"{"total":6,"location_name":"Mustika","location_id":9}"
2026-09-28 10:45:01,+0300,10,Suur-Paala,1,success,"{"total":1,"location_name":"Suur-Paala","location_id":10}"
2026-09-28 10:45:01,+0300,1,Hipodroom,1,success,"{"total":1,"location_name":"Hipodroom (CLOSED)","location_id":1}"
2026-09-28 10:47:01,+0300,3,T1,4,success,"{"total":4,"location_name":"T1 Shopping Mall","location_id":3}"
2026-09-28 10:47:01,+0300,9,Mustika,6,success,"{"total":6,"location_name":"Mustika","location_id":9}"
2026-09-28 10:47:01,+0300,10,Suur-Paala,1,success,"{"total":1,"location_name":"Suur-Paala","location_id":10}"
2026-09-28 10:47:01,+0300,1,Hipodroom,1,success,"{"total":1,"location_name":"Hipodroom (CLOSED)","location_id":1}"
2026-09-28 10:49:02,+0300,3,T1,4,success,"{"total":4,"location_name":"T1 Shopping Mall","location_id":3}"
2026-09-28 10:49:02,+0300,9,Mustika,6,success,"{"total":6,"location_name":"Mustika","location_id":9}"
2026-09-28 10:49:02,+0300,10,Suur-Paala,1,success,"{"total":1,"location_name":"Suur-Paala","location_id":10}"
2026-09-28 10:49:02,+0300,1,Hipodroom,1,success,"{"total":1,"location_name":"Hipodroom (CLOSED)","location_id":1}"
2026-09-28 10:51:03,+0300,3,T1,4,success,"{"total":4,"location_name":"T1 Shopping Mall","location_id":3}"
2026-09-28 10:51:03,+0300,9,Mustika,6,success,"{"total":6,"location_name":"Mustika","location_id":9}"
2026-09-28 10:51:03,+0300,10,Suur-Paala,1,success,"{"total":1,"location_name":"Suur-Paala","location_id":10}"
2026-09-28 10:51:03,+0300,1,Hipodroom,1,success,"{"total":1,"location_name":"Hipodroom (CLOSED)","location_id":1}"
2026-09-28 10:53:03,+0300,3,T1,4,success,"{"total":4,"location_name":"T1 Shopping Mall","location_id":3}"
2026-09-28 10:53:03,+0300,9,Mustika,6,success,"{"total":6,"location_name":"Mustika","location_id":9}"
2026-09-28 10:53:03,+0300,10,Suur-Paala,1,success,"{"total":1,"location_name":"Suur-Paala","location_id":10}"
2026-09-28 10:53:03,+0300,1,Hipodroom,1,success,"{"total":1,"location_name":"Hipodroom (CLOSED)","location_id":1}"
2026-09-28 10:55:04,+0300,3,T1,4,success,"{"total":4,"location_name":"T1 Shopping Mall","location_id":3}"
2026-09-28 10:55:04,+0300,9,Mustika,4,success,"{"total":4,"location_name":"Mustika","location_id":9}"
2026-09-28 10:55:04,+0300,10,Suur-Paala,1,success,"{"total":1,"location_name":"Suur-Paala","location_id":10}"
2026-09-28 10:55:04,+0300,1,Hipodroom,1,success,"{"total":1,"location_name":"Hipodroom (CLOSED)","location_id":1}"
2026-09-28 10:57:04,+0300,3,T1,4,success,"{"total":4,"location_name":"T1 Shopping Mall","location_id":3}"
2026-09-28 10:57:04,+0300,9,Mustika,4,success,"{"total":4,"location_name":"Mustika","location_id":9}"
2026-09-28 10:57:04,+0300,10,Suur-Paala,1,success,"{"total":1,"location_name":"Suur-Paala","location_id":10}"
2026-09-28 10:57:04,+0300,1,Hipodroom,1,success,"{"total":1,"location_name":"Hipodroom (CLOSED)","location_id":1}"
2026-09-28 10:59:05,+0300,3,T1,4,success,"{"total":4,"location_name":"T1 Shopping Mall","location_id":3}"
2026-09-28 10:59:05,+0300,9,Mustika,4,success,"{"total":4,"location_name":"Mustika","location_id":9}"
2026-09-28 10:59:05,+0300,10,Suur-Paala,1,success,"{"total":1,"location_name":"Suur-Paala","location_id":10}"
2026-09-28 10:59:05,+0300,1,Hipodroom,1,success,"{"total":1,"location_name":"Hipodroom (CLOSED)","location_id":1}"
2026-09-28 11:01:06,+0300,3,T1,4,success,"{"total":4,"location_name":"T1 Shopping Mall","location_id":3}"
2026-09-28 11:01:06,+0300,9,Mustika,3,success,"{"total":3,"location_name":"Mustika","location_id":9}"
2026-09-28 11:01:06,+0300,10,Suur-Paala,1,success,"{"total":1,"location_name":"Suur-Paala","location_id":10}"
2026-09-28 11:01:06,+0300,1,Hipodroom,1,success,"{"total":1,"location_name":"Hipodroom (CLOSED)","location_id":1}"
2026-09-28 11:03:06,+0300,3,T1,4,success,"{"total":4,"location_name":"T1 Shopping Mall","location_id":3}"
2026-09-28 11:03:06,+0300,9,Mustika,3,success,"{"total":3,"location_name":"Mustika","location_id":9}"
2026-09-28 11:03:06,+0300,10,Suur-Paala,1,success,"{"total":1,"location_name":"Suur-Paala","location_id":10}"
2026-09-28 11:03:06,+0300,1,Hipodroom,1,success,"{"total":1,"location_name":"Hipodroom (CLOSED)","location_id":1}"
2026-09-28 11:05:06,+0300,3,T1,4,success,"{"total":4,"location_name":"T1 Shopping Mall","location_id":3}"
2026-09-28 11:05:06,+0300,9,Mustika,3,success,"{"total":3,"location_name":"Mustika","location_id":9}"
2026-09-28 11:05:06,+0300,10,Suur-Paala,1,success,"{"total":1,"location_name":"Suur-Paala","location_id":10}"
2026-09-28 11:05:06,+0300,1,Hipodroom,1,success,"{"total":1,"location_name":"Hipodroom (CLOSED)","location_id":1}"
2026-09-28 11:07:07,+0300,3,T1,3,success,"{"total":3,"location_name":"T1 Shopping Mall","location_id":3}"
2026-09-28 11:07:07,+0300,9,Mustika,3,success,"{"total":3,"location_name":"Mustika","location_id":9}"
2026-09-28 11:07:07,+0300,10,Suur-Paala,1,success,"{"total":1,"location_name":"Suur-Paala","location_id":10}"
2026-09-28 11:07:07,+0300,1,Hipodroom,1,success,"{"total":1,"location_name":"Hipodroom (CLOSED)","location_id":1}"
2026-09-28 11:09:08,+0300,3,T1,3,success,"{"total":3,"location_name":"T1 Shopping Mall","location_id":3}"
2026-09-28 11:09:08,+0300,9,Mustika,3,success,"{"total":3,"location_name":"Mustika","location_id":9}"
2026-09-28 11:09:08,+0300,10,Suur-Paala,1,success,"{"total":1,"location_name":"Suur-Paala","location_id":10}"
2026-09-28 11:09:08,+0300,1,Hipodroom,1,success,"{"total":1,"location_name":"Hipodroom (CLOSED)","location_id":1}"
2026-09-28 11:11:08,+0300,3,T1,3,success,"{"total":3,"location_name":"T1 Shopping Mall","location_id":3}"
2026-09-28 11:11:08,+0300,9,Mustika,3,success,"{"total":3,"location_name":"Mustika","location_id":9}"
2026-09-28 11:11:08,+0300,10,Suur-Paala,1,success,"{"total":1,"location_name":"Suur-Paala","location_id":10}"
2026-09-28 11:11:08,+0300,1,Hipodroom,1,success,"{"total":1,"location_name":"Hipodroom (CLOSED)","location_id":1}"
2026-09-28 11:13:09,+0300,3,T1,3,success,"{"total":3,"location_name":"T1 Shopping Mall","location_id":3}"
2026-09-28 11:13:09,+0300,9,Mustika,3,success,"{"total":3,"location_name":"Mustika","location_id":9}"
2026-09-28 11:13:09,+0300,10,Suur-Paala,1,success,"{"total":1,"location_name":"Suur-Paala","location_id":10}"
2026-09-28 11:13:09,+0300,1,Hipodroom,1,success,"{"total":1,"location_name":"Hipodroom (CLOSED)","location_id":1}"
2026-09-28 11:15:09,+0300,3,T1,3,success,"{"total":3,"location_name":"T1 Shopping Mall","location_id":3}"
2026-09-28 11:15:09,+0300,9,Mustika,3,success,"{"total":3,"location_name":"Mustika","location_id":9}"
2026-09-28 11:15:09,+0300,10,Suur-Paala,1,success,"{"total":1,"location_name":"Suur-Paala","location_id":10}"
2026-09-28 11:15:09,+0300,1,Hipodroom,1,success,"{"total":1,"location_name":"Hipodroom (CLOSED)","location_id":1}"
2026-09-28 11:17:10,+0300,3,T1,3,success,"{"total":3,"location_name":"T1 Shopping Mall","location_id":3}"
2026-09-28 11:17:10,+0300,9,Mustika,3,success,"{"total":3,"location_name":"Mustika","location_id":9}"
2026-09-28 11:17:10,+0300,10,Suur-Paala,1,success,"{"total":1,"location_name":"Suur-Paala","location_id":10}"
2026-09-28 11:17:10,+0300,1,Hipodroom,1,success,"{"total":1,"location_name":"Hipodroom (CLOSED)","location_id":1}"
2026-09-28 11:19:10,+0300,3,T1,6,success,"{"total":6,"location_name":"T1 Shopping Mall","location_id":3}"
2026-09-28 11:19:10,+0300,9,Mustika,3,success,"{"total":3,"location_name":"Mustika","location_id":9}"
2026-09-28 11:19:10,+0300,10,Suur-Paala,1,success,"{"total":1,"location_name":"Suur-Paala","location_id":10}"
2026-09-28 11:19:10,+0300,1,Hipodroom,1,success,"{"total":1,"location_name":"Hipodroom (CLOSED)","location_id":1}"
2026-09-28 11:21:11,+0300,3,T1,6,success,"{"total":6,"location_name":"T1 Shopping Mall","location_id":3}"
2026-09-28 11:21:11,+0300,9,Mustika,3,success,"{"total":3,"location_name":"Mustika","location_id":9}"
2026-09-28 11:21:11,+0300,10,Suur-Paala,1,success,"{"total":1,"location_name":"Suur-Paala","location_id":10}"
2026-09-28 11:21:11,+0300,1,Hipodroom,1,success,"{"total":1,"location_name":"Hipodroom (CLOSED)","location_id":1}"
2026-09-28 11:23:11,+0300,3,T1,6,success,"{"total":6,"location_name":"T1 Shopping Mall","location_id":3}"
2026-09-28 11:23:11,+0300,9,Mustika,3,success,"{"total":3,"location_name":"Mustika","location_id":9}"
2026-09-28 11:23:11,+0300,10,Suur-Paala,1,success,"{"total":1,"location_name":"Suur-Paala","location_id":10}"
2026-09-28 11:23:11,+0300,1,Hipodroom,1,success,"{"total":1,"location_name":"Hipodroom (CLOSED)","location_id":1}"
2026-09-28 11:25:12,+0300,3,T1,6,success,"{"total":6,"location_name":"T1 Shopping Mall","location_id":3}"
2026-09-28 11:25:12,+0300,9,Mustika,3,success,"{"total":3,"location_name":"Mustika","location_id":9}"
2026-09-28 11:25:12,+0300,10,Suur-Paala,1,success,"{"total":1,"location_name":"Suur-Paala","location_id":10}"
2026-09-28 11:25:12,+0300,1,Hipodroom,1,success,"{"total":1,"location_name":"Hipodroom (CLOSED)","location_id":1}"
2026-09-28 11:27:12,+0300,3,T1,6,success,"{"total":6,"location_name":"T1 Shopping Mall","location_id":3}"
2026-09-28 11:27:12,+0300,9,Mustika,3,success,"{"total":3,"location_name":"Mustika","location_id":9}"
2026-09-28 11:27:12,+0300,10,Suur-Paala,1,success,"{"total":1,"location_name":"Suur-Paala","location_id":10}"
2026-09-28 11:27:12,+0300,1,Hipodroom,1,success,"{"total":1,"location_name":"Hipodroom (CLOSED)","location_id":1}"
2026-09-28 11:29:13,+0300,3,T1,6,success,"{"total":6,"location_name":"T1 Shopping Mall","location_id":3}"
2026-09-28 11:29:13,+0300,9,Mustika,3,success,"{"total":3,"location_name":"Mustika","location_id":9}"
2026-09-28 11:29:13,+0300,10,Suur-Paala,1,success,"{"total":1,"location_name":"Suur-Paala","location_id":10}"
2026-09-28 11:29:13,+0300,1,Hipodroom,1,success,"{"total":1,"location_name":"Hipodroom (CLOSED)","location_id":1}"
2026-09-28 11:31:13,+0300,3,T1,6,success,"{"total":6,"location_name":"T1 Shopping Mall","location_id":3}"
2026-09-28 11:31:13,+0300,9,Mustika,3,success,"{"total":3,"location_name":"Mustika","location_id":9}"
2026-09-28 11:31:13,+0300,10,Suur-Paala,1,success,"{"total":1,"location_name":"Suur-Paala","location_id":10}"
2026-09-28 11:31:13,+0300,1,Hipodroom,1,success,"{"total":1,"location_name":"Hipodroom (CLOSED)","location_id":1}"
2026-09-28 11:33:14,+0300,3,T1,6,success,"{"total":6,"location_name":"T1 Shopping Mall","location_id":3}"
2026-09-28 11:33:14,+0300,9,Mustika,3,success,"{"total":3,"location_name":"Mustika","location_id":9}"
2026-09-28 11:33:14,+0300,10,Suur-Paala,1,success,"{"total":1,"location_name":"Suur-Paala","location_id":10}"
2026-09-28 11:33:14,+0300,1,Hipodroom,1,success,"{"total":1,"location_name":"Hipodroom (CLOSED)","location_id":1}"
2026-09-28 11:35:15,+0300,3,T1,6,success,"{"total":6,"location_name":"T1 Shopping Mall","location_id":3}"
2026-09-28 11:35:15,+0300,9,Mustika,3,success,"{"total":3,"location_name":"Mustika","location_id":9}"
2026-09-28 11:35:15,+0300,10,Suur-Paala,1,success,"{"total":1,"location_name":"Suur-Paala","location_id":10}"
2026-09-28 11:35:15,+0300,1,Hipodroom,1,success,"{"total":1,"location_name":"Hipodroom (CLOSED)","location_id":1}"
2026-09-28 11:37:15,+0300,3,T1,6,success,"{"total":6,"location_name":"T1 Shopping Mall","location_id":3}"
2026-09-28 11:37:15,+0300,9,Mustika,3,success,"{"total":3,"location_name":"Mustika","location_id":9}"
2026-09-28 11:37:15,+0300,10,Suur-Paala,1,success,"{"total":1,"location_name":"Suur-Paala","location_id":10}"
2026-09-28 11:37:15,+0300,1,Hipodroom,1,success,"{"total":1,"location_name":"Hipodroom (CLOSED)","location_id":1}"
2026-09-28 11:39:16,+0300,3,T1,6,success,"{"total":6,"location_name":"T1 Shopping Mall","location_id":3}"
2026-09-28 11:39:16,+0300,9,Mustika,3,success,"{"total":3,"location_name":"Mustika","location_id":9}"
2026-09-28 11:39:16,+0300,10,Suur-Paala,1,success,"{"total":1,"location_name":"Suur-Paala","location_id":10}"
2026-09-28 11:39:16,+0300,1,Hipodroom,1,success,"{"total":1,"location_name":"Hipodroom (CLOSED)","location_id":1}"
2026-09-28 11:41:16,+0300,3,T1,6,success,"{"total":6,"location_name":"T1 Shopping Mall","location_id":3}"
2026-09-28 11:41:16,+0300,9,Mustika,3,success,"{"total":3,"location_name":"Mustika","location_id":9}"
2026-09-28 11:41:16,+0300,10,Suur-Paala,1,success,"{"total":1,"location_name":"Suur-Paala","location_id":10}"
2026-09-28 11:41:16,+0300,1,Hipodroom,1,success,"{"total":1,"location_name":"Hipodroom (CLOSED)","location_id":1}"
2026-09-28 11:43:17,+0300,3,T1,6,success,"{"total":6,"location_name":"T1 Shopping Mall","location_id":3}"
2026-09-28 11:43:17,+0300,9,Mustika,3,success,"{"total":3,"location_name":"Mustika","location_id":9}"
2026-09-28 11:43:17,+0300,10,Suur-Paala,1,success,"{"total":1,"location_name":"Suur-Paala","location_id":10}"
2026-09-28 11:43:17,+0300,1,Hipodroom,1,success,"{"total":1,"location_name":"Hipodroom (CLOSED)","location_id":1}"
2026-09-28 11:45:17,+0300,3,T1,6,success,"{"total":6,"location_name":"T1 Shopping Mall","location_id":3}"
2026-09-28 11:45:17,+0300,9,Mustika,3,success,"{"total":3,"location_name":"Mustika","location_id":9}"
2026-09-28 11:45:17,+0300,10,Suur-Paala,1,success,"{"total":1,"location_name":"Suur-Paala","location_id":10}"
2026-09-28 11:45:17,+0300,1,Hipodroom,1,success,"{"total":1,"location_name":"Hipodroom (CLOSED)","location_id":1}"
2026-09-28 11:47:18,+0300,3,T1,6,success,"{"total":6,"location_name":"T1 Shopping Mall","location_id":3}"
2026-09-28 11:47:18,+0300,9,Mustika,3,success,"{"total":3,"location_name":"Mustika","location_id":9}"
2026-09-28 11:47:18,+0300,10,Suur-Paala,1,success,"{"total":1,"location_name":"Suur-Paala","location_id":10}"
2026-09-28 11:47:18,+0300,1,Hipodroom,1,success,"{"total":1,"location_name":"Hipodroom (CLOSED)","location_id":1}"
2026-09-28 11:49:18,+0300,3,T1,6,success,"{"total":6,"location_name":"T1 Shopping Mall","location_id":3}"
2026-09-28 11:49:18,+0300,9,Mustika,3,success,"{"total":3,"location_name":"Mustika","location_id":9}"
2026-09-28 11:49:18,+0300,10,Suur-Paala,1,success,"{"total":1,"location_name":"Suur-Paala","location_id":10}"
2026-09-28 11:49:18,+0300,1,Hipodroom,1,success,"{"total":1,"location_name":"Hipodroom (CLOSED)","location_id":1}"
2026-09-28 11:51:19,+0300,3,T1,6,success,"{"total":6,"location_name":"T1 Shopping Mall","location_id":3}"
2026-09-28 11:51:19,+0300,9,Mustika,3,success,"{"total":3,"location_name":"Mustika","location_id":9}"
2026-09-28 11:51:19,+0300,10,Suur-Paala,1,success,"{"total":1,"location_name":"Suur-Paala","location_id":10}"
2026-09-28 11:51:19,+0300,1,Hipodroom,1,success,"{"total":1,"location_name":"Hipodroom (CLOSED)","location_id":1}"
2026-09-28 11:53:19,+0300,3,T1,6,success,"{"total":6,"location_name":"T1 Shopping Mall","location_id":3}"
2026-09-28 11:53:19,+0300,9,Mustika,3,success,"{"total":3,"location_name":"Mustika","location_id":9}"
2026-09-28 11:53:19,+0300,10,Suur-Paala,1,success,"{"total":1,"location_name":"Suur-Paala","location_id":10}"
2026-09-28 11:53:19,+0300,1,Hipodroom,1,success,"{"total":1,"location_name":"Hipodroom (CLOSED)","location_id":1}"
2026-09-28 11:55:20,+0300,3,T1,6,success,"{"total":6,"location_name":"T1 Shopping Mall","location_id":3}"
2026-09-28 11:55:20,+0300,9,Mustika,3,success,"{"total":3,"location_name":"Mustika","location_id":9}"
2026-09-28 11:55:20,+0300,10,Suur-Paala,1,success,"{"total":1,"location_name":"Suur-Paala","location_id":10}"
2026-09-28 11:55:20,+0300,1,Hipodroom,1,success,"{"total":1,"location_name":"Hipodroom (CLOSED)","location_id":1}"
2026-09-28 11:57:20,+0300,3,T1,6,success,"{"total":6,"location_name":"T1 Shopping Mall","location_id":3}"
2026-09-28 11:57:20,+0300,9,Mustika,3,success,"{"total":3,"location_name":"Mustika","location_id":9}"
2026-09-28 11:57:20,+0300,10,Suur-Paala,1,success,"{"total":1,"location_name":"Suur-Paala","location_id":10}"
2026-09-28 11:57:20,+0300,1,Hipodroom,1,success,"{"total":1,"location_name":"Hipodroom (CLOSED)","location_id":1}"
2026-09-28 11:59:21,+0300,3,T1,6,success,"{"total":6,"location_name":"T1 Shopping Mall","location_id":3}"
2026-09-28 11:59:21,+0300,9,Mustika,3,success,"{"total":3,"location_name":"Mustika","location_id":9}"
2026-09-28 11:59:21,+0300,10,Suur-Paala,1,success,"{"total":1,"location_name":"Suur-Paala","location_id":10}"
2026-09-28 11:59:21,+0300,1,Hipodroom,1,success,"{"total":1,"location_name":"Hipodroom (CLOSED)","location_id":1}"
2026-09-28 12:01:21,+0300,3,T1,5,success,"{"total":5,"location_name":"T1 Shopping Mall","location_id":3}"
2026-09-28 12:01:21,+0300,9,Mustika,2,success,"{"total":2,"location_name":"Mustika","location_id":9}"
2026-09-28 12:01:21,+0300,10,Suur-Paala,1,success,"{"total":1,"location_name":"Suur-Paala","location_id":10}"
2026-09-28 12:01:21,+0300,1,Hipodroom,1,success,"{"total":1,"location_name":"Hipodroom (CLOSED)","location_id":1}"
2026-09-28 12:03:22,+0300,3,T1,5,success,"{"total":5,"location_name":"T1 Shopping Mall","location_id":3}"
2026-09-28 12:03:22,+0300,9,Mustika,2,success,"{"total":2,"location_name":"Mustika","location_id":9}"
2026-09-28 12:03:22,+0300,10,Suur-Paala,1,success,"{"total":1,"location_name":"Suur-Paala","location_id":10}"
2026-09-28 12:03:22,+0300,1,Hipodroom,1,success,"{"total":1,"location_name":"Hipodroom (CLOSED)","location_id":1}"
2026-09-28 12:05:22,+0300,3,T1,5,success,"{"total":5,"location_name":"T1 Shopping Mall","location_id":3}"
2026-09-28 12:05:22,+0300,9,Mustika,2,success,"{"total":2,"location_name":"Mustika","location_id":9}"
2026-09-28 12:05:22,+0300,10,Suur-Paala,1,success,"{"total":1,"location_name":"Suur-Paala","location_id":10}"
2026-09-28 12:05:22,+0300,1,Hipodroom,1,success,"{"total":1,"location_name":"Hipodroom (CLOSED)","location_id":1}"
2026-09-28 12:07:23,+0300,3,T1,5,success,"{"total":5,"location_name":"T1 Shopping Mall","location_id":3}"
2026-09-28 12:07:23,+0300,9,Mustika,2,success,"{"total":2,"location_name":"Mustika","location_id":9}"
2026-09-28 12:07:23,+0300,10,Suur-Paala,1,success,"{"total":1,"location_name":"Suur-Paala","location_id":10}"
2026-09-28 12:07:23,+0300,1,Hipodroom,1,success,"{"total":1,"location_name":"Hipodroom (CLOSED)","location_id":1}"
2026-09-28 12:09:23,+0300,3,T1,5,success,"{"total":5,"location_name":"T1 Shopping Mall","location_id":3}"
2026-09-28 12:09:23,+0300,9,Mustika,2,success,"{"total":2,"location_name":"Mustika","location_id":9}"
2026-09-28 12:09:23,+0300,10,Suur-Paala,1,success,"{"total":1,"location_name":"Suur-Paala","location_id":10}"
2026-09-28 12:09:23,+0300,1,Hipodroom,1,success,"{"total":1,"location_name":"Hipodroom (CLOSED)","location_id":1}"
2026-09-28 12:11:24,+0300,3,T1,5,success,"{"total":5,"location_name":"T1 Shopping Mall","location_id":3}"
2026-09-28 12:11:24,+0300,9,Mustika,2,success,"{"total":2,"location_name":"Mustika","location_id":9}"
2026-09-28 12:11:24,+0300,10,Suur-Paala,1,success,"{"total":1,"location_name":"Suur-Paala","location_id":10}"
2026-09-28 12:11:24,+0300,1,Hipodroom,1,success,"{"total":1,"location_name":"Hipodroom (CLOSED)","location_id":1}"
2026-09-28 12:13:25,+0300,3,T1,5,success,"{"total":5,"location_name":"T1 Shopping Mall","location_id":3}"
2026-09-28 12:13:25,+0300,9,Mustika,2,success,"{"total":2,"location_name":"Mustika","location_id":9}"
2026-09-28 12:13:25,+0300,10,Suur-Paala,1,success,"{"total":1,"location_name":"Suur-Paala","location_id":10}"
2026-09-28 12:13:25,+0300,1,Hipodroom,1,success,"{"total":1,"location_name":"Hipodroom (CLOSED)","location_id":1}"
2026-09-28 12:15:25,+0300,3,T1,5,success,"{"total":5,"location_name":"T1 Shopping Mall","location_id":3}"
2026-09-28 12:15:25,+0300,9,Mustika,2,success,"{"total":2,"location_name":"Mustika","location_id":9}"
2026-09-28 12:15:25,+0300,10,Suur-Paala,1,success,"{"total":1,"location_name":"Suur-Paala","location_id":10}"
2026-09-28 12:15:25,+0300,1,Hipodroom,1,success,"{"total":1,"location_name":"Hipodroom (CLOSED)","location_id":1}"
2026-09-28 12:17:26,+0300,3,T1,5,success,"{"total":5,"location_name":"T1 Shopping Mall","location_id":3}"
2026-09-28 12:17:26,+0300,9,Mustika,2,success,"{"total":2,"location_name":"Mustika","location_id":9}"
2026-09-28 12:17:26,+0300,10,Suur-Paala,1,success,"{"total":1,"location_name":"Suur-Paala","location_id":10}"
2026-09-28 12:17:26,+0300,1,Hipodroom,1,success,"{"total":1,"location_name":"Hipodroom (CLOSED)","location_id":1}"
2026-09-28 12:19:26,+0300,3,T1,5,success,"{"total":5,"location_name":"T1 Shopping Mall","location_id":3}"
2026-09-28 12:19:26,+0300,9,Mustika,2,success,"{"total":2,"location_name":"Mustika","location_id":9}"
2026-09-28 12:19:26,+0300,10,Suur-Paala,1,success,"{"total":1,"location_name":"Suur-Paala","location_id":10}"
2026-09-28 12:19:26,+0300,1,Hipodroom,1,success,"{"total":1,"location_name":"Hipodroom (CLOSED)","location_id":1}"
2026-09-28 12:21:26,+0300,3,T1,5,success,"{"total":5,"location_name":"T1 Shopping Mall","location_id":3}"
2026-09-28 12:21:26,+0300,9,Mustika,2,success,"{"total":2,"location_name":"Mustika","location_id":9}"
2026-09-28 12:21:26,+0300,10,Suur-Paala,1,success,"{"total":1,"location_name":"Suur-Paala","location_id":10}"
2026-09-28 12:21:26,+0300,1,Hipodroom,1,success,"{"total":1,"location_name":"Hipodroom (CLOSED)","location_id":1}"
2026-09-28 12:23:27,+0300,3,T1,5,success,"{"total":5,"location_name":"T1 Shopping Mall","location_id":3}"
2026-09-28 12:23:27,+0300,9,Mustika,2,success,"{"total":2,"location_name":"Mustika","location_id":9}"
2026-09-28 12:23:27,+0300,10,Suur-Paala,1,success,"{"total":1,"location_name":"Suur-Paala","location_id":10}"
2026-09-28 12:23:27,+0300,1,Hipodroom,1,success,"{"total":1,"location_name":"Hipodroom (CLOSED)","location_id":1}"
2026-09-28 12:25:27,+0300,3,T1,5,success,"{"total":5,"location_name":"T1 Shopping Mall","location_id":3}"
2026-09-28 12:25:27,+0300,9,Mustika,2,success,"{"total":2,"location_name":"Mustika","location_id":9}"
2026-09-28 12:25:27,+0300,10,Suur-Paala,1,success,"{"total":1,"location_name":"Suur-Paala","location_id":10}"
2026-09-28 12:25:27,+0300,1,Hipodroom,1,success,"{"total":1,"location_name":"Hipodroom (CLOSED)","location_id":1}"
2026-09-28 12:27:28,+0300,3,T1,5,success,"{"total":5,"location_name":"T1 Shopping Mall","location_id":3}"
2026-09-28 12:27:28,+0300,9,Mustika,2,success,"{"total":2,"location_name":"Mustika","location_id":9}"
2026-09-28 12:27:28,+0300,10,Suur-Paala,1,success,"{"total":1,"location_name":"Suur-Paala","location_id":10}"
2026-09-28 12:27:28,+0300,1,Hipodroom,1,success,"{"total":1,"location_name":"Hipodroom (CLOSED)","location_id":1}"
2026-09-28 12:29:28,+0300,3,T1,5,success,"{"total":5,"location_name":"T1 Shopping Mall","location_id":3}"
2026-09-28 12:29:28,+0300,9,Mustika,2,success,"{"total":2,"location_name":"Mustika","location_id":9}"
2026-09-28 12:29:28,+0300,10,Suur-Paala,1,success,"{"total":1,"location_name":"Suur-Paala","location_id":10}"
2026-09-28 12:29:28,+0300,1,Hipodroom,1,success,"{"total":1,"location_name":"Hipodroom (CLOSED)","location_id":1}"
2026-09-28 12:31:29,+0300,3,T1,4,success,"{"total":4,"location_name":"T1 Shopping Mall","location_id":3}"
2026-09-28 12:31:29,+0300,9,Mustika,2,success,"{"total":2,"location_name":"Mustika","location_id":9}"
2026-09-28 12:31:29,+0300,10,Suur-Paala,1,success,"{"total":1,"location_name":"Suur-Paala","location_id":10}"
2026-09-28 12:31:29,+0300,1,Hipodroom,1,success,"{"total":1,"location_name":"Hipodroom (CLOSED)","location_id":1}"
2026-09-28 12:33:29,+0300,3,T1,4,success,"{"total":4,"location_name":"T1 Shopping Mall","location_id":3}"
2026-09-28 12:33:29,+0300,9,Mustika,2,success,"{"total":2,"location_name":"Mustika","location_id":9}"
2026-09-28 12:33:29,+0300,10,Suur-Paala,1,success,"{"total":1,"location_name":"Suur-Paala","location_id":10}"
2026-09-28 12:33:29,+0300,1,Hipodroom,1,success,"{"total":1,"location_name":"Hipodroom (CLOSED)","location_id":1}"
2026-09-28 12:35:30,+0300,3,T1,4,success,"{"total":4,"location_name":"T1 Shopping Mall","location_id":3}"
2026-09-28 12:35:30,+0300,9,Mustika,2,success,"{"total":2,"location_name":"Mustika","location_id":9}"
2026-09-28 12:35:30,+0300,10,Suur-Paala,1,success,"{"total":1,"location_name":"Suur-Paala","location_id":10}"
2026-09-28 12:35:30,+0300,1,Hipodroom,1,success,"{"total":1,"location_name":"Hipodroom (CLOSED)","location_id":1}"
2026-09-28 12:37:30,+0300,3,T1,4,success,"{"total":4,"location_name":"T1 Shopping Mall","location_id":3}"
2026-09-28 12:37:30,+0300,9,Mustika,3,success,"{"total":3,"location_name":"Mustika","location_id":9}"
2026-09-28 12:37:30,+0300,10,Suur-Paala,1,success,"{"total":1,"location_name":"Suur-Paala","location_id":10}"
2026-09-28 12:37:30,+0300,1,Hipodroom,1,success,"{"total":1,"location_name":"Hipodroom (CLOSED)","location_id":1}"
2026-09-28 12:39:31,+0300,3,T1,4,success,"{"total":4,"location_name":"T1 Shopping Mall","location_id":3}"
2026-09-28 12:39:31,+0300,9,Mustika,3,success,"{"total":3,"location_name":"Mustika","location_id":9}"
2026-09-28 12:39:31,+0300,10,Suur-Paala,1,success,"{"total":1,"location_name":"Suur-Paala","location_id":10}"
2026-09-28 12:39:31,+0300,1,Hipodroom,1,success,"{"total":1,"location_name":"Hipodroom (CLOSED)","location_id":1}"
2026-09-28 12:41:31,+0300,3,T1,4,success,"{"total":4,"location_name":"T1 Shopping Mall","location_id":3}"
2026-09-28 12:41:31,+0300,9,Mustika,3,success,"{"total":3,"location_name":"Mustika","location_id":9}"
2026-09-28 12:41:31,+0300,10,Suur-Paala,1,success,"{"total":1,"location_name":"Suur-Paala","location_id":10}"
2026-09-28 12:41:31,+0300,1,Hipodroom,1,success,"{"total":1,"location_name":"Hipodroom (CLOSED)","location_id":1}"
2026-09-28 12:43:32,+0300,3,T1,4,success,"{"total":4,"location_name":"T1 Shopping Mall","location_id":3}"
2026-09-28 12:43:32,+0300,9,Mustika,3,success,"{"total":3,"location_name":"Mustika","location_id":9}"
2026-09-28 12:43:32,+0300,10,Suur-Paala,1,success,"{"total":1,"location_name":"Suur-Paala","location_id":10}"
2026-09-28 12:43:32,+0300,1,Hipodroom,1,success,"{"total":1,"location_name":"Hipodroom (CLOSED)","location_id":1}"
2026-09-28 12:45:32,+0300,3,T1,4,success,"{"total":4,"location_name":"T1 Shopping Mall","location_id":3}"
2026-09-28 12:45:32,+0300,9,Mustika,3,success,"{"total":3,"location_name":"Mustika","location_id":9}"
2026-09-28 12:45:32,+0300,10,Suur-Paala,1,success,"{"total":1,"location_name":"Suur-Paala","location_id":10}"
2026-09-28 12:45:32,+0300,1,Hipodroom,1,success,"{"total":1,"location_name":"Hipodroom (CLOSED)","location_id":1}"
2026-09-28 12:47:33,+0300,3,T1,4,success,"{"total":4,"location_name":"T1 Shopping Mall","location_id":3}"
2026-09-28 12:47:33,+0300,9,Mustika,3,success,"{"total":3,"location_name":"Mustika","location_id":9}"
2026-09-28 12:47:33,+0300,10,Suur-Paala,1,success,"{"total":1,"location_name":"Suur-Paala","location_id":10}"
2026-09-28 12:47:33,+0300,1,Hipodroom,1,success,"{"total":1,"location_name":"Hipodroom (CLOSED)","location_id":1}"
2026-09-28 12:49:33,+0300,3,T1,4,success,"{"total":4,"location_name":"T1 Shopping Mall","location_id":3}"
2026-09-28 12:49:33,+0300,9,Mustika,2,success,"{"total":2,"location_name":"Mustika","location_id":9}"
2026-09-28 12:49:33,+0300,10,Suur-Paala,1,success,"{"total":1,"location_name":"Suur-Paala","location_id":10}"
2026-09-28 12:49:33,+0300,1,Hipodroom,1,success,"{"total":1,"location_name":"Hipodroom (CLOSED)","location_id":1}"
2026-09-28 12:51:34,+0300,3,T1,4,success,"{"total":4,"location_name":"T1 Shopping Mall","location_id":3}"
2026-09-28 12:51:34,+0300,9,Mustika,2,success,"{"total":2,"location_name":"Mustika","location_id":9}"
2026-09-28 12:51:34,+0300,10,Suur-Paala,1,success,"{"total":1,"location_name":"Suur-Paala","location_id":10}"
2026-09-28 12:51:34,+0300,1,Hipodroom,1,success,"{"total":1,"location_name":"Hipodroom (CLOSED)","location_id":1}"
2026-09-28 12:53:34,+0300,3,T1,4,success,"{"total":4,"location_name":"T1 Shopping Mall","location_id":3}"
2026-09-28 12:53:34,+0300,9,Mustika,2,success,"{"total":2,"location_name":"Mustika","location_id":9}"
2026-09-28 12:53:34,+0300,10,Suur-Paala,1,success,"{"total":1,"location_name":"Suur-Paala","location_id":10}"
2026-09-28 12:53:34,+0300,1,Hipodroom,1,success,"{"total":1,"location_name":"Hipodroom (CLOSED)","location_id":1}"
2026-09-28 12:55:35,+0300,3,T1,4,success,"{"total":4,"location_name":"T1 Shopping Mall","location_id":3}"
2026-09-28 12:55:35,+0300,9,Mustika,4,success,"{"total":4,"location_name":"Mustika","location_id":9}"
2026-09-28 12:55:35,+0300,10,Suur-Paala,1,success,"{"total":1,"location_name":"Suur-Paala","location_id":10}"
2026-09-28 12:55:35,+0300,1,Hipodroom,1,success,"{"total":1,"location_name":"Hipodroom (CLOSED)","location_id":1}"
2026-09-28 12:57:35,+0300,3,T1,4,success,"{"total":4,"location_name":"T1 Shopping Mall","location_id":3}"
2026-09-28 12:57:35,+0300,9,Mustika,4,success,"{"total":4,"location_name":"Mustika","location_id":9}"
2026-09-28 12:57:35,+0300,10,Suur-Paala,1,success,"{"total":1,"location_name":"Suur-Paala","location_id":10}"
2026-09-28 12:57:35,+0300,1,Hipodroom,1,success,"{"total":1,"location_name":"Hipodroom (CLOSED)","location_id":1}"
2026-09-28 12:59:36,+0300,3,T1,4,success,"{"total":4,"location_name":"T1 Shopping Mall","location_id":3}"
2026-09-28 12:59:36,+0300,9,Mustika,4,success,"{"total":4,"location_name":"Mustika","location_id":9}"
2026-09-28 12:59:36,+0300,10,Suur-Paala,1,success,"{"total":1,"location_name":"Suur-Paala","location_id":10}"
2026-09-28 12:59:36,+0300,1,Hipodroom,1,success,"{"total":1,"location_name":"Hipodroom (CLOSED)","location_id":1}"
2026-09-28 13:01:36,+0300,3,T1,4,success,"{"total":4,"location_name":"T1 Shopping Mall","location_id":3}"
2026-09-28 13:01:36,+0300,9,Mustika,5,success,"{"total":5,"location_name":"Mustika","location_id":9}"
2026-09-28 13:01:36,+0300,10,Suur-Paala,1,success,"{"total":1,"location_name":"Suur-Paala","location_id":10}"
2026-09-28 13:01:36,+0300,1,Hipodroom,1,success,"{"total":1,"location_name":"Hipodroom (CLOSED)","location_id":1}"
2026-09-28 13:03:37,+0300,3,T1,4,success,"{"total":4,"location_name":"T1 Shopping Mall","location_id":3}"
2026-09-28 13:03:37,+0300,9,Mustika,5,success,"{"total":5,"location_name":"Mustika","location_id":9}"
2026-09-28 13:03:37,+0300,10,Suur-Paala,1,success,"{"total":1,"location_name":"Suur-Paala","location_id":10}"
2026-09-28 13:03:37,+0300,1,Hipodroom,1,success,"{"total":1,"location_name":"Hipodroom (CLOSED)","location_id":1}"
2026-09-28 13:05:37,+0300,3,T1,4,success,"{"total":4,"location_name":"T1 Shopping Mall","location_id":3}"
2026-09-28 13:05:37,+0300,9,Mustika,5,success,"{"total":5,"location_name":"Mustika","location_id":9}"
2026-09-28 13:05:37,+0300,10,Suur-Paala,1,success,"{"total":1,"location_name":"Suur-Paala","location_id":10}"
2026-09-28 13:05:37,+0300,1,Hipodroom,1,success,"{"total":1,"location_name":"Hipodroom (CLOSED)","location_id":1}"
2026-09-28 13:07:38,+0300,3,T1,4,success,"{"total":4,"location_name":"T1 Shopping Mall","location_id":3}"
2026-09-28 13:07:38,+0300,9,Mustika,5,success,"{"total":5,"location_name":"Mustika","location_id":9}"
2026-09-28 13:07:38,+0300,10,Suur-Paala,1,success,"{"total":1,"location_name":"Suur-Paala","location_id":10}"
2026-09-28 13:07:38,+0300,1,Hipodroom,0,success,"{"total":0,"location_name":"Hipodroom (CLOSED)","location_id":1}"
2026-09-28 13:09:38,+0300,3,T1,4,success,"{"total":4,"location_name":"T1 Shopping Mall","location_id":3}"
2026-09-28 13:09:38,+0300,9,Mustika,5,success,"{"total":5,"location_name":"Mustika","location_id":9}"
2026-09-28 13:09:38,+0300,10,Suur-Paala,0,success,"{"total":0,"location_name":"Suur-Paala","location_id":10}"
2026-09-28 13:09:38,+0300,1,Hipodroom,0,success,"{"total":0,"location_name":"Hipodroom (CLOSED)","location_id":1}"
2026-09-28 13:11:39,+0300,3,T1,4,success,"{"total":4,"location_name":"T1 Shopping Mall","location_id":3}"
2026-09-28 13:11:39,+0300,9,Mustika,5,success,"{"total":5,"location_name":"Mustika","location_id":9}"
2026-09-28 13:11:39,+0300,10,Suur-Paala,0,success,"{"total":0,"location_name":"Suur-Paala","location_id":10}"
2026-09-28 13:11:39,+0300,1,Hipodroom,0,success,"{"total":0,"location_name":"Hipodroom (CLOSED)","location_id":1}"
2026-09-28 13:13:39,+0300,3,T1,4,success,"{"total":4,"location_name":"T1 Shopping Mall","location_id":3}"
2026-09-28 13:13:39,+0300,9,Mustika,4,success,"{"total":4,"location_name":"Mustika","location_id":9}"
2026-09-28 13:13:39,+0300,10,Suur-Paala,0,success,"{"total":0,"location_name":"Suur-Paala","location_id":10}"
2026-09-28 13:13:39,+0300,1,Hipodroom,0,success,"{"total":0,"location_name":"Hipodroom (CLOSED)","location_id":1}"
2026-09-28 13:15:40,+0300,3,T1,4,success,"{"total":4,"location_name":"T1 Shopping Mall","location_id":3}"
2026-09-28 13:15:40,+0300,9,Mustika,4,success,"{"total":4,"location_name":"Mustika","location_id":9}"
2026-09-28 13:15:40,+0300,10,Suur-Paala,0,success,"{"total":0,"location_name":"Suur-Paala","location_id":10}"
2026-09-28 13:15:40,+0300,1,Hipodroom,0,success,"{"total":0,"location_name":"Hipodroom (CLOSED)","location_id":1}"
2026-09-28 13:17:40,+0300,3,T1,4,success,"{"total":4,"location_name":"T1 Shopping Mall","location_id":3}"
2026-09-28 13:17:40,+0300,9,Mustika,4,success,"{"total":4,"location_name":"Mustika","location_id":9}"
2026-09-28 13:17:40,+0300,10,Suur-Paala,0,success,"{"total":0,"location_name":"Suur-Paala","location_id":10}"
2026-09-28 13:17:40,+0300,1,Hipodroom,0,success,"{"total":0,"location_name":"Hipodroom (CLOSED)","location_id":1}"
2026-09-28 13:19:41,+0300,3,T1,4,success,"{"total":4,"location_name":"T1 Shopping Mall","location_id":3}"
2026-09-28 13:19:41,+0300,9,Mustika,4,success,"{"total":4,"location_name":"Mustika","location_id":9}"
2026-09-28 13:19:41,+0300,10,Suur-Paala,0,success,"{"total":0,"location_name":"Suur-Paala","location_id":10}"
2026-09-28 13:19:41,+0300,1,Hipodroom,0,success,"{"total":0,"location_name":"Hipodroom (CLOSED)","location_id":1}"
2026-09-28 13:21:41,+0300,3,T1,4,success,"{"total":4,"location_name":"T1 Shopping Mall","location_id":3}"
2026-09-28 13:21:41,+0300,9,Mustika,4,success,"{"total":4,"location_name":"Mustika","location_id":9}"
2026-09-28 13:21:41,+0300,10,Suur-Paala,0,success,"{"total":0,"location_name":"Suur-Paala","location_id":10}"
2026-09-28 13:21:41,+0300,1,Hipodroom,0,success,"{"total":0,"location_name":"Hipodroom (CLOSED)","location_id":1}"
2026-09-28 13:24:40,+0300,3,T1,4,success,"{"total":4,"location_name":"T1 Shopping Mall","location_id":3}"
2026-09-28 13:24:40,+0300,9,Mustika,4,success,"{"total":4,"location_name":"Mustika","location_id":9}"
2026-09-28 13:24:40,+0300,10,Suur-Paala,0,success,"{"total":0,"location_name":"Suur-Paala","location_id":10}"
2026-09-28 13:24:40,+0300,1,Hipodroom,0,success,"{"total":0,"location_name":"Hipodroom (CLOSED)","location_id":1}"
2026-09-28 13:26:44,+0300,3,T1,4,success,"{"total":4,"location_name":"T1 Shopping Mall","location_id":3}"
2026-09-28 13:26:44,+0300,9,Mustika,4,success,"{"total":4,"location_name":"Mustika","location_id":9}"
2026-09-28 13:26:44,+0300,10,Suur-Paala,0,success,"{"total":0,"location_name":"Suur-Paala","location_id":10}"
2026-09-28 13:26:44,+0300,1,Hipodroom,0,success,"{"total":0,"location_name":"Hipodroom (CLOSED)","location_id":1}"
2026-09-28 13:28:45,+0300,3,T1,4,success,"{"total":4,"location_name":"T1 Shopping Mall","location_id":3}"
2026-09-28 13:28:45,+0300,9,Mustika,4,success,"{"total":4,"location_name":"Mustika","location_id":9}"
2026-09-28 13:28:45,+0300,10,Suur-Paala,0,success,"{"total":0,"location_name":"Suur-Paala","location_id":10}"
2026-09-28 13:28:45,+0300,1,Hipodroom,0,success,"{"total":0,"location_name":"Hipodroom (CLOSED)","location_id":1}"
2026-09-28 13:30:45,+0300,3,T1,4,success,"{"total":4,"location_name":"T1 Shopping Mall","location_id":3}"
2026-09-28 13:30:45,+0300,9,Mustika,4,success,"{"total":4,"location_name":"Mustika","location_id":9}"
2026-09-28 13:30:45,+0300,10,Suur-Paala,0,success,"{"total":0,"location_name":"Suur-Paala","location_id":10}"
2026-09-28 13:30:45,+0300,1,Hipodroom,0,success,"{"total":0,"location_name":"Hipodroom (CLOSED)","location_id":1}"
2026-09-28 13:32:46,+0300,3,T1,4,success,"{"total":4,"location_name":"T1 Shopping Mall","location_id":3}"
2026-09-28 13:32:46,+0300,9,Mustika,4,success,"{"total":4,"location_name":"Mustika","location_id":9}"
2026-09-28 13:32:46,+0300,10,Suur-Paala,0,success,"{"total":0,"location_name":"Suur-Paala","location_id":10}"
2026-09-28 13:32:46,+0300,1,Hipodroom,0,success,"{"total":0,"location_name":"Hipodroom (CLOSED)","location_id":1}"
2026-09-28 13:34:46,+0300,3,T1,4,success,"{"total":4,"location_name":"T1 Shopping Mall","location_id":3}"
2026-09-28 13:34:46,+0300,9,Mustika,4,success,"{"total":4,"location_name":"Mustika","location_id":9}"
2026-09-28 13:34:46,+0300,10,Suur-Paala,0,success,"{"total":0,"location_name":"Suur-Paala","location_id":10}"
2026-09-28 13:34:46,+0300,1,Hipodroom,0,success,"{"total":0,"location_name":"Hipodroom (CLOSED)","location_id":1}"
2026-09-28 13:36:46,+0300,3,T1,4,success,"{"total":4,"location_name":"T1 Shopping Mall","location_id":3}"
2026-09-28 13:36:46,+0300,9,Mustika,4,success,"{"total":4,"location_name":"Mustika","location_id":9}"
2026-09-28 13:36:46,+0300,10,Suur-Paala,0,success,"{"total":0,"location_name":"Suur-Paala","location_id":10}"
2026-09-28 13:36:46,+0300,1,Hipodroom,0,success,"{"total":0,"location_name":"Hipodroom (CLOSED)","location_id":1}"
2026-09-28 13:38:47,+0300,3,T1,4,success,"{"total":4,"location_name":"T1 Shopping Mall","location_id":3}"
2026-09-28 13:38:47,+0300,9,Mustika,4,success,"{"total":4,"location_name":"Mustika","location_id":9}"
2026-09-28 13:38:47,+0300,10,Suur-Paala,0,success,"{"total":0,"location_name":"Suur-Paala","location_id":10}"
2026-09-28 13:38:47,+0300,1,Hipodroom,0,success,"{"total":0,"location_name":"Hipodroom (CLOSED)","location_id":1}"
2026-09-28 13:40:47,+0300,3,T1,4,success,"{"total":4,"location_name":"T1 Shopping Mall","location_id":3}"
2026-09-28 13:40:47,+0300,9,Mustika,4,success,"{"total":4,"location_name":"Mustika","location_id":9}"
2026-09-28 13:40:47,+0300,10,Suur-Paala,0,success,"{"total":0,"location_name":"Suur-Paala","location_id":10}"
2026-09-28 13:40:47,+0300,1,Hipodroom,0,success,"{"total":0,"location_name":"Hipodroom (CLOSED)","location_id":1}"
2026-09-28 13:42:48,+0300,3,T1,4,success,"{"total":4,"location_name":"T1 Shopping Mall","location_id":3}"
2026-09-28 13:42:48,+0300,9,Mustika,4,success,"{"total":4,"location_name":"Mustika","location_id":9}"
2026-09-28 13:42:48,+0300,10,Suur-Paala,0,success,"{"total":0,"location_name":"Suur-Paala","location_id":10}"
2026-09-28 13:42:48,+0300,1,Hipodroom,0,success,"{"total":0,"location_name":"Hipodroom (CLOSED)","location_id":1}"
2026-09-28 13:44:48,+0300,3,T1,4,success,"{"total":4,"location_name":"T1 Shopping Mall","location_id":3}"
2026-09-28 13:44:48,+0300,9,Mustika,4,success,"{"total":4,"location_name":"Mustika","location_id":9}"
2026-09-28 13:44:48,+0300,10,Suur-Paala,0,success,"{"total":0,"location_name":"Suur-Paala","location_id":10}"
2026-09-28 13:44:48,+0300,1,Hipodroom,0,success,"{"total":0,"location_name":"Hipodroom (CLOSED)","location_id":1}"
2026-09-28 13:46:48,+0300,3,T1,4,success,"{"total":4,"location_name":"T1 Shopping Mall","location_id":3}"
2026-09-28 13:46:48,+0300,9,Mustika,4,success,"{"total":4,"location_name":"Mustika","location_id":9}"
2026-09-28 13:46:48,+0300,10,Suur-Paala,0,success,"{"total":0,"location_name":"Suur-Paala","location_id":10}"
2026-09-28 13:46:48,+0300,1,Hipodroom,0,success,"{"total":0,"location_name":"Hipodroom (CLOSED)","location_id":1}"
2026-09-28 13:48:49,+0300,3,T1,4,success,"{"total":4,"location_name":"T1 Shopping Mall","location_id":3}"
2026-09-28 13:48:49,+0300,9,Mustika,4,success,"{"total":4,"location_name":"Mustika","location_id":9}"
2026-09-28 13:48:49,+0300,10,Suur-Paala,0,success,"{"total":0,"location_name":"Suur-Paala","location_id":10}"
2026-09-28 13:48:49,+0300,1,Hipodroom,0,success,"{"total":0,"location_name":"Hipodroom (CLOSED)","location_id":1}"
2026-09-28 13:50:49,+0300,3,T1,4,success,"{"total":4,"location_name":"T1 Shopping Mall","location_id":3}"
2026-09-28 13:50:49,+0300,9,Mustika,4,success,"{"total":4,"location_name":"Mustika","location_id":9}"
2026-09-28 13:50:49,+0300,10,Suur-Paala,0,success,"{"total":0,"location_name":"Suur-Paala","location_id":10}"
2026-09-28 13:50:49,+0300,1,Hipodroom,0,success,"{"total":0,"location_name":"Hipodroom (CLOSED)","location_id":1}"
2026-09-28 13:52:50,+0300,3,T1,4,success,"{"total":4,"location_name":"T1 Shopping Mall","location_id":3}"
2026-09-28 13:52:50,+0300,9,Mustika,4,success,"{"total":4,"location_name":"Mustika","location_id":9}"
2026-09-28 13:52:50,+0300,10,Suur-Paala,0,success,"{"total":0,"location_name":"Suur-Paala","location_id":10}"
2026-09-28 13:52:50,+0300,1,Hipodroom,0,success,"{"total":0,"location_name":"Hipodroom (CLOSED)","location_id":1}"
2026-09-28 13:54:50,+0300,3,T1,5,success,"{"total":5,"location_name":"T1 Shopping Mall","location_id":3}"
2026-09-28 13:54:50,+0300,9,Mustika,4,success,"{"total":4,"location_name":"Mustika","location_id":9}"
2026-09-28 13:54:50,+0300,10,Suur-Paala,0,success,"{"total":0,"location_name":"Suur-Paala","location_id":10}"
2026-09-28 13:54:50,+0300,1,Hipodroom,0,success,"{"total":0,"location_name":"Hipodroom (CLOSED)","location_id":1}"
2026-09-28 13:56:51,+0300,3,T1,5,success,"{"total":5,"location_name":"T1 Shopping Mall","location_id":3}"
2026-09-28 13:56:51,+0300,9,Mustika,4,success,"{"total":4,"location_name":"Mustika","location_id":9}"
2026-09-28 13:56:51,+0300,10,Suur-Paala,0,success,"{"total":0,"location_name":"Suur-Paala","location_id":10}"
2026-09-28 13:56:51,+0300,1,Hipodroom,0,success,"{"total":0,"location_name":"Hipodroom (CLOSED)","location_id":1}"
2026-09-28 13:58:51,+0300,3,T1,5,success,"{"total":5,"location_name":"T1 Shopping Mall","location_id":3}"
2026-09-28 13:58:51,+0300,9,Mustika,4,success,"{"total":4,"location_name":"Mustika","location_id":9}"
2026-09-28 13:58:51,+0300,10,Suur-Paala,0,success,"{"total":0,"location_name":"Suur-Paala","location_id":10}"
2026-09-28 13:58:51,+0300,1,Hipodroom,0,success,"{"total":0,"location_name":"Hipodroom (CLOSED)","location_id":1}"
2026-09-28 14:00:52,+0300,3,T1,5,success,"{"total":5,"location_name":"T1 Shopping Mall","location_id":3}"
2026-09-28 14:00:52,+0300,9,Mustika,4,success,"{"total":4,"location_name":"Mustika","location_id":9}"
2026-09-28 14:00:52,+0300,10,Suur-Paala,0,success,"{"total":0,"location_name":"Suur-Paala","location_id":10}"
2026-09-28 14:00:52,+0300,1,Hipodroom,0,success,"{"total":0,"location_name":"Hipodroom (CLOSED)","location_id":1}"
2026-09-28 14:02:52,+0300,3,T1,5,success,"{"total":5,"location_name":"T1 Shopping Mall","location_id":3}"
2026-09-28 14:02:52,+0300,9,Mustika,4,success,"{"total":4,"location_name":"Mustika","location_id":9}"
2026-09-28 14:02:52,+0300,10,Suur-Paala,0,success,"{"total":0,"location_name":"Suur-Paala","location_id":10}"
2026-09-28 14:02:52,+0300,1,Hipodroom,0,success,"{"total":0,"location_name":"Hipodroom (CLOSED)","location_id":1}"
2026-09-28 14:04:52,+0300,3,T1,5,success,"{"total":5,"location_name":"T1 Shopping Mall","location_id":3}"
2026-09-28 14:04:52,+0300,9,Mustika,4,success,"{"total":4,"location_name":"Mustika","location_id":9}"
2026-09-28 14:04:52,+0300,10,Suur-Paala,0,success,"{"total":0,"location_name":"Suur-Paala","location_id":10}"
2026-09-28 14:04:52,+0300,1,Hipodroom,0,success,"{"total":0,"location_name":"Hipodroom (CLOSED)","location_id":1}"
2026-09-28 14:06:53,+0300,3,T1,5,success,"{"total":5,"location_name":"T1 Shopping Mall","location_id":3}"
2026-09-28 14:06:53,+0300,9,Mustika,4,success,"{"total":4,"location_name":"Mustika","location_id":9}"
2026-09-28 14:06:53,+0300,10,Suur-Paala,0,success,"{"total":0,"location_name":"Suur-Paala","location_id":10}"
2026-09-28 14:06:53,+0300,1,Hipodroom,0,success,"{"total":0,"location_name":"Hipodroom (CLOSED)","location_id":1}"
2026-09-28 14:08:53,+0300,3,T1,5,success,"{"total":5,"location_name":"T1 Shopping Mall","location_id":3}"
2026-09-28 14:08:53,+0300,9,Mustika,4,success,"{"total":4,"location_name":"Mustika","location_id":9}"
2026-09-28 14:08:53,+0300,10,Suur-Paala,0,success,"{"total":0,"location_name":"Suur-Paala","location_id":10}"
2026-09-28 14:08:53,+0300,1,Hipodroom,0,success,"{"total":0,"location_name":"Hipodroom (CLOSED)","location_id":1}"
2026-09-28 14:10:54,+0300,3,T1,5,success,"{"total":5,"location_name":"T1 Shopping Mall","location_id":3}"
2026-09-28 14:10:54,+0300,9,Mustika,4,success,"{"total":4,"location_name":"Mustika","location_id":9}"
2026-09-28 14:10:54,+0300,10,Suur-Paala,0,success,"{"total":0,"location_name":"Suur-Paala","location_id":10}"
2026-09-28 14:10:54,+0300,1,Hipodroom,0,success,"{"total":0,"location_name":"Hipodroom (CLOSED)","location_id":1}"
2026-09-28 14:12:54,+0300,3,T1,5,success,"{"total":5,"location_name":"T1 Shopping Mall","location_id":3}"
2026-09-28 14:12:54,+0300,9,Mustika,4,success,"{"total":4,"location_name":"Mustika","location_id":9}"
2026-09-28 14:12:54,+0300,10,Suur-Paala,0,success,"{"total":0,"location_name":"Suur-Paala","location_id":10}"
2026-09-28 14:12:54,+0300,1,Hipodroom,0,success,"{"total":0,"location_name":"Hipodroom (CLOSED)","location_id":1}"
2026-09-28 14:14:55,+0300,3,T1,5,success,"{"total":5,"location_name":"T1 Shopping Mall","location_id":3}"
2026-09-28 14:14:55,+0300,9,Mustika,4,success,"{"total":4,"location_name":"Mustika","location_id":9}"
2026-09-28 14:14:55,+0300,10,Suur-Paala,0,success,"{"total":0,"location_name":"Suur-Paala","location_id":10}"
2026-09-28 14:14:55,+0300,1,Hipodroom,0,success,"{"total":0,"location_name":"Hipodroom (CLOSED)","location_id":1}"
2026-09-28 14:16:55,+0300,3,T1,5,success,"{"total":5,"location_name":"T1 Shopping Mall","location_id":3}"
2026-09-28 14:16:55,+0300,9,Mustika,4,success,"{"total":4,"location_name":"Mustika","location_id":9}"
2026-09-28 14:16:55,+0300,10,Suur-Paala,0,success,"{"total":0,"location_name":"Suur-Paala","location_id":10}"
2026-09-28 14:16:55,+0300,1,Hipodroom,0,success,"{"total":0,"location_name":"Hipodroom (CLOSED)","location_id":1}"
2026-09-28 14:18:56,+0300,3,T1,2,success,"{"total":2,"location_name":"T1 Shopping Mall","location_id":3}"
2026-09-28 14:18:56,+0300,9,Mustika,4,success,"{"total":4,"location_name":"Mustika","location_id":9}"
2026-09-28 14:18:56,+0300,10,Suur-Paala,0,success,"{"total":0,"location_name":"Suur-Paala","location_id":10}"
2026-09-28 14:18:56,+0300,1,Hipodroom,0,success,"{"total":0,"location_name":"Hipodroom (CLOSED)","location_id":1}"
2026-09-28 14:20:57,+0300,3,T1,2,success,"{"total":2,"location_name":"T1 Shopping Mall","location_id":3}"
2026-09-28 14:20:57,+0300,9,Mustika,4,success,"{"total":4,"location_name":"Mustika","location_id":9}"
2026-09-28 14:20:57,+0300,10,Suur-Paala,0,success,"{"total":0,"location_name":"Suur-Paala","location_id":10}"
2026-09-28 14:20:57,+0300,1,Hipodroom,0,success,"{"total":0,"location_name":"Hipodroom (CLOSED)","location_id":1}"
2026-09-28 14:22:57,+0300,3,T1,2,success,"{"total":2,"location_name":"T1 Shopping Mall","location_id":3}"
2026-09-28 14:22:57,+0300,9,Mustika,4,success,"{"total":4,"location_name":"Mustika","location_id":9}"
2026-09-28 14:22:57,+0300,10,Suur-Paala,0,success,"{"total":0,"location_name":"Suur-Paala","location_id":10}"
2026-09-28 14:22:57,+0300,1,Hipodroom,0,success,"{"total":0,"location_name":"Hipodroom (CLOSED)","location_id":1}"
2026-09-28 14:24:57,+0300,3,T1,2,success,"{"total":2,"location_name":"T1 Shopping Mall","location_id":3}"
2026-09-28 14:24:57,+0300,9,Mustika,4,success,"{"total":4,"location_name":"Mustika","location_id":9}"
2026-09-28 14:24:57,+0300,10,Suur-Paala,0,success,"{"total":0,"location_name":"Suur-Paala","location_id":10}"
2026-09-28 14:24:57,+0300,1,Hipodroom,0,success,"{"total":0,"location_name":"Hipodroom (CLOSED)","location_id":1}"
2026-09-28 14:26:58,+0300,3,T1,2,success,"{"total":2,"location_name":"T1 Shopping Mall","location_id":3}"
2026-09-28 14:26:58,+0300,9,Mustika,4,success,"{"total":4,"location_name":"Mustika","location_id":9}"
2026-09-28 14:26:58,+0300,10,Suur-Paala,0,success,"{"total":0,"location_name":"Suur-Paala","location_id":10}"
2026-09-28 14:26:58,+0300,1,Hipodroom,0,success,"{"total":0,"location_name":"Hipodroom (CLOSED)","location_id":1}"
2026-09-28 14:28:58,+0300,3,T1,2,success,"{"total":2,"location_name":"T1 Shopping Mall","location_id":3}"
2026-09-28 14:28:58,+0300,9,Mustika,4,success,"{"total":4,"location_name":"Mustika","location_id":9}"
2026-09-28 14:28:58,+0300,10,Suur-Paala,0,success,"{"total":0,"location_name":"Suur-Paala","location_id":10}"
2026-09-28 14:28:58,+0300,1,Hipodroom,0,success,"{"total":0,"location_name":"Hipodroom (CLOSED)","location_id":1}"
2026-09-28 14:30:59,+0300,3,T1,2,success,"{"total":2,"location_name":"T1 Shopping Mall","location_id":3}"
2026-09-28 14:30:59,+0300,9,Mustika,5,success,"{"total":5,"location_name":"Mustika","location_id":9}"
2026-09-28 14:30:59,+0300,10,Suur-Paala,0,success,"{"total":0,"location_name":"Suur-Paala","location_id":10}"
2026-09-28 14:30:59,+0300,1,Hipodroom,0,success,"{"total":0,"location_name":"Hipodroom (CLOSED)","location_id":1}"
2026-09-28 14:32:59,+0300,3,T1,2,success,"{"total":2,"location_name":"T1 Shopping Mall","location_id":3}"
2026-09-28 14:32:59,+0300,9,Mustika,5,success,"{"total":5,"location_name":"Mustika","location_id":9}"
2026-09-28 14:32:59,+0300,10,Suur-Paala,0,success,"{"total":0,"location_name":"Suur-Paala","location_id":10}"
2026-09-28 14:32:59,+0300,1,Hipodroom,0,success,"{"total":0,"location_name":"Hipodroom (CLOSED)","location_id":1}"
2026-09-28 14:35:00,+0300,3,T1,2,success,"{"total":2,"location_name":"T1 Shopping Mall","location_id":3}"
2026-09-28 14:35:00,+0300,9,Mustika,5,success,"{"total":5,"location_name":"Mustika","location_id":9}"
2026-09-28 14:35:00,+0300,10,Suur-Paala,0,success,"{"total":0,"location_name":"Suur-Paala","location_id":10}"
2026-09-28 14:35:00,+0300,1,Hipodroom,0,success,"{"total":0,"location_name":"Hipodroom (CLOSED)","location_id":1}"
2026-09-28 14:37:00,+0300,3,T1,2,success,"{"total":2,"location_name":"T1 Shopping Mall","location_id":3}"
2026-09-28 14:37:00,+0300,9,Mustika,6,success,"{"total":6,"location_name":"Mustika","location_id":9}"
2026-09-28 14:37:00,+0300,10,Suur-Paala,0,success,"{"total":0,"location_name":"Suur-Paala","location_id":10}"
2026-09-28 14:37:00,+0300,1,Hipodroom,0,success,"{"total":0,"location_name":"Hipodroom (CLOSED)","location_id":1}"
2026-09-28 14:39:01,+0300,3,T1,2,success,"{"total":2,"location_name":"T1 Shopping Mall","location_id":3}"
2026-09-28 14:39:01,+0300,9,Mustika,6,success,"{"total":6,"location_name":"Mustika","location_id":9}"
2026-09-28 14:39:01,+0300,10,Suur-Paala,0,success,"{"total":0,"location_name":"Suur-Paala","location_id":10}"
2026-09-28 14:39:01,+0300,1,Hipodroom,0,success,"{"total":0,"location_name":"Hipodroom (CLOSED)","location_id":1}"
2026-09-28 14:41:01,+0300,3,T1,2,success,"{"total":2,"location_name":"T1 Shopping Mall","location_id":3}"
2026-09-28 14:41:01,+0300,9,Mustika,6,success,"{"total":6,"location_name":"Mustika","location_id":9}"
2026-09-28 14:41:01,+0300,10,Suur-Paala,0,success,"{"total":0,"location_name":"Suur-Paala","location_id":10}"
2026-09-28 14:41:01,+0300,1,Hipodroom,0,success,"{"total":0,"location_name":"Hipodroom (CLOSED)","location_id":1}"
2026-09-28 14:43:02,+0300,3,T1,2,success,"{"total":2,"location_name":"T1 Shopping Mall","location_id":3}"
2026-09-28 14:43:02,+0300,9,Mustika,7,success,"{"total":7,"location_name":"Mustika","location_id":9}"
2026-09-28 14:43:02,+0300,10,Suur-Paala,0,success,"{"total":0,"location_name":"Suur-Paala","location_id":10}"
2026-09-28 14:43:02,+0300,1,Hipodroom,0,success,"{"total":0,"location_name":"Hipodroom (CLOSED)","location_id":1}"
2026-09-28 14:45:02,+0300,3,T1,2,success,"{"total":2,"location_name":"T1 Shopping Mall","location_id":3}"
2026-09-28 14:45:02,+0300,9,Mustika,7,success,"{"total":7,"location_name":"Mustika","location_id":9}"
2026-09-28 14:45:02,+0300,10,Suur-Paala,0,success,"{"total":0,"location_name":"Suur-Paala","location_id":10}"
2026-09-28 14:45:02,+0300,1,Hipodroom,0,success,"{"total":0,"location_name":"Hipodroom (CLOSED)","location_id":1}"
2026-09-28 14:47:03,+0300,3,T1,2,success,"{"total":2,"location_name":"T1 Shopping Mall","location_id":3}"
2026-09-28 14:47:03,+0300,9,Mustika,7,success,"{"total":7,"location_name":"Mustika","location_id":9}"
2026-09-28 14:47:03,+0300,10,Suur-Paala,0,success,"{"total":0,"location_name":"Suur-Paala","location_id":10}"
2026-09-28 14:47:03,+0300,1,Hipodroom,0,success,"{"total":0,"location_name":"Hipodroom (CLOSED)","location_id":1}"
2026-09-28 14:49:03,+0300,3,T1,2,success,"{"total":2,"location_name":"T1 Shopping Mall","location_id":3}"
2026-09-28 14:49:03,+0300,9,Mustika,8,success,"{"total":8,"location_name":"Mustika","location_id":9}"
2026-09-28 14:49:03,+0300,10,Suur-Paala,0,success,"{"total":0,"location_name":"Suur-Paala","location_id":10}"
2026-09-28 14:49:03,+0300,1,Hipodroom,0,success,"{"total":0,"location_name":"Hipodroom (CLOSED)","location_id":1}"
2026-09-28 14:51:04,+0300,3,T1,2,success,"{"total":2,"location_name":"T1 Shopping Mall","location_id":3}"
2026-09-28 14:51:04,+0300,9,Mustika,8,success,"{"total":8,"location_name":"Mustika","location_id":9}"
2026-09-28 14:51:04,+0300,10,Suur-Paala,0,success,"{"total":0,"location_name":"Suur-Paala","location_id":10}"
2026-09-28 14:51:04,+0300,1,Hipodroom,0,success,"{"total":0,"location_name":"Hipodroom (CLOSED)","location_id":1}"
2026-09-28 14:53:04,+0300,3,T1,2,success,"{"total":2,"location_name":"T1 Shopping Mall","location_id":3}"
2026-09-28 14:53:04,+0300,9,Mustika,8,success,"{"total":8,"location_name":"Mustika","location_id":9}"
2026-09-28 14:53:04,+0300,10,Suur-Paala,1,success,"{"total":1,"location_name":"Suur-Paala","location_id":10}"
2026-09-28 14:53:04,+0300,1,Hipodroom,0,success,"{"total":0,"location_name":"Hipodroom (CLOSED)","location_id":1}"
2026-09-28 14:55:05,+0300,3,T1,2,success,"{"total":2,"location_name":"T1 Shopping Mall","location_id":3}"
2026-09-28 14:55:05,+0300,9,Mustika,8,success,"{"total":8,"location_name":"Mustika","location_id":9}"
2026-09-28 14:55:05,+0300,10,Suur-Paala,1,success,"{"total":1,"location_name":"Suur-Paala","location_id":10}"
2026-09-28 14:55:05,+0300,1,Hipodroom,0,success,"{"total":0,"location_name":"Hipodroom (CLOSED)","location_id":1}"
2026-09-28 14:57:05,+0300,3,T1,2,success,"{"total":2,"location_name":"T1 Shopping Mall","location_id":3}"
2026-09-28 14:57:05,+0300,9,Mustika,8,success,"{"total":8,"location_name":"Mustika","location_id":9}"
2026-09-28 14:57:05,+0300,10,Suur-Paala,1,success,"{"total":1,"location_name":"Suur-Paala","location_id":10}"
2026-09-28 14:57:05,+0300,1,Hipodroom,0,success,"{"total":0,"location_name":"Hipodroom (CLOSED)","location_id":1}"
2026-09-28 14:59:05,+0300,3,T1,2,success,"{"total":2,"location_name":"T1 Shopping Mall","location_id":3}"
2026-09-28 14:59:05,+0300,9,Mustika,8,success,"{"total":8,"location_name":"Mustika","location_id":9}"
2026-09-28 14:59:05,+0300,10,Suur-Paala,1,success,"{"total":1,"location_name":"Suur-Paala","location_id":10}"
2026-09-28 14:59:05,+0300,1,Hipodroom,0,success,"{"total":0,"location_name":"Hipodroom (CLOSED)","location_id":1}"
2026-09-28 15:01:06,+0300,3,T1,3,success,"{"total":3,"location_name":"T1 Shopping Mall","location_id":3}"
2026-09-28 15:01:06,+0300,9,Mustika,8,success,"{"total":8,"location_name":"Mustika","location_id":9}"
2026-09-28 15:01:06,+0300,10,Suur-Paala,1,success,"{"total":1,"location_name":"Suur-Paala","location_id":10}"
2026-09-28 15:01:06,+0300,1,Hipodroom,0,success,"{"total":0,"location_name":"Hipodroom (CLOSED)","location_id":1}"
2026-09-28 15:03:06,+0300,3,T1,3,success,"{"total":3,"location_name":"T1 Shopping Mall","location_id":3}"
2026-09-28 15:03:06,+0300,9,Mustika,8,success,"{"total":8,"location_name":"Mustika","location_id":9}"
2026-09-28 15:03:06,+0300,10,Suur-Paala,1,success,"{"total":1,"location_name":"Suur-Paala","location_id":10}"
2026-09-28 15:03:06,+0300,1,Hipodroom,0,success,"{"total":0,"location_name":"Hipodroom (CLOSED)","location_id":1}"
2026-09-28 15:05:07,+0300,3,T1,3,success,"{"total":3,"location_name":"T1 Shopping Mall","location_id":3}"
2026-09-28 15:05:07,+0300,9,Mustika,8,success,"{"total":8,"location_name":"Mustika","location_id":9}"
2026-09-28 15:05:07,+0300,10,Suur-Paala,1,success,"{"total":1,"location_name":"Suur-Paala","location_id":10}"
2026-09-28 15:05:07,+0300,1,Hipodroom,0,success,"{"total":0,"location_name":"Hipodroom (CLOSED)","location_id":1}"
2026-09-28 15:07:07,+0300,3,T1,4,success,"{"total":4,"location_name":"T1 Shopping Mall","location_id":3}"
2026-09-28 15:07:07,+0300,9,Mustika,8,success,"{"total":8,"location_name":"Mustika","location_id":9}"
2026-09-28 15:07:07,+0300,10,Suur-Paala,1,success,"{"total":1,"location_name":"Suur-Paala","location_id":10}"
2026-09-28 15:07:07,+0300,1,Hipodroom,0,success,"{"total":0,"location_name":"Hipodroom (CLOSED)","location_id":1}"
2026-09-28 15:09:07,+0300,3,T1,4,success,"{"total":4,"location_name":"T1 Shopping Mall","location_id":3}"
2026-09-28 15:09:07,+0300,9,Mustika,8,success,"{"total":8,"location_name":"Mustika","location_id":9}"
2026-09-28 15:09:07,+0300,10,Suur-Paala,1,success,"{"total":1,"location_name":"Suur-Paala","location_id":10}"
2026-09-28 15:09:07,+0300,1,Hipodroom,0,success,"{"total":0,"location_name":"Hipodroom (CLOSED)","location_id":1}"
2026-09-28 15:11:08,+0300,3,T1,4,success,"{"total":4,"location_name":"T1 Shopping Mall","location_id":3}"
2026-09-28 15:11:08,+0300,9,Mustika,8,success,"{"total":8,"location_name":"Mustika","location_id":9}"
2026-09-28 15:11:08,+0300,10,Suur-Paala,2,success,"{"total":2,"location_name":"Suur-Paala","location_id":10}"
2026-09-28 15:11:08,+0300,1,Hipodroom,0,success,"{"total":0,"location_name":"Hipodroom (CLOSED)","location_id":1}"
2026-09-28 15:13:09,+0300,3,T1,4,success,"{"total":4,"location_name":"T1 Shopping Mall","location_id":3}"
2026-09-28 15:13:09,+0300,9,Mustika,8,success,"{"total":8,"location_name":"Mustika","location_id":9}"
2026-09-28 15:13:09,+0300,10,Suur-Paala,2,success,"{"total":2,"location_name":"Suur-Paala","location_id":10}"
2026-09-28 15:13:09,+0300,1,Hipodroom,0,success,"{"total":0,"location_name":"Hipodroom (CLOSED)","location_id":1}"
2026-09-28 15:15:09,+0300,3,T1,4,success,"{"total":4,"location_name":"T1 Shopping Mall","location_id":3}"
2026-09-28 15:15:09,+0300,9,Mustika,8,success,"{"total":8,"location_name":"Mustika","location_id":9}"
2026-09-28 15:15:09,+0300,10,Suur-Paala,2,success,"{"total":2,"location_name":"Suur-Paala","location_id":10}"
2026-09-28 15:15:09,+0300,1,Hipodroom,0,success,"{"total":0,"location_name":"Hipodroom (CLOSED)","location_id":1}"
2026-09-28 15:17:10,+0300,3,T1,4,success,"{"total":4,"location_name":"T1 Shopping Mall","location_id":3}"
2026-09-28 15:17:10,+0300,9,Mustika,8,success,"{"total":8,"location_name":"Mustika","location_id":9}"
2026-09-28 15:17:10,+0300,10,Suur-Paala,2,success,"{"total":2,"location_name":"Suur-Paala","location_id":10}"
2026-09-28 15:17:10,+0300,1,Hipodroom,0,success,"{"total":0,"location_name":"Hipodroom (CLOSED)","location_id":1}"
2026-09-28 15:19:10,+0300,3,T1,4,success,"{"total":4,"location_name":"T1 Shopping Mall","location_id":3}"
2026-09-28 15:19:10,+0300,9,Mustika,8,success,"{"total":8,"location_name":"Mustika","location_id":9}"
2026-09-28 15:19:10,+0300,10,Suur-Paala,2,success,"{"total":2,"location_name":"Suur-Paala","location_id":10}"
2026-09-28 15:19:10,+0300,1,Hipodroom,0,success,"{"total":0,"location_name":"Hipodroom (CLOSED)","location_id":1}"
2026-09-28 15:21:11,+0300,3,T1,4,success,"{"total":4,"location_name":"T1 Shopping Mall","location_id":3}"
2026-09-28 15:21:11,+0300,9,Mustika,8,success,"{"total":8,"location_name":"Mustika","location_id":9}"
2026-09-28 15:21:11,+0300,10,Suur-Paala,2,success,"{"total":2,"location_name":"Suur-Paala","location_id":10}"
2026-09-28 15:21:11,+0300,1,Hipodroom,0,success,"{"total":0,"location_name":"Hipodroom (CLOSED)","location_id":1}"
2026-09-28 15:23:11,+0300,3,T1,4,success,"{"total":4,"location_name":"T1 Shopping Mall","location_id":3}"
2026-09-28 15:23:11,+0300,9,Mustika,8,success,"{"total":8,"location_name":"Mustika","location_id":9}"
2026-09-28 15:23:11,+0300,10,Suur-Paala,4,success,"{"total":4,"location_name":"Suur-Paala","location_id":10}"
2026-09-28 15:23:11,+0300,1,Hipodroom,0,success,"{"total":0,"location_name":"Hipodroom (CLOSED)","location_id":1}"
2026-09-28 15:25:12,+0300,3,T1,3,success,"{"total":3,"location_name":"T1 Shopping Mall","location_id":3}"
2026-09-28 15:25:12,+0300,9,Mustika,8,success,"{"total":8,"location_name":"Mustika","location_id":9}"
2026-09-28 15:25:12,+0300,10,Suur-Paala,4,success,"{"total":4,"location_name":"Suur-Paala","location_id":10}"
2026-09-28 15:25:12,+0300,1,Hipodroom,0,success,"{"total":0,"location_name":"Hipodroom (CLOSED)","location_id":1}"
2026-09-28 15:27:12,+0300,3,T1,3,success,"{"total":3,"location_name":"T1 Shopping Mall","location_id":3}"
2026-09-28 15:27:12,+0300,9,Mustika,8,success,"{"total":8,"location_name":"Mustika","location_id":9}"
2026-09-28 15:27:12,+0300,10,Suur-Paala,4,success,"{"total":4,"location_name":"Suur-Paala","location_id":10}"
2026-09-28 15:27:12,+0300,1,Hipodroom,0,success,"{"total":0,"location_name":"Hipodroom (CLOSED)","location_id":1}"
2026-09-28 15:29:12,+0300,3,T1,3,success,"{"total":3,"location_name":"T1 Shopping Mall","location_id":3}"
2026-09-28 15:29:12,+0300,9,Mustika,8,success,"{"total":8,"location_name":"Mustika","location_id":9}"
2026-09-28 15:29:12,+0300,10,Suur-Paala,4,success,"{"total":4,"location_name":"Suur-Paala","location_id":10}"
2026-09-28 15:29:12,+0300,1,Hipodroom,0,success,"{"total":0,"location_name":"Hipodroom (CLOSED)","location_id":1}"
2026-09-28 15:31:13,+0300,3,T1,3,success,"{"total":3,"location_name":"T1 Shopping Mall","location_id":3}"
2026-09-28 15:31:13,+0300,9,Mustika,9,success,"{"total":9,"location_name":"Mustika","location_id":9}"
2026-09-28 15:31:13,+0300,10,Suur-Paala,4,success,"{"total":4,"location_name":"Suur-Paala","location_id":10}"
2026-09-28 15:31:13,+0300,1,Hipodroom,0,success,"{"total":0,"location_name":"Hipodroom (CLOSED)","location_id":1}"
2026-09-28 15:33:13,+0300,3,T1,3,success,"{"total":3,"location_name":"T1 Shopping Mall","location_id":3}"
2026-09-28 15:33:13,+0300,9,Mustika,9,success,"{"total":9,"location_name":"Mustika","location_id":9}"
2026-09-28 15:33:13,+0300,10,Suur-Paala,4,success,"{"total":4,"location_name":"Suur-Paala","location_id":10}"
2026-09-28 15:33:13,+0300,1,Hipodroom,0,success,"{"total":0,"location_name":"Hipodroom (CLOSED)","location_id":1}"
2026-09-28 15:35:14,+0300,3,T1,3,success,"{"total":3,"location_name":"T1 Shopping Mall","location_id":3}"
2026-09-28 15:35:14,+0300,9,Mustika,9,success,"{"total":9,"location_name":"Mustika","location_id":9}"
2026-09-28 15:35:14,+0300,10,Suur-Paala,4,success,"{"total":4,"location_name":"Suur-Paala","location_id":10}"
2026-09-28 15:35:14,+0300,1,Hipodroom,0,success,"{"total":0,"location_name":"Hipodroom (CLOSED)","location_id":1}"
2026-09-28 15:37:14,+0300,3,T1,3,success,"{"total":3,"location_name":"T1 Shopping Mall","location_id":3}"
2026-09-28 15:37:14,+0300,9,Mustika,9,success,"{"total":9,"location_name":"Mustika","location_id":9}"
2026-09-28 15:37:14,+0300,10,Suur-Paala,4,success,"{"total":4,"location_name":"Suur-Paala","location_id":10}"
2026-09-28 15:37:14,+0300,1,Hipodroom,0,success,"{"total":0,"location_name":"Hipodroom (CLOSED)","location_id":1}"
2026-09-28 15:39:15,+0300,3,T1,3,success,"{"total":3,"location_name":"T1 Shopping Mall","location_id":3}"
2026-09-28 15:39:15,+0300,9,Mustika,9,success,"{"total":9,"location_name":"Mustika","location_id":9}"
2026-09-28 15:39:15,+0300,10,Suur-Paala,4,success,"{"total":4,"location_name":"Suur-Paala","location_id":10}"
2026-09-28 15:39:15,+0300,1,Hipodroom,0,success,"{"total":0,"location_name":"Hipodroom (CLOSED)","location_id":1}"
2026-09-28 15:41:16,+0300,3,T1,3,success,"{"total":3,"location_name":"T1 Shopping Mall","location_id":3}"
2026-09-28 15:41:16,+0300,9,Mustika,9,success,"{"total":9,"location_name":"Mustika","location_id":9}"
2026-09-28 15:41:16,+0300,10,Suur-Paala,4,success,"{"total":4,"location_name":"Suur-Paala","location_id":10}"
2026-09-28 15:41:16,+0300,1,Hipodroom,0,success,"{"total":0,"location_name":"Hipodroom (CLOSED)","location_id":1}"
2026-09-28 15:43:16,+0300,3,T1,4,success,"{"total":4,"location_name":"T1 Shopping Mall","location_id":3}"
2026-09-28 15:43:16,+0300,9,Mustika,9,success,"{"total":9,"location_name":"Mustika","location_id":9}"
2026-09-28 15:43:16,+0300,10,Suur-Paala,4,success,"{"total":4,"location_name":"Suur-Paala","location_id":10}"
2026-09-28 15:43:16,+0300,1,Hipodroom,0,success,"{"total":0,"location_name":"Hipodroom (CLOSED)","location_id":1}"
2026-09-28 15:45:16,+0300,3,T1,4,success,"{"total":4,"location_name":"T1 Shopping Mall","location_id":3}"
2026-09-28 15:45:16,+0300,9,Mustika,9,success,"{"total":9,"location_name":"Mustika","location_id":9}"
2026-09-28 15:45:16,+0300,10,Suur-Paala,4,success,"{"total":4,"location_name":"Suur-Paala","location_id":10}"
2026-09-28 15:45:16,+0300,1,Hipodroom,0,success,"{"total":0,"location_name":"Hipodroom (CLOSED)","location_id":1}"
2026-09-28 15:47:17,+0300,3,T1,4,success,"{"total":4,"location_name":"T1 Shopping Mall","location_id":3}"
2026-09-28 15:47:17,+0300,9,Mustika,9,success,"{"total":9,"location_name":"Mustika","location_id":9}"
2026-09-28 15:47:17,+0300,10,Suur-Paala,4,success,"{"total":4,"location_name":"Suur-Paala","location_id":10}"
2026-09-28 15:47:17,+0300,1,Hipodroom,0,success,"{"total":0,"location_name":"Hipodroom (CLOSED)","location_id":1}"
2026-09-28 15:49:17,+0300,3,T1,4,success,"{"total":4,"location_name":"T1 Shopping Mall","location_id":3}"
2026-09-28 15:49:17,+0300,9,Mustika,9,success,"{"total":9,"location_name":"Mustika","location_id":9}"
2026-09-28 15:49:17,+0300,10,Suur-Paala,4,success,"{"total":4,"location_name":"Suur-Paala","location_id":10}"
2026-09-28 15:49:17,+0300,1,Hipodroom,0,success,"{"total":0,"location_name":"Hipodroom (CLOSED)","location_id":1}"
2026-09-28 15:51:18,+0300,3,T1,4,success,"{"total":4,"location_name":"T1 Shopping Mall","location_id":3}"
2026-09-28 15:51:18,+0300,9,Mustika,9,success,"{"total":9,"location_name":"Mustika","location_id":9}"
2026-09-28 15:51:18,+0300,10,Suur-Paala,4,success,"{"total":4,"location_name":"Suur-Paala","location_id":10}"
2026-09-28 15:51:18,+0300,1,Hipodroom,0,success,"{"total":0,"location_name":"Hipodroom (CLOSED)","location_id":1}"
2026-09-28 15:53:18,+0300,3,T1,4,success,"{"total":4,"location_name":"T1 Shopping Mall","location_id":3}"
2026-09-28 15:53:18,+0300,9,Mustika,9,success,"{"total":9,"location_name":"Mustika","location_id":9}"
2026-09-28 15:53:18,+0300,10,Suur-Paala,4,success,"{"total":4,"location_name":"Suur-Paala","location_id":10}"
2026-09-28 15:53:18,+0300,1,Hipodroom,0,success,"{"total":0,"location_name":"Hipodroom (CLOSED)","location_id":1}"
2026-09-28 15:55:19,+0300,3,T1,5,success,"{"total":5,"location_name":"T1 Shopping Mall","location_id":3}"
2026-09-28 15:55:19,+0300,9,Mustika,9,success,"{"total":9,"location_name":"Mustika","location_id":9}"
2026-09-28 15:55:19,+0300,10,Suur-Paala,4,success,"{"total":4,"location_name":"Suur-Paala","location_id":10}"
2026-09-28 15:55:19,+0300,1,Hipodroom,0,success,"{"total":0,"location_name":"Hipodroom (CLOSED)","location_id":1}"
2026-09-28 15:57:20,+0300,3,T1,5,success,"{"total":5,"location_name":"T1 Shopping Mall","location_id":3}"
2026-09-28 15:57:20,+0300,9,Mustika,9,success,"{"total":9,"location_name":"Mustika","location_id":9}"
2026-09-28 15:57:20,+0300,10,Suur-Paala,4,success,"{"total":4,"location_name":"Suur-Paala","location_id":10}"
2026-09-28 15:57:20,+0300,1,Hipodroom,0,success,"{"total":0,"location_name":"Hipodroom (CLOSED)","location_id":1}"
2026-09-28 15:59:20,+0300,3,T1,5,success,"{"total":5,"location_name":"T1 Shopping Mall","location_id":3}"
2026-09-28 15:59:20,+0300,9,Mustika,9,success,"{"total":9,"location_name":"Mustika","location_id":9}"
2026-09-28 15:59:20,+0300,10,Suur-Paala,4,success,"{"total":4,"location_name":"Suur-Paala","location_id":10}"
2026-09-28 15:59:20,+0300,1,Hipodroom,0,success,"{"total":0,"location_name":"Hipodroom (CLOSED)","location_id":1}"
2026-09-28 16:01:20,+0300,3,T1,5,success,"{"total":5,"location_name":"T1 Shopping Mall","location_id":3}"
2026-09-28 16:01:20,+0300,9,Mustika,10,success,"{"total":10,"location_name":"Mustika","location_id":9}"
2026-09-28 16:01:20,+0300,10,Suur-Paala,4,success,"{"total":4,"location_name":"Suur-Paala","location_id":10}"
2026-09-28 16:01:20,+0300,1,Hipodroom,0,success,"{"total":0,"location_name":"Hipodroom (CLOSED)","location_id":1}"
2026-09-28 16:03:21,+0300,3,T1,5,success,"{"total":5,"location_name":"T1 Shopping Mall","location_id":3}"
2026-09-28 16:03:21,+0300,9,Mustika,10,success,"{"total":10,"location_name":"Mustika","location_id":9}"
2026-09-28 16:03:21,+0300,10,Suur-Paala,4,success,"{"total":4,"location_name":"Suur-Paala","location_id":10}"
2026-09-28 16:03:21,+0300,1,Hipodroom,0,success,"{"total":0,"location_name":"Hipodroom (CLOSED)","location_id":1}"
2026-09-28 16:05:21,+0300,3,T1,5,success,"{"total":5,"location_name":"T1 Shopping Mall","location_id":3}"
2026-09-28 16:05:21,+0300,9,Mustika,10,success,"{"total":10,"location_name":"Mustika","location_id":9}"
2026-09-28 16:05:21,+0300,10,Suur-Paala,4,success,"{"total":4,"location_name":"Suur-Paala","location_id":10}"
2026-09-28 16:05:21,+0300,1,Hipodroom,0,success,"{"total":0,"location_name":"Hipodroom (CLOSED)","location_id":1}"
2026-09-28 16:07:22,+0300,3,T1,5,success,"{"total":5,"location_name":"T1 Shopping Mall","location_id":3}"
2026-09-28 16:07:22,+0300,9,Mustika,10,success,"{"total":10,"location_name":"Mustika","location_id":9}"
2026-09-28 16:07:22,+0300,10,Suur-Paala,4,success,"{"total":4,"location_name":"Suur-Paala","location_id":10}"
2026-09-28 16:07:22,+0300,1,Hipodroom,0,success,"{"total":0,"location_name":"Hipodroom (CLOSED)","location_id":1}"
2026-09-28 16:09:22,+0300,3,T1,5,success,"{"total":5,"location_name":"T1 Shopping Mall","location_id":3}"
2026-09-28 16:09:22,+0300,9,Mustika,10,success,"{"total":10,"location_name":"Mustika","location_id":9}"
2026-09-28 16:09:22,+0300,10,Suur-Paala,4,success,"{"total":4,"location_name":"Suur-Paala","location_id":10}"
2026-09-28 16:09:22,+0300,1,Hipodroom,0,success,"{"total":0,"location_name":"Hipodroom (CLOSED)","location_id":1}"
2026-09-28 16:11:23,+0300,3,T1,5,success,"{"total":5,"location_name":"T1 Shopping Mall","location_id":3}"
2026-09-28 16:11:23,+0300,9,Mustika,10,success,"{"total":10,"location_name":"Mustika","location_id":9}"
2026-09-28 16:11:23,+0300,10,Suur-Paala,6,success,"{"total":6,"location_name":"Suur-Paala","location_id":10}"
2026-09-28 16:11:23,+0300,1,Hipodroom,0,success,"{"total":0,"location_name":"Hipodroom (CLOSED)","location_id":1}"
2026-09-28 16:13:23,+0300,3,T1,5,success,"{"total":5,"location_name":"T1 Shopping Mall","location_id":3}"
2026-09-28 16:13:23,+0300,9,Mustika,14,success,"{"total":14,"location_name":"Mustika","location_id":9}"
2026-09-28 16:13:23,+0300,10,Suur-Paala,6,success,"{"total":6,"location_name":"Suur-Paala","location_id":10}"
2026-09-28 16:13:23,+0300,1,Hipodroom,0,success,"{"total":0,"location_name":"Hipodroom (CLOSED)","location_id":1}"
2026-09-28 16:15:24,+0300,3,T1,5,success,"{"total":5,"location_name":"T1 Shopping Mall","location_id":3}"
2026-09-28 16:15:24,+0300,9,Mustika,14,success,"{"total":14,"location_name":"Mustika","location_id":9}"
2026-09-28 16:15:24,+0300,10,Suur-Paala,6,success,"{"total":6,"location_name":"Suur-Paala","location_id":10}"
2026-09-28 16:15:24,+0300,1,Hipodroom,0,success,"{"total":0,"location_name":"Hipodroom (CLOSED)","location_id":1}"
2026-09-28 16:17:24,+0300,3,T1,5,success,"{"total":5,"location_name":"T1 Shopping Mall","location_id":3}"
2026-09-28 16:17:24,+0300,9,Mustika,14,success,"{"total":14,"location_name":"Mustika","location_id":9}"
2026-09-28 16:17:24,+0300,10,Suur-Paala,6,success,"{"total":6,"location_name":"Suur-Paala","location_id":10}"
2026-09-28 16:17:24,+0300,1,Hipodroom,0,success,"{"total":0,"location_name":"Hipodroom (CLOSED)","location_id":1}"
2026-09-28 16:19:24,+0300,3,T1,5,success,"{"total":5,"location_name":"T1 Shopping Mall","location_id":3}"
2026-09-28 16:19:24,+0300,9,Mustika,14,success,"{"total":14,"location_name":"Mustika","location_id":9}"
2026-09-28 16:19:24,+0300,10,Suur-Paala,6,success,"{"total":6,"location_name":"Suur-Paala","location_id":10}"
2026-09-28 16:19:24,+0300,1,Hipodroom,0,success,"{"total":0,"location_name":"Hipodroom (CLOSED)","location_id":1}"
2026-09-28 16:21:25,+0300,3,T1,5,success,"{"total":5,"location_name":"T1 Shopping Mall","location_id":3}"
2026-09-28 16:21:25,+0300,9,Mustika,14,success,"{"total":14,"location_name":"Mustika","location_id":9}"
2026-09-28 16:21:25,+0300,10,Suur-Paala,6,success,"{"total":6,"location_name":"Suur-Paala","location_id":10}"
2026-09-28 16:21:25,+0300,1,Hipodroom,0,success,"{"total":0,"location_name":"Hipodroom (CLOSED)","location_id":1}"
2026-09-28 16:23:25,+0300,3,T1,5,success,"{"total":5,"location_name":"T1 Shopping Mall","location_id":3}"
2026-09-28 16:23:25,+0300,9,Mustika,14,success,"{"total":14,"location_name":"Mustika","location_id":9}"
2026-09-28 16:23:25,+0300,10,Suur-Paala,6,success,"{"total":6,"location_name":"Suur-Paala","location_id":10}"
2026-09-28 16:23:25,+0300,1,Hipodroom,0,success,"{"total":0,"location_name":"Hipodroom (CLOSED)","location_id":1}"
2026-09-28 16:25:26,+0300,3,T1,6,success,"{"total":6,"location_name":"T1 Shopping Mall","location_id":3}"
2026-09-28 16:25:26,+0300,9,Mustika,14,success,"{"total":14,"location_name":"Mustika","location_id":9}"
2026-09-28 16:25:26,+0300,10,Suur-Paala,6,success,"{"total":6,"location_name":"Suur-Paala","location_id":10}"
2026-09-28 16:25:26,+0300,1,Hipodroom,0,success,"{"total":0,"location_name":"Hipodroom (CLOSED)","location_id":1}"
2026-09-28 16:27:26,+0300,3,T1,6,success,"{"total":6,"location_name":"T1 Shopping Mall","location_id":3}"
2026-09-28 16:27:26,+0300,9,Mustika,14,success,"{"total":14,"location_name":"Mustika","location_id":9}"
2026-09-28 16:27:26,+0300,10,Suur-Paala,6,success,"{"total":6,"location_name":"Suur-Paala","location_id":10}"
2026-09-28 16:27:26,+0300,1,Hipodroom,0,success,"{"total":0,"location_name":"Hipodroom (CLOSED)","location_id":1}"
2026-09-28 16:29:27,+0300,3,T1,6,success,"{"total":6,"location_name":"T1 Shopping Mall","location_id":3}"
2026-09-28 16:29:27,+0300,9,Mustika,14,success,"{"total":14,"location_name":"Mustika","location_id":9}"
2026-09-28 16:29:27,+0300,10,Suur-Paala,7,success,"{"total":7,"location_name":"Suur-Paala","location_id":10}"
2026-09-28 16:29:27,+0300,1,Hipodroom,0,success,"{"total":0,"location_name":"Hipodroom (CLOSED)","location_id":1}"
2026-09-28 16:31:27,+0300,3,T1,9,success,"{"total":9,"location_name":"T1 Shopping Mall","location_id":3}"
2026-09-28 16:31:27,+0300,9,Mustika,15,success,"{"total":15,"location_name":"Mustika","location_id":9}"
2026-09-28 16:31:27,+0300,10,Suur-Paala,7,success,"{"total":7,"location_name":"Suur-Paala","location_id":10}"
2026-09-28 16:31:27,+0300,1,Hipodroom,0,success,"{"total":0,"location_name":"Hipodroom (CLOSED)","location_id":1}"
2026-09-28 16:33:28,+0300,3,T1,9,success,"{"total":9,"location_name":"T1 Shopping Mall","location_id":3}"
2026-09-28 16:33:28,+0300,9,Mustika,15,success,"{"total":15,"location_name":"Mustika","location_id":9}"
2026-09-28 16:33:28,+0300,10,Suur-Paala,7,success,"{"total":7,"location_name":"Suur-Paala","location_id":10}"
2026-09-28 16:33:28,+0300,1,Hipodroom,0,success,"{"total":0,"location_name":"Hipodroom (CLOSED)","location_id":1}"
2026-09-28 16:35:28,+0300,3,T1,9,success,"{"total":9,"location_name":"T1 Shopping Mall","location_id":3}"
2026-09-28 16:35:28,+0300,9,Mustika,15,success,"{"total":15,"location_name":"Mustika","location_id":9}"
2026-09-28 16:35:28,+0300,10,Suur-Paala,9,success,"{"total":9,"location_name":"Suur-Paala","location_id":10}"
2026-09-28 16:35:28,+0300,1,Hipodroom,0,success,"{"total":0,"location_name":"Hipodroom (CLOSED)","location_id":1}"
2026-09-28 16:37:29,+0300,3,T1,10,success,"{"total":10,"location_name":"T1 Shopping Mall","location_id":3}"
2026-09-28 16:37:29,+0300,9,Mustika,16,success,"{"total":16,"location_name":"Mustika","location_id":9}"
2026-09-28 16:37:29,+0300,10,Suur-Paala,9,success,"{"total":9,"location_name":"Suur-Paala","location_id":10}"
2026-09-28 16:37:29,+0300,1,Hipodroom,0,success,"{"total":0,"location_name":"Hipodroom (CLOSED)","location_id":1}"
2026-09-28 16:39:29,+0300,3,T1,10,success,"{"total":10,"location_name":"T1 Shopping Mall","location_id":3}"
2026-09-28 16:39:29,+0300,9,Mustika,16,success,"{"total":16,"location_name":"Mustika","location_id":9}"
2026-09-28 16:39:29,+0300,10,Suur-Paala,9,success,"{"total":9,"location_name":"Suur-Paala","location_id":10}"
2026-09-28 16:39:29,+0300,1,Hipodroom,0,success,"{"total":0,"location_name":"Hipodroom (CLOSED)","location_id":1}"
2026-09-28 16:41:30,+0300,3,T1,10,success,"{"total":10,"location_name":"T1 Shopping Mall","location_id":3}"
2026-09-28 16:41:30,+0300,9,Mustika,16,success,"{"total":16,"location_name":"Mustika","location_id":9}"
2026-09-28 16:41:30,+0300,10,Suur-Paala,9,success,"{"total":9,"location_name":"Suur-Paala","location_id":10}"
2026-09-28 16:41:30,+0300,1,Hipodroom,0,success,"{"total":0,"location_name":"Hipodroom (CLOSED)","location_id":1}"
2026-09-28 16:43:30,+0300,3,T1,11,success,"{"total":11,"location_name":"T1 Shopping Mall","location_id":3}"
2026-09-28 16:43:30,+0300,9,Mustika,18,success,"{"total":18,"location_name":"Mustika","location_id":9}"
2026-09-28 16:43:30,+0300,10,Suur-Paala,9,success,"{"total":9,"location_name":"Suur-Paala","location_id":10}"
2026-09-28 16:43:30,+0300,1,Hipodroom,0,success,"{"total":0,"location_name":"Hipodroom (CLOSED)","location_id":1}"
2026-09-28 16:45:31,+0300,3,T1,11,success,"{"total":11,"location_name":"T1 Shopping Mall","location_id":3}"
2026-09-28 16:45:31,+0300,9,Mustika,18,success,"{"total":18,"location_name":"Mustika","location_id":9}"
2026-09-28 16:45:31,+0300,10,Suur-Paala,9,success,"{"total":9,"location_name":"Suur-Paala","location_id":10}"
2026-09-28 16:45:31,+0300,1,Hipodroom,0,success,"{"total":0,"location_name":"Hipodroom (CLOSED)","location_id":1}"
2026-09-28 16:47:31,+0300,3,T1,11,success,"{"total":11,"location_name":"T1 Shopping Mall","location_id":3}"
2026-09-28 16:47:31,+0300,9,Mustika,18,success,"{"total":18,"location_name":"Mustika","location_id":9}"
2026-09-28 16:47:31,+0300,10,Suur-Paala,10,success,"{"total":10,"location_name":"Suur-Paala","location_id":10}"
2026-09-28 16:47:31,+0300,1,Hipodroom,0,success,"{"total":0,"location_name":"Hipodroom (CLOSED)","location_id":1}"
2026-09-28 16:49:32,+0300,3,T1,12,success,"{"total":12,"location_name":"T1 Shopping Mall","location_id":3}"
2026-09-28 16:49:32,+0300,9,Mustika,18,success,"{"total":18,"location_name":"Mustika","location_id":9}"
2026-09-28 16:49:32,+0300,10,Suur-Paala,10,success,"{"total":10,"location_name":"Suur-Paala","location_id":10}"
2026-09-28 16:49:32,+0300,1,Hipodroom,0,success,"{"total":0,"location_name":"Hipodroom (CLOSED)","location_id":1}"
2026-09-28 16:51:32,+0300,3,T1,12,success,"{"total":12,"location_name":"T1 Shopping Mall","location_id":3}"
2026-09-28 16:51:32,+0300,9,Mustika,18,success,"{"total":18,"location_name":"Mustika","location_id":9}"
2026-09-28 16:51:32,+0300,10,Suur-Paala,10,success,"{"total":10,"location_name":"Suur-Paala","location_id":10}"
2026-09-28 16:51:32,+0300,1,Hipodroom,0,success,"{"total":0,"location_name":"Hipodroom (CLOSED)","location_id":1}"
2026-09-28 16:53:33,+0300,3,T1,12,success,"{"total":12,"location_name":"T1 Shopping Mall","location_id":3}"
2026-09-28 16:53:33,+0300,9,Mustika,18,success,"{"total":18,"location_name":"Mustika","location_id":9}"
2026-09-28 16:53:33,+0300,10,Suur-Paala,11,success,"{"total":11,"location_name":"Suur-Paala","location_id":10}"
2026-09-28 16:53:33,+0300,1,Hipodroom,0,success,"{"total":0,"location_name":"Hipodroom (CLOSED)","location_id":1}"
2026-09-28 16:55:34,+0300,3,T1,11,success,"{"total":11,"location_name":"T1 Shopping Mall","location_id":3}"
2026-09-28 16:55:34,+0300,9,Mustika,19,success,"{"total":19,"location_name":"Mustika","location_id":9}"
2026-09-28 16:55:34,+0300,10,Suur-Paala,11,success,"{"total":11,"location_name":"Suur-Paala","location_id":10}"
2026-09-28 16:55:34,+0300,1,Hipodroom,0,success,"{"total":0,"location_name":"Hipodroom (CLOSED)","location_id":1}"
2026-09-28 16:57:34,+0300,3,T1,11,success,"{"total":11,"location_name":"T1 Shopping Mall","location_id":3}"
2026-09-28 16:57:34,+0300,9,Mustika,19,success,"{"total":19,"location_name":"Mustika","location_id":9}"
2026-09-28 16:57:34,+0300,10,Suur-Paala,11,success,"{"total":11,"location_name":"Suur-Paala","location_id":10}"
2026-09-28 16:57:34,+0300,1,Hipodroom,0,success,"{"total":0,"location_name":"Hipodroom (CLOSED)","location_id":1}"
2026-09-28 16:59:34,+0300,3,T1,11,success,"{"total":11,"location_name":"T1 Shopping Mall","location_id":3}"
2026-09-28 16:59:34,+0300,9,Mustika,19,success,"{"total":19,"location_name":"Mustika","location_id":9}"
2026-09-28 16:59:34,+0300,10,Suur-Paala,11,success,"{"total":11,"location_name":"Suur-Paala","location_id":10}"
2026-09-28 16:59:34,+0300,1,Hipodroom,0,success,"{"total":0,"location_name":"Hipodroom (CLOSED)","location_id":1}"
2026-09-28 17:01:35,+0300,3,T1,12,success,"{"total":12,"location_name":"T1 Shopping Mall","location_id":3}"
2026-09-28 17:01:35,+0300,9,Mustika,20,success,"{"total":20,"location_name":"Mustika","location_id":9}"
2026-09-28 17:01:35,+0300,10,Suur-Paala,11,success,"{"total":11,"location_name":"Suur-Paala","location_id":10}"
2026-09-28 17:01:35,+0300,1,Hipodroom,0,success,"{"total":0,"location_name":"Hipodroom (CLOSED)","location_id":1}"
2026-09-28 17:03:36,+0300,3,T1,12,success,"{"total":12,"location_name":"T1 Shopping Mall","location_id":3}"
2026-09-28 17:03:36,+0300,9,Mustika,20,success,"{"total":20,"location_name":"Mustika","location_id":9}"
2026-09-28 17:03:36,+0300,10,Suur-Paala,11,success,"{"total":11,"location_name":"Suur-Paala","location_id":10}"
2026-09-28 17:03:36,+0300,1,Hipodroom,0,success,"{"total":0,"location_name":"Hipodroom (CLOSED)","location_id":1}"
2026-09-28 17:05:36,+0300,3,T1,12,success,"{"total":12,"location_name":"T1 Shopping Mall","location_id":3}"
2026-09-28 17:05:36,+0300,9,Mustika,20,success,"{"total":20,"location_name":"Mustika","location_id":9}"
2026-09-28 17:05:36,+0300,10,Suur-Paala,11,success,"{"total":11,"location_name":"Suur-Paala","location_id":10}"
2026-09-28 17:05:36,+0300,1,Hipodroom,0,success,"{"total":0,"location_name":"Hipodroom (CLOSED)","location_id":1}"
2026-09-28 17:07:36,+0300,3,T1,15,success,"{"total":15,"location_name":"T1 Shopping Mall","location_id":3}"
2026-09-28 17:07:36,+0300,9,Mustika,22,success,"{"total":22,"location_name":"Mustika","location_id":9}"
2026-09-28 17:07:36,+0300,10,Suur-Paala,11,success,"{"total":11,"location_name":"Suur-Paala","location_id":10}"
2026-09-28 17:07:36,+0300,1,Hipodroom,0,success,"{"total":0,"location_name":"Hipodroom (CLOSED)","location_id":1}"
2026-09-28 17:09:37,+0300,3,T1,15,success,"{"total":15,"location_name":"T1 Shopping Mall","location_id":3}"
2026-09-28 17:09:37,+0300,9,Mustika,22,success,"{"total":22,"location_name":"Mustika","location_id":9}"
2026-09-28 17:09:37,+0300,10,Suur-Paala,11,success,"{"total":11,"location_name":"Suur-Paala","location_id":10}"
2026-09-28 17:09:37,+0300,1,Hipodroom,0,success,"{"total":0,"location_name":"Hipodroom (CLOSED)","location_id":1}"
2026-09-28 17:11:37,+0300,3,T1,15,success,"{"total":15,"location_name":"T1 Shopping Mall","location_id":3}"
2026-09-28 17:11:37,+0300,9,Mustika,22,success,"{"total":22,"location_name":"Mustika","location_id":9}"
2026-09-28 17:11:37,+0300,10,Suur-Paala,11,success,"{"total":11,"location_name":"Suur-Paala","location_id":10}"
2026-09-28 17:11:37,+0300,1,Hipodroom,0,success,"{"total":0,"location_name":"Hipodroom (CLOSED)","location_id":1}"
2026-09-28 17:13:38,+0300,3,T1,16,success,"{"total":16,"location_name":"T1 Shopping Mall","location_id":3}"
2026-09-28 17:13:38,+0300,9,Mustika,25,success,"{"total":25,"location_name":"Mustika","location_id":9}"
2026-09-28 17:13:38,+0300,10,Suur-Paala,11,success,"{"total":11,"location_name":"Suur-Paala","location_id":10}"
2026-09-28 17:13:38,+0300,1,Hipodroom,0,success,"{"total":0,"location_name":"Hipodroom (CLOSED)","location_id":1}"
2026-09-28 17:15:38,+0300,3,T1,16,success,"{"total":16,"location_name":"T1 Shopping Mall","location_id":3}"
2026-09-28 17:15:38,+0300,9,Mustika,25,success,"{"total":25,"location_name":"Mustika","location_id":9}"
2026-09-28 17:15:38,+0300,10,Suur-Paala,11,success,"{"total":11,"location_name":"Suur-Paala","location_id":10}"
2026-09-28 17:15:38,+0300,1,Hipodroom,0,success,"{"total":0,"location_name":"Hipodroom (CLOSED)","location_id":1}"
2026-09-28 17:17:39,+0300,3,T1,16,success,"{"total":16,"location_name":"T1 Shopping Mall","location_id":3}"
2026-09-28 17:17:39,+0300,9,Mustika,25,success,"{"total":25,"location_name":"Mustika","location_id":9}"
2026-09-28 17:17:39,+0300,10,Suur-Paala,11,success,"{"total":11,"location_name":"Suur-Paala","location_id":10}"
2026-09-28 17:17:39,+0300,1,Hipodroom,0,success,"{"total":0,"location_name":"Hipodroom (CLOSED)","location_id":1}"
2026-09-28 17:19:39,+0300,3,T1,16,success,"{"total":16,"location_name":"T1 Shopping Mall","location_id":3}"
2026-09-28 17:19:39,+0300,9,Mustika,26,success,"{"total":26,"location_name":"Mustika","location_id":9}"
2026-09-28 17:19:39,+0300,10,Suur-Paala,11,success,"{"total":11,"location_name":"Suur-Paala","location_id":10}"
2026-09-28 17:19:39,+0300,1,Hipodroom,0,success,"{"total":0,"location_name":"Hipodroom (CLOSED)","location_id":1}"
2026-09-28 17:21:40,+0300,3,T1,16,success,"{"total":16,"location_name":"T1 Shopping Mall","location_id":3}"
2026-09-28 17:21:40,+0300,9,Mustika,26,success,"{"total":26,"location_name":"Mustika","location_id":9}"
2026-09-28 17:21:40,+0300,10,Suur-Paala,11,success,"{"total":11,"location_name":"Suur-Paala","location_id":10}"
2026-09-28 17:21:40,+0300,1,Hipodroom,0,success,"{"total":0,"location_name":"Hipodroom (CLOSED)","location_id":1}"
2026-09-28 17:23:40,+0300,3,T1,16,success,"{"total":16,"location_name":"T1 Shopping Mall","location_id":3}"
2026-09-28 17:23:40,+0300,9,Mustika,26,success,"{"total":26,"location_name":"Mustika","location_id":9}"
2026-09-28 17:23:40,+0300,10,Suur-Paala,11,success,"{"total":11,"location_name":"Suur-Paala","location_id":10}"
2026-09-28 17:23:40,+0300,1,Hipodroom,0,success,"{"total":0,"location_name":"Hipodroom (CLOSED)","location_id":1}"
2026-09-28 17:25:41,+0300,3,T1,19,success,"{"total":19,"location_name":"T1 Shopping Mall","location_id":3}"
2026-09-28 17:25:41,+0300,9,Mustika,26,success,"{"total":26,"location_name":"Mustika","location_id":9}"
2026-09-28 17:25:41,+0300,10,Suur-Paala,11,success,"{"total":11,"location_name":"Suur-Paala","location_id":10}"
2026-09-28 17:25:41,+0300,1,Hipodroom,0,success,"{"total":0,"location_name":"Hipodroom (CLOSED)","location_id":1}"
2026-09-28 17:27:41,+0300,3,T1,19,success,"{"total":19,"location_name":"T1 Shopping Mall","location_id":3}"
2026-09-28 17:27:41,+0300,9,Mustika,26,success,"{"total":26,"location_name":"Mustika","location_id":9}"
2026-09-28 17:27:41,+0300,10,Suur-Paala,11,success,"{"total":11,"location_name":"Suur-Paala","location_id":10}"
2026-09-28 17:27:41,+0300,1,Hipodroom,0,success,"{"total":0,"location_name":"Hipodroom (CLOSED)","location_id":1}"
2026-09-28 17:29:42,+0300,3,T1,19,success,"{"total":19,"location_name":"T1 Shopping Mall","location_id":3}"
2026-09-28 17:29:42,+0300,9,Mustika,26,success,"{"total":26,"location_name":"Mustika","location_id":9}"
2026-09-28 17:29:42,+0300,10,Suur-Paala,11,success,"{"total":11,"location_name":"Suur-Paala","location_id":10}"
2026-09-28 17:29:42,+0300,1,Hipodroom,0,success,"{"total":0,"location_name":"Hipodroom (CLOSED)","location_id":1}"
2026-09-28 17:31:42,+0300,3,T1,22,success,"{"total":22,"location_name":"T1 Shopping Mall","location_id":3}"
2026-09-28 17:31:42,+0300,9,Mustika,27,success,"{"total":27,"location_name":"Mustika","location_id":9}"
2026-09-28 17:31:42,+0300,10,Suur-Paala,11,success,"{"total":11,"location_name":"Suur-Paala","location_id":10}"
2026-09-28 17:31:42,+0300,1,Hipodroom,0,success,"{"total":0,"location_name":"Hipodroom (CLOSED)","location_id":1}"
2026-09-28 17:33:43,+0300,3,T1,22,success,"{"total":22,"location_name":"T1 Shopping Mall","location_id":3}"
2026-09-28 17:33:43,+0300,9,Mustika,27,success,"{"total":27,"location_name":"Mustika","location_id":9}"
2026-09-28 17:33:43,+0300,10,Suur-Paala,11,success,"{"total":11,"location_name":"Suur-Paala","location_id":10}"
2026-09-28 17:33:43,+0300,1,Hipodroom,0,success,"{"total":0,"location_name":"Hipodroom (CLOSED)","location_id":1}"
2026-09-28 17:35:43,+0300,3,T1,22,success,"{"total":22,"location_name":"T1 Shopping Mall","location_id":3}"
2026-09-28 17:35:43,+0300,9,Mustika,27,success,"{"total":27,"location_name":"Mustika","location_id":9}"
2026-09-28 17:35:43,+0300,10,Suur-Paala,12,success,"{"total":12,"location_name":"Suur-Paala","location_id":10}"
2026-09-28 17:35:43,+0300,1,Hipodroom,0,success,"{"total":0,"location_name":"Hipodroom (CLOSED)","location_id":1}"
2026-09-28 17:37:44,+0300,3,T1,23,success,"{"total":23,"location_name":"T1 Shopping Mall","location_id":3}"
2026-09-28 17:37:44,+0300,9,Mustika,26,success,"{"total":26,"location_name":"Mustika","location_id":9}"
2026-09-28 17:37:44,+0300,10,Suur-Paala,12,success,"{"total":12,"location_name":"Suur-Paala","location_id":10}"
2026-09-28 17:37:44,+0300,1,Hipodroom,0,success,"{"total":0,"location_name":"Hipodroom (CLOSED)","location_id":1}"
2026-09-28 17:39:44,+0300,3,T1,23,success,"{"total":23,"location_name":"T1 Shopping Mall","location_id":3}"
2026-09-28 17:39:44,+0300,9,Mustika,26,success,"{"total":26,"location_name":"Mustika","location_id":9}"
2026-09-28 17:39:44,+0300,10,Suur-Paala,12,success,"{"total":12,"location_name":"Suur-Paala","location_id":10}"
2026-09-28 17:39:44,+0300,1,Hipodroom,0,success,"{"total":0,"location_name":"Hipodroom (CLOSED)","location_id":1}"
2026-09-28 17:41:45,+0300,3,T1,23,success,"{"total":23,"location_name":"T1 Shopping Mall","location_id":3}"
2026-09-28 17:41:45,+0300,9,Mustika,26,success,"{"total":26,"location_name":"Mustika","location_id":9}"
2026-09-28 17:41:45,+0300,10,Suur-Paala,12,success,"{"total":12,"location_name":"Suur-Paala","location_id":10}"
2026-09-28 17:41:45,+0300,1,Hipodroom,0,success,"{"total":0,"location_name":"Hipodroom (CLOSED)","location_id":1}"
2026-09-28 17:43:45,+0300,3,T1,25,success,"{"total":25,"location_name":"T1 Shopping Mall","location_id":3}"
2026-09-28 17:43:45,+0300,9,Mustika,26,success,"{"total":26,"location_name":"Mustika","location_id":9}"
2026-09-28 17:43:45,+0300,10,Suur-Paala,12,success,"{"total":12,"location_name":"Suur-Paala","location_id":10}"
2026-09-28 17:43:45,+0300,1,Hipodroom,0,success,"{"total":0,"location_name":"Hipodroom (CLOSED)","location_id":1}"
2026-09-28 17:45:46,+0300,3,T1,25,success,"{"total":25,"location_name":"T1 Shopping Mall","location_id":3}"
2026-09-28 17:45:46,+0300,9,Mustika,26,success,"{"total":26,"location_name":"Mustika","location_id":9}"
2026-09-28 17:45:46,+0300,10,Suur-Paala,12,success,"{"total":12,"location_name":"Suur-Paala","location_id":10}"
2026-09-28 17:45:46,+0300,1,Hipodroom,0,success,"{"total":0,"location_name":"Hipodroom (CLOSED)","location_id":1}"
2026-09-28 17:47:46,+0300,3,T1,25,success,"{"total":25,"location_name":"T1 Shopping Mall","location_id":3}"
2026-09-28 17:47:46,+0300,9,Mustika,26,success,"{"total":26,"location_name":"Mustika","location_id":9}"
2026-09-28 17:47:46,+0300,10,Suur-Paala,13,success,"{"total":13,"location_name":"Suur-Paala","location_id":10}"
2026-09-28 17:47:46,+0300,1,Hipodroom,0,success,"{"total":0,"location_name":"Hipodroom (CLOSED)","location_id":1}"
2026-09-28 17:49:46,+0300,3,T1,27,success,"{"total":27,"location_name":"T1 Shopping Mall","location_id":3}"
2026-09-28 17:49:46,+0300,9,Mustika,27,success,"{"total":27,"location_name":"Mustika","location_id":9}"
2026-09-28 17:49:46,+0300,10,Suur-Paala,13,success,"{"total":13,"location_name":"Suur-Paala","location_id":10}"
2026-09-28 17:49:46,+0300,1,Hipodroom,0,success,"{"total":0,"location_name":"Hipodroom (CLOSED)","location_id":1}"
2026-09-28 17:51:47,+0300,3,T1,27,success,"{"total":27,"location_name":"T1 Shopping Mall","location_id":3}"
2026-09-28 17:51:47,+0300,9,Mustika,27,success,"{"total":27,"location_name":"Mustika","location_id":9}"
2026-09-28 17:51:47,+0300,10,Suur-Paala,13,success,"{"total":13,"location_name":"Suur-Paala","location_id":10}"
2026-09-28 17:51:47,+0300,1,Hipodroom,0,success,"{"total":0,"location_name":"Hipodroom (CLOSED)","location_id":1}"
2026-09-28 17:53:47,+0300,3,T1,27,success,"{"total":27,"location_name":"T1 Shopping Mall","location_id":3}"
2026-09-28 17:53:47,+0300,9,Mustika,27,success,"{"total":27,"location_name":"Mustika","location_id":9}"
2026-09-28 17:53:47,+0300,10,Suur-Paala,13,success,"{"total":13,"location_name":"Suur-Paala","location_id":10}"
2026-09-28 17:53:47,+0300,1,Hipodroom,0,success,"{"total":0,"location_name":"Hipodroom (CLOSED)","location_id":1}"
2026-09-28 17:55:48,+0300,3,T1,29,success,"{"total":29,"location_name":"T1 Shopping Mall","location_id":3}"
2026-09-28 17:55:48,+0300,9,Mustika,28,success,"{"total":28,"location_name":"Mustika","location_id":9}"
2026-09-28 17:55:48,+0300,10,Suur-Paala,13,success,"{"total":13,"location_name":"Suur-Paala","location_id":10}"
2026-09-28 17:55:48,+0300,1,Hipodroom,0,success,"{"total":0,"location_name":"Hipodroom (CLOSED)","location_id":1}"
2026-09-28 17:57:48,+0300,3,T1,29,success,"{"total":29,"location_name":"T1 Shopping Mall","location_id":3}"
2026-09-28 17:57:48,+0300,9,Mustika,28,success,"{"total":28,"location_name":"Mustika","location_id":9}"
2026-09-28 17:57:48,+0300,10,Suur-Paala,13,success,"{"total":13,"location_name":"Suur-Paala","location_id":10}"
2026-09-28 17:57:48,+0300,1,Hipodroom,0,success,"{"total":0,"location_name":"Hipodroom (CLOSED)","location_id":1}"
2026-09-28 17:59:49,+0300,3,T1,29,success,"{"total":29,"location_name":"T1 Shopping Mall","location_id":3}"
2026-09-28 17:59:49,+0300,9,Mustika,28,success,"{"total":28,"location_name":"Mustika","location_id":9}"
2026-09-28 17:59:49,+0300,10,Suur-Paala,13,success,"{"total":13,"location_name":"Suur-Paala","location_id":10}"
2026-09-28 17:59:49,+0300,1,Hipodroom,0,success,"{"total":0,"location_name":"Hipodroom (CLOSED)","location_id":1}"
2026-09-28 18:01:49,+0300,3,T1,30,success,"{"total":30,"location_name":"T1 Shopping Mall","location_id":3}"
2026-09-28 18:01:49,+0300,9,Mustika,32,success,"{"total":32,"location_name":"Mustika","location_id":9}"
2026-09-28 18:01:49,+0300,10,Suur-Paala,13,success,"{"total":13,"location_name":"Suur-Paala","location_id":10}"
2026-09-28 18:01:49,+0300,1,Hipodroom,0,success,"{"total":0,"location_name":"Hipodroom (CLOSED)","location_id":1}"
2026-09-28 18:03:49,+0300,3,T1,30,success,"{"total":30,"location_name":"T1 Shopping Mall","location_id":3}"
2026-09-28 18:03:49,+0300,9,Mustika,32,success,"{"total":32,"location_name":"Mustika","location_id":9}"
2026-09-28 18:03:49,+0300,10,Suur-Paala,13,success,"{"total":13,"location_name":"Suur-Paala","location_id":10}"
2026-09-28 18:03:49,+0300,1,Hipodroom,0,success,"{"total":0,"location_name":"Hipodroom (CLOSED)","location_id":1}"
2026-09-28 18:05:50,+0300,3,T1,30,success,"{"total":30,"location_name":"T1 Shopping Mall","location_id":3}"
2026-09-28 18:05:50,+0300,9,Mustika,32,success,"{"total":32,"location_name":"Mustika","location_id":9}"
2026-09-28 18:05:50,+0300,10,Suur-Paala,14,success,"{"total":14,"location_name":"Suur-Paala","location_id":10}"
2026-09-28 18:05:50,+0300,1,Hipodroom,0,success,"{"total":0,"location_name":"Hipodroom (CLOSED)","location_id":1}"
2026-09-28 18:07:51,+0300,3,T1,29,success,"{"total":29,"location_name":"T1 Shopping Mall","location_id":3}"
2026-09-28 18:07:51,+0300,9,Mustika,33,success,"{"total":33,"location_name":"Mustika","location_id":9}"
2026-09-28 18:07:51,+0300,10,Suur-Paala,14,success,"{"total":14,"location_name":"Suur-Paala","location_id":10}"
2026-09-28 18:07:51,+0300,1,Hipodroom,0,success,"{"total":0,"location_name":"Hipodroom (CLOSED)","location_id":1}"
2026-09-28 18:09:51,+0300,3,T1,29,success,"{"total":29,"location_name":"T1 Shopping Mall","location_id":3}"
2026-09-28 18:09:51,+0300,9,Mustika,33,success,"{"total":33,"location_name":"Mustika","location_id":9}"
2026-09-28 18:09:51,+0300,10,Suur-Paala,14,success,"{"total":14,"location_name":"Suur-Paala","location_id":10}"
2026-09-28 18:09:51,+0300,1,Hipodroom,0,success,"{"total":0,"location_name":"Hipodroom (CLOSED)","location_id":1}"
2026-09-28 18:11:52,+0300,3,T1,29,success,"{"total":29,"location_name":"T1 Shopping Mall","location_id":3}"
2026-09-28 18:11:52,+0300,9,Mustika,33,success,"{"total":33,"location_name":"Mustika","location_id":9}"
2026-09-28 18:11:52,+0300,10,Suur-Paala,14,success,"{"total":14,"location_name":"Suur-Paala","location_id":10}"
2026-09-28 18:11:52,+0300,1,Hipodroom,0,success,"{"total":0,"location_name":"Hipodroom (CLOSED)","location_id":1}"
2026-09-28 18:13:52,+0300,3,T1,29,success,"{"total":29,"location_name":"T1 Shopping Mall","location_id":3}"
2026-09-28 18:13:52,+0300,9,Mustika,39,success,"{"total":39,"location_name":"Mustika","location_id":9}"
2026-09-28 18:13:52,+0300,10,Suur-Paala,14,success,"{"total":14,"location_name":"Suur-Paala","location_id":10}"
2026-09-28 18:13:52,+0300,1,Hipodroom,0,success,"{"total":0,"location_name":"Hipodroom (CLOSED)","location_id":1}"
2026-09-28 18:15:52,+0300,3,T1,29,success,"{"total":29,"location_name":"T1 Shopping Mall","location_id":3}"
2026-09-28 18:15:52,+0300,9,Mustika,39,success,"{"total":39,"location_name":"Mustika","location_id":9}"
2026-09-28 18:15:52,+0300,10,Suur-Paala,14,success,"{"total":14,"location_name":"Suur-Paala","location_id":10}"
2026-09-28 18:15:52,+0300,1,Hipodroom,0,success,"{"total":0,"location_name":"Hipodroom (CLOSED)","location_id":1}"
2026-09-28 18:17:53,+0300,3,T1,29,success,"{"total":29,"location_name":"T1 Shopping Mall","location_id":3}"
2026-09-28 18:17:53,+0300,9,Mustika,39,success,"{"total":39,"location_name":"Mustika","location_id":9}"
2026-09-28 18:17:53,+0300,10,Suur-Paala,13,success,"{"total":13,"location_name":"Suur-Paala","location_id":10}"
2026-09-28 18:17:53,+0300,1,Hipodroom,0,success,"{"total":0,"location_name":"Hipodroom (CLOSED)","location_id":1}"
2026-09-28 18:19:54,+0300,3,T1,29,success,"{"total":29,"location_name":"T1 Shopping Mall","location_id":3}"
2026-09-28 18:19:54,+0300,9,Mustika,42,success,"{"total":42,"location_name":"Mustika","location_id":9}"
2026-09-28 18:19:54,+0300,10,Suur-Paala,13,success,"{"total":13,"location_name":"Suur-Paala","location_id":10}"
2026-09-28 18:19:54,+0300,1,Hipodroom,0,success,"{"total":0,"location_name":"Hipodroom (CLOSED)","location_id":1}"
2026-09-28 18:21:54,+0300,3,T1,29,success,"{"total":29,"location_name":"T1 Shopping Mall","location_id":3}"
2026-09-28 18:21:54,+0300,9,Mustika,42,success,"{"total":42,"location_name":"Mustika","location_id":9}"
2026-09-28 18:21:54,+0300,10,Suur-Paala,13,success,"{"total":13,"location_name":"Suur-Paala","location_id":10}"
2026-09-28 18:21:54,+0300,1,Hipodroom,0,success,"{"total":0,"location_name":"Hipodroom (CLOSED)","location_id":1}"
2026-09-28 18:23:55,+0300,3,T1,29,success,"{"total":29,"location_name":"T1 Shopping Mall","location_id":3}"
2026-09-28 18:23:55,+0300,9,Mustika,42,success,"{"total":42,"location_name":"Mustika","location_id":9}"
2026-09-28 18:23:55,+0300,10,Suur-Paala,13,success,"{"total":13,"location_name":"Suur-Paala","location_id":10}"
2026-09-28 18:23:55,+0300,1,Hipodroom,0,success,"{"total":0,"location_name":"Hipodroom (CLOSED)","location_id":1}"
2026-09-28 18:25:55,+0300,3,T1,30,success,"{"total":30,"location_name":"T1 Shopping Mall","location_id":3}"
2026-09-28 18:25:55,+0300,9,Mustika,46,success,"{"total":46,"location_name":"Mustika","location_id":9}"
2026-09-28 18:25:55,+0300,10,Suur-Paala,13,success,"{"total":13,"location_name":"Suur-Paala","location_id":10}"
2026-09-28 18:25:55,+0300,1,Hipodroom,0,success,"{"total":0,"location_name":"Hipodroom (CLOSED)","location_id":1}"
2026-09-28 18:27:56,+0300,3,T1,30,success,"{"total":30,"location_name":"T1 Shopping Mall","location_id":3}"
2026-09-28 18:27:56,+0300,9,Mustika,46,success,"{"total":46,"location_name":"Mustika","location_id":9}"
2026-09-28 18:27:56,+0300,10,Suur-Paala,13,success,"{"total":13,"location_name":"Suur-Paala","location_id":10}"
2026-09-28 18:27:56,+0300,1,Hipodroom,0,success,"{"total":0,"location_name":"Hipodroom (CLOSED)","location_id":1}"
2026-09-28 18:29:56,+0300,3,T1,30,success,"{"total":30,"location_name":"T1 Shopping Mall","location_id":3}"
2026-09-28 18:29:56,+0300,9,Mustika,46,success,"{"total":46,"location_name":"Mustika","location_id":9}"
2026-09-28 18:29:56,+0300,10,Suur-Paala,16,success,"{"total":16,"location_name":"Suur-Paala","location_id":10}"
2026-09-28 18:29:56,+0300,1,Hipodroom,0,success,"{"total":0,"location_name":"Hipodroom (CLOSED)","location_id":1}"
2026-09-28 18:31:57,+0300,3,T1,32,success,"{"total":32,"location_name":"T1 Shopping Mall","location_id":3}"
2026-09-28 18:31:57,+0300,9,Mustika,49,success,"{"total":49,"location_name":"Mustika","location_id":9}"
2026-09-28 18:31:57,+0300,10,Suur-Paala,16,success,"{"total":16,"location_name":"Suur-Paala","location_id":10}"
2026-09-28 18:31:57,+0300,1,Hipodroom,0,success,"{"total":0,"location_name":"Hipodroom (CLOSED)","location_id":1}"
2026-09-28 18:33:57,+0300,3,T1,32,success,"{"total":32,"location_name":"T1 Shopping Mall","location_id":3}"
2026-09-28 18:33:57,+0300,9,Mustika,49,success,"{"total":49,"location_name":"Mustika","location_id":9}"
2026-09-28 18:33:57,+0300,10,Suur-Paala,16,success,"{"total":16,"location_name":"Suur-Paala","location_id":10}"
2026-09-28 18:33:57,+0300,1,Hipodroom,0,success,"{"total":0,"location_name":"Hipodroom (CLOSED)","location_id":1}"
2026-09-28 18:35:58,+0300,3,T1,32,success,"{"total":32,"location_name":"T1 Shopping Mall","location_id":3}"
2026-09-28 18:35:58,+0300,9,Mustika,49,success,"{"total":49,"location_name":"Mustika","location_id":9}"
2026-09-28 18:35:58,+0300,10,Suur-Paala,17,success,"{"total":17,"location_name":"Suur-Paala","location_id":10}"
2026-09-28 18:35:58,+0300,1,Hipodroom,0,success,"{"total":0,"location_name":"Hipodroom (CLOSED)","location_id":1}"
2026-09-28 18:37:59,+0300,3,T1,32,success,"{"total":32,"location_name":"T1 Shopping Mall","location_id":3}"
2026-09-28 18:37:59,+0300,9,Mustika,50,success,"{"total":50,"location_name":"Mustika","location_id":9}"
2026-09-28 18:37:59,+0300,10,Suur-Paala,17,success,"{"total":17,"location_name":"Suur-Paala","location_id":10}"
2026-09-28 18:37:59,+0300,1,Hipodroom,0,success,"{"total":0,"location_name":"Hipodroom (CLOSED)","location_id":1}"
2026-09-28 18:39:59,+0300,3,T1,32,success,"{"total":32,"location_name":"T1 Shopping Mall","location_id":3}"
2026-09-28 18:39:59,+0300,9,Mustika,50,success,"{"total":50,"location_name":"Mustika","location_id":9}"
2026-09-28 18:39:59,+0300,10,Suur-Paala,17,success,"{"total":17,"location_name":"Suur-Paala","location_id":10}"
2026-09-28 18:39:59,+0300,1,Hipodroom,0,success,"{"total":0,"location_name":"Hipodroom (CLOSED)","location_id":1}"
2026-09-28 18:42:00,+0300,3,T1,32,success,"{"total":32,"location_name":"T1 Shopping Mall","location_id":3}"
2026-09-28 18:42:00,+0300,9,Mustika,50,success,"{"total":50,"location_name":"Mustika","location_id":9}"
2026-09-28 18:42:00,+0300,10,Suur-Paala,18,success,"{"total":18,"location_name":"Suur-Paala","location_id":10}"
2026-09-28 18:42:00,+0300,1,Hipodroom,0,success,"{"total":0,"location_name":"Hipodroom (CLOSED)","location_id":1}"
2026-09-28 18:44:01,+0300,3,T1,33,success,"{"total":33,"location_name":"T1 Shopping Mall","location_id":3}"
2026-09-28 18:44:01,+0300,9,Mustika,54,success,"{"total":54,"location_name":"Mustika","location_id":9}"
2026-09-28 18:44:01,+0300,10,Suur-Paala,18,success,"{"total":18,"location_name":"Suur-Paala","location_id":10}"
2026-09-28 18:44:01,+0300,1,Hipodroom,0,success,"{"total":0,"location_name":"Hipodroom (CLOSED)","location_id":1}"
2026-09-28 18:46:02,+0300,3,T1,33,success,"{"total":33,"location_name":"T1 Shopping Mall","location_id":3}"
2026-09-28 18:46:02,+0300,9,Mustika,54,success,"{"total":54,"location_name":"Mustika","location_id":9}"
2026-09-28 18:46:02,+0300,10,Suur-Paala,18,success,"{"total":18,"location_name":"Suur-Paala","location_id":10}"
2026-09-28 18:46:02,+0300,1,Hipodroom,0,success,"{"total":0,"location_name":"Hipodroom (CLOSED)","location_id":1}"
2026-09-28 18:48:02,+0300,3,T1,33,success,"{"total":33,"location_name":"T1 Shopping Mall","location_id":3}"
2026-09-28 18:48:02,+0300,9,Mustika,54,success,"{"total":54,"location_name":"Mustika","location_id":9}"
2026-09-28 18:48:02,+0300,10,Suur-Paala,18,success,"{"total":18,"location_name":"Suur-Paala","location_id":10}"
2026-09-28 18:48:02,+0300,1,Hipodroom,0,success,"{"total":0,"location_name":"Hipodroom (CLOSED)","location_id":1}"
2026-09-28 18:50:03,+0300,3,T1,33,success,"{"total":33,"location_name":"T1 Shopping Mall","location_id":3}"
2026-09-28 18:50:03,+0300,9,Mustika,54,success,"{"total":54,"location_name":"Mustika","location_id":9}"
2026-09-28 18:50:03,+0300,10,Suur-Paala,18,success,"{"total":18,"location_name":"Suur-Paala","location_id":10}"
2026-09-28 18:50:03,+0300,1,Hipodroom,0,success,"{"total":0,"location_name":"Hipodroom (CLOSED)","location_id":1}"
2026-09-28 18:52:03,+0300,3,T1,33,success,"{"total":33,"location_name":"T1 Shopping Mall","location_id":3}"
2026-09-28 18:52:03,+0300,9,Mustika,54,success,"{"total":54,"location_name":"Mustika","location_id":9}"
2026-09-28 18:52:03,+0300,10,Suur-Paala,18,success,"{"total":18,"location_name":"Suur-Paala","location_id":10}"
2026-09-28 18:52:03,+0300,1,Hipodroom,0,success,"{"total":0,"location_name":"Hipodroom (CLOSED)","location_id":1}"
2026-09-28 18:54:04,+0300,3,T1,33,success,"{"total":33,"location_name":"T1 Shopping Mall","location_id":3}"
2026-09-28 18:54:04,+0300,9,Mustika,54,success,"{"total":54,"location_name":"Mustika","location_id":9}"
2026-09-28 18:54:04,+0300,10,Suur-Paala,19,success,"{"total":19,"location_name":"Suur-Paala","location_id":10}"
2026-09-28 18:54:04,+0300,1,Hipodroom,0,success,"{"total":0,"location_name":"Hipodroom (CLOSED)","location_id":1}"
2026-09-28 18:56:05,+0300,3,T1,32,success,"{"total":32,"location_name":"T1 Shopping Mall","location_id":3}"
2026-09-28 18:56:05,+0300,9,Mustika,54,success,"{"total":54,"location_name":"Mustika","location_id":9}"
2026-09-28 18:56:05,+0300,10,Suur-Paala,19,success,"{"total":19,"location_name":"Suur-Paala","location_id":10}"
2026-09-28 18:56:05,+0300,1,Hipodroom,0,success,"{"total":0,"location_name":"Hipodroom (CLOSED)","location_id":1}"
2026-09-28 18:58:05,+0300,3,T1,32,success,"{"total":32,"location_name":"T1 Shopping Mall","location_id":3}"
2026-09-28 18:58:05,+0300,9,Mustika,54,success,"{"total":54,"location_name":"Mustika","location_id":9}"
2026-09-28 18:58:05,+0300,10,Suur-Paala,19,success,"{"total":19,"location_name":"Suur-Paala","location_id":10}"
2026-09-28 18:58:05,+0300,1,Hipodroom,0,success,"{"total":0,"location_name":"Hipodroom (CLOSED)","location_id":1}"
2026-09-28 19:00:05,+0300,3,T1,32,success,"{"total":32,"location_name":"T1 Shopping Mall","location_id":3}"
2026-09-28 19:00:05,+0300,9,Mustika,54,success,"{"total":54,"location_name":"Mustika","location_id":9}"
2026-09-28 19:00:05,+0300,10,Suur-Paala,19,success,"{"total":19,"location_name":"Suur-Paala","location_id":10}"
2026-09-28 19:00:05,+0300,1,Hipodroom,0,success,"{"total":0,"location_name":"Hipodroom (CLOSED)","location_id":1}"
2026-09-28 19:02:06,+0300,3,T1,33,success,"{"total":33,"location_name":"T1 Shopping Mall","location_id":3}"
2026-09-28 19:02:06,+0300,9,Mustika,52,success,"{"total":52,"location_name":"Mustika","location_id":9}"
2026-09-28 19:02:06,+0300,10,Suur-Paala,19,success,"{"total":19,"location_name":"Suur-Paala","location_id":10}"
2026-09-28 19:02:06,+0300,1,Hipodroom,0,success,"{"total":0,"location_name":"Hipodroom (CLOSED)","location_id":1}"
2026-09-28 19:04:07,+0300,3,T1,33,success,"{"total":33,"location_name":"T1 Shopping Mall","location_id":3}"
2026-09-28 19:04:07,+0300,9,Mustika,52,success,"{"total":52,"location_name":"Mustika","location_id":9}"
2026-09-28 19:04:07,+0300,10,Suur-Paala,19,success,"{"total":19,"location_name":"Suur-Paala","location_id":10}"
2026-09-28 19:04:07,+0300,1,Hipodroom,0,success,"{"total":0,"location_name":"Hipodroom (CLOSED)","location_id":1}"
2026-09-28 19:06:07,+0300,3,T1,33,success,"{"total":33,"location_name":"T1 Shopping Mall","location_id":3}"
2026-09-28 19:06:07,+0300,9,Mustika,52,success,"{"total":52,"location_name":"Mustika","location_id":9}"
2026-09-28 19:06:07,+0300,10,Suur-Paala,20,success,"{"total":20,"location_name":"Suur-Paala","location_id":10}"
2026-09-28 19:06:07,+0300,1,Hipodroom,0,success,"{"total":0,"location_name":"Hipodroom (CLOSED)","location_id":1}"
2026-09-28 19:08:08,+0300,3,T1,34,success,"{"total":34,"location_name":"T1 Shopping Mall","location_id":3}"
2026-09-28 19:08:08,+0300,9,Mustika,52,success,"{"total":52,"location_name":"Mustika","location_id":9}"
2026-09-28 19:08:08,+0300,10,Suur-Paala,20,success,"{"total":20,"location_name":"Suur-Paala","location_id":10}"
2026-09-28 19:08:08,+0300,1,Hipodroom,0,success,"{"total":0,"location_name":"Hipodroom (CLOSED)","location_id":1}"
2026-09-28 19:10:08,+0300,3,T1,34,success,"{"total":34,"location_name":"T1 Shopping Mall","location_id":3}"
2026-09-28 19:10:08,+0300,9,Mustika,52,success,"{"total":52,"location_name":"Mustika","location_id":9}"
2026-09-28 19:10:08,+0300,10,Suur-Paala,20,success,"{"total":20,"location_name":"Suur-Paala","location_id":10}"
2026-09-28 19:10:08,+0300,1,Hipodroom,0,success,"{"total":0,"location_name":"Hipodroom (CLOSED)","location_id":1}"
2026-09-28 19:12:09,+0300,3,T1,34,success,"{"total":34,"location_name":"T1 Shopping Mall","location_id":3}"
2026-09-28 19:12:09,+0300,9,Mustika,52,success,"{"total":52,"location_name":"Mustika","location_id":9}"
2026-09-28 19:12:09,+0300,10,Suur-Paala,20,success,"{"total":20,"location_name":"Suur-Paala","location_id":10}"
2026-09-28 19:12:09,+0300,1,Hipodroom,0,success,"{"total":0,"location_name":"Hipodroom (CLOSED)","location_id":1}"
2026-09-28 19:14:09,+0300,3,T1,37,success,"{"total":37,"location_name":"T1 Shopping Mall","location_id":3}"
2026-09-28 19:14:09,+0300,9,Mustika,49,success,"{"total":49,"location_name":"Mustika","location_id":9}"
2026-09-28 19:14:09,+0300,10,Suur-Paala,20,success,"{"total":20,"location_name":"Suur-Paala","location_id":10}"
2026-09-28 19:14:09,+0300,1,Hipodroom,0,success,"{"total":0,"location_name":"Hipodroom (CLOSED)","location_id":1}"
2026-09-28 19:16:10,+0300,3,T1,37,success,"{"total":37,"location_name":"T1 Shopping Mall","location_id":3}"
2026-09-28 19:16:10,+0300,9,Mustika,49,success,"{"total":49,"location_name":"Mustika","location_id":9}"
2026-09-28 19:16:10,+0300,10,Suur-Paala,20,success,"{"total":20,"location_name":"Suur-Paala","location_id":10}"
2026-09-28 19:16:10,+0300,1,Hipodroom,0,success,"{"total":0,"location_name":"Hipodroom (CLOSED)","location_id":1}"
2026-09-28 19:18:10,+0300,3,T1,37,success,"{"total":37,"location_name":"T1 Shopping Mall","location_id":3}"
2026-09-28 19:18:10,+0300,9,Mustika,49,success,"{"total":49,"location_name":"Mustika","location_id":9}"
2026-09-28 19:18:10,+0300,10,Suur-Paala,21,success,"{"total":21,"location_name":"Suur-Paala","location_id":10}"
2026-09-28 19:18:10,+0300,1,Hipodroom,0,success,"{"total":0,"location_name":"Hipodroom (CLOSED)","location_id":1}"
2026-09-28 19:20:11,+0300,3,T1,38,success,"{"total":38,"location_name":"T1 Shopping Mall","location_id":3}"
2026-09-28 19:20:11,+0300,9,Mustika,49,success,"{"total":49,"location_name":"Mustika","location_id":9}"
2026-09-28 19:20:11,+0300,10,Suur-Paala,21,success,"{"total":21,"location_name":"Suur-Paala","location_id":10}"
2026-09-28 19:20:11,+0300,1,Hipodroom,0,success,"{"total":0,"location_name":"Hipodroom (CLOSED)","location_id":1}"
2026-09-28 19:22:11,+0300,3,T1,38,success,"{"total":38,"location_name":"T1 Shopping Mall","location_id":3}"
2026-09-28 19:22:11,+0300,9,Mustika,49,success,"{"total":49,"location_name":"Mustika","location_id":9}"
2026-09-28 19:22:11,+0300,10,Suur-Paala,21,success,"{"total":21,"location_name":"Suur-Paala","location_id":10}"
2026-09-28 19:22:11,+0300,1,Hipodroom,0,success,"{"total":0,"location_name":"Hipodroom (CLOSED)","location_id":1}"
2026-09-28 19:24:12,+0300,3,T1,38,success,"{"total":38,"location_name":"T1 Shopping Mall","location_id":3}"
2026-09-28 19:24:12,+0300,9,Mustika,49,success,"{"total":49,"location_name":"Mustika","location_id":9}"
2026-09-28 19:24:12,+0300,10,Suur-Paala,23,success,"{"total":23,"location_name":"Suur-Paala","location_id":10}"
2026-09-28 19:24:12,+0300,1,Hipodroom,0,success,"{"total":0,"location_name":"Hipodroom (CLOSED)","location_id":1}"
2026-09-28 19:26:12,+0300,3,T1,41,success,"{"total":41,"location_name":"T1 Shopping Mall","location_id":3}"
2026-09-28 19:26:12,+0300,9,Mustika,50,success,"{"total":50,"location_name":"Mustika","location_id":9}"
2026-09-28 19:26:12,+0300,10,Suur-Paala,23,success,"{"total":23,"location_name":"Suur-Paala","location_id":10}"
2026-09-28 19:26:12,+0300,1,Hipodroom,0,success,"{"total":0,"location_name":"Hipodroom (CLOSED)","location_id":1}"
2026-09-28 19:28:13,+0300,3,T1,41,success,"{"total":41,"location_name":"T1 Shopping Mall","location_id":3}"
2026-09-28 19:28:13,+0300,9,Mustika,50,success,"{"total":50,"location_name":"Mustika","location_id":9}"
2026-09-28 19:28:13,+0300,10,Suur-Paala,23,success,"{"total":23,"location_name":"Suur-Paala","location_id":10}"
2026-09-28 19:28:13,+0300,1,Hipodroom,0,success,"{"total":0,"location_name":"Hipodroom (CLOSED)","location_id":1}"
2026-09-28 19:30:13,+0300,3,T1,41,success,"{"total":41,"location_name":"T1 Shopping Mall","location_id":3}"
2026-09-28 19:30:13,+0300,9,Mustika,50,success,"{"total":50,"location_name":"Mustika","location_id":9}"
2026-09-28 19:30:13,+0300,10,Suur-Paala,20,success,"{"total":20,"location_name":"Suur-Paala","location_id":10}"
2026-09-28 19:30:13,+0300,1,Hipodroom,0,success,"{"total":0,"location_name":"Hipodroom (CLOSED)","location_id":1}"
2026-09-28 19:32:14,+0300,3,T1,40,success,"{"total":40,"location_name":"T1 Shopping Mall","location_id":3}"
2026-09-28 19:32:14,+0300,9,Mustika,49,success,"{"total":49,"location_name":"Mustika","location_id":9}"
2026-09-28 19:32:14,+0300,10,Suur-Paala,20,success,"{"total":20,"location_name":"Suur-Paala","location_id":10}"
2026-09-28 19:32:14,+0300,1,Hipodroom,0,success,"{"total":0,"location_name":"Hipodroom (CLOSED)","location_id":1}"
2026-09-28 19:34:14,+0300,3,T1,40,success,"{"total":40,"location_name":"T1 Shopping Mall","location_id":3}"
2026-09-28 19:34:14,+0300,9,Mustika,49,success,"{"total":49,"location_name":"Mustika","location_id":9}"
2026-09-28 19:34:14,+0300,10,Suur-Paala,20,success,"{"total":20,"location_name":"Suur-Paala","location_id":10}"
2026-09-28 19:34:14,+0300,1,Hipodroom,0,success,"{"total":0,"location_name":"Hipodroom (CLOSED)","location_id":1}"
2026-09-28 19:36:15,+0300,3,T1,40,success,"{"total":40,"location_name":"T1 Shopping Mall","location_id":3}"
2026-09-28 19:36:15,+0300,9,Mustika,49,success,"{"total":49,"location_name":"Mustika","location_id":9}"
2026-09-28 19:36:15,+0300,10,Suur-Paala,22,success,"{"total":22,"location_name":"Suur-Paala","location_id":10}"
2026-09-28 19:36:15,+0300,1,Hipodroom,0,success,"{"total":0,"location_name":"Hipodroom (CLOSED)","location_id":1}"
2026-09-28 19:38:15,+0300,3,T1,40,success,"{"total":40,"location_name":"T1 Shopping Mall","location_id":3}"
2026-09-28 19:38:15,+0300,9,Mustika,48,success,"{"total":48,"location_name":"Mustika","location_id":9}"
2026-09-28 19:38:15,+0300,10,Suur-Paala,22,success,"{"total":22,"location_name":"Suur-Paala","location_id":10}"
2026-09-28 19:38:15,+0300,1,Hipodroom,0,success,"{"total":0,"location_name":"Hipodroom (CLOSED)","location_id":1}"
2026-09-28 19:40:16,+0300,3,T1,40,success,"{"total":40,"location_name":"T1 Shopping Mall","location_id":3}"
2026-09-28 19:40:16,+0300,9,Mustika,48,success,"{"total":48,"location_name":"Mustika","location_id":9}"
2026-09-28 19:40:16,+0300,10,Suur-Paala,22,success,"{"total":22,"location_name":"Suur-Paala","location_id":10}"
2026-09-28 19:40:16,+0300,1,Hipodroom,0,success,"{"total":0,"location_name":"Hipodroom (CLOSED)","location_id":1}"
2026-09-28 19:42:16,+0300,3,T1,40,success,"{"total":40,"location_name":"T1 Shopping Mall","location_id":3}"
2026-09-28 19:42:16,+0300,9,Mustika,48,success,"{"total":48,"location_name":"Mustika","location_id":9}"
2026-09-28 19:42:16,+0300,10,Suur-Paala,22,success,"{"total":22,"location_name":"Suur-Paala","location_id":10}"
2026-09-28 19:42:16,+0300,1,Hipodroom,0,success,"{"total":0,"location_name":"Hipodroom (CLOSED)","location_id":1}"
2026-09-28 19:44:17,+0300,3,T1,39,success,"{"total":39,"location_name":"T1 Shopping Mall","location_id":3}"
2026-09-28 19:44:17,+0300,9,Mustika,47,success,"{"total":47,"location_name":"Mustika","location_id":9}"
2026-09-28 19:44:17,+0300,10,Suur-Paala,22,success,"{"total":22,"location_name":"Suur-Paala","location_id":10}"
2026-09-28 19:44:17,+0300,1,Hipodroom,0,success,"{"total":0,"location_name":"Hipodroom (CLOSED)","location_id":1}"
2026-09-28 19:46:17,+0300,3,T1,39,success,"{"total":39,"location_name":"T1 Shopping Mall","location_id":3}"
2026-09-28 19:46:17,+0300,9,Mustika,47,success,"{"total":47,"location_name":"Mustika","location_id":9}"
2026-09-28 19:46:17,+0300,10,Suur-Paala,22,success,"{"total":22,"location_name":"Suur-Paala","location_id":10}"
2026-09-28 19:46:17,+0300,1,Hipodroom,0,success,"{"total":0,"location_name":"Hipodroom (CLOSED)","location_id":1}"
2026-09-28 19:48:17,+0300,3,T1,39,success,"{"total":39,"location_name":"T1 Shopping Mall","location_id":3}"
2026-09-28 19:48:17,+0300,9,Mustika,47,success,"{"total":47,"location_name":"Mustika","location_id":9}"
2026-09-28 19:48:17,+0300,10,Suur-Paala,21,success,"{"total":21,"location_name":"Suur-Paala","location_id":10}"
2026-09-28 19:48:17,+0300,1,Hipodroom,0,success,"{"total":0,"location_name":"Hipodroom (CLOSED)","location_id":1}"
2026-09-28 19:50:18,+0300,3,T1,40,success,"{"total":40,"location_name":"T1 Shopping Mall","location_id":3}"
2026-09-28 19:50:18,+0300,9,Mustika,48,success,"{"total":48,"location_name":"Mustika","location_id":9}"
2026-09-28 19:50:18,+0300,10,Suur-Paala,21,success,"{"total":21,"location_name":"Suur-Paala","location_id":10}"
2026-09-28 19:50:18,+0300,1,Hipodroom,0,success,"{"total":0,"location_name":"Hipodroom (CLOSED)","location_id":1}"
2026-09-28 19:52:18,+0300,3,T1,40,success,"{"total":40,"location_name":"T1 Shopping Mall","location_id":3}"
2026-09-28 19:52:18,+0300,9,Mustika,48,success,"{"total":48,"location_name":"Mustika","location_id":9}"
2026-09-28 19:52:18,+0300,10,Suur-Paala,21,success,"{"total":21,"location_name":"Suur-Paala","location_id":10}"
2026-09-28 19:52:18,+0300,1,Hipodroom,0,success,"{"total":0,"location_name":"Hipodroom (CLOSED)","location_id":1}"
2026-09-28 19:54:19,+0300,3,T1,40,success,"{"total":40,"location_name":"T1 Shopping Mall","location_id":3}"
2026-09-28 19:54:19,+0300,9,Mustika,48,success,"{"total":48,"location_name":"Mustika","location_id":9}"
2026-09-28 19:54:19,+0300,10,Suur-Paala,20,success,"{"total":20,"location_name":"Suur-Paala","location_id":10}"
2026-09-28 19:54:19,+0300,1,Hipodroom,0,success,"{"total":0,"location_name":"Hipodroom (CLOSED)","location_id":1}"
2026-09-28 19:56:19,+0300,3,T1,40,success,"{"total":40,"location_name":"T1 Shopping Mall","location_id":3}"
2026-09-28 19:56:19,+0300,9,Mustika,47,success,"{"total":47,"location_name":"Mustika","location_id":9}"
2026-09-28 19:56:19,+0300,10,Suur-Paala,20,success,"{"total":20,"location_name":"Suur-Paala","location_id":10}"
2026-09-28 19:56:19,+0300,1,Hipodroom,0,success,"{"total":0,"location_name":"Hipodroom (CLOSED)","location_id":1}"
2026-09-28 19:58:20,+0300,3,T1,40,success,"{"total":40,"location_name":"T1 Shopping Mall","location_id":3}"
2026-09-28 19:58:20,+0300,9,Mustika,47,success,"{"total":47,"location_name":"Mustika","location_id":9}"
2026-09-28 19:58:20,+0300,10,Suur-Paala,20,success,"{"total":20,"location_name":"Suur-Paala","location_id":10}"
2026-09-28 19:58:20,+0300,1,Hipodroom,0,success,"{"total":0,"location_name":"Hipodroom (CLOSED)","location_id":1}"
2026-09-28 20:00:20,+0300,3,T1,40,success,"{"total":40,"location_name":"T1 Shopping Mall","location_id":3}"
2026-09-28 20:00:20,+0300,9,Mustika,47,success,"{"total":47,"location_name":"Mustika","location_id":9}"
2026-09-28 20:00:20,+0300,10,Suur-Paala,20,success,"{"total":20,"location_name":"Suur-Paala","location_id":10}"
2026-09-28 20:00:20,+0300,1,Hipodroom,0,success,"{"total":0,"location_name":"Hipodroom (CLOSED)","location_id":1}"
2026-09-28 20:02:21,+0300,3,T1,42,success,"{"total":42,"location_name":"T1 Shopping Mall","location_id":3}"
2026-09-28 20:02:21,+0300,9,Mustika,48,success,"{"total":48,"location_name":"Mustika","location_id":9}"
2026-09-28 20:02:21,+0300,10,Suur-Paala,20,success,"{"total":20,"location_name":"Suur-Paala","location_id":10}"
2026-09-28 20:02:21,+0300,1,Hipodroom,0,success,"{"total":0,"location_name":"Hipodroom (CLOSED)","location_id":1}"
2026-09-28 20:04:21,+0300,3,T1,42,success,"{"total":42,"location_name":"T1 Shopping Mall","location_id":3}"
2026-09-28 20:04:21,+0300,9,Mustika,48,success,"{"total":48,"location_name":"Mustika","location_id":9}"
2026-09-28 20:04:21,+0300,10,Suur-Paala,20,success,"{"total":20,"location_name":"Suur-Paala","location_id":10}"
2026-09-28 20:04:21,+0300,1,Hipodroom,0,success,"{"total":0,"location_name":"Hipodroom (CLOSED)","location_id":1}"
2026-09-28 20:06:22,+0300,3,T1,39,success,"{"total":39,"location_name":"T1 Shopping Mall","location_id":3}"
2026-09-28 20:06:22,+0300,9,Mustika,45,success,"{"total":45,"location_name":"Mustika","location_id":9}"
2026-09-28 20:06:22,+0300,10,Suur-Paala,21,success,"{"total":21,"location_name":"Suur-Paala","location_id":10}"
2026-09-28 20:06:22,+0300,1,Hipodroom,0,success,"{"total":0,"location_name":"Hipodroom (CLOSED)","location_id":1}"
2026-09-28 20:08:22,+0300,3,T1,39,success,"{"total":39,"location_name":"T1 Shopping Mall","location_id":3}"
2026-09-28 20:08:22,+0300,9,Mustika,45,success,"{"total":45,"location_name":"Mustika","location_id":9}"
2026-09-28 20:08:22,+0300,10,Suur-Paala,21,success,"{"total":21,"location_name":"Suur-Paala","location_id":10}"
2026-09-28 20:08:22,+0300,1,Hipodroom,0,success,"{"total":0,"location_name":"Hipodroom (CLOSED)","location_id":1}"
2026-09-28 20:10:23,+0300,3,T1,39,success,"{"total":39,"location_name":"T1 Shopping Mall","location_id":3}"
2026-09-28 20:10:23,+0300,9,Mustika,45,success,"{"total":45,"location_name":"Mustika","location_id":9}"
2026-09-28 20:10:23,+0300,10,Suur-Paala,21,success,"{"total":21,"location_name":"Suur-Paala","location_id":10}"
2026-09-28 20:10:23,+0300,1,Hipodroom,0,success,"{"total":0,"location_name":"Hipodroom (CLOSED)","location_id":1}"
2026-09-28 20:12:23,+0300,3,T1,39,success,"{"total":39,"location_name":"T1 Shopping Mall","location_id":3}"
2026-09-28 20:12:23,+0300,9,Mustika,43,success,"{"total":43,"location_name":"Mustika","location_id":9}"
2026-09-28 20:12:23,+0300,10,Suur-Paala,21,success,"{"total":21,"location_name":"Suur-Paala","location_id":10}"
2026-09-28 20:12:23,+0300,1,Hipodroom,0,success,"{"total":0,"location_name":"Hipodroom (CLOSED)","location_id":1}"
2026-09-28 20:14:24,+0300,3,T1,39,success,"{"total":39,"location_name":"T1 Shopping Mall","location_id":3}"
2026-09-28 20:14:24,+0300,9,Mustika,43,success,"{"total":43,"location_name":"Mustika","location_id":9}"
2026-09-28 20:14:24,+0300,10,Suur-Paala,21,success,"{"total":21,"location_name":"Suur-Paala","location_id":10}"
2026-09-28 20:14:24,+0300,1,Hipodroom,0,success,"{"total":0,"location_name":"Hipodroom (CLOSED)","location_id":1}"
2026-09-28 20:16:24,+0300,3,T1,39,success,"{"total":39,"location_name":"T1 Shopping Mall","location_id":3}"
2026-09-28 20:16:24,+0300,9,Mustika,43,success,"{"total":43,"location_name":"Mustika","location_id":9}"
2026-09-28 20:16:24,+0300,10,Suur-Paala,21,success,"{"total":21,"location_name":"Suur-Paala","location_id":10}"
2026-09-28 20:16:24,+0300,1,Hipodroom,0,success,"{"total":0,"location_name":"Hipodroom (CLOSED)","location_id":1}"
2026-09-28 20:18:25,+0300,3,T1,39,success,"{"total":39,"location_name":"T1 Shopping Mall","location_id":3}"
2026-09-28 20:18:25,+0300,9,Mustika,42,success,"{"total":42,"location_name":"Mustika","location_id":9}"
2026-09-28 20:18:25,+0300,10,Suur-Paala,21,success,"{"total":21,"location_name":"Suur-Paala","location_id":10}"
2026-09-28 20:18:25,+0300,1,Hipodroom,0,success,"{"total":0,"location_name":"Hipodroom (CLOSED)","location_id":1}"
2026-09-28 20:20:25,+0300,3,T1,39,success,"{"total":39,"location_name":"T1 Shopping Mall","location_id":3}"
2026-09-28 20:20:25,+0300,9,Mustika,42,success,"{"total":42,"location_name":"Mustika","location_id":9}"
2026-09-28 20:20:25,+0300,10,Suur-Paala,21,success,"{"total":21,"location_name":"Suur-Paala","location_id":10}"
2026-09-28 20:20:25,+0300,1,Hipodroom,0,success,"{"total":0,"location_name":"Hipodroom (CLOSED)","location_id":1}"
2026-09-28 20:22:26,+0300,3,T1,39,success,"{"total":39,"location_name":"T1 Shopping Mall","location_id":3}"
2026-09-28 20:22:26,+0300,9,Mustika,42,success,"{"total":42,"location_name":"Mustika","location_id":9}"
2026-09-28 20:22:26,+0300,10,Suur-Paala,21,success,"{"total":21,"location_name":"Suur-Paala","location_id":10}"
2026-09-28 20:22:26,+0300,1,Hipodroom,0,success,"{"total":0,"location_name":"Hipodroom (CLOSED)","location_id":1}"
2026-09-28 20:24:26,+0300,3,T1,38,success,"{"total":38,"location_name":"T1 Shopping Mall","location_id":3}"
2026-09-28 20:24:26,+0300,9,Mustika,42,success,"{"total":42,"location_name":"Mustika","location_id":9}"
2026-09-28 20:24:26,+0300,10,Suur-Paala,22,success,"{"total":22,"location_name":"Suur-Paala","location_id":10}"
2026-09-28 20:24:26,+0300,1,Hipodroom,0,success,"{"total":0,"location_name":"Hipodroom (CLOSED)","location_id":1}"
2026-09-28 20:26:27,+0300,3,T1,38,success,"{"total":38,"location_name":"T1 Shopping Mall","location_id":3}"
2026-09-28 20:26:27,+0300,9,Mustika,42,success,"{"total":42,"location_name":"Mustika","location_id":9}"
2026-09-28 20:26:27,+0300,10,Suur-Paala,22,success,"{"total":22,"location_name":"Suur-Paala","location_id":10}"
2026-09-28 20:26:27,+0300,1,Hipodroom,0,success,"{"total":0,"location_name":"Hipodroom (CLOSED)","location_id":1}"
2026-09-28 20:28:28,+0300,3,T1,38,success,"{"total":38,"location_name":"T1 Shopping Mall","location_id":3}"
2026-09-28 20:28:28,+0300,9,Mustika,42,success,"{"total":42,"location_name":"Mustika","location_id":9}"
2026-09-28 20:28:28,+0300,10,Suur-Paala,22,success,"{"total":22,"location_name":"Suur-Paala","location_id":10}"
2026-09-28 20:28:28,+0300,1,Hipodroom,0,success,"{"total":0,"location_name":"Hipodroom (CLOSED)","location_id":1}"
2026-09-28 20:30:28,+0300,3,T1,35,success,"{"total":35,"location_name":"T1 Shopping Mall","location_id":3}"
2026-09-28 20:30:28,+0300,9,Mustika,40,success,"{"total":40,"location_name":"Mustika","location_id":9}"
2026-09-28 20:30:28,+0300,10,Suur-Paala,22,success,"{"total":22,"location_name":"Suur-Paala","location_id":10}"
2026-09-28 20:30:28,+0300,1,Hipodroom,0,success,"{"total":0,"location_name":"Hipodroom (CLOSED)","location_id":1}"
2026-09-28 20:32:29,+0300,3,T1,35,success,"{"total":35,"location_name":"T1 Shopping Mall","location_id":3}"
2026-09-28 20:32:29,+0300,9,Mustika,40,success,"{"total":40,"location_name":"Mustika","location_id":9}"
2026-09-28 20:32:29,+0300,10,Suur-Paala,22,success,"{"total":22,"location_name":"Suur-Paala","location_id":10}"
2026-09-28 20:32:29,+0300,1,Hipodroom,0,success,"{"total":0,"location_name":"Hipodroom (CLOSED)","location_id":1}"
2026-09-28 20:34:29,+0300,3,T1,35,success,"{"total":35,"location_name":"T1 Shopping Mall","location_id":3}"
2026-09-28 20:34:29,+0300,9,Mustika,40,success,"{"total":40,"location_name":"Mustika","location_id":9}"
2026-09-28 20:34:29,+0300,10,Suur-Paala,22,success,"{"total":22,"location_name":"Suur-Paala","location_id":10}"
2026-09-28 20:34:29,+0300,1,Hipodroom,0,success,"{"total":0,"location_name":"Hipodroom (CLOSED)","location_id":1}"
2026-09-28 20:36:30,+0300,3,T1,34,success,"{"total":34,"location_name":"T1 Shopping Mall","location_id":3}"
2026-09-28 20:36:30,+0300,9,Mustika,41,success,"{"total":41,"location_name":"Mustika","location_id":9}"
2026-09-28 20:36:30,+0300,10,Suur-Paala,21,success,"{"total":21,"location_name":"Suur-Paala","location_id":10}"
2026-09-28 20:36:30,+0300,1,Hipodroom,0,success,"{"total":0,"location_name":"Hipodroom (CLOSED)","location_id":1}"
2026-09-28 20:38:31,+0300,3,T1,34,success,"{"total":34,"location_name":"T1 Shopping Mall","location_id":3}"
2026-09-28 20:38:31,+0300,9,Mustika,41,success,"{"total":41,"location_name":"Mustika","location_id":9}"
2026-09-28 20:38:31,+0300,10,Suur-Paala,21,success,"{"total":21,"location_name":"Suur-Paala","location_id":10}"
2026-09-28 20:38:31,+0300,1,Hipodroom,0,success,"{"total":0,"location_name":"Hipodroom (CLOSED)","location_id":1}"
2026-09-28 20:40:31,+0300,3,T1,34,success,"{"total":34,"location_name":"T1 Shopping Mall","location_id":3}"
2026-09-28 20:40:31,+0300,9,Mustika,41,success,"{"total":41,"location_name":"Mustika","location_id":9}"
2026-09-28 20:40:31,+0300,10,Suur-Paala,21,success,"{"total":21,"location_name":"Suur-Paala","location_id":10}"
2026-09-28 20:40:31,+0300,1,Hipodroom,0,success,"{"total":0,"location_name":"Hipodroom (CLOSED)","location_id":1}"
2026-09-28 20:42:31,+0300,3,T1,32,success,"{"total":32,"location_name":"T1 Shopping Mall","location_id":3}"
2026-09-28 20:42:31,+0300,9,Mustika,40,success,"{"total":40,"location_name":"Mustika","location_id":9}"
2026-09-28 20:42:31,+0300,10,Suur-Paala,21,success,"{"total":21,"location_name":"Suur-Paala","location_id":10}"
2026-09-28 20:42:31,+0300,1,Hipodroom,0,success,"{"total":0,"location_name":"Hipodroom (CLOSED)","location_id":1}"
2026-09-28 20:44:32,+0300,3,T1,32,success,"{"total":32,"location_name":"T1 Shopping Mall","location_id":3}"
2026-09-28 20:44:32,+0300,9,Mustika,40,success,"{"total":40,"location_name":"Mustika","location_id":9}"
2026-09-28 20:44:32,+0300,10,Suur-Paala,21,success,"{"total":21,"location_name":"Suur-Paala","location_id":10}"
2026-09-28 20:44:32,+0300,1,Hipodroom,0,success,"{"total":0,"location_name":"Hipodroom (CLOSED)","location_id":1}"
2026-09-28 20:46:32,+0300,3,T1,32,success,"{"total":32,"location_name":"T1 Shopping Mall","location_id":3}"
2026-09-28 20:46:32,+0300,9,Mustika,40,success,"{"total":40,"location_name":"Mustika","location_id":9}"
2026-09-28 20:46:32,+0300,10,Suur-Paala,21,success,"{"total":21,"location_name":"Suur-Paala","location_id":10}"
2026-09-28 20:46:32,+0300,1,Hipodroom,0,success,"{"total":0,"location_name":"Hipodroom (CLOSED)","location_id":1}"
2026-09-28 20:48:33,+0300,3,T1,30,success,"{"total":30,"location_name":"T1 Shopping Mall","location_id":3}"
2026-09-28 20:48:33,+0300,9,Mustika,39,success,"{"total":39,"location_name":"Mustika","location_id":9}"
2026-09-28 20:48:33,+0300,10,Suur-Paala,19,success,"{"total":19,"location_name":"Suur-Paala","location_id":10}"
2026-09-28 20:48:33,+0300,1,Hipodroom,0,success,"{"total":0,"location_name":"Hipodroom (CLOSED)","location_id":1}"
2026-09-28 20:50:33,+0300,3,T1,30,success,"{"total":30,"location_name":"T1 Shopping Mall","location_id":3}"
2026-09-28 20:50:33,+0300,9,Mustika,39,success,"{"total":39,"location_name":"Mustika","location_id":9}"
2026-09-28 20:50:33,+0300,10,Suur-Paala,19,success,"{"total":19,"location_name":"Suur-Paala","location_id":10}"
2026-09-28 20:50:33,+0300,1,Hipodroom,0,success,"{"total":0,"location_name":"Hipodroom (CLOSED)","location_id":1}"
2026-09-28 20:52:34,+0300,3,T1,30,success,"{"total":30,"location_name":"T1 Shopping Mall","location_id":3}"
2026-09-28 20:52:34,+0300,9,Mustika,39,success,"{"total":39,"location_name":"Mustika","location_id":9}"
2026-09-28 20:52:34,+0300,10,Suur-Paala,19,success,"{"total":19,"location_name":"Suur-Paala","location_id":10}"
2026-09-28 20:52:34,+0300,1,Hipodroom,0,success,"{"total":0,"location_name":"Hipodroom (CLOSED)","location_id":1}"
2026-09-28 20:54:34,+0300,3,T1,28,success,"{"total":28,"location_name":"T1 Shopping Mall","location_id":3}"
2026-09-28 20:54:34,+0300,9,Mustika,35,success,"{"total":35,"location_name":"Mustika","location_id":9}"
2026-09-28 20:54:34,+0300,10,Suur-Paala,19,success,"{"total":19,"location_name":"Suur-Paala","location_id":10}"
2026-09-28 20:54:34,+0300,1,Hipodroom,0,success,"{"total":0,"location_name":"Hipodroom (CLOSED)","location_id":1}"
2026-09-28 20:56:35,+0300,3,T1,28,success,"{"total":28,"location_name":"T1 Shopping Mall","location_id":3}"
2026-09-28 20:56:35,+0300,9,Mustika,35,success,"{"total":35,"location_name":"Mustika","location_id":9}"
2026-09-28 20:56:35,+0300,10,Suur-Paala,19,success,"{"total":19,"location_name":"Suur-Paala","location_id":10}"
2026-09-28 20:56:35,+0300,1,Hipodroom,0,success,"{"total":0,"location_name":"Hipodroom (CLOSED)","location_id":1}"
2026-09-28 20:58:36,+0300,3,T1,28,success,"{"total":28,"location_name":"T1 Shopping Mall","location_id":3}"
2026-09-28 20:58:36,+0300,9,Mustika,35,success,"{"total":35,"location_name":"Mustika","location_id":9}"
2026-09-28 20:58:36,+0300,10,Suur-Paala,19,success,"{"total":19,"location_name":"Suur-Paala","location_id":10}"
2026-09-28 20:58:36,+0300,1,Hipodroom,0,success,"{"total":0,"location_name":"Hipodroom (CLOSED)","location_id":1}"
2026-09-28 21:00:36,+0300,3,T1,27,success,"{"total":27,"location_name":"T1 Shopping Mall","location_id":3}"
2026-09-28 21:00:36,+0300,9,Mustika,34,success,"{"total":34,"location_name":"Mustika","location_id":9}"
2026-09-28 21:00:36,+0300,10,Suur-Paala,19,success,"{"total":19,"location_name":"Suur-Paala","location_id":10}"
2026-09-28 21:00:36,+0300,1,Hipodroom,0,success,"{"total":0,"location_name":"Hipodroom (CLOSED)","location_id":1}"
2026-09-28 21:02:37,+0300,3,T1,27,success,"{"total":27,"location_name":"T1 Shopping Mall","location_id":3}"
2026-09-28 21:02:37,+0300,9,Mustika,34,success,"{"total":34,"location_name":"Mustika","location_id":9}"
2026-09-28 21:02:37,+0300,10,Suur-Paala,19,success,"{"total":19,"location_name":"Suur-Paala","location_id":10}"
2026-09-28 21:02:37,+0300,1,Hipodroom,0,success,"{"total":0,"location_name":"Hipodroom (CLOSED)","location_id":1}"
2026-09-28 21:04:37,+0300,3,T1,27,success,"{"total":27,"location_name":"T1 Shopping Mall","location_id":3}"
2026-09-28 21:04:37,+0300,9,Mustika,34,success,"{"total":34,"location_name":"Mustika","location_id":9}"
2026-09-28 21:04:37,+0300,10,Suur-Paala,19,success,"{"total":19,"location_name":"Suur-Paala","location_id":10}"
2026-09-28 21:04:37,+0300,1,Hipodroom,0,success,"{"total":0,"location_name":"Hipodroom (CLOSED)","location_id":1}"
2026-09-28 21:06:38,+0300,3,T1,27,success,"{"total":27,"location_name":"T1 Shopping Mall","location_id":3}"
2026-09-28 21:06:38,+0300,9,Mustika,32,success,"{"total":32,"location_name":"Mustika","location_id":9}"
2026-09-28 21:06:38,+0300,10,Suur-Paala,18,success,"{"total":18,"location_name":"Suur-Paala","location_id":10}"
2026-09-28 21:06:38,+0300,1,Hipodroom,0,success,"{"total":0,"location_name":"Hipodroom (CLOSED)","location_id":1}"
2026-09-28 21:08:38,+0300,3,T1,27,success,"{"total":27,"location_name":"T1 Shopping Mall","location_id":3}"
2026-09-28 21:08:38,+0300,9,Mustika,32,success,"{"total":32,"location_name":"Mustika","location_id":9}"
2026-09-28 21:08:38,+0300,10,Suur-Paala,18,success,"{"total":18,"location_name":"Suur-Paala","location_id":10}"
2026-09-28 21:08:38,+0300,1,Hipodroom,0,success,"{"total":0,"location_name":"Hipodroom (CLOSED)","location_id":1}"
2026-09-28 21:10:39,+0300,3,T1,27,success,"{"total":27,"location_name":"T1 Shopping Mall","location_id":3}"
2026-09-28 21:10:39,+0300,9,Mustika,32,success,"{"total":32,"location_name":"Mustika","location_id":9}"
2026-09-28 21:10:39,+0300,10,Suur-Paala,18,success,"{"total":18,"location_name":"Suur-Paala","location_id":10}"
2026-09-28 21:10:39,+0300,1,Hipodroom,0,success,"{"total":0,"location_name":"Hipodroom (CLOSED)","location_id":1}"
2026-09-28 21:12:39,+0300,3,T1,27,success,"{"total":27,"location_name":"T1 Shopping Mall","location_id":3}"
2026-09-28 21:12:39,+0300,9,Mustika,28,success,"{"total":28,"location_name":"Mustika","location_id":9}"
2026-09-28 21:12:39,+0300,10,Suur-Paala,17,success,"{"total":17,"location_name":"Suur-Paala","location_id":10}"
2026-09-28 21:12:39,+0300,1,Hipodroom,0,success,"{"total":0,"location_name":"Hipodroom (CLOSED)","location_id":1}"
2026-09-28 21:14:40,+0300,3,T1,27,success,"{"total":27,"location_name":"T1 Shopping Mall","location_id":3}"
2026-09-28 21:14:40,+0300,9,Mustika,28,success,"{"total":28,"location_name":"Mustika","location_id":9}"
2026-09-28 21:14:40,+0300,10,Suur-Paala,17,success,"{"total":17,"location_name":"Suur-Paala","location_id":10}"
2026-09-28 21:14:40,+0300,1,Hipodroom,0,success,"{"total":0,"location_name":"Hipodroom (CLOSED)","location_id":1}"
2026-09-28 21:16:40,+0300,3,T1,27,success,"{"total":27,"location_name":"T1 Shopping Mall","location_id":3}"
2026-09-28 21:16:40,+0300,9,Mustika,28,success,"{"total":28,"location_name":"Mustika","location_id":9}"
2026-09-28 21:16:40,+0300,10,Suur-Paala,17,success,"{"total":17,"location_name":"Suur-Paala","location_id":10}"
2026-09-28 21:16:40,+0300,1,Hipodroom,0,success,"{"total":0,"location_name":"Hipodroom (CLOSED)","location_id":1}"
2026-09-28 21:18:41,+0300,3,T1,27,success,"{"total":27,"location_name":"T1 Shopping Mall","location_id":3}"
2026-09-28 21:18:41,+0300,9,Mustika,25,success,"{"total":25,"location_name":"Mustika","location_id":9}"
2026-09-28 21:18:41,+0300,10,Suur-Paala,17,success,"{"total":17,"location_name":"Suur-Paala","location_id":10}"
2026-09-28 21:18:41,+0300,1,Hipodroom,0,success,"{"total":0,"location_name":"Hipodroom (CLOSED)","location_id":1}"
2026-09-28 21:20:41,+0300,3,T1,27,success,"{"total":27,"location_name":"T1 Shopping Mall","location_id":3}"
2026-09-28 21:20:41,+0300,9,Mustika,25,success,"{"total":25,"location_name":"Mustika","location_id":9}"
2026-09-28 21:20:41,+0300,10,Suur-Paala,17,success,"{"total":17,"location_name":"Suur-Paala","location_id":10}"
2026-09-28 21:20:41,+0300,1,Hipodroom,0,success,"{"total":0,"location_name":"Hipodroom (CLOSED)","location_id":1}"
2026-09-28 21:22:42,+0300,3,T1,27,success,"{"total":27,"location_name":"T1 Shopping Mall","location_id":3}"
2026-09-28 21:22:42,+0300,9,Mustika,25,success,"{"total":25,"location_name":"Mustika","location_id":9}"
2026-09-28 21:22:42,+0300,10,Suur-Paala,17,success,"{"total":17,"location_name":"Suur-Paala","location_id":10}"
2026-09-28 21:22:42,+0300,1,Hipodroom,0,success,"{"total":0,"location_name":"Hipodroom (CLOSED)","location_id":1}"
2026-09-28 21:24:42,+0300,3,T1,27,success,"{"total":27,"location_name":"T1 Shopping Mall","location_id":3}"
2026-09-28 21:24:42,+0300,9,Mustika,18,success,"{"total":18,"location_name":"Mustika","location_id":9}"
2026-09-28 21:24:42,+0300,10,Suur-Paala,15,success,"{"total":15,"location_name":"Suur-Paala","location_id":10}"
2026-09-28 21:24:42,+0300,1,Hipodroom,0,success,"{"total":0,"location_name":"Hipodroom (CLOSED)","location_id":1}"
2026-09-28 21:26:43,+0300,3,T1,27,success,"{"total":27,"location_name":"T1 Shopping Mall","location_id":3}"
2026-09-28 21:26:43,+0300,9,Mustika,18,success,"{"total":18,"location_name":"Mustika","location_id":9}"
2026-09-28 21:26:43,+0300,10,Suur-Paala,15,success,"{"total":15,"location_name":"Suur-Paala","location_id":10}"
2026-09-28 21:26:43,+0300,1,Hipodroom,0,success,"{"total":0,"location_name":"Hipodroom (CLOSED)","location_id":1}"
2026-09-28 21:28:43,+0300,3,T1,27,success,"{"total":27,"location_name":"T1 Shopping Mall","location_id":3}"
2026-09-28 21:28:43,+0300,9,Mustika,18,success,"{"total":18,"location_name":"Mustika","location_id":9}"
2026-09-28 21:28:43,+0300,10,Suur-Paala,15,success,"{"total":15,"location_name":"Suur-Paala","location_id":10}"
2026-09-28 21:28:43,+0300,1,Hipodroom,0,success,"{"total":0,"location_name":"Hipodroom (CLOSED)","location_id":1}"
2026-09-28 21:30:43,+0300,3,T1,25,success,"{"total":25,"location_name":"T1 Shopping Mall","location_id":3}"
2026-09-28 21:30:43,+0300,9,Mustika,17,success,"{"total":17,"location_name":"Mustika","location_id":9}"
2026-09-28 21:30:43,+0300,10,Suur-Paala,13,success,"{"total":13,"location_name":"Suur-Paala","location_id":10}"
2026-09-28 21:30:43,+0300,1,Hipodroom,0,success,"{"total":0,"location_name":"Hipodroom (CLOSED)","location_id":1}"
2026-09-28 21:32:44,+0300,3,T1,25,success,"{"total":25,"location_name":"T1 Shopping Mall","location_id":3}"
2026-09-28 21:32:44,+0300,9,Mustika,17,success,"{"total":17,"location_name":"Mustika","location_id":9}"
2026-09-28 21:32:44,+0300,10,Suur-Paala,13,success,"{"total":13,"location_name":"Suur-Paala","location_id":10}"
2026-09-28 21:32:44,+0300,1,Hipodroom,0,success,"{"total":0,"location_name":"Hipodroom (CLOSED)","location_id":1}"
2026-09-28 21:34:44,+0300,3,T1,25,success,"{"total":25,"location_name":"T1 Shopping Mall","location_id":3}"
2026-09-28 21:34:44,+0300,9,Mustika,17,success,"{"total":17,"location_name":"Mustika","location_id":9}"
2026-09-28 21:34:44,+0300,10,Suur-Paala,13,success,"{"total":13,"location_name":"Suur-Paala","location_id":10}"
2026-09-28 21:34:44,+0300,1,Hipodroom,0,success,"{"total":0,"location_name":"Hipodroom (CLOSED)","location_id":1}"
2026-09-28 21:36:45,+0300,3,T1,25,success,"{"total":25,"location_name":"T1 Shopping Mall","location_id":3}"
2026-09-28 21:36:45,+0300,9,Mustika,15,success,"{"total":15,"location_name":"Mustika","location_id":9}"
2026-09-28 21:36:45,+0300,10,Suur-Paala,11,success,"{"total":11,"location_name":"Suur-Paala","location_id":10}"
2026-09-28 21:36:45,+0300,1,Hipodroom,0,success,"{"total":0,"location_name":"Hipodroom (CLOSED)","location_id":1}"
2026-09-28 21:38:45,+0300,3,T1,25,success,"{"total":25,"location_name":"T1 Shopping Mall","location_id":3}"
2026-09-28 21:38:45,+0300,9,Mustika,15,success,"{"total":15,"location_name":"Mustika","location_id":9}"
2026-09-28 21:38:45,+0300,10,Suur-Paala,11,success,"{"total":11,"location_name":"Suur-Paala","location_id":10}"
2026-09-28 21:38:45,+0300,1,Hipodroom,0,success,"{"total":0,"location_name":"Hipodroom (CLOSED)","location_id":1}"
2026-09-28 21:40:46,+0300,3,T1,25,success,"{"total":25,"location_name":"T1 Shopping Mall","location_id":3}"
2026-09-28 21:40:46,+0300,9,Mustika,15,success,"{"total":15,"location_name":"Mustika","location_id":9}"
2026-09-28 21:40:46,+0300,10,Suur-Paala,11,success,"{"total":11,"location_name":"Suur-Paala","location_id":10}"
2026-09-28 21:40:46,+0300,1,Hipodroom,0,success,"{"total":0,"location_name":"Hipodroom (CLOSED)","location_id":1}"
2026-09-28 21:42:46,+0300,3,T1,23,success,"{"total":23,"location_name":"T1 Shopping Mall","location_id":3}"
2026-09-28 21:42:46,+0300,9,Mustika,12,success,"{"total":12,"location_name":"Mustika","location_id":9}"
2026-09-28 21:42:46,+0300,10,Suur-Paala,11,success,"{"total":11,"location_name":"Suur-Paala","location_id":10}"
2026-09-28 21:42:46,+0300,1,Hipodroom,0,success,"{"total":0,"location_name":"Hipodroom (CLOSED)","location_id":1}"
2026-09-28 21:44:47,+0300,3,T1,23,success,"{"total":23,"location_name":"T1 Shopping Mall","location_id":3}"
2026-09-28 21:44:47,+0300,9,Mustika,12,success,"{"total":12,"location_name":"Mustika","location_id":9}"
2026-09-28 21:44:47,+0300,10,Suur-Paala,11,success,"{"total":11,"location_name":"Suur-Paala","location_id":10}"
2026-09-28 21:44:47,+0300,1,Hipodroom,0,success,"{"total":0,"location_name":"Hipodroom (CLOSED)","location_id":1}"
2026-09-28 21:46:47,+0300,3,T1,23,success,"{"total":23,"location_name":"T1 Shopping Mall","location_id":3}"
2026-09-28 21:46:47,+0300,9,Mustika,12,success,"{"total":12,"location_name":"Mustika","location_id":9}"
2026-09-28 21:46:47,+0300,10,Suur-Paala,11,success,"{"total":11,"location_name":"Suur-Paala","location_id":10}"
2026-09-28 21:46:47,+0300,1,Hipodroom,0,success,"{"total":0,"location_name":"Hipodroom (CLOSED)","location_id":1}"
2026-09-28 21:48:48,+0300,3,T1,23,success,"{"total":23,"location_name":"T1 Shopping Mall","location_id":3}"
2026-09-28 21:48:48,+0300,9,Mustika,12,success,"{"total":12,"location_name":"Mustika","location_id":9}"
2026-09-28 21:48:48,+0300,10,Suur-Paala,11,success,"{"total":11,"location_name":"Suur-Paala","location_id":10}"
2026-09-28 21:48:48,+0300,1,Hipodroom,0,success,"{"total":0,"location_name":"Hipodroom (CLOSED)","location_id":1}"
2026-09-28 21:50:48,+0300,3,T1,23,success,"{"total":23,"location_name":"T1 Shopping Mall","location_id":3}"
2026-09-28 21:50:48,+0300,9,Mustika,12,success,"{"total":12,"location_name":"Mustika","location_id":9}"
2026-09-28 21:50:48,+0300,10,Suur-Paala,11,success,"{"total":11,"location_name":"Suur-Paala","location_id":10}"
2026-09-28 21:50:48,+0300,1,Hipodroom,0,success,"{"total":0,"location_name":"Hipodroom (CLOSED)","location_id":1}"
2026-09-28 21:52:49,+0300,3,T1,23,success,"{"total":23,"location_name":"T1 Shopping Mall","location_id":3}"
2026-09-28 21:52:49,+0300,9,Mustika,12,success,"{"total":12,"location_name":"Mustika","location_id":9}"
2026-09-28 21:52:49,+0300,10,Suur-Paala,11,success,"{"total":11,"location_name":"Suur-Paala","location_id":10}"
2026-09-28 21:52:49,+0300,1,Hipodroom,0,success,"{"total":0,"location_name":"Hipodroom (CLOSED)","location_id":1}"
2026-09-28 21:54:49,+0300,3,T1,24,success,"{"total":24,"location_name":"T1 Shopping Mall","location_id":3}"
2026-09-28 21:54:49,+0300,9,Mustika,11,success,"{"total":11,"location_name":"Mustika","location_id":9}"
2026-09-28 21:54:49,+0300,10,Suur-Paala,10,success,"{"total":10,"location_name":"Suur-Paala","location_id":10}"
2026-09-28 21:54:49,+0300,1,Hipodroom,0,success,"{"total":0,"location_name":"Hipodroom (CLOSED)","location_id":1}"
2026-09-28 21:56:50,+0300,3,T1,24,success,"{"total":24,"location_name":"T1 Shopping Mall","location_id":3}"
2026-09-28 21:56:50,+0300,9,Mustika,11,success,"{"total":11,"location_name":"Mustika","location_id":9}"
2026-09-28 21:56:50,+0300,10,Suur-Paala,10,success,"{"total":10,"location_name":"Suur-Paala","location_id":10}"
2026-09-28 21:56:50,+0300,1,Hipodroom,0,success,"{"total":0,"location_name":"Hipodroom (CLOSED)","location_id":1}"
2026-09-28 21:58:50,+0300,3,T1,24,success,"{"total":24,"location_name":"T1 Shopping Mall","location_id":3}"
2026-09-28 21:58:50,+0300,9,Mustika,11,success,"{"total":11,"location_name":"Mustika","location_id":9}"
2026-09-28 21:58:50,+0300,10,Suur-Paala,10,success,"{"total":10,"location_name":"Suur-Paala","location_id":10}"
2026-09-28 21:58:50,+0300,1,Hipodroom,0,success,"{"total":0,"location_name":"Hipodroom (CLOSED)","location_id":1}"
2026-09-28 22:00:51,+0300,3,T1,23,success,"{"total":23,"location_name":"T1 Shopping Mall","location_id":3}"
2026-09-28 22:00:51,+0300,9,Mustika,11,success,"{"total":11,"location_name":"Mustika","location_id":9}"
2026-09-28 22:00:51,+0300,10,Suur-Paala,9,success,"{"total":9,"location_name":"Suur-Paala","location_id":10}"
2026-09-28 22:00:51,+0300,1,Hipodroom,0,success,"{"total":0,"location_name":"Hipodroom (CLOSED)","location_id":1}"
2026-09-28 22:02:51,+0300,3,T1,23,success,"{"total":23,"location_name":"T1 Shopping Mall","location_id":3}"
2026-09-28 22:02:51,+0300,9,Mustika,11,success,"{"total":11,"location_name":"Mustika","location_id":9}"
2026-09-28 22:02:51,+0300,10,Suur-Paala,9,success,"{"total":9,"location_name":"Suur-Paala","location_id":10}"
2026-09-28 22:02:51,+0300,1,Hipodroom,0,success,"{"total":0,"location_name":"Hipodroom (CLOSED)","location_id":1}"
2026-09-28 22:04:52,+0300,3,T1,23,success,"{"total":23,"location_name":"T1 Shopping Mall","location_id":3}"
2026-09-28 22:04:52,+0300,9,Mustika,11,success,"{"total":11,"location_name":"Mustika","location_id":9}"
2026-09-28 22:04:52,+0300,10,Suur-Paala,9,success,"{"total":9,"location_name":"Suur-Paala","location_id":10}"
2026-09-28 22:04:52,+0300,1,Hipodroom,0,success,"{"total":0,"location_name":"Hipodroom (CLOSED)","location_id":1}"
2026-09-28 22:06:52,+0300,3,T1,23,success,"{"total":23,"location_name":"T1 Shopping Mall","location_id":3}"
2026-09-28 22:06:52,+0300,9,Mustika,11,success,"{"total":11,"location_name":"Mustika","location_id":9}"
2026-09-28 22:06:52,+0300,10,Suur-Paala,7,success,"{"total":7,"location_name":"Suur-Paala","location_id":10}"
2026-09-28 22:06:52,+0300,1,Hipodroom,0,success,"{"total":0,"location_name":"Hipodroom (CLOSED)","location_id":1}"
2026-09-28 22:08:53,+0300,3,T1,23,success,"{"total":23,"location_name":"T1 Shopping Mall","location_id":3}"
2026-09-28 22:08:53,+0300,9,Mustika,11,success,"{"total":11,"location_name":"Mustika","location_id":9}"
2026-09-28 22:08:53,+0300,10,Suur-Paala,7,success,"{"total":7,"location_name":"Suur-Paala","location_id":10}"
2026-09-28 22:08:53,+0300,1,Hipodroom,0,success,"{"total":0,"location_name":"Hipodroom (CLOSED)","location_id":1}"
2026-09-28 22:10:53,+0300,3,T1,23,success,"{"total":23,"location_name":"T1 Shopping Mall","location_id":3}"
2026-09-28 22:10:53,+0300,9,Mustika,11,success,"{"total":11,"location_name":"Mustika","location_id":9}"
2026-09-28 22:10:53,+0300,10,Suur-Paala,7,success,"{"total":7,"location_name":"Suur-Paala","location_id":10}"
2026-09-28 22:10:53,+0300,1,Hipodroom,0,success,"{"total":0,"location_name":"Hipodroom (CLOSED)","location_id":1}"
2026-09-28 22:12:54,+0300,3,T1,20,success,"{"total":20,"location_name":"T1 Shopping Mall","location_id":3}"
2026-09-28 22:12:54,+0300,9,Mustika,10,success,"{"total":10,"location_name":"Mustika","location_id":9}"
2026-09-28 22:12:54,+0300,10,Suur-Paala,6,success,"{"total":6,"location_name":"Suur-Paala","location_id":10}"
2026-09-28 22:12:54,+0300,1,Hipodroom,0,success,"{"total":0,"location_name":"Hipodroom (CLOSED)","location_id":1}"
2026-09-28 22:14:54,+0300,3,T1,20,success,"{"total":20,"location_name":"T1 Shopping Mall","location_id":3}"
2026-09-28 22:14:54,+0300,9,Mustika,10,success,"{"total":10,"location_name":"Mustika","location_id":9}"
2026-09-28 22:14:54,+0300,10,Suur-Paala,6,success,"{"total":6,"location_name":"Suur-Paala","location_id":10}"
2026-09-28 22:14:54,+0300,1,Hipodroom,0,success,"{"total":0,"location_name":"Hipodroom (CLOSED)","location_id":1}"
2026-09-28 22:16:55,+0300,3,T1,20,success,"{"total":20,"location_name":"T1 Shopping Mall","location_id":3}"
2026-09-28 22:16:55,+0300,9,Mustika,10,success,"{"total":10,"location_name":"Mustika","location_id":9}"
2026-09-28 22:16:55,+0300,10,Suur-Paala,6,success,"{"total":6,"location_name":"Suur-Paala","location_id":10}"
2026-09-28 22:16:55,+0300,1,Hipodroom,0,success,"{"total":0,"location_name":"Hipodroom (CLOSED)","location_id":1}"
2026-09-28 22:18:55,+0300,3,T1,19,success,"{"total":19,"location_name":"T1 Shopping Mall","location_id":3}"
2026-09-28 22:18:55,+0300,9,Mustika,10,success,"{"total":10,"location_name":"Mustika","location_id":9}"
2026-09-28 22:18:55,+0300,10,Suur-Paala,5,success,"{"total":5,"location_name":"Suur-Paala","location_id":10}"
2026-09-28 22:18:55,+0300,1,Hipodroom,0,success,"{"total":0,"location_name":"Hipodroom (CLOSED)","location_id":1}"
2026-09-28 22:20:56,+0300,3,T1,19,success,"{"total":19,"location_name":"T1 Shopping Mall","location_id":3}"
2026-09-28 22:20:56,+0300,9,Mustika,10,success,"{"total":10,"location_name":"Mustika","location_id":9}"
2026-09-28 22:20:56,+0300,10,Suur-Paala,5,success,"{"total":5,"location_name":"Suur-Paala","location_id":10}"
2026-09-28 22:20:56,+0300,1,Hipodroom,0,success,"{"total":0,"location_name":"Hipodroom (CLOSED)","location_id":1}"
2026-09-28 22:22:56,+0300,3,T1,19,success,"{"total":19,"location_name":"T1 Shopping Mall","location_id":3}"
2026-09-28 22:22:56,+0300,9,Mustika,10,success,"{"total":10,"location_name":"Mustika","location_id":9}"
2026-09-28 22:22:56,+0300,10,Suur-Paala,5,success,"{"total":5,"location_name":"Suur-Paala","location_id":10}"
2026-09-28 22:22:56,+0300,1,Hipodroom,0,success,"{"total":0,"location_name":"Hipodroom (CLOSED)","location_id":1}"
2026-09-28 22:24:56,+0300,3,T1,14,success,"{"total":14,"location_name":"T1 Shopping Mall","location_id":3}"
2026-09-28 22:24:56,+0300,9,Mustika,9,success,"{"total":9,"location_name":"Mustika","location_id":9}"
2026-09-28 22:24:56,+0300,10,Suur-Paala,4,success,"{"total":4,"location_name":"Suur-Paala","location_id":10}"
2026-09-28 22:24:56,+0300,1,Hipodroom,0,success,"{"total":0,"location_name":"Hipodroom (CLOSED)","location_id":1}"
2026-09-28 22:26:57,+0300,3,T1,14,success,"{"total":14,"location_name":"T1 Shopping Mall","location_id":3}"
2026-09-28 22:26:57,+0300,9,Mustika,9,success,"{"total":9,"location_name":"Mustika","location_id":9}"
2026-09-28 22:26:57,+0300,10,Suur-Paala,4,success,"{"total":4,"location_name":"Suur-Paala","location_id":10}"
2026-09-28 22:26:57,+0300,1,Hipodroom,0,success,"{"total":0,"location_name":"Hipodroom (CLOSED)","location_id":1}"
2026-09-28 22:28:58,+0300,3,T1,14,success,"{"total":14,"location_name":"T1 Shopping Mall","location_id":3}"
2026-09-28 22:28:58,+0300,9,Mustika,9,success,"{"total":9,"location_name":"Mustika","location_id":9}"
2026-09-28 22:28:58,+0300,10,Suur-Paala,4,success,"{"total":4,"location_name":"Suur-Paala","location_id":10}"
2026-09-28 22:28:58,+0300,1,Hipodroom,0,success,"{"total":0,"location_name":"Hipodroom (CLOSED)","location_id":1}"
2026-09-28 22:30:58,+0300,3,T1,13,success,"{"total":13,"location_name":"T1 Shopping Mall","location_id":3}"
2026-09-28 22:30:58,+0300,9,Mustika,8,success,"{"total":8,"location_name":"Mustika","location_id":9}"
2026-09-28 22:30:58,+0300,10,Suur-Paala,3,success,"{"total":3,"location_name":"Suur-Paala","location_id":10}"
2026-09-28 22:30:58,+0300,1,Hipodroom,0,success,"{"total":0,"location_name":"Hipodroom (CLOSED)","location_id":1}"
2026-09-28 22:32:59,+0300,3,T1,13,success,"{"total":13,"location_name":"T1 Shopping Mall","location_id":3}"
2026-09-28 22:32:59,+0300,9,Mustika,8,success,"{"total":8,"location_name":"Mustika","location_id":9}"
2026-09-28 22:32:59,+0300,10,Suur-Paala,3,success,"{"total":3,"location_name":"Suur-Paala","location_id":10}"
2026-09-28 22:32:59,+0300,1,Hipodroom,0,success,"{"total":0,"location_name":"Hipodroom (CLOSED)","location_id":1}"
2026-09-28 22:34:59,+0300,3,T1,13,success,"{"total":13,"location_name":"T1 Shopping Mall","location_id":3}"
2026-09-28 22:34:59,+0300,9,Mustika,8,success,"{"total":8,"location_name":"Mustika","location_id":9}"
2026-09-28 22:34:59,+0300,10,Suur-Paala,3,success,"{"total":3,"location_name":"Suur-Paala","location_id":10}"
2026-09-28 22:34:59,+0300,1,Hipodroom,0,success,"{"total":0,"location_name":"Hipodroom (CLOSED)","location_id":1}"
2026-09-28 22:37:00,+0300,3,T1,13,success,"{"total":13,"location_name":"T1 Shopping Mall","location_id":3}"
2026-09-28 22:37:00,+0300,9,Mustika,8,success,"{"total":8,"location_name":"Mustika","location_id":9}"
2026-09-28 22:37:00,+0300,10,Suur-Paala,2,success,"{"total":2,"location_name":"Suur-Paala","location_id":10}"
2026-09-28 22:37:00,+0300,1,Hipodroom,0,success,"{"total":0,"location_name":"Hipodroom (CLOSED)","location_id":1}"
2026-09-28 22:39:01,+0300,3,T1,13,success,"{"total":13,"location_name":"T1 Shopping Mall","location_id":3}"
2026-09-28 22:39:01,+0300,9,Mustika,8,success,"{"total":8,"location_name":"Mustika","location_id":9}"
2026-09-28 22:39:01,+0300,10,Suur-Paala,2,success,"{"total":2,"location_name":"Suur-Paala","location_id":10}"
2026-09-28 22:39:01,+0300,1,Hipodroom,0,success,"{"total":0,"location_name":"Hipodroom (CLOSED)","location_id":1}"
2026-09-28 22:41:01,+0300,3,T1,13,success,"{"total":13,"location_name":"T1 Shopping Mall","location_id":3}"
2026-09-28 22:41:01,+0300,9,Mustika,8,success,"{"total":8,"location_name":"Mustika","location_id":9}"
2026-09-28 22:41:01,+0300,10,Suur-Paala,2,success,"{"total":2,"location_name":"Suur-Paala","location_id":10}"
2026-09-28 22:41:01,+0300,1,Hipodroom,0,success,"{"total":0,"location_name":"Hipodroom (CLOSED)","location_id":1}"
2026-09-28 22:43:02,+0300,3,T1,14,success,"{"total":14,"location_name":"T1 Shopping Mall","location_id":3}"
2026-09-28 22:43:02,+0300,9,Mustika,8,success,"{"total":8,"location_name":"Mustika","location_id":9}"
2026-09-28 22:43:02,+0300,10,Suur-Paala,2,success,"{"total":2,"location_name":"Suur-Paala","location_id":10}"
2026-09-28 22:43:02,+0300,1,Hipodroom,0,success,"{"total":0,"location_name":"Hipodroom (CLOSED)","location_id":1}"
2026-09-28 22:45:02,+0300,3,T1,14,success,"{"total":14,"location_name":"T1 Shopping Mall","location_id":3}"
2026-09-28 22:45:02,+0300,9,Mustika,8,success,"{"total":8,"location_name":"Mustika","location_id":9}"
2026-09-28 22:45:02,+0300,10,Suur-Paala,2,success,"{"total":2,"location_name":"Suur-Paala","location_id":10}"
2026-09-28 22:45:02,+0300,1,Hipodroom,0,success,"{"total":0,"location_name":"Hipodroom (CLOSED)","location_id":1}"
2026-09-28 22:47:03,+0300,3,T1,14,success,"{"total":14,"location_name":"T1 Shopping Mall","location_id":3}"
2026-09-28 22:47:03,+0300,9,Mustika,8,success,"{"total":8,"location_name":"Mustika","location_id":9}"
2026-09-28 22:47:03,+0300,10,Suur-Paala,2,success,"{"total":2,"location_name":"Suur-Paala","location_id":10}"
2026-09-28 22:47:03,+0300,1,Hipodroom,0,success,"{"total":0,"location_name":"Hipodroom (CLOSED)","location_id":1}"
2026-09-28 22:49:03,+0300,3,T1,12,success,"{"total":12,"location_name":"T1 Shopping Mall","location_id":3}"
2026-09-28 22:49:03,+0300,9,Mustika,7,success,"{"total":7,"location_name":"Mustika","location_id":9}"
2026-09-28 22:49:03,+0300,10,Suur-Paala,2,success,"{"total":2,"location_name":"Suur-Paala","location_id":10}"
2026-09-28 22:49:03,+0300,1,Hipodroom,0,success,"{"total":0,"location_name":"Hipodroom (CLOSED)","location_id":1}"
2026-09-28 22:51:04,+0300,3,T1,12,success,"{"total":12,"location_name":"T1 Shopping Mall","location_id":3}"
2026-09-28 22:51:04,+0300,9,Mustika,7,success,"{"total":7,"location_name":"Mustika","location_id":9}"
2026-09-28 22:51:04,+0300,10,Suur-Paala,2,success,"{"total":2,"location_name":"Suur-Paala","location_id":10}"
2026-09-28 22:51:04,+0300,1,Hipodroom,0,success,"{"total":0,"location_name":"Hipodroom (CLOSED)","location_id":1}"
2026-09-28 22:53:04,+0300,3,T1,12,success,"{"total":12,"location_name":"T1 Shopping Mall","location_id":3}"
2026-09-28 22:53:04,+0300,9,Mustika,7,success,"{"total":7,"location_name":"Mustika","location_id":9}"
2026-09-28 22:53:04,+0300,10,Suur-Paala,2,success,"{"total":2,"location_name":"Suur-Paala","location_id":10}"
2026-09-28 22:53:04,+0300,1,Hipodroom,0,success,"{"total":0,"location_name":"Hipodroom (CLOSED)","location_id":1}"
2026-09-28 22:55:05,+0300,3,T1,12,success,"{"total":12,"location_name":"T1 Shopping Mall","location_id":3}"
2026-09-28 22:55:05,+0300,9,Mustika,6,success,"{"total":6,"location_name":"Mustika","location_id":9}"
2026-09-28 22:55:05,+0300,10,Suur-Paala,2,success,"{"total":2,"location_name":"Suur-Paala","location_id":10}"
2026-09-28 22:55:05,+0300,1,Hipodroom,0,success,"{"total":0,"location_name":"Hipodroom (CLOSED)","location_id":1}"
2026-09-28 22:57:05,+0300,3,T1,12,success,"{"total":12,"location_name":"T1 Shopping Mall","location_id":3}"
2026-09-28 22:57:05,+0300,9,Mustika,6,success,"{"total":6,"location_name":"Mustika","location_id":9}"
2026-09-28 22:57:05,+0300,10,Suur-Paala,2,success,"{"total":2,"location_name":"Suur-Paala","location_id":10}"
2026-09-28 22:57:05,+0300,1,Hipodroom,0,success,"{"total":0,"location_name":"Hipodroom (CLOSED)","location_id":1}"
2026-09-28 22:59:06,+0300,3,T1,12,success,"{"total":12,"location_name":"T1 Shopping Mall","location_id":3}"
2026-09-28 22:59:06,+0300,9,Mustika,6,success,"{"total":6,"location_name":"Mustika","location_id":9}"
2026-09-28 22:59:06,+0300,10,Suur-Paala,2,success,"{"total":2,"location_name":"Suur-Paala","location_id":10}"
2026-09-28 22:59:06,+0300,1,Hipodroom,0,success,"{"total":0,"location_name":"Hipodroom (CLOSED)","location_id":1}"
2026-09-28 23:01:06,+0300,3,T1,9,success,"{"total":9,"location_name":"T1 Shopping Mall","location_id":3}"
2026-09-28 23:01:06,+0300,9,Mustika,5,success,"{"total":5,"location_name":"Mustika","location_id":9}"
2026-09-28 23:01:06,+0300,10,Suur-Paala,1,success,"{"total":1,"location_name":"Suur-Paala","location_id":10}"
2026-09-28 23:01:06,+0300,1,Hipodroom,0,success,"{"total":0,"location_name":"Hipodroom (CLOSED)","location_id":1}"
2026-09-28 23:03:07,+0300,3,T1,9,success,"{"total":9,"location_name":"T1 Shopping Mall","location_id":3}"
2026-09-28 23:03:07,+0300,9,Mustika,5,success,"{"total":5,"location_name":"Mustika","location_id":9}"
2026-09-28 23:03:07,+0300,10,Suur-Paala,1,success,"{"total":1,"location_name":"Suur-Paala","location_id":10}"
2026-09-28 23:03:07,+0300,1,Hipodroom,0,success,"{"total":0,"location_name":"Hipodroom (CLOSED)","location_id":1}"
2026-09-28 23:05:08,+0300,3,T1,9,success,"{"total":9,"location_name":"T1 Shopping Mall","location_id":3}"
2026-09-28 23:05:08,+0300,9,Mustika,5,success,"{"total":5,"location_name":"Mustika","location_id":9}"
2026-09-28 23:05:08,+0300,10,Suur-Paala,1,success,"{"total":1,"location_name":"Suur-Paala","location_id":10}"
2026-09-28 23:05:08,+0300,1,Hipodroom,0,success,"{"total":0,"location_name":"Hipodroom (CLOSED)","location_id":1}"
2026-09-28 23:07:08,+0300,3,T1,8,success,"{"total":8,"location_name":"T1 Shopping Mall","location_id":3}"
2026-09-28 23:07:08,+0300,9,Mustika,5,success,"{"total":5,"location_name":"Mustika","location_id":9}"
2026-09-28 23:07:08,+0300,10,Suur-Paala,1,success,"{"total":1,"location_name":"Suur-Paala","location_id":10}"
2026-09-28 23:07:08,+0300,1,Hipodroom,0,success,"{"total":0,"location_name":"Hipodroom (CLOSED)","location_id":1}"
2026-09-28 23:09:09,+0300,3,T1,8,success,"{"total":8,"location_name":"T1 Shopping Mall","location_id":3}"
2026-09-28 23:09:09,+0300,9,Mustika,5,success,"{"total":5,"location_name":"Mustika","location_id":9}"
2026-09-28 23:09:09,+0300,10,Suur-Paala,1,success,"{"total":1,"location_name":"Suur-Paala","location_id":10}"
2026-09-28 23:09:09,+0300,1,Hipodroom,0,success,"{"total":0,"location_name":"Hipodroom (CLOSED)","location_id":1}"
2026-09-28 23:11:09,+0300,3,T1,8,success,"{"total":8,"location_name":"T1 Shopping Mall","location_id":3}"
2026-09-28 23:11:09,+0300,9,Mustika,5,success,"{"total":5,"location_name":"Mustika","location_id":9}"
2026-09-28 23:11:09,+0300,10,Suur-Paala,1,success,"{"total":1,"location_name":"Suur-Paala","location_id":10}"
2026-09-28 23:11:09,+0300,1,Hipodroom,0,success,"{"total":0,"location_name":"Hipodroom (CLOSED)","location_id":1}"
2026-09-28 23:13:10,+0300,3,T1,8,success,"{"total":8,"location_name":"T1 Shopping Mall","location_id":3}"
2026-09-28 23:13:10,+0300,9,Mustika,5,success,"{"total":5,"location_name":"Mustika","location_id":9}"
2026-09-28 23:13:10,+0300,10,Suur-Paala,1,success,"{"total":1,"location_name":"Suur-Paala","location_id":10}"
2026-09-28 23:13:10,+0300,1,Hipodroom,0,success,"{"total":0,"location_name":"Hipodroom (CLOSED)","location_id":1}"
2026-09-28 23:15:10,+0300,3,T1,8,success,"{"total":8,"location_name":"T1 Shopping Mall","location_id":3}"
2026-09-28 23:15:10,+0300,9,Mustika,5,success,"{"total":5,"location_name":"Mustika","location_id":9}"
2026-09-28 23:15:10,+0300,10,Suur-Paala,1,success,"{"total":1,"location_name":"Suur-Paala","location_id":10}"
2026-09-28 23:15:10,+0300,1,Hipodroom,0,success,"{"total":0,"location_name":"Hipodroom (CLOSED)","location_id":1}"
2026-09-28 23:17:11,+0300,3,T1,8,success,"{"total":8,"location_name":"T1 Shopping Mall","location_id":3}"
2026-09-28 23:17:11,+0300,9,Mustika,5,success,"{"total":5,"location_name":"Mustika","location_id":9}"
2026-09-28 23:17:11,+0300,10,Suur-Paala,1,success,"{"total":1,"location_name":"Suur-Paala","location_id":10}"
2026-09-28 23:17:11,+0300,1,Hipodroom,0,success,"{"total":0,"location_name":"Hipodroom (CLOSED)","location_id":1}"
2026-09-28 23:19:12,+0300,3,T1,7,success,"{"total":7,"location_name":"T1 Shopping Mall","location_id":3}"
2026-09-28 23:19:12,+0300,9,Mustika,5,success,"{"total":5,"location_name":"Mustika","location_id":9}"
2026-09-28 23:19:12,+0300,10,Suur-Paala,1,success,"{"total":1,"location_name":"Suur-Paala","location_id":10}"
2026-09-28 23:19:12,+0300,1,Hipodroom,0,success,"{"total":0,"location_name":"Hipodroom (CLOSED)","location_id":1}"
2026-09-28 23:21:12,+0300,3,T1,7,success,"{"total":7,"location_name":"T1 Shopping Mall","location_id":3}"
2026-09-28 23:21:12,+0300,9,Mustika,5,success,"{"total":5,"location_name":"Mustika","location_id":9}"
2026-09-28 23:21:12,+0300,10,Suur-Paala,1,success,"{"total":1,"location_name":"Suur-Paala","location_id":10}"
2026-09-28 23:21:12,+0300,1,Hipodroom,0,success,"{"total":0,"location_name":"Hipodroom (CLOSED)","location_id":1}"
2026-09-28 23:23:13,+0300,3,T1,7,success,"{"total":7,"location_name":"T1 Shopping Mall","location_id":3}"
2026-09-28 23:23:13,+0300,9,Mustika,5,success,"{"total":5,"location_name":"Mustika","location_id":9}"
2026-09-28 23:23:13,+0300,10,Suur-Paala,1,success,"{"total":1,"location_name":"Suur-Paala","location_id":10}"
2026-09-28 23:23:13,+0300,1,Hipodroom,0,success,"{"total":0,"location_name":"Hipodroom (CLOSED)","location_id":1}"
2026-09-28 23:25:13,+0300,3,T1,6,success,"{"total":6,"location_name":"T1 Shopping Mall","location_id":3}"
2026-09-28 23:25:13,+0300,9,Mustika,5,success,"{"total":5,"location_name":"Mustika","location_id":9}"
2026-09-28 23:25:13,+0300,10,Suur-Paala,0,success,"{"total":0,"location_name":"Suur-Paala","location_id":10}"
2026-09-28 23:25:13,+0300,1,Hipodroom,0,success,"{"total":0,"location_name":"Hipodroom (CLOSED)","location_id":1}"
2026-09-28 23:27:14,+0300,3,T1,6,success,"{"total":6,"location_name":"T1 Shopping Mall","location_id":3}"
2026-09-28 23:27:14,+0300,9,Mustika,5,success,"{"total":5,"location_name":"Mustika","location_id":9}"
2026-09-28 23:27:14,+0300,10,Suur-Paala,0,success,"{"total":0,"location_name":"Suur-Paala","location_id":10}"
2026-09-28 23:27:14,+0300,1,Hipodroom,0,success,"{"total":0,"location_name":"Hipodroom (CLOSED)","location_id":1}"
2026-09-28 23:29:14,+0300,3,T1,6,success,"{"total":6,"location_name":"T1 Shopping Mall","location_id":3}"
2026-09-28 23:29:14,+0300,9,Mustika,5,success,"{"total":5,"location_name":"Mustika","location_id":9}"
2026-09-28 23:29:14,+0300,10,Suur-Paala,0,success,"{"total":0,"location_name":"Suur-Paala","location_id":10}"
2026-09-28 23:29:14,+0300,1,Hipodroom,0,success,"{"total":0,"location_name":"Hipodroom (CLOSED)","location_id":1}"
2026-09-28 23:31:15,+0300,3,T1,6,success,"{"total":6,"location_name":"T1 Shopping Mall","location_id":3}"
2026-09-28 23:31:15,+0300,9,Mustika,5,success,"{"total":5,"location_name":"Mustika","location_id":9}"
2026-09-28 23:31:15,+0300,10,Suur-Paala,0,success,"{"total":0,"location_name":"Suur-Paala","location_id":10}"
2026-09-28 23:31:15,+0300,1,Hipodroom,0,success,"{"total":0,"location_name":"Hipodroom (CLOSED)","location_id":1}"
2026-09-28 23:33:16,+0300,3,T1,6,success,"{"total":6,"location_name":"T1 Shopping Mall","location_id":3}"
2026-09-28 23:33:16,+0300,9,Mustika,5,success,"{"total":5,"location_name":"Mustika","location_id":9}"
2026-09-28 23:33:16,+0300,10,Suur-Paala,0,success,"{"total":0,"location_name":"Suur-Paala","location_id":10}"
2026-09-28 23:33:16,+0300,1,Hipodroom,0,success,"{"total":0,"location_name":"Hipodroom (CLOSED)","location_id":1}"
2026-09-28 23:35:17,+0300,3,T1,6,success,"{"total":6,"location_name":"T1 Shopping Mall","location_id":3}"
2026-09-28 23:35:17,+0300,9,Mustika,5,success,"{"total":5,"location_name":"Mustika","location_id":9}"
2026-09-28 23:35:17,+0300,10,Suur-Paala,0,success,"{"total":0,"location_name":"Suur-Paala","location_id":10}"
2026-09-28 23:35:17,+0300,1,Hipodroom,0,success,"{"total":0,"location_name":"Hipodroom (CLOSED)","location_id":1}"
2026-09-28 23:37:17,+0300,3,T1,6,success,"{"total":6,"location_name":"T1 Shopping Mall","location_id":3}"
2026-09-28 23:37:17,+0300,9,Mustika,3,success,"{"total":3,"location_name":"Mustika","location_id":9}"
2026-09-28 23:37:17,+0300,10,Suur-Paala,0,success,"{"total":0,"location_name":"Suur-Paala","location_id":10}"
2026-09-28 23:37:17,+0300,1,Hipodroom,0,success,"{"total":0,"location_name":"Hipodroom (CLOSED)","location_id":1}"
2026-09-28 23:39:18,+0300,3,T1,6,success,"{"total":6,"location_name":"T1 Shopping Mall","location_id":3}"
2026-09-28 23:39:18,+0300,9,Mustika,3,success,"{"total":3,"location_name":"Mustika","location_id":9}"
2026-09-28 23:39:18,+0300,10,Suur-Paala,0,success,"{"total":0,"location_name":"Suur-Paala","location_id":10}"
2026-09-28 23:39:18,+0300,1,Hipodroom,0,success,"{"total":0,"location_name":"Hipodroom (CLOSED)","location_id":1}"
2026-09-28 23:41:18,+0300,3,T1,6,success,"{"total":6,"location_name":"T1 Shopping Mall","location_id":3}"
2026-09-28 23:41:18,+0300,9,Mustika,3,success,"{"total":3,"location_name":"Mustika","location_id":9}"
2026-09-28 23:41:18,+0300,10,Suur-Paala,0,success,"{"total":0,"location_name":"Suur-Paala","location_id":10}"
2026-09-28 23:41:18,+0300,1,Hipodroom,0,success,"{"total":0,"location_name":"Hipodroom (CLOSED)","location_id":1}"
2026-09-28 23:43:19,+0300,3,T1,6,success,"{"total":6,"location_name":"T1 Shopping Mall","location_id":3}"
2026-09-28 23:43:19,+0300,9,Mustika,3,success,"{"total":3,"location_name":"Mustika","location_id":9}"
2026-09-28 23:43:19,+0300,10,Suur-Paala,0,success,"{"total":0,"location_name":"Suur-Paala","location_id":10}"
2026-09-28 23:43:19,+0300,1,Hipodroom,0,success,"{"total":0,"location_name":"Hipodroom (CLOSED)","location_id":1}"
2026-09-28 23:45:20,+0300,3,T1,6,success,"{"total":6,"location_name":"T1 Shopping Mall","location_id":3}"
2026-09-28 23:45:20,+0300,9,Mustika,3,success,"{"total":3,"location_name":"Mustika","location_id":9}"
2026-09-28 23:45:20,+0300,10,Suur-Paala,0,success,"{"total":0,"location_name":"Suur-Paala","location_id":10}"
2026-09-28 23:45:20,+0300,1,Hipodroom,0,success,"{"total":0,"location_name":"Hipodroom (CLOSED)","location_id":1}"
2026-09-28 23:47:20,+0300,3,T1,6,success,"{"total":6,"location_name":"T1 Shopping Mall","location_id":3}"
2026-09-28 23:47:20,+0300,9,Mustika,3,success,"{"total":3,"location_name":"Mustika","location_id":9}"
2026-09-28 23:47:20,+0300,10,Suur-Paala,0,success,"{"total":0,"location_name":"Suur-Paala","location_id":10}"
2026-09-28 23:47:20,+0300,1,Hipodroom,0,success,"{"total":0,"location_name":"Hipodroom (CLOSED)","location_id":1}"
2026-09-28 23:49:21,+0300,3,T1,5,success,"{"total":5,"location_name":"T1 Shopping Mall","location_id":3}"
2026-09-28 23:49:21,+0300,9,Mustika,3,success,"{"total":3,"location_name":"Mustika","location_id":9}"
2026-09-28 23:49:21,+0300,10,Suur-Paala,0,success,"{"total":0,"location_name":"Suur-Paala","location_id":10}"
2026-09-28 23:49:21,+0300,1,Hipodroom,0,success,"{"total":0,"location_name":"Hipodroom (CLOSED)","location_id":1}"
2026-09-28 23:51:21,+0300,3,T1,5,success,"{"total":5,"location_name":"T1 Shopping Mall","location_id":3}"
2026-09-28 23:51:21,+0300,9,Mustika,3,success,"{"total":3,"location_name":"Mustika","location_id":9}"
2026-09-28 23:51:21,+0300,10,Suur-Paala,0,success,"{"total":0,"location_name":"Suur-Paala","location_id":10}"
2026-09-28 23:51:21,+0300,1,Hipodroom,0,success,"{"total":0,"location_name":"Hipodroom (CLOSED)","location_id":1}"
2026-09-28 23:53:22,+0300,3,T1,5,success,"{"total":5,"location_name":"T1 Shopping Mall","location_id":3}"
2026-09-28 23:53:22,+0300,9,Mustika,3,success,"{"total":3,"location_name":"Mustika","location_id":9}"
2026-09-28 23:53:22,+0300,10,Suur-Paala,0,success,"{"total":0,"location_name":"Suur-Paala","location_id":10}"
2026-09-28 23:53:22,+0300,1,Hipodroom,0,success,"{"total":0,"location_name":"Hipodroom (CLOSED)","location_id":1}"
2026-09-28 23:55:22,+0300,3,T1,5,success,"{"total":5,"location_name":"T1 Shopping Mall","location_id":3}"
2026-09-28 23:55:22,+0300,9,Mustika,3,success,"{"total":3,"location_name":"Mustika","location_id":9}"
2026-09-28 23:55:22,+0300,10,Suur-Paala,0,success,"{"total":0,"location_name":"Suur-Paala","location_id":10}"
2026-09-28 23:55:22,+0300,1,Hipodroom,0,success,"{"total":0,"location_name":"Hipodroom (CLOSED)","location_id":1}"
2026-09-28 23:57:23,+0300,3,T1,5,success,"{"total":5,"location_name":"T1 Shopping Mall","location_id":3}"
2026-09-28 23:57:23,+0300,9,Mustika,3,success,"{"total":3,"location_name":"Mustika","location_id":9}"
2026-09-28 23:57:23,+0300,10,Suur-Paala,0,success,"{"total":0,"location_name":"Suur-Paala","location_id":10}"
2026-09-28 23:57:23,+0300,1,Hipodroom,0,success,"{"total":0,"location_name":"Hipodroom (CLOSED)","location_id":1}"
2026-09-28 23:59:24,+0300,3,T1,5,success,"{"total":5,"location_name":"T1 Shopping Mall","location_id":3}"
2026-09-28 23:59:24,+0300,9,Mustika,3,success,"{"total":3,"location_name":"Mustika","location_id":9}"
2026-09-28 23:59:24,+0300,10,Suur-Paala,0,success,"{"total":0,"location_name":"Suur-Paala","location_id":10}"
2026-09-28 23:59:24,+0300,1,Hipodroom,0,success,"{"total":0,"location_name":"Hipodroom (CLOSED)","location_id":1}"
