timestamp,timezone,location_id,location_name,user_count,status,response
2026-08-24 00:01:41,EEST,1,Hipodroom,2,success,"{"total":2,"location_name":"Hipodroom","location_id":1}"
2026-08-24 00:01:41,EEST,3,T1,6,success,"{"total":6,"location_name":"T1 Shopping Mall","location_id":3}"
2026-08-24 00:01:41,EEST,9,Mustika,1,success,"{"total":1,"location_name":"Mustika","location_id":9}"
2026-08-24 00:01:41,EEST,10,Suur-Paala,1,success,"{"total":1,"location_name":"Suur-Paala","location_id":10}"
2026-08-24 00:03:42,EEST,1,Hipodroom,2,success,"{"total":2,"location_name":"Hipodroom","location_id":1}"
2026-08-24 00:03:42,EEST,3,T1,6,success,"{"total":6,"location_name":"T1 Shopping Mall","location_id":3}"
2026-08-24 00:03:42,EEST,9,Mustika,1,success,"{"total":1,"location_name":"Mustika","location_id":9}"
2026-08-24 00:03:42,EEST,10,Suur-Paala,1,success,"{"total":1,"location_name":"Suur-Paala","location_id":10}"
2026-08-24 00:05:42,EEST,1,Hipodroom,2,success,"{"total":2,"location_name":"Hipodroom","location_id":1}"
2026-08-24 00:05:42,EEST,3,T1,6,success,"{"total":6,"location_name":"T1 Shopping Mall","location_id":3}"
2026-08-24 00:05:42,EEST,9,Mustika,1,success,"{"total":1,"location_name":"Mustika","location_id":9}"
2026-08-24 00:05:42,EEST,10,Suur-Paala,1,success,"{"total":1,"location_name":"Suur-Paala","location_id":10}"
2026-08-24 00:07:43,EEST,1,Hipodroom,2,success,"{"total":2,"location_name":"Hipodroom","location_id":1}"
2026-08-24 00:07:43,EEST,3,T1,5,success,"{"total":5,"location_name":"T1 Shopping Mall","location_id":3}"
2026-08-24 00:07:43,EEST,9,Mustika,1,success,"{"total":1,"location_name":"Mustika","location_id":9}"
2026-08-24 00:07:43,EEST,10,Suur-Paala,1,success,"{"total":1,"location_name":"Suur-Paala","location_id":10}"
2026-08-24 00:09:44,EEST,1,Hipodroom,2,success,"{"total":2,"location_name":"Hipodroom","location_id":1}"
2026-08-24 00:09:44,EEST,3,T1,5,success,"{"total":5,"location_name":"T1 Shopping Mall","location_id":3}"
2026-08-24 00:09:44,EEST,9,Mustika,1,success,"{"total":1,"location_name":"Mustika","location_id":9}"
2026-08-24 00:09:44,EEST,10,Suur-Paala,1,success,"{"total":1,"location_name":"Suur-Paala","location_id":10}"
2026-08-24 00:11:44,EEST,1,Hipodroom,2,success,"{"total":2,"location_name":"Hipodroom","location_id":1}"
2026-08-24 00:11:44,EEST,3,T1,5,success,"{"total":5,"location_name":"T1 Shopping Mall","location_id":3}"
2026-08-24 00:11:44,EEST,9,Mustika,1,success,"{"total":1,"location_name":"Mustika","location_id":9}"
2026-08-24 00:11:44,EEST,10,Suur-Paala,1,success,"{"total":1,"location_name":"Suur-Paala","location_id":10}"
2026-08-24 00:13:45,EEST,1,Hipodroom,1,success,"{"total":1,"location_name":"Hipodroom","location_id":1}"
2026-08-24 00:13:45,EEST,3,T1,4,success,"{"total":4,"location_name":"T1 Shopping Mall","location_id":3}"
2026-08-24 00:13:45,EEST,9,Mustika,1,success,"{"total":1,"location_name":"Mustika","location_id":9}"
2026-08-24 00:13:45,EEST,10,Suur-Paala,1,success,"{"total":1,"location_name":"Suur-Paala","location_id":10}"
2026-08-24 00:15:46,EEST,1,Hipodroom,1,success,"{"total":1,"location_name":"Hipodroom","location_id":1}"
2026-08-24 00:15:46,EEST,3,T1,4,success,"{"total":4,"location_name":"T1 Shopping Mall","location_id":3}"
2026-08-24 00:15:46,EEST,9,Mustika,1,success,"{"total":1,"location_name":"Mustika","location_id":9}"
2026-08-24 00:15:46,EEST,10,Suur-Paala,1,success,"{"total":1,"location_name":"Suur-Paala","location_id":10}"
2026-08-24 00:17:46,EEST,1,Hipodroom,1,success,"{"total":1,"location_name":"Hipodroom","location_id":1}"
2026-08-24 00:17:46,EEST,3,T1,4,success,"{"total":4,"location_name":"T1 Shopping Mall","location_id":3}"
2026-08-24 00:17:46,EEST,9,Mustika,1,success,"{"total":1,"location_name":"Mustika","location_id":9}"
2026-08-24 00:17:46,EEST,10,Suur-Paala,1,success,"{"total":1,"location_name":"Suur-Paala","location_id":10}"
2026-08-24 00:19:47,EEST,1,Hipodroom,1,success,"{"total":1,"location_name":"Hipodroom","location_id":1}"
2026-08-24 00:19:47,EEST,3,T1,4,success,"{"total":4,"location_name":"T1 Shopping Mall","location_id":3}"
2026-08-24 00:19:47,EEST,9,Mustika,1,success,"{"total":1,"location_name":"Mustika","location_id":9}"
2026-08-24 00:19:47,EEST,10,Suur-Paala,1,success,"{"total":1,"location_name":"Suur-Paala","location_id":10}"
2026-08-24 00:21:48,EEST,1,Hipodroom,1,success,"{"total":1,"location_name":"Hipodroom","location_id":1}"
2026-08-24 00:21:48,EEST,3,T1,4,success,"{"total":4,"location_name":"T1 Shopping Mall","location_id":3}"
2026-08-24 00:21:48,EEST,9,Mustika,1,success,"{"total":1,"location_name":"Mustika","location_id":9}"
2026-08-24 00:21:48,EEST,10,Suur-Paala,1,success,"{"total":1,"location_name":"Suur-Paala","location_id":10}"
2026-08-24 00:23:48,EEST,1,Hipodroom,1,success,"{"total":1,"location_name":"Hipodroom","location_id":1}"
2026-08-24 00:23:48,EEST,3,T1,4,success,"{"total":4,"location_name":"T1 Shopping Mall","location_id":3}"
2026-08-24 00:23:48,EEST,9,Mustika,1,success,"{"total":1,"location_name":"Mustika","location_id":9}"
2026-08-24 00:23:48,EEST,10,Suur-Paala,1,success,"{"total":1,"location_name":"Suur-Paala","location_id":10}"
2026-08-24 00:25:49,EEST,1,Hipodroom,1,success,"{"total":1,"location_name":"Hipodroom","location_id":1}"
2026-08-24 00:25:49,EEST,3,T1,4,success,"{"total":4,"location_name":"T1 Shopping Mall","location_id":3}"
2026-08-24 00:25:49,EEST,9,Mustika,1,success,"{"total":1,"location_name":"Mustika","location_id":9}"
2026-08-24 00:25:49,EEST,10,Suur-Paala,1,success,"{"total":1,"location_name":"Suur-Paala","location_id":10}"
2026-08-24 00:27:50,EEST,1,Hipodroom,1,success,"{"total":1,"location_name":"Hipodroom","location_id":1}"
2026-08-24 00:27:50,EEST,3,T1,4,success,"{"total":4,"location_name":"T1 Shopping Mall","location_id":3}"
2026-08-24 00:27:50,EEST,9,Mustika,1,success,"{"total":1,"location_name":"Mustika","location_id":9}"
2026-08-24 00:27:50,EEST,10,Suur-Paala,1,success,"{"total":1,"location_name":"Suur-Paala","location_id":10}"
2026-08-24 00:29:50,EEST,1,Hipodroom,1,success,"{"total":1,"location_name":"Hipodroom","location_id":1}"
2026-08-24 00:29:50,EEST,3,T1,4,success,"{"total":4,"location_name":"T1 Shopping Mall","location_id":3}"
2026-08-24 00:29:50,EEST,9,Mustika,1,success,"{"total":1,"location_name":"Mustika","location_id":9}"
2026-08-24 00:29:50,EEST,10,Suur-Paala,1,success,"{"total":1,"location_name":"Suur-Paala","location_id":10}"
2026-08-24 00:31:51,EEST,1,Hipodroom,1,success,"{"total":1,"location_name":"Hipodroom","location_id":1}"
2026-08-24 00:31:51,EEST,3,T1,4,success,"{"total":4,"location_name":"T1 Shopping Mall","location_id":3}"
2026-08-24 00:31:51,EEST,9,Mustika,1,success,"{"total":1,"location_name":"Mustika","location_id":9}"
2026-08-24 00:31:51,EEST,10,Suur-Paala,1,success,"{"total":1,"location_name":"Suur-Paala","location_id":10}"
2026-08-24 00:33:52,EEST,1,Hipodroom,1,success,"{"total":1,"location_name":"Hipodroom","location_id":1}"
2026-08-24 00:33:52,EEST,3,T1,4,success,"{"total":4,"location_name":"T1 Shopping Mall","location_id":3}"
2026-08-24 00:33:52,EEST,9,Mustika,1,success,"{"total":1,"location_name":"Mustika","location_id":9}"
2026-08-24 00:33:52,EEST,10,Suur-Paala,1,success,"{"total":1,"location_name":"Suur-Paala","location_id":10}"
2026-08-24 00:35:52,EEST,1,Hipodroom,1,success,"{"total":1,"location_name":"Hipodroom","location_id":1}"
2026-08-24 00:35:52,EEST,3,T1,4,success,"{"total":4,"location_name":"T1 Shopping Mall","location_id":3}"
2026-08-24 00:35:52,EEST,9,Mustika,1,success,"{"total":1,"location_name":"Mustika","location_id":9}"
2026-08-24 00:35:52,EEST,10,Suur-Paala,1,success,"{"total":1,"location_name":"Suur-Paala","location_id":10}"
2026-08-24 00:37:53,EEST,1,Hipodroom,1,success,"{"total":1,"location_name":"Hipodroom","location_id":1}"
2026-08-24 00:37:53,EEST,3,T1,3,success,"{"total":3,"location_name":"T1 Shopping Mall","location_id":3}"
2026-08-24 00:37:53,EEST,9,Mustika,1,success,"{"total":1,"location_name":"Mustika","location_id":9}"
2026-08-24 00:37:53,EEST,10,Suur-Paala,1,success,"{"total":1,"location_name":"Suur-Paala","location_id":10}"
2026-08-24 00:39:54,EEST,1,Hipodroom,1,success,"{"total":1,"location_name":"Hipodroom","location_id":1}"
2026-08-24 00:39:54,EEST,3,T1,3,success,"{"total":3,"location_name":"T1 Shopping Mall","location_id":3}"
2026-08-24 00:39:54,EEST,9,Mustika,1,success,"{"total":1,"location_name":"Mustika","location_id":9}"
2026-08-24 00:39:54,EEST,10,Suur-Paala,1,success,"{"total":1,"location_name":"Suur-Paala","location_id":10}"
2026-08-24 00:41:54,EEST,1,Hipodroom,1,success,"{"total":1,"location_name":"Hipodroom","location_id":1}"
2026-08-24 00:41:54,EEST,3,T1,3,success,"{"total":3,"location_name":"T1 Shopping Mall","location_id":3}"
2026-08-24 00:41:54,EEST,9,Mustika,1,success,"{"total":1,"location_name":"Mustika","location_id":9}"
2026-08-24 00:41:54,EEST,10,Suur-Paala,1,success,"{"total":1,"location_name":"Suur-Paala","location_id":10}"
2026-08-24 00:43:55,EEST,1,Hipodroom,1,success,"{"total":1,"location_name":"Hipodroom","location_id":1}"
2026-08-24 00:43:55,EEST,3,T1,3,success,"{"total":3,"location_name":"T1 Shopping Mall","location_id":3}"
2026-08-24 00:43:55,EEST,9,Mustika,1,success,"{"total":1,"location_name":"Mustika","location_id":9}"
2026-08-24 00:43:55,EEST,10,Suur-Paala,1,success,"{"total":1,"location_name":"Suur-Paala","location_id":10}"
2026-08-24 00:45:55,EEST,1,Hipodroom,1,success,"{"total":1,"location_name":"Hipodroom","location_id":1}"
2026-08-24 00:45:55,EEST,3,T1,3,success,"{"total":3,"location_name":"T1 Shopping Mall","location_id":3}"
2026-08-24 00:45:55,EEST,9,Mustika,1,success,"{"total":1,"location_name":"Mustika","location_id":9}"
2026-08-24 00:45:55,EEST,10,Suur-Paala,1,success,"{"total":1,"location_name":"Suur-Paala","location_id":10}"
2026-08-24 00:47:56,EEST,1,Hipodroom,1,success,"{"total":1,"location_name":"Hipodroom","location_id":1}"
2026-08-24 00:47:56,EEST,3,T1,3,success,"{"total":3,"location_name":"T1 Shopping Mall","location_id":3}"
2026-08-24 00:47:56,EEST,9,Mustika,1,success,"{"total":1,"location_name":"Mustika","location_id":9}"
2026-08-24 00:47:56,EEST,10,Suur-Paala,1,success,"{"total":1,"location_name":"Suur-Paala","location_id":10}"
2026-08-24 00:49:57,EEST,1,Hipodroom,1,success,"{"total":1,"location_name":"Hipodroom","location_id":1}"
2026-08-24 00:49:57,EEST,3,T1,3,success,"{"total":3,"location_name":"T1 Shopping Mall","location_id":3}"
2026-08-24 00:49:57,EEST,9,Mustika,1,success,"{"total":1,"location_name":"Mustika","location_id":9}"
2026-08-24 00:49:57,EEST,10,Suur-Paala,1,success,"{"total":1,"location_name":"Suur-Paala","location_id":10}"
2026-08-24 00:51:57,EEST,1,Hipodroom,1,success,"{"total":1,"location_name":"Hipodroom","location_id":1}"
2026-08-24 00:51:57,EEST,3,T1,3,success,"{"total":3,"location_name":"T1 Shopping Mall","location_id":3}"
2026-08-24 00:51:57,EEST,9,Mustika,1,success,"{"total":1,"location_name":"Mustika","location_id":9}"
2026-08-24 00:51:57,EEST,10,Suur-Paala,1,success,"{"total":1,"location_name":"Suur-Paala","location_id":10}"
2026-08-24 00:53:58,EEST,1,Hipodroom,1,success,"{"total":1,"location_name":"Hipodroom","location_id":1}"
2026-08-24 00:53:58,EEST,3,T1,3,success,"{"total":3,"location_name":"T1 Shopping Mall","location_id":3}"
2026-08-24 00:53:58,EEST,9,Mustika,1,success,"{"total":1,"location_name":"Mustika","location_id":9}"
2026-08-24 00:53:58,EEST,10,Suur-Paala,1,success,"{"total":1,"location_name":"Suur-Paala","location_id":10}"
2026-08-24 00:55:58,EEST,1,Hipodroom,1,success,"{"total":1,"location_name":"Hipodroom","location_id":1}"
2026-08-24 00:55:58,EEST,3,T1,3,success,"{"total":3,"location_name":"T1 Shopping Mall","location_id":3}"
2026-08-24 00:55:58,EEST,9,Mustika,1,success,"{"total":1,"location_name":"Mustika","location_id":9}"
2026-08-24 00:55:58,EEST,10,Suur-Paala,1,success,"{"total":1,"location_name":"Suur-Paala","location_id":10}"
2026-08-24 00:57:59,EEST,1,Hipodroom,1,success,"{"total":1,"location_name":"Hipodroom","location_id":1}"
2026-08-24 00:57:59,EEST,3,T1,3,success,"{"total":3,"location_name":"T1 Shopping Mall","location_id":3}"
2026-08-24 00:57:59,EEST,9,Mustika,1,success,"{"total":1,"location_name":"Mustika","location_id":9}"
2026-08-24 00:57:59,EEST,10,Suur-Paala,1,success,"{"total":1,"location_name":"Suur-Paala","location_id":10}"
2026-08-24 01:00:00,EEST,1,Hipodroom,1,success,"{"total":1,"location_name":"Hipodroom","location_id":1}"
2026-08-24 01:00:00,EEST,3,T1,3,success,"{"total":3,"location_name":"T1 Shopping Mall","location_id":3}"
2026-08-24 01:00:00,EEST,9,Mustika,1,success,"{"total":1,"location_name":"Mustika","location_id":9}"
2026-08-24 01:00:00,EEST,10,Suur-Paala,1,success,"{"total":1,"location_name":"Suur-Paala","location_id":10}"
2026-08-24 01:02:00,EEST,1,Hipodroom,1,success,"{"total":1,"location_name":"Hipodroom","location_id":1}"
2026-08-24 01:02:00,EEST,3,T1,3,success,"{"total":3,"location_name":"T1 Shopping Mall","location_id":3}"
2026-08-24 01:02:00,EEST,9,Mustika,1,success,"{"total":1,"location_name":"Mustika","location_id":9}"
2026-08-24 01:02:00,EEST,10,Suur-Paala,1,success,"{"total":1,"location_name":"Suur-Paala","location_id":10}"
2026-08-24 01:04:01,EEST,1,Hipodroom,1,success,"{"total":1,"location_name":"Hipodroom","location_id":1}"
2026-08-24 01:04:01,EEST,3,T1,3,success,"{"total":3,"location_name":"T1 Shopping Mall","location_id":3}"
2026-08-24 01:04:01,EEST,9,Mustika,1,success,"{"total":1,"location_name":"Mustika","location_id":9}"
2026-08-24 01:04:01,EEST,10,Suur-Paala,1,success,"{"total":1,"location_name":"Suur-Paala","location_id":10}"
2026-08-24 01:06:02,EEST,1,Hipodroom,1,success,"{"total":1,"location_name":"Hipodroom","location_id":1}"
2026-08-24 01:06:02,EEST,3,T1,3,success,"{"total":3,"location_name":"T1 Shopping Mall","location_id":3}"
2026-08-24 01:06:02,EEST,9,Mustika,1,success,"{"total":1,"location_name":"Mustika","location_id":9}"
2026-08-24 01:06:02,EEST,10,Suur-Paala,1,success,"{"total":1,"location_name":"Suur-Paala","location_id":10}"
2026-08-24 01:08:02,EEST,1,Hipodroom,1,success,"{"total":1,"location_name":"Hipodroom","location_id":1}"
2026-08-24 01:08:02,EEST,3,T1,2,success,"{"total":2,"location_name":"T1 Shopping Mall","location_id":3}"
2026-08-24 01:08:02,EEST,9,Mustika,1,success,"{"total":1,"location_name":"Mustika","location_id":9}"
2026-08-24 01:08:02,EEST,10,Suur-Paala,1,success,"{"total":1,"location_name":"Suur-Paala","location_id":10}"
2026-08-24 01:10:03,EEST,1,Hipodroom,1,success,"{"total":1,"location_name":"Hipodroom","location_id":1}"
2026-08-24 01:10:03,EEST,3,T1,2,success,"{"total":2,"location_name":"T1 Shopping Mall","location_id":3}"
2026-08-24 01:10:03,EEST,9,Mustika,1,success,"{"total":1,"location_name":"Mustika","location_id":9}"
2026-08-24 01:10:03,EEST,10,Suur-Paala,1,success,"{"total":1,"location_name":"Suur-Paala","location_id":10}"
2026-08-24 01:12:04,EEST,1,Hipodroom,1,success,"{"total":1,"location_name":"Hipodroom","location_id":1}"
2026-08-24 01:12:04,EEST,3,T1,2,success,"{"total":2,"location_name":"T1 Shopping Mall","location_id":3}"
2026-08-24 01:12:04,EEST,9,Mustika,1,success,"{"total":1,"location_name":"Mustika","location_id":9}"
2026-08-24 01:12:04,EEST,10,Suur-Paala,1,success,"{"total":1,"location_name":"Suur-Paala","location_id":10}"
2026-08-24 01:14:05,EEST,1,Hipodroom,1,success,"{"total":1,"location_name":"Hipodroom","location_id":1}"
2026-08-24 01:14:05,EEST,3,T1,2,success,"{"total":2,"location_name":"T1 Shopping Mall","location_id":3}"
2026-08-24 01:14:05,EEST,9,Mustika,1,success,"{"total":1,"location_name":"Mustika","location_id":9}"
2026-08-24 01:14:05,EEST,10,Suur-Paala,1,success,"{"total":1,"location_name":"Suur-Paala","location_id":10}"
2026-08-24 01:16:05,EEST,1,Hipodroom,1,success,"{"total":1,"location_name":"Hipodroom","location_id":1}"
2026-08-24 01:16:05,EEST,3,T1,2,success,"{"total":2,"location_name":"T1 Shopping Mall","location_id":3}"
2026-08-24 01:16:05,EEST,9,Mustika,1,success,"{"total":1,"location_name":"Mustika","location_id":9}"
2026-08-24 01:16:05,EEST,10,Suur-Paala,1,success,"{"total":1,"location_name":"Suur-Paala","location_id":10}"
2026-08-24 01:18:06,EEST,1,Hipodroom,1,success,"{"total":1,"location_name":"Hipodroom","location_id":1}"
2026-08-24 01:18:06,EEST,3,T1,2,success,"{"total":2,"location_name":"T1 Shopping Mall","location_id":3}"
2026-08-24 01:18:06,EEST,9,Mustika,1,success,"{"total":1,"location_name":"Mustika","location_id":9}"
2026-08-24 01:18:06,EEST,10,Suur-Paala,1,success,"{"total":1,"location_name":"Suur-Paala","location_id":10}"
2026-08-24 01:20:07,EEST,1,Hipodroom,1,success,"{"total":1,"location_name":"Hipodroom","location_id":1}"
2026-08-24 01:20:07,EEST,3,T1,2,success,"{"total":2,"location_name":"T1 Shopping Mall","location_id":3}"
2026-08-24 01:20:07,EEST,9,Mustika,1,success,"{"total":1,"location_name":"Mustika","location_id":9}"
2026-08-24 01:20:07,EEST,10,Suur-Paala,1,success,"{"total":1,"location_name":"Suur-Paala","location_id":10}"
2026-08-24 01:22:08,EEST,1,Hipodroom,1,success,"{"total":1,"location_name":"Hipodroom","location_id":1}"
2026-08-24 01:22:08,EEST,3,T1,2,success,"{"total":2,"location_name":"T1 Shopping Mall","location_id":3}"
2026-08-24 01:22:08,EEST,9,Mustika,1,success,"{"total":1,"location_name":"Mustika","location_id":9}"
2026-08-24 01:22:08,EEST,10,Suur-Paala,1,success,"{"total":1,"location_name":"Suur-Paala","location_id":10}"
2026-08-24 01:24:09,EEST,1,Hipodroom,1,success,"{"total":1,"location_name":"Hipodroom","location_id":1}"
2026-08-24 01:24:09,EEST,3,T1,2,success,"{"total":2,"location_name":"T1 Shopping Mall","location_id":3}"
2026-08-24 01:24:09,EEST,9,Mustika,1,success,"{"total":1,"location_name":"Mustika","location_id":9}"
2026-08-24 01:24:09,EEST,10,Suur-Paala,1,success,"{"total":1,"location_name":"Suur-Paala","location_id":10}"
2026-08-24 01:26:10,EEST,1,Hipodroom,1,success,"{"total":1,"location_name":"Hipodroom","location_id":1}"
2026-08-24 01:26:10,EEST,3,T1,2,success,"{"total":2,"location_name":"T1 Shopping Mall","location_id":3}"
2026-08-24 01:26:10,EEST,9,Mustika,1,success,"{"total":1,"location_name":"Mustika","location_id":9}"
2026-08-24 01:26:10,EEST,10,Suur-Paala,1,success,"{"total":1,"location_name":"Suur-Paala","location_id":10}"
2026-08-24 01:28:10,EEST,1,Hipodroom,1,success,"{"total":1,"location_name":"Hipodroom","location_id":1}"
2026-08-24 01:28:10,EEST,3,T1,2,success,"{"total":2,"location_name":"T1 Shopping Mall","location_id":3}"
2026-08-24 01:28:10,EEST,9,Mustika,1,success,"{"total":1,"location_name":"Mustika","location_id":9}"
2026-08-24 01:28:10,EEST,10,Suur-Paala,1,success,"{"total":1,"location_name":"Suur-Paala","location_id":10}"
2026-08-24 01:30:11,EEST,1,Hipodroom,1,success,"{"total":1,"location_name":"Hipodroom","location_id":1}"
2026-08-24 01:30:11,EEST,3,T1,2,success,"{"total":2,"location_name":"T1 Shopping Mall","location_id":3}"
2026-08-24 01:30:11,EEST,9,Mustika,1,success,"{"total":1,"location_name":"Mustika","location_id":9}"
2026-08-24 01:30:11,EEST,10,Suur-Paala,1,success,"{"total":1,"location_name":"Suur-Paala","location_id":10}"
2026-08-24 01:32:12,EEST,1,Hipodroom,1,success,"{"total":1,"location_name":"Hipodroom","location_id":1}"
2026-08-24 01:32:12,EEST,3,T1,2,success,"{"total":2,"location_name":"T1 Shopping Mall","location_id":3}"
2026-08-24 01:32:12,EEST,9,Mustika,1,success,"{"total":1,"location_name":"Mustika","location_id":9}"
2026-08-24 01:32:12,EEST,10,Suur-Paala,1,success,"{"total":1,"location_name":"Suur-Paala","location_id":10}"
2026-08-24 01:34:13,EEST,1,Hipodroom,1,success,"{"total":1,"location_name":"Hipodroom","location_id":1}"
2026-08-24 01:34:13,EEST,3,T1,2,success,"{"total":2,"location_name":"T1 Shopping Mall","location_id":3}"
2026-08-24 01:34:13,EEST,9,Mustika,1,success,"{"total":1,"location_name":"Mustika","location_id":9}"
2026-08-24 01:34:13,EEST,10,Suur-Paala,1,success,"{"total":1,"location_name":"Suur-Paala","location_id":10}"
2026-08-24 01:36:13,EEST,1,Hipodroom,1,success,"{"total":1,"location_name":"Hipodroom","location_id":1}"
2026-08-24 01:36:13,EEST,3,T1,2,success,"{"total":2,"location_name":"T1 Shopping Mall","location_id":3}"
2026-08-24 01:36:13,EEST,9,Mustika,1,success,"{"total":1,"location_name":"Mustika","location_id":9}"
2026-08-24 01:36:13,EEST,10,Suur-Paala,1,success,"{"total":1,"location_name":"Suur-Paala","location_id":10}"
2026-08-24 01:38:14,EEST,1,Hipodroom,0,success,"{"total":0,"location_name":"Hipodroom","location_id":1}"
2026-08-24 01:38:14,EEST,3,T1,2,success,"{"total":2,"location_name":"T1 Shopping Mall","location_id":3}"
2026-08-24 01:38:14,EEST,9,Mustika,1,success,"{"total":1,"location_name":"Mustika","location_id":9}"
2026-08-24 01:38:14,EEST,10,Suur-Paala,1,success,"{"total":1,"location_name":"Suur-Paala","location_id":10}"
2026-08-24 01:40:15,EEST,1,Hipodroom,0,success,"{"total":0,"location_name":"Hipodroom","location_id":1}"
2026-08-24 01:40:15,EEST,3,T1,2,success,"{"total":2,"location_name":"T1 Shopping Mall","location_id":3}"
2026-08-24 01:40:15,EEST,9,Mustika,1,success,"{"total":1,"location_name":"Mustika","location_id":9}"
2026-08-24 01:40:15,EEST,10,Suur-Paala,0,success,"{"total":0,"location_name":"Suur-Paala","location_id":10}"
2026-08-24 01:42:15,EEST,1,Hipodroom,0,success,"{"total":0,"location_name":"Hipodroom","location_id":1}"
2026-08-24 01:42:15,EEST,3,T1,2,success,"{"total":2,"location_name":"T1 Shopping Mall","location_id":3}"
2026-08-24 01:42:15,EEST,9,Mustika,1,success,"{"total":1,"location_name":"Mustika","location_id":9}"
2026-08-24 01:42:15,EEST,10,Suur-Paala,0,success,"{"total":0,"location_name":"Suur-Paala","location_id":10}"
2026-08-24 01:44:16,EEST,1,Hipodroom,0,success,"{"total":0,"location_name":"Hipodroom","location_id":1}"
2026-08-24 01:44:16,EEST,3,T1,1,success,"{"total":1,"location_name":"T1 Shopping Mall","location_id":3}"
2026-08-24 01:44:16,EEST,9,Mustika,1,success,"{"total":1,"location_name":"Mustika","location_id":9}"
2026-08-24 01:44:16,EEST,10,Suur-Paala,0,success,"{"total":0,"location_name":"Suur-Paala","location_id":10}"
2026-08-24 01:46:17,EEST,1,Hipodroom,0,success,"{"total":0,"location_name":"Hipodroom","location_id":1}"
2026-08-24 01:46:17,EEST,3,T1,1,success,"{"total":1,"location_name":"T1 Shopping Mall","location_id":3}"
2026-08-24 01:46:17,EEST,9,Mustika,1,success,"{"total":1,"location_name":"Mustika","location_id":9}"
2026-08-24 01:46:17,EEST,10,Suur-Paala,0,success,"{"total":0,"location_name":"Suur-Paala","location_id":10}"
2026-08-24 01:48:18,EEST,1,Hipodroom,0,success,"{"total":0,"location_name":"Hipodroom","location_id":1}"
2026-08-24 01:48:18,EEST,3,T1,1,success,"{"total":1,"location_name":"T1 Shopping Mall","location_id":3}"
2026-08-24 01:48:18,EEST,9,Mustika,1,success,"{"total":1,"location_name":"Mustika","location_id":9}"
2026-08-24 01:48:18,EEST,10,Suur-Paala,0,success,"{"total":0,"location_name":"Suur-Paala","location_id":10}"
2026-08-24 01:50:18,EEST,1,Hipodroom,0,success,"{"total":0,"location_name":"Hipodroom","location_id":1}"
2026-08-24 01:50:18,EEST,3,T1,1,success,"{"total":1,"location_name":"T1 Shopping Mall","location_id":3}"
2026-08-24 01:50:18,EEST,9,Mustika,1,success,"{"total":1,"location_name":"Mustika","location_id":9}"
2026-08-24 01:50:18,EEST,10,Suur-Paala,0,success,"{"total":0,"location_name":"Suur-Paala","location_id":10}"
2026-08-24 01:52:19,EEST,1,Hipodroom,0,success,"{"total":0,"location_name":"Hipodroom","location_id":1}"
2026-08-24 01:52:19,EEST,3,T1,1,success,"{"total":1,"location_name":"T1 Shopping Mall","location_id":3}"
2026-08-24 01:52:19,EEST,9,Mustika,1,success,"{"total":1,"location_name":"Mustika","location_id":9}"
2026-08-24 01:52:19,EEST,10,Suur-Paala,0,success,"{"total":0,"location_name":"Suur-Paala","location_id":10}"
2026-08-24 01:54:20,EEST,1,Hipodroom,0,success,"{"total":0,"location_name":"Hipodroom","location_id":1}"
2026-08-24 01:54:20,EEST,3,T1,1,success,"{"total":1,"location_name":"T1 Shopping Mall","location_id":3}"
2026-08-24 01:54:20,EEST,9,Mustika,1,success,"{"total":1,"location_name":"Mustika","location_id":9}"
2026-08-24 01:54:20,EEST,10,Suur-Paala,0,success,"{"total":0,"location_name":"Suur-Paala","location_id":10}"
2026-08-24 01:56:21,EEST,1,Hipodroom,0,success,"{"total":0,"location_name":"Hipodroom","location_id":1}"
2026-08-24 01:56:21,EEST,3,T1,1,success,"{"total":1,"location_name":"T1 Shopping Mall","location_id":3}"
2026-08-24 01:56:21,EEST,9,Mustika,1,success,"{"total":1,"location_name":"Mustika","location_id":9}"
2026-08-24 01:56:21,EEST,10,Suur-Paala,0,success,"{"total":0,"location_name":"Suur-Paala","location_id":10}"
2026-08-24 01:58:22,EEST,1,Hipodroom,0,success,"{"total":0,"location_name":"Hipodroom","location_id":1}"
2026-08-24 01:58:22,EEST,3,T1,1,success,"{"total":1,"location_name":"T1 Shopping Mall","location_id":3}"
2026-08-24 01:58:22,EEST,9,Mustika,1,success,"{"total":1,"location_name":"Mustika","location_id":9}"
2026-08-24 01:58:22,EEST,10,Suur-Paala,0,success,"{"total":0,"location_name":"Suur-Paala","location_id":10}"
2026-08-24 02:00:22,EEST,1,Hipodroom,0,success,"{"total":0,"location_name":"Hipodroom","location_id":1}"
2026-08-24 02:00:22,EEST,3,T1,1,success,"{"total":1,"location_name":"T1 Shopping Mall","location_id":3}"
2026-08-24 02:00:22,EEST,9,Mustika,1,success,"{"total":1,"location_name":"Mustika","location_id":9}"
2026-08-24 02:00:22,EEST,10,Suur-Paala,0,success,"{"total":0,"location_name":"Suur-Paala","location_id":10}"
2026-08-24 02:02:23,EEST,1,Hipodroom,0,success,"{"total":0,"location_name":"Hipodroom","location_id":1}"
2026-08-24 02:02:23,EEST,3,T1,1,success,"{"total":1,"location_name":"T1 Shopping Mall","location_id":3}"
2026-08-24 02:02:23,EEST,9,Mustika,1,success,"{"total":1,"location_name":"Mustika","location_id":9}"
2026-08-24 02:02:23,EEST,10,Suur-Paala,0,success,"{"total":0,"location_name":"Suur-Paala","location_id":10}"
2026-08-24 02:04:24,EEST,1,Hipodroom,0,success,"{"total":0,"location_name":"Hipodroom","location_id":1}"
2026-08-24 02:04:24,EEST,3,T1,1,success,"{"total":1,"location_name":"T1 Shopping Mall","location_id":3}"
2026-08-24 02:04:24,EEST,9,Mustika,1,success,"{"total":1,"location_name":"Mustika","location_id":9}"
2026-08-24 02:04:24,EEST,10,Suur-Paala,0,success,"{"total":0,"location_name":"Suur-Paala","location_id":10}"
2026-08-24 02:06:24,EEST,1,Hipodroom,0,success,"{"total":0,"location_name":"Hipodroom","location_id":1}"
2026-08-24 02:06:24,EEST,3,T1,1,success,"{"total":1,"location_name":"T1 Shopping Mall","location_id":3}"
2026-08-24 02:06:24,EEST,9,Mustika,1,success,"{"total":1,"location_name":"Mustika","location_id":9}"
2026-08-24 02:06:24,EEST,10,Suur-Paala,0,success,"{"total":0,"location_name":"Suur-Paala","location_id":10}"
2026-08-24 02:08:25,EEST,1,Hipodroom,0,success,"{"total":0,"location_name":"Hipodroom","location_id":1}"
2026-08-24 02:08:25,EEST,3,T1,1,success,"{"total":1,"location_name":"T1 Shopping Mall","location_id":3}"
2026-08-24 02:08:25,EEST,9,Mustika,1,success,"{"total":1,"location_name":"Mustika","location_id":9}"
2026-08-24 02:08:25,EEST,10,Suur-Paala,0,success,"{"total":0,"location_name":"Suur-Paala","location_id":10}"
2026-08-24 02:10:26,EEST,1,Hipodroom,0,success,"{"total":0,"location_name":"Hipodroom","location_id":1}"
2026-08-24 02:10:26,EEST,3,T1,1,success,"{"total":1,"location_name":"T1 Shopping Mall","location_id":3}"
2026-08-24 02:10:26,EEST,9,Mustika,1,success,"{"total":1,"location_name":"Mustika","location_id":9}"
2026-08-24 02:10:26,EEST,10,Suur-Paala,0,success,"{"total":0,"location_name":"Suur-Paala","location_id":10}"
2026-08-24 02:12:27,EEST,1,Hipodroom,0,success,"{"total":0,"location_name":"Hipodroom","location_id":1}"
2026-08-24 02:12:27,EEST,3,T1,1,success,"{"total":1,"location_name":"T1 Shopping Mall","location_id":3}"
2026-08-24 02:12:27,EEST,9,Mustika,1,success,"{"total":1,"location_name":"Mustika","location_id":9}"
2026-08-24 02:12:27,EEST,10,Suur-Paala,0,success,"{"total":0,"location_name":"Suur-Paala","location_id":10}"
2026-08-24 02:14:27,EEST,1,Hipodroom,0,success,"{"total":0,"location_name":"Hipodroom","location_id":1}"
2026-08-24 02:14:27,EEST,3,T1,1,success,"{"total":1,"location_name":"T1 Shopping Mall","location_id":3}"
2026-08-24 02:14:27,EEST,9,Mustika,1,success,"{"total":1,"location_name":"Mustika","location_id":9}"
2026-08-24 02:14:27,EEST,10,Suur-Paala,0,success,"{"total":0,"location_name":"Suur-Paala","location_id":10}"
2026-08-24 02:16:28,EEST,1,Hipodroom,0,success,"{"total":0,"location_name":"Hipodroom","location_id":1}"
2026-08-24 02:16:28,EEST,3,T1,1,success,"{"total":1,"location_name":"T1 Shopping Mall","location_id":3}"
2026-08-24 02:16:28,EEST,9,Mustika,1,success,"{"total":1,"location_name":"Mustika","location_id":9}"
2026-08-24 02:16:28,EEST,10,Suur-Paala,0,success,"{"total":0,"location_name":"Suur-Paala","location_id":10}"
2026-08-24 02:18:29,EEST,1,Hipodroom,0,success,"{"total":0,"location_name":"Hipodroom","location_id":1}"
2026-08-24 02:18:29,EEST,3,T1,1,success,"{"total":1,"location_name":"T1 Shopping Mall","location_id":3}"
2026-08-24 02:18:29,EEST,9,Mustika,1,success,"{"total":1,"location_name":"Mustika","location_id":9}"
2026-08-24 02:18:29,EEST,10,Suur-Paala,0,success,"{"total":0,"location_name":"Suur-Paala","location_id":10}"
2026-08-24 02:20:29,EEST,1,Hipodroom,0,success,"{"total":0,"location_name":"Hipodroom","location_id":1}"
2026-08-24 02:20:29,EEST,3,T1,1,success,"{"total":1,"location_name":"T1 Shopping Mall","location_id":3}"
2026-08-24 02:20:29,EEST,9,Mustika,1,success,"{"total":1,"location_name":"Mustika","location_id":9}"
2026-08-24 02:20:29,EEST,10,Suur-Paala,0,success,"{"total":0,"location_name":"Suur-Paala","location_id":10}"
2026-08-24 02:22:30,EEST,1,Hipodroom,0,success,"{"total":0,"location_name":"Hipodroom","location_id":1}"
2026-08-24 02:22:30,EEST,3,T1,1,success,"{"total":1,"location_name":"T1 Shopping Mall","location_id":3}"
2026-08-24 02:22:30,EEST,9,Mustika,1,success,"{"total":1,"location_name":"Mustika","location_id":9}"
2026-08-24 02:22:30,EEST,10,Suur-Paala,0,success,"{"total":0,"location_name":"Suur-Paala","location_id":10}"
2026-08-24 02:24:31,EEST,1,Hipodroom,0,success,"{"total":0,"location_name":"Hipodroom","location_id":1}"
2026-08-24 02:24:31,EEST,3,T1,1,success,"{"total":1,"location_name":"T1 Shopping Mall","location_id":3}"
2026-08-24 02:24:31,EEST,9,Mustika,1,success,"{"total":1,"location_name":"Mustika","location_id":9}"
2026-08-24 02:24:31,EEST,10,Suur-Paala,0,success,"{"total":0,"location_name":"Suur-Paala","location_id":10}"
2026-08-24 02:26:32,EEST,1,Hipodroom,0,success,"{"total":0,"location_name":"Hipodroom","location_id":1}"
2026-08-24 02:26:32,EEST,3,T1,1,success,"{"total":1,"location_name":"T1 Shopping Mall","location_id":3}"
2026-08-24 02:26:32,EEST,9,Mustika,1,success,"{"total":1,"location_name":"Mustika","location_id":9}"
2026-08-24 02:26:32,EEST,10,Suur-Paala,0,success,"{"total":0,"location_name":"Suur-Paala","location_id":10}"
2026-08-24 02:28:32,EEST,1,Hipodroom,0,success,"{"total":0,"location_name":"Hipodroom","location_id":1}"
2026-08-24 02:28:32,EEST,3,T1,1,success,"{"total":1,"location_name":"T1 Shopping Mall","location_id":3}"
2026-08-24 02:28:32,EEST,9,Mustika,1,success,"{"total":1,"location_name":"Mustika","location_id":9}"
2026-08-24 02:28:32,EEST,10,Suur-Paala,0,success,"{"total":0,"location_name":"Suur-Paala","location_id":10}"
2026-08-24 02:30:33,EEST,1,Hipodroom,0,success,"{"total":0,"location_name":"Hipodroom","location_id":1}"
2026-08-24 02:30:33,EEST,3,T1,1,success,"{"total":1,"location_name":"T1 Shopping Mall","location_id":3}"
2026-08-24 02:30:33,EEST,9,Mustika,1,success,"{"total":1,"location_name":"Mustika","location_id":9}"
2026-08-24 02:30:33,EEST,10,Suur-Paala,0,success,"{"total":0,"location_name":"Suur-Paala","location_id":10}"
2026-08-24 02:32:34,EEST,1,Hipodroom,0,success,"{"total":0,"location_name":"Hipodroom","location_id":1}"
2026-08-24 02:32:34,EEST,3,T1,1,success,"{"total":1,"location_name":"T1 Shopping Mall","location_id":3}"
2026-08-24 02:32:34,EEST,9,Mustika,1,success,"{"total":1,"location_name":"Mustika","location_id":9}"
2026-08-24 02:32:34,EEST,10,Suur-Paala,0,success,"{"total":0,"location_name":"Suur-Paala","location_id":10}"
2026-08-24 02:34:35,EEST,1,Hipodroom,0,success,"{"total":0,"location_name":"Hipodroom","location_id":1}"
2026-08-24 02:34:35,EEST,3,T1,1,success,"{"total":1,"location_name":"T1 Shopping Mall","location_id":3}"
2026-08-24 02:34:35,EEST,9,Mustika,1,success,"{"total":1,"location_name":"Mustika","location_id":9}"
2026-08-24 02:34:35,EEST,10,Suur-Paala,0,success,"{"total":0,"location_name":"Suur-Paala","location_id":10}"
2026-08-24 02:36:35,EEST,1,Hipodroom,0,success,"{"total":0,"location_name":"Hipodroom","location_id":1}"
2026-08-24 02:36:35,EEST,3,T1,1,success,"{"total":1,"location_name":"T1 Shopping Mall","location_id":3}"
2026-08-24 02:36:35,EEST,9,Mustika,1,success,"{"total":1,"location_name":"Mustika","location_id":9}"
2026-08-24 02:36:35,EEST,10,Suur-Paala,0,success,"{"total":0,"location_name":"Suur-Paala","location_id":10}"
2026-08-24 02:38:36,EEST,1,Hipodroom,0,success,"{"total":0,"location_name":"Hipodroom","location_id":1}"
2026-08-24 02:38:36,EEST,3,T1,0,success,"{"total":0,"location_name":"T1 Shopping Mall","location_id":3}"
2026-08-24 02:38:36,EEST,9,Mustika,1,success,"{"total":1,"location_name":"Mustika","location_id":9}"
2026-08-24 02:38:36,EEST,10,Suur-Paala,0,success,"{"total":0,"location_name":"Suur-Paala","location_id":10}"
2026-08-24 02:40:37,EEST,1,Hipodroom,0,success,"{"total":0,"location_name":"Hipodroom","location_id":1}"
2026-08-24 02:40:37,EEST,3,T1,0,success,"{"total":0,"location_name":"T1 Shopping Mall","location_id":3}"
2026-08-24 02:40:37,EEST,9,Mustika,1,success,"{"total":1,"location_name":"Mustika","location_id":9}"
2026-08-24 02:40:37,EEST,10,Suur-Paala,0,success,"{"total":0,"location_name":"Suur-Paala","location_id":10}"
2026-08-24 02:42:37,EEST,1,Hipodroom,0,success,"{"total":0,"location_name":"Hipodroom","location_id":1}"
2026-08-24 02:42:37,EEST,3,T1,0,success,"{"total":0,"location_name":"T1 Shopping Mall","location_id":3}"
2026-08-24 02:42:37,EEST,9,Mustika,1,success,"{"total":1,"location_name":"Mustika","location_id":9}"
2026-08-24 02:42:37,EEST,10,Suur-Paala,0,success,"{"total":0,"location_name":"Suur-Paala","location_id":10}"
2026-08-24 02:44:38,EEST,1,Hipodroom,0,success,"{"total":0,"location_name":"Hipodroom","location_id":1}"
2026-08-24 02:44:38,EEST,3,T1,0,success,"{"total":0,"location_name":"T1 Shopping Mall","location_id":3}"
2026-08-24 02:44:38,EEST,9,Mustika,1,success,"{"total":1,"location_name":"Mustika","location_id":9}"
2026-08-24 02:44:38,EEST,10,Suur-Paala,0,success,"{"total":0,"location_name":"Suur-Paala","location_id":10}"
2026-08-24 02:46:39,EEST,1,Hipodroom,0,success,"{"total":0,"location_name":"Hipodroom","location_id":1}"
2026-08-24 02:46:39,EEST,3,T1,0,success,"{"total":0,"location_name":"T1 Shopping Mall","location_id":3}"
2026-08-24 02:46:39,EEST,9,Mustika,1,success,"{"total":1,"location_name":"Mustika","location_id":9}"
2026-08-24 02:46:39,EEST,10,Suur-Paala,0,success,"{"total":0,"location_name":"Suur-Paala","location_id":10}"
2026-08-24 02:48:40,EEST,1,Hipodroom,0,success,"{"total":0,"location_name":"Hipodroom","location_id":1}"
2026-08-24 02:48:40,EEST,3,T1,0,success,"{"total":0,"location_name":"T1 Shopping Mall","location_id":3}"
2026-08-24 02:48:40,EEST,9,Mustika,1,success,"{"total":1,"location_name":"Mustika","location_id":9}"
2026-08-24 02:48:40,EEST,10,Suur-Paala,0,success,"{"total":0,"location_name":"Suur-Paala","location_id":10}"
2026-08-24 02:50:40,EEST,1,Hipodroom,0,success,"{"total":0,"location_name":"Hipodroom","location_id":1}"
2026-08-24 02:50:40,EEST,3,T1,0,success,"{"total":0,"location_name":"T1 Shopping Mall","location_id":3}"
2026-08-24 02:50:40,EEST,9,Mustika,0,success,"{"total":0,"location_name":"Mustika","location_id":9}"
2026-08-24 02:50:40,EEST,10,Suur-Paala,0,success,"{"total":0,"location_name":"Suur-Paala","location_id":10}"
2026-08-24 02:52:41,EEST,1,Hipodroom,0,success,"{"total":0,"location_name":"Hipodroom","location_id":1}"
2026-08-24 02:52:41,EEST,3,T1,0,success,"{"total":0,"location_name":"T1 Shopping Mall","location_id":3}"
2026-08-24 02:52:41,EEST,9,Mustika,0,success,"{"total":0,"location_name":"Mustika","location_id":9}"
2026-08-24 02:52:41,EEST,10,Suur-Paala,0,success,"{"total":0,"location_name":"Suur-Paala","location_id":10}"
2026-08-24 02:54:42,EEST,1,Hipodroom,0,success,"{"total":0,"location_name":"Hipodroom","location_id":1}"
2026-08-24 02:54:42,EEST,3,T1,0,success,"{"total":0,"location_name":"T1 Shopping Mall","location_id":3}"
2026-08-24 02:54:42,EEST,9,Mustika,0,success,"{"total":0,"location_name":"Mustika","location_id":9}"
2026-08-24 02:54:42,EEST,10,Suur-Paala,0,success,"{"total":0,"location_name":"Suur-Paala","location_id":10}"
2026-08-24 02:56:42,EEST,1,Hipodroom,0,success,"{"total":0,"location_name":"Hipodroom","location_id":1}"
2026-08-24 02:56:42,EEST,3,T1,0,success,"{"total":0,"location_name":"T1 Shopping Mall","location_id":3}"
2026-08-24 02:56:42,EEST,9,Mustika,0,success,"{"total":0,"location_name":"Mustika","location_id":9}"
2026-08-24 02:56:42,EEST,10,Suur-Paala,0,success,"{"total":0,"location_name":"Suur-Paala","location_id":10}"
2026-08-24 02:58:43,EEST,1,Hipodroom,0,success,"{"total":0,"location_name":"Hipodroom","location_id":1}"
2026-08-24 02:58:43,EEST,3,T1,0,success,"{"total":0,"location_name":"T1 Shopping Mall","location_id":3}"
2026-08-24 02:58:43,EEST,9,Mustika,0,success,"{"total":0,"location_name":"Mustika","location_id":9}"
2026-08-24 02:58:43,EEST,10,Suur-Paala,0,success,"{"total":0,"location_name":"Suur-Paala","location_id":10}"
2026-08-24 03:00:44,EEST,1,Hipodroom,0,success,"{"total":0,"location_name":"Hipodroom","location_id":1}"
2026-08-24 03:00:44,EEST,3,T1,0,success,"{"total":0,"location_name":"T1 Shopping Mall","location_id":3}"
2026-08-24 03:00:44,EEST,9,Mustika,0,success,"{"total":0,"location_name":"Mustika","location_id":9}"
2026-08-24 03:00:44,EEST,10,Suur-Paala,0,success,"{"total":0,"location_name":"Suur-Paala","location_id":10}"
2026-08-24 03:02:45,EEST,1,Hipodroom,0,success,"{"total":0,"location_name":"Hipodroom","location_id":1}"
2026-08-24 03:02:45,EEST,3,T1,0,success,"{"total":0,"location_name":"T1 Shopping Mall","location_id":3}"
2026-08-24 03:02:45,EEST,9,Mustika,0,success,"{"total":0,"location_name":"Mustika","location_id":9}"
2026-08-24 03:02:45,EEST,10,Suur-Paala,0,success,"{"total":0,"location_name":"Suur-Paala","location_id":10}"
2026-08-24 03:04:46,EEST,1,Hipodroom,0,success,"{"total":0,"location_name":"Hipodroom","location_id":1}"
2026-08-24 03:04:46,EEST,3,T1,0,success,"{"total":0,"location_name":"T1 Shopping Mall","location_id":3}"
2026-08-24 03:04:46,EEST,9,Mustika,0,success,"{"total":0,"location_name":"Mustika","location_id":9}"
2026-08-24 03:04:46,EEST,10,Suur-Paala,0,success,"{"total":0,"location_name":"Suur-Paala","location_id":10}"
2026-08-24 03:06:46,EEST,1,Hipodroom,0,success,"{"total":0,"location_name":"Hipodroom","location_id":1}"
2026-08-24 03:06:46,EEST,3,T1,0,success,"{"total":0,"location_name":"T1 Shopping Mall","location_id":3}"
2026-08-24 03:06:46,EEST,9,Mustika,0,success,"{"total":0,"location_name":"Mustika","location_id":9}"
2026-08-24 03:06:46,EEST,10,Suur-Paala,0,success,"{"total":0,"location_name":"Suur-Paala","location_id":10}"
2026-08-24 03:08:47,EEST,1,Hipodroom,0,success,"{"total":0,"location_name":"Hipodroom","location_id":1}"
2026-08-24 03:08:47,EEST,3,T1,0,success,"{"total":0,"location_name":"T1 Shopping Mall","location_id":3}"
2026-08-24 03:08:47,EEST,9,Mustika,0,success,"{"total":0,"location_name":"Mustika","location_id":9}"
2026-08-24 03:08:47,EEST,10,Suur-Paala,0,success,"{"total":0,"location_name":"Suur-Paala","location_id":10}"
2026-08-24 03:10:48,EEST,1,Hipodroom,0,success,"{"total":0,"location_name":"Hipodroom","location_id":1}"
2026-08-24 03:10:48,EEST,3,T1,0,success,"{"total":0,"location_name":"T1 Shopping Mall","location_id":3}"
2026-08-24 03:10:48,EEST,9,Mustika,0,success,"{"total":0,"location_name":"Mustika","location_id":9}"
2026-08-24 03:10:48,EEST,10,Suur-Paala,0,success,"{"total":0,"location_name":"Suur-Paala","location_id":10}"
2026-08-24 03:12:48,EEST,1,Hipodroom,0,success,"{"total":0,"location_name":"Hipodroom","location_id":1}"
2026-08-24 03:12:48,EEST,3,T1,0,success,"{"total":0,"location_name":"T1 Shopping Mall","location_id":3}"
2026-08-24 03:12:48,EEST,9,Mustika,0,success,"{"total":0,"location_name":"Mustika","location_id":9}"
2026-08-24 03:12:48,EEST,10,Suur-Paala,0,success,"{"total":0,"location_name":"Suur-Paala","location_id":10}"
2026-08-24 03:14:49,EEST,1,Hipodroom,0,success,"{"total":0,"location_name":"Hipodroom","location_id":1}"
2026-08-24 03:14:49,EEST,3,T1,0,success,"{"total":0,"location_name":"T1 Shopping Mall","location_id":3}"
2026-08-24 03:14:49,EEST,9,Mustika,0,success,"{"total":0,"location_name":"Mustika","location_id":9}"
2026-08-24 03:14:49,EEST,10,Suur-Paala,0,success,"{"total":0,"location_name":"Suur-Paala","location_id":10}"
2026-08-24 03:16:49,EEST,1,Hipodroom,0,success,"{"total":0,"location_name":"Hipodroom","location_id":1}"
2026-08-24 03:16:49,EEST,3,T1,0,success,"{"total":0,"location_name":"T1 Shopping Mall","location_id":3}"
2026-08-24 03:16:49,EEST,9,Mustika,0,success,"{"total":0,"location_name":"Mustika","location_id":9}"
2026-08-24 03:16:49,EEST,10,Suur-Paala,0,success,"{"total":0,"location_name":"Suur-Paala","location_id":10}"
2026-08-24 03:18:50,EEST,1,Hipodroom,0,success,"{"total":0,"location_name":"Hipodroom","location_id":1}"
2026-08-24 03:18:50,EEST,3,T1,0,success,"{"total":0,"location_name":"T1 Shopping Mall","location_id":3}"
2026-08-24 03:18:50,EEST,9,Mustika,0,success,"{"total":0,"location_name":"Mustika","location_id":9}"
2026-08-24 03:18:50,EEST,10,Suur-Paala,0,success,"{"total":0,"location_name":"Suur-Paala","location_id":10}"
2026-08-24 03:20:51,EEST,1,Hipodroom,0,success,"{"total":0,"location_name":"Hipodroom","location_id":1}"
2026-08-24 03:20:51,EEST,3,T1,0,success,"{"total":0,"location_name":"T1 Shopping Mall","location_id":3}"
2026-08-24 03:20:51,EEST,9,Mustika,0,success,"{"total":0,"location_name":"Mustika","location_id":9}"
2026-08-24 03:20:51,EEST,10,Suur-Paala,0,success,"{"total":0,"location_name":"Suur-Paala","location_id":10}"
2026-08-24 03:22:51,EEST,1,Hipodroom,0,success,"{"total":0,"location_name":"Hipodroom","location_id":1}"
2026-08-24 03:22:51,EEST,3,T1,0,success,"{"total":0,"location_name":"T1 Shopping Mall","location_id":3}"
2026-08-24 03:22:51,EEST,9,Mustika,0,success,"{"total":0,"location_name":"Mustika","location_id":9}"
2026-08-24 03:22:51,EEST,10,Suur-Paala,0,success,"{"total":0,"location_name":"Suur-Paala","location_id":10}"
2026-08-24 03:24:52,EEST,1,Hipodroom,0,success,"{"total":0,"location_name":"Hipodroom","location_id":1}"
2026-08-24 03:24:52,EEST,3,T1,0,success,"{"total":0,"location_name":"T1 Shopping Mall","location_id":3}"
2026-08-24 03:24:52,EEST,9,Mustika,0,success,"{"total":0,"location_name":"Mustika","location_id":9}"
2026-08-24 03:24:52,EEST,10,Suur-Paala,0,success,"{"total":0,"location_name":"Suur-Paala","location_id":10}"
2026-08-24 03:26:53,EEST,1,Hipodroom,0,success,"{"total":0,"location_name":"Hipodroom","location_id":1}"
2026-08-24 03:26:53,EEST,3,T1,0,success,"{"total":0,"location_name":"T1 Shopping Mall","location_id":3}"
2026-08-24 03:26:53,EEST,9,Mustika,0,success,"{"total":0,"location_name":"Mustika","location_id":9}"
2026-08-24 03:26:53,EEST,10,Suur-Paala,0,success,"{"total":0,"location_name":"Suur-Paala","location_id":10}"
2026-08-24 03:28:53,EEST,1,Hipodroom,0,success,"{"total":0,"location_name":"Hipodroom","location_id":1}"
2026-08-24 03:28:53,EEST,3,T1,0,success,"{"total":0,"location_name":"T1 Shopping Mall","location_id":3}"
2026-08-24 03:28:53,EEST,9,Mustika,0,success,"{"total":0,"location_name":"Mustika","location_id":9}"
2026-08-24 03:28:53,EEST,10,Suur-Paala,0,success,"{"total":0,"location_name":"Suur-Paala","location_id":10}"
2026-08-24 03:30:54,EEST,1,Hipodroom,0,success,"{"total":0,"location_name":"Hipodroom","location_id":1}"
2026-08-24 03:30:54,EEST,3,T1,0,success,"{"total":0,"location_name":"T1 Shopping Mall","location_id":3}"
2026-08-24 03:30:54,EEST,9,Mustika,0,success,"{"total":0,"location_name":"Mustika","location_id":9}"
2026-08-24 03:30:54,EEST,10,Suur-Paala,0,success,"{"total":0,"location_name":"Suur-Paala","location_id":10}"
2026-08-24 03:32:55,EEST,1,Hipodroom,0,success,"{"total":0,"location_name":"Hipodroom","location_id":1}"
2026-08-24 03:32:55,EEST,3,T1,0,success,"{"total":0,"location_name":"T1 Shopping Mall","location_id":3}"
2026-08-24 03:32:55,EEST,9,Mustika,0,success,"{"total":0,"location_name":"Mustika","location_id":9}"
2026-08-24 03:32:55,EEST,10,Suur-Paala,0,success,"{"total":0,"location_name":"Suur-Paala","location_id":10}"
2026-08-24 03:34:55,EEST,1,Hipodroom,0,success,"{"total":0,"location_name":"Hipodroom","location_id":1}"
2026-08-24 03:34:55,EEST,3,T1,0,success,"{"total":0,"location_name":"T1 Shopping Mall","location_id":3}"
2026-08-24 03:34:55,EEST,9,Mustika,0,success,"{"total":0,"location_name":"Mustika","location_id":9}"
2026-08-24 03:34:55,EEST,10,Suur-Paala,0,success,"{"total":0,"location_name":"Suur-Paala","location_id":10}"
2026-08-24 03:36:56,EEST,1,Hipodroom,0,success,"{"total":0,"location_name":"Hipodroom","location_id":1}"
2026-08-24 03:36:56,EEST,3,T1,0,success,"{"total":0,"location_name":"T1 Shopping Mall","location_id":3}"
2026-08-24 03:36:56,EEST,9,Mustika,0,success,"{"total":0,"location_name":"Mustika","location_id":9}"
2026-08-24 03:36:56,EEST,10,Suur-Paala,0,success,"{"total":0,"location_name":"Suur-Paala","location_id":10}"
2026-08-24 03:38:56,EEST,1,Hipodroom,0,success,"{"total":0,"location_name":"Hipodroom","location_id":1}"
2026-08-24 03:38:56,EEST,3,T1,0,success,"{"total":0,"location_name":"T1 Shopping Mall","location_id":3}"
2026-08-24 03:38:56,EEST,9,Mustika,0,success,"{"total":0,"location_name":"Mustika","location_id":9}"
2026-08-24 03:38:56,EEST,10,Suur-Paala,0,success,"{"total":0,"location_name":"Suur-Paala","location_id":10}"
2026-08-24 03:40:57,EEST,1,Hipodroom,0,success,"{"total":0,"location_name":"Hipodroom","location_id":1}"
2026-08-24 03:40:57,EEST,3,T1,0,success,"{"total":0,"location_name":"T1 Shopping Mall","location_id":3}"
2026-08-24 03:40:57,EEST,9,Mustika,0,success,"{"total":0,"location_name":"Mustika","location_id":9}"
2026-08-24 03:40:57,EEST,10,Suur-Paala,0,success,"{"total":0,"location_name":"Suur-Paala","location_id":10}"
2026-08-24 03:42:58,EEST,1,Hipodroom,0,success,"{"total":0,"location_name":"Hipodroom","location_id":1}"
2026-08-24 03:42:58,EEST,3,T1,0,success,"{"total":0,"location_name":"T1 Shopping Mall","location_id":3}"
2026-08-24 03:42:58,EEST,9,Mustika,0,success,"{"total":0,"location_name":"Mustika","location_id":9}"
2026-08-24 03:42:58,EEST,10,Suur-Paala,0,success,"{"total":0,"location_name":"Suur-Paala","location_id":10}"
2026-08-24 03:44:58,EEST,1,Hipodroom,0,success,"{"total":0,"location_name":"Hipodroom","location_id":1}"
2026-08-24 03:44:58,EEST,3,T1,0,success,"{"total":0,"location_name":"T1 Shopping Mall","location_id":3}"
2026-08-24 03:44:58,EEST,9,Mustika,0,success,"{"total":0,"location_name":"Mustika","location_id":9}"
2026-08-24 03:44:58,EEST,10,Suur-Paala,0,success,"{"total":0,"location_name":"Suur-Paala","location_id":10}"
2026-08-24 03:46:59,EEST,1,Hipodroom,0,success,"{"total":0,"location_name":"Hipodroom","location_id":1}"
2026-08-24 03:46:59,EEST,3,T1,0,success,"{"total":0,"location_name":"T1 Shopping Mall","location_id":3}"
2026-08-24 03:46:59,EEST,9,Mustika,0,success,"{"total":0,"location_name":"Mustika","location_id":9}"
2026-08-24 03:46:59,EEST,10,Suur-Paala,0,success,"{"total":0,"location_name":"Suur-Paala","location_id":10}"
2026-08-24 03:48:59,EEST,1,Hipodroom,0,success,"{"total":0,"location_name":"Hipodroom","location_id":1}"
2026-08-24 03:48:59,EEST,3,T1,0,success,"{"total":0,"location_name":"T1 Shopping Mall","location_id":3}"
2026-08-24 03:48:59,EEST,9,Mustika,0,success,"{"total":0,"location_name":"Mustika","location_id":9}"
2026-08-24 03:48:59,EEST,10,Suur-Paala,0,success,"{"total":0,"location_name":"Suur-Paala","location_id":10}"
2026-08-24 03:51:00,EEST,1,Hipodroom,0,success,"{"total":0,"location_name":"Hipodroom","location_id":1}"
2026-08-24 03:51:00,EEST,3,T1,0,success,"{"total":0,"location_name":"T1 Shopping Mall","location_id":3}"
2026-08-24 03:51:00,EEST,9,Mustika,0,success,"{"total":0,"location_name":"Mustika","location_id":9}"
2026-08-24 03:51:00,EEST,10,Suur-Paala,0,success,"{"total":0,"location_name":"Suur-Paala","location_id":10}"
2026-08-24 03:53:01,EEST,1,Hipodroom,0,success,"{"total":0,"location_name":"Hipodroom","location_id":1}"
2026-08-24 03:53:01,EEST,3,T1,0,success,"{"total":0,"location_name":"T1 Shopping Mall","location_id":3}"
2026-08-24 03:53:01,EEST,9,Mustika,0,success,"{"total":0,"location_name":"Mustika","location_id":9}"
2026-08-24 03:53:01,EEST,10,Suur-Paala,0,success,"{"total":0,"location_name":"Suur-Paala","location_id":10}"
2026-08-24 03:55:01,EEST,1,Hipodroom,0,success,"{"total":0,"location_name":"Hipodroom","location_id":1}"
2026-08-24 03:55:01,EEST,3,T1,0,success,"{"total":0,"location_name":"T1 Shopping Mall","location_id":3}"
2026-08-24 03:55:01,EEST,9,Mustika,0,success,"{"total":0,"location_name":"Mustika","location_id":9}"
2026-08-24 03:55:01,EEST,10,Suur-Paala,0,success,"{"total":0,"location_name":"Suur-Paala","location_id":10}"
2026-08-24 03:57:02,EEST,1,Hipodroom,0,success,"{"total":0,"location_name":"Hipodroom","location_id":1}"
2026-08-24 03:57:02,EEST,3,T1,0,success,"{"total":0,"location_name":"T1 Shopping Mall","location_id":3}"
2026-08-24 03:57:02,EEST,9,Mustika,0,success,"{"total":0,"location_name":"Mustika","location_id":9}"
2026-08-24 03:57:02,EEST,10,Suur-Paala,0,success,"{"total":0,"location_name":"Suur-Paala","location_id":10}"
2026-08-24 03:59:02,EEST,1,Hipodroom,0,success,"{"total":0,"location_name":"Hipodroom","location_id":1}"
2026-08-24 03:59:02,EEST,3,T1,0,success,"{"total":0,"location_name":"T1 Shopping Mall","location_id":3}"
2026-08-24 03:59:02,EEST,9,Mustika,0,success,"{"total":0,"location_name":"Mustika","location_id":9}"
2026-08-24 03:59:02,EEST,10,Suur-Paala,0,success,"{"total":0,"location_name":"Suur-Paala","location_id":10}"
2026-08-24 04:01:03,EEST,1,Hipodroom,0,success,"{"total":0,"location_name":"Hipodroom","location_id":1}"
2026-08-24 04:01:03,EEST,3,T1,0,success,"{"total":0,"location_name":"T1 Shopping Mall","location_id":3}"
2026-08-24 04:01:03,EEST,9,Mustika,0,success,"{"total":0,"location_name":"Mustika","location_id":9}"
2026-08-24 04:01:03,EEST,10,Suur-Paala,0,success,"{"total":0,"location_name":"Suur-Paala","location_id":10}"
2026-08-24 04:03:04,EEST,1,Hipodroom,0,success,"{"total":0,"location_name":"Hipodroom","location_id":1}"
2026-08-24 04:03:04,EEST,3,T1,0,success,"{"total":0,"location_name":"T1 Shopping Mall","location_id":3}"
2026-08-24 04:03:04,EEST,9,Mustika,0,success,"{"total":0,"location_name":"Mustika","location_id":9}"
2026-08-24 04:03:04,EEST,10,Suur-Paala,0,success,"{"total":0,"location_name":"Suur-Paala","location_id":10}"
2026-08-24 04:05:04,EEST,1,Hipodroom,0,success,"{"total":0,"location_name":"Hipodroom","location_id":1}"
2026-08-24 04:05:04,EEST,3,T1,0,success,"{"total":0,"location_name":"T1 Shopping Mall","location_id":3}"
2026-08-24 04:05:04,EEST,9,Mustika,0,success,"{"total":0,"location_name":"Mustika","location_id":9}"
2026-08-24 04:05:04,EEST,10,Suur-Paala,0,success,"{"total":0,"location_name":"Suur-Paala","location_id":10}"
2026-08-24 04:07:05,EEST,1,Hipodroom,0,success,"{"total":0,"location_name":"Hipodroom","location_id":1}"
2026-08-24 04:07:05,EEST,3,T1,0,success,"{"total":0,"location_name":"T1 Shopping Mall","location_id":3}"
2026-08-24 04:07:05,EEST,9,Mustika,0,success,"{"total":0,"location_name":"Mustika","location_id":9}"
2026-08-24 04:07:05,EEST,10,Suur-Paala,0,success,"{"total":0,"location_name":"Suur-Paala","location_id":10}"
2026-08-24 04:09:06,EEST,1,Hipodroom,0,success,"{"total":0,"location_name":"Hipodroom","location_id":1}"
2026-08-24 04:09:06,EEST,3,T1,0,success,"{"total":0,"location_name":"T1 Shopping Mall","location_id":3}"
2026-08-24 04:09:06,EEST,9,Mustika,0,success,"{"total":0,"location_name":"Mustika","location_id":9}"
2026-08-24 04:09:06,EEST,10,Suur-Paala,0,success,"{"total":0,"location_name":"Suur-Paala","location_id":10}"
2026-08-24 04:11:06,EEST,1,Hipodroom,0,success,"{"total":0,"location_name":"Hipodroom","location_id":1}"
2026-08-24 04:11:06,EEST,3,T1,0,success,"{"total":0,"location_name":"T1 Shopping Mall","location_id":3}"
2026-08-24 04:11:06,EEST,9,Mustika,0,success,"{"total":0,"location_name":"Mustika","location_id":9}"
2026-08-24 04:11:06,EEST,10,Suur-Paala,0,success,"{"total":0,"location_name":"Suur-Paala","location_id":10}"
2026-08-24 04:13:07,EEST,1,Hipodroom,0,success,"{"total":0,"location_name":"Hipodroom","location_id":1}"
2026-08-24 04:13:07,EEST,3,T1,0,success,"{"total":0,"location_name":"T1 Shopping Mall","location_id":3}"
2026-08-24 04:13:07,EEST,9,Mustika,0,success,"{"total":0,"location_name":"Mustika","location_id":9}"
2026-08-24 04:13:07,EEST,10,Suur-Paala,0,success,"{"total":0,"location_name":"Suur-Paala","location_id":10}"
2026-08-24 04:15:08,EEST,1,Hipodroom,0,success,"{"total":0,"location_name":"Hipodroom","location_id":1}"
2026-08-24 04:15:08,EEST,3,T1,0,success,"{"total":0,"location_name":"T1 Shopping Mall","location_id":3}"
2026-08-24 04:15:08,EEST,9,Mustika,0,success,"{"total":0,"location_name":"Mustika","location_id":9}"
2026-08-24 04:15:08,EEST,10,Suur-Paala,0,success,"{"total":0,"location_name":"Suur-Paala","location_id":10}"
2026-08-24 04:17:08,EEST,1,Hipodroom,0,success,"{"total":0,"location_name":"Hipodroom","location_id":1}"
2026-08-24 04:17:08,EEST,3,T1,0,success,"{"total":0,"location_name":"T1 Shopping Mall","location_id":3}"
2026-08-24 04:17:08,EEST,9,Mustika,0,success,"{"total":0,"location_name":"Mustika","location_id":9}"
2026-08-24 04:17:08,EEST,10,Suur-Paala,0,success,"{"total":0,"location_name":"Suur-Paala","location_id":10}"
2026-08-24 04:19:09,EEST,1,Hipodroom,0,success,"{"total":0,"location_name":"Hipodroom","location_id":1}"
2026-08-24 04:19:09,EEST,3,T1,0,success,"{"total":0,"location_name":"T1 Shopping Mall","location_id":3}"
2026-08-24 04:19:09,EEST,9,Mustika,0,success,"{"total":0,"location_name":"Mustika","location_id":9}"
2026-08-24 04:19:09,EEST,10,Suur-Paala,0,success,"{"total":0,"location_name":"Suur-Paala","location_id":10}"
2026-08-24 04:21:09,EEST,1,Hipodroom,0,success,"{"total":0,"location_name":"Hipodroom","location_id":1}"
2026-08-24 04:21:09,EEST,3,T1,0,success,"{"total":0,"location_name":"T1 Shopping Mall","location_id":3}"
2026-08-24 04:21:09,EEST,9,Mustika,0,success,"{"total":0,"location_name":"Mustika","location_id":9}"
2026-08-24 04:21:09,EEST,10,Suur-Paala,0,success,"{"total":0,"location_name":"Suur-Paala","location_id":10}"
2026-08-24 04:23:10,EEST,1,Hipodroom,0,success,"{"total":0,"location_name":"Hipodroom","location_id":1}"
2026-08-24 04:23:10,EEST,3,T1,0,success,"{"total":0,"location_name":"T1 Shopping Mall","location_id":3}"
2026-08-24 04:23:10,EEST,9,Mustika,0,success,"{"total":0,"location_name":"Mustika","location_id":9}"
2026-08-24 04:23:10,EEST,10,Suur-Paala,0,success,"{"total":0,"location_name":"Suur-Paala","location_id":10}"
2026-08-24 04:25:11,EEST,1,Hipodroom,0,success,"{"total":0,"location_name":"Hipodroom","location_id":1}"
2026-08-24 04:25:11,EEST,3,T1,0,success,"{"total":0,"location_name":"T1 Shopping Mall","location_id":3}"
2026-08-24 04:25:11,EEST,9,Mustika,0,success,"{"total":0,"location_name":"Mustika","location_id":9}"
2026-08-24 04:25:11,EEST,10,Suur-Paala,0,success,"{"total":0,"location_name":"Suur-Paala","location_id":10}"
2026-08-24 04:27:11,EEST,1,Hipodroom,0,success,"{"total":0,"location_name":"Hipodroom","location_id":1}"
2026-08-24 04:27:11,EEST,3,T1,0,success,"{"total":0,"location_name":"T1 Shopping Mall","location_id":3}"
2026-08-24 04:27:11,EEST,9,Mustika,0,success,"{"total":0,"location_name":"Mustika","location_id":9}"
2026-08-24 04:27:11,EEST,10,Suur-Paala,0,success,"{"total":0,"location_name":"Suur-Paala","location_id":10}"
2026-08-24 04:29:12,EEST,1,Hipodroom,0,success,"{"total":0,"location_name":"Hipodroom","location_id":1}"
2026-08-24 04:29:12,EEST,3,T1,0,success,"{"total":0,"location_name":"T1 Shopping Mall","location_id":3}"
2026-08-24 04:29:12,EEST,9,Mustika,0,success,"{"total":0,"location_name":"Mustika","location_id":9}"
2026-08-24 04:29:12,EEST,10,Suur-Paala,0,success,"{"total":0,"location_name":"Suur-Paala","location_id":10}"
2026-08-24 04:31:13,EEST,1,Hipodroom,0,success,"{"total":0,"location_name":"Hipodroom","location_id":1}"
2026-08-24 04:31:13,EEST,3,T1,0,success,"{"total":0,"location_name":"T1 Shopping Mall","location_id":3}"
2026-08-24 04:31:13,EEST,9,Mustika,0,success,"{"total":0,"location_name":"Mustika","location_id":9}"
2026-08-24 04:31:13,EEST,10,Suur-Paala,0,success,"{"total":0,"location_name":"Suur-Paala","location_id":10}"
2026-08-24 04:33:13,EEST,1,Hipodroom,0,success,"{"total":0,"location_name":"Hipodroom","location_id":1}"
2026-08-24 04:33:13,EEST,3,T1,0,success,"{"total":0,"location_name":"T1 Shopping Mall","location_id":3}"
2026-08-24 04:33:13,EEST,9,Mustika,0,success,"{"total":0,"location_name":"Mustika","location_id":9}"
2026-08-24 04:33:13,EEST,10,Suur-Paala,0,success,"{"total":0,"location_name":"Suur-Paala","location_id":10}"
2026-08-24 04:35:14,EEST,1,Hipodroom,0,success,"{"total":0,"location_name":"Hipodroom","location_id":1}"
2026-08-24 04:35:14,EEST,3,T1,0,success,"{"total":0,"location_name":"T1 Shopping Mall","location_id":3}"
2026-08-24 04:35:14,EEST,9,Mustika,0,success,"{"total":0,"location_name":"Mustika","location_id":9}"
2026-08-24 04:35:14,EEST,10,Suur-Paala,0,success,"{"total":0,"location_name":"Suur-Paala","location_id":10}"
2026-08-24 04:37:15,EEST,1,Hipodroom,0,success,"{"total":0,"location_name":"Hipodroom","location_id":1}"
2026-08-24 04:37:15,EEST,3,T1,0,success,"{"total":0,"location_name":"T1 Shopping Mall","location_id":3}"
2026-08-24 04:37:15,EEST,9,Mustika,0,success,"{"total":0,"location_name":"Mustika","location_id":9}"
2026-08-24 04:37:15,EEST,10,Suur-Paala,0,success,"{"total":0,"location_name":"Suur-Paala","location_id":10}"
2026-08-24 04:39:16,EEST,1,Hipodroom,0,success,"{"total":0,"location_name":"Hipodroom","location_id":1}"
2026-08-24 04:39:16,EEST,3,T1,0,success,"{"total":0,"location_name":"T1 Shopping Mall","location_id":3}"
2026-08-24 04:39:16,EEST,9,Mustika,0,success,"{"total":0,"location_name":"Mustika","location_id":9}"
2026-08-24 04:39:16,EEST,10,Suur-Paala,0,success,"{"total":0,"location_name":"Suur-Paala","location_id":10}"
2026-08-24 04:41:16,EEST,1,Hipodroom,0,success,"{"total":0,"location_name":"Hipodroom","location_id":1}"
2026-08-24 04:41:16,EEST,3,T1,0,success,"{"total":0,"location_name":"T1 Shopping Mall","location_id":3}"
2026-08-24 04:41:16,EEST,9,Mustika,0,success,"{"total":0,"location_name":"Mustika","location_id":9}"
2026-08-24 04:41:16,EEST,10,Suur-Paala,0,success,"{"total":0,"location_name":"Suur-Paala","location_id":10}"
2026-08-24 04:43:17,EEST,1,Hipodroom,0,success,"{"total":0,"location_name":"Hipodroom","location_id":1}"
2026-08-24 04:43:17,EEST,3,T1,0,success,"{"total":0,"location_name":"T1 Shopping Mall","location_id":3}"
2026-08-24 04:43:17,EEST,9,Mustika,0,success,"{"total":0,"location_name":"Mustika","location_id":9}"
2026-08-24 04:43:17,EEST,10,Suur-Paala,0,success,"{"total":0,"location_name":"Suur-Paala","location_id":10}"
2026-08-24 04:45:18,EEST,1,Hipodroom,0,success,"{"total":0,"location_name":"Hipodroom","location_id":1}"
2026-08-24 04:45:18,EEST,3,T1,0,success,"{"total":0,"location_name":"T1 Shopping Mall","location_id":3}"
2026-08-24 04:45:18,EEST,9,Mustika,0,success,"{"total":0,"location_name":"Mustika","location_id":9}"
2026-08-24 04:45:18,EEST,10,Suur-Paala,0,success,"{"total":0,"location_name":"Suur-Paala","location_id":10}"
2026-08-24 04:47:18,EEST,1,Hipodroom,0,success,"{"total":0,"location_name":"Hipodroom","location_id":1}"
2026-08-24 04:47:18,EEST,3,T1,0,success,"{"total":0,"location_name":"T1 Shopping Mall","location_id":3}"
2026-08-24 04:47:18,EEST,9,Mustika,0,success,"{"total":0,"location_name":"Mustika","location_id":9}"
2026-08-24 04:47:18,EEST,10,Suur-Paala,0,success,"{"total":0,"location_name":"Suur-Paala","location_id":10}"
2026-08-24 04:49:19,EEST,1,Hipodroom,0,success,"{"total":0,"location_name":"Hipodroom","location_id":1}"
2026-08-24 04:49:19,EEST,3,T1,0,success,"{"total":0,"location_name":"T1 Shopping Mall","location_id":3}"
2026-08-24 04:49:19,EEST,9,Mustika,0,success,"{"total":0,"location_name":"Mustika","location_id":9}"
2026-08-24 04:49:19,EEST,10,Suur-Paala,0,success,"{"total":0,"location_name":"Suur-Paala","location_id":10}"
2026-08-24 04:51:20,EEST,1,Hipodroom,0,success,"{"total":0,"location_name":"Hipodroom","location_id":1}"
2026-08-24 04:51:20,EEST,3,T1,0,success,"{"total":0,"location_name":"T1 Shopping Mall","location_id":3}"
2026-08-24 04:51:20,EEST,9,Mustika,0,success,"{"total":0,"location_name":"Mustika","location_id":9}"
2026-08-24 04:51:20,EEST,10,Suur-Paala,0,success,"{"total":0,"location_name":"Suur-Paala","location_id":10}"
2026-08-24 04:53:20,EEST,1,Hipodroom,0,success,"{"total":0,"location_name":"Hipodroom","location_id":1}"
2026-08-24 04:53:20,EEST,3,T1,0,success,"{"total":0,"location_name":"T1 Shopping Mall","location_id":3}"
2026-08-24 04:53:20,EEST,9,Mustika,0,success,"{"total":0,"location_name":"Mustika","location_id":9}"
2026-08-24 04:53:20,EEST,10,Suur-Paala,0,success,"{"total":0,"location_name":"Suur-Paala","location_id":10}"
2026-08-24 04:55:21,EEST,1,Hipodroom,0,success,"{"total":0,"location_name":"Hipodroom","location_id":1}"
2026-08-24 04:55:21,EEST,3,T1,0,success,"{"total":0,"location_name":"T1 Shopping Mall","location_id":3}"
2026-08-24 04:55:21,EEST,9,Mustika,0,success,"{"total":0,"location_name":"Mustika","location_id":9}"
2026-08-24 04:55:21,EEST,10,Suur-Paala,0,success,"{"total":0,"location_name":"Suur-Paala","location_id":10}"
2026-08-24 04:57:22,EEST,1,Hipodroom,0,success,"{"total":0,"location_name":"Hipodroom","location_id":1}"
2026-08-24 04:57:22,EEST,3,T1,0,success,"{"total":0,"location_name":"T1 Shopping Mall","location_id":3}"
2026-08-24 04:57:22,EEST,9,Mustika,0,success,"{"total":0,"location_name":"Mustika","location_id":9}"
2026-08-24 04:57:22,EEST,10,Suur-Paala,0,success,"{"total":0,"location_name":"Suur-Paala","location_id":10}"
2026-08-24 04:59:22,EEST,1,Hipodroom,0,success,"{"total":0,"location_name":"Hipodroom","location_id":1}"
2026-08-24 04:59:22,EEST,3,T1,0,success,"{"total":0,"location_name":"T1 Shopping Mall","location_id":3}"
2026-08-24 04:59:22,EEST,9,Mustika,0,success,"{"total":0,"location_name":"Mustika","location_id":9}"
2026-08-24 04:59:22,EEST,10,Suur-Paala,0,success,"{"total":0,"location_name":"Suur-Paala","location_id":10}"
2026-08-24 05:01:23,EEST,1,Hipodroom,0,success,"{"total":0,"location_name":"Hipodroom","location_id":1}"
2026-08-24 05:01:23,EEST,3,T1,0,success,"{"total":0,"location_name":"T1 Shopping Mall","location_id":3}"
2026-08-24 05:01:23,EEST,9,Mustika,0,success,"{"total":0,"location_name":"Mustika","location_id":9}"
2026-08-24 05:01:23,EEST,10,Suur-Paala,0,success,"{"total":0,"location_name":"Suur-Paala","location_id":10}"
2026-08-24 05:03:24,EEST,1,Hipodroom,0,success,"{"total":0,"location_name":"Hipodroom","location_id":1}"
2026-08-24 05:03:24,EEST,3,T1,0,success,"{"total":0,"location_name":"T1 Shopping Mall","location_id":3}"
2026-08-24 05:03:24,EEST,9,Mustika,0,success,"{"total":0,"location_name":"Mustika","location_id":9}"
2026-08-24 05:03:24,EEST,10,Suur-Paala,0,success,"{"total":0,"location_name":"Suur-Paala","location_id":10}"
2026-08-24 05:05:25,EEST,1,Hipodroom,0,success,"{"total":0,"location_name":"Hipodroom","location_id":1}"
2026-08-24 05:05:25,EEST,3,T1,0,success,"{"total":0,"location_name":"T1 Shopping Mall","location_id":3}"
2026-08-24 05:05:25,EEST,9,Mustika,0,success,"{"total":0,"location_name":"Mustika","location_id":9}"
2026-08-24 05:05:25,EEST,10,Suur-Paala,0,success,"{"total":0,"location_name":"Suur-Paala","location_id":10}"
2026-08-24 05:07:25,EEST,1,Hipodroom,0,success,"{"total":0,"location_name":"Hipodroom","location_id":1}"
2026-08-24 05:07:25,EEST,3,T1,0,success,"{"total":0,"location_name":"T1 Shopping Mall","location_id":3}"
2026-08-24 05:07:25,EEST,9,Mustika,0,success,"{"total":0,"location_name":"Mustika","location_id":9}"
2026-08-24 05:07:25,EEST,10,Suur-Paala,0,success,"{"total":0,"location_name":"Suur-Paala","location_id":10}"
2026-08-24 05:09:26,EEST,1,Hipodroom,0,success,"{"total":0,"location_name":"Hipodroom","location_id":1}"
2026-08-24 05:09:26,EEST,3,T1,0,success,"{"total":0,"location_name":"T1 Shopping Mall","location_id":3}"
2026-08-24 05:09:26,EEST,9,Mustika,0,success,"{"total":0,"location_name":"Mustika","location_id":9}"
2026-08-24 05:09:26,EEST,10,Suur-Paala,0,success,"{"total":0,"location_name":"Suur-Paala","location_id":10}"
2026-08-24 05:11:27,EEST,1,Hipodroom,0,success,"{"total":0,"location_name":"Hipodroom","location_id":1}"
2026-08-24 05:11:27,EEST,3,T1,0,success,"{"total":0,"location_name":"T1 Shopping Mall","location_id":3}"
2026-08-24 05:11:27,EEST,9,Mustika,0,success,"{"total":0,"location_name":"Mustika","location_id":9}"
2026-08-24 05:11:27,EEST,10,Suur-Paala,0,success,"{"total":0,"location_name":"Suur-Paala","location_id":10}"
2026-08-24 05:13:27,EEST,1,Hipodroom,0,success,"{"total":0,"location_name":"Hipodroom","location_id":1}"
2026-08-24 05:13:27,EEST,3,T1,0,success,"{"total":0,"location_name":"T1 Shopping Mall","location_id":3}"
2026-08-24 05:13:27,EEST,9,Mustika,0,success,"{"total":0,"location_name":"Mustika","location_id":9}"
2026-08-24 05:13:27,EEST,10,Suur-Paala,0,success,"{"total":0,"location_name":"Suur-Paala","location_id":10}"
2026-08-24 05:15:28,EEST,1,Hipodroom,0,success,"{"total":0,"location_name":"Hipodroom","location_id":1}"
2026-08-24 05:15:28,EEST,3,T1,0,success,"{"total":0,"location_name":"T1 Shopping Mall","location_id":3}"
2026-08-24 05:15:28,EEST,9,Mustika,0,success,"{"total":0,"location_name":"Mustika","location_id":9}"
2026-08-24 05:15:28,EEST,10,Suur-Paala,0,success,"{"total":0,"location_name":"Suur-Paala","location_id":10}"
2026-08-24 05:17:29,EEST,1,Hipodroom,0,success,"{"total":0,"location_name":"Hipodroom","location_id":1}"
2026-08-24 05:17:29,EEST,3,T1,0,success,"{"total":0,"location_name":"T1 Shopping Mall","location_id":3}"
2026-08-24 05:17:29,EEST,9,Mustika,0,success,"{"total":0,"location_name":"Mustika","location_id":9}"
2026-08-24 05:17:29,EEST,10,Suur-Paala,0,success,"{"total":0,"location_name":"Suur-Paala","location_id":10}"
2026-08-24 05:19:29,EEST,1,Hipodroom,0,success,"{"total":0,"location_name":"Hipodroom","location_id":1}"
2026-08-24 05:19:29,EEST,3,T1,0,success,"{"total":0,"location_name":"T1 Shopping Mall","location_id":3}"
2026-08-24 05:19:29,EEST,9,Mustika,0,success,"{"total":0,"location_name":"Mustika","location_id":9}"
2026-08-24 05:19:29,EEST,10,Suur-Paala,0,success,"{"total":0,"location_name":"Suur-Paala","location_id":10}"
2026-08-24 05:21:30,EEST,1,Hipodroom,0,success,"{"total":0,"location_name":"Hipodroom","location_id":1}"
2026-08-24 05:21:30,EEST,3,T1,0,success,"{"total":0,"location_name":"T1 Shopping Mall","location_id":3}"
2026-08-24 05:21:30,EEST,9,Mustika,0,success,"{"total":0,"location_name":"Mustika","location_id":9}"
2026-08-24 05:21:30,EEST,10,Suur-Paala,0,success,"{"total":0,"location_name":"Suur-Paala","location_id":10}"
2026-08-24 05:23:31,EEST,1,Hipodroom,0,success,"{"total":0,"location_name":"Hipodroom","location_id":1}"
2026-08-24 05:23:31,EEST,3,T1,0,success,"{"total":0,"location_name":"T1 Shopping Mall","location_id":3}"
2026-08-24 05:23:31,EEST,9,Mustika,0,success,"{"total":0,"location_name":"Mustika","location_id":9}"
2026-08-24 05:23:31,EEST,10,Suur-Paala,0,success,"{"total":0,"location_name":"Suur-Paala","location_id":10}"
2026-08-24 05:25:31,EEST,1,Hipodroom,0,success,"{"total":0,"location_name":"Hipodroom","location_id":1}"
2026-08-24 05:25:31,EEST,3,T1,0,success,"{"total":0,"location_name":"T1 Shopping Mall","location_id":3}"
2026-08-24 05:25:31,EEST,9,Mustika,0,success,"{"total":0,"location_name":"Mustika","location_id":9}"
2026-08-24 05:25:31,EEST,10,Suur-Paala,0,success,"{"total":0,"location_name":"Suur-Paala","location_id":10}"
2026-08-24 05:27:32,EEST,1,Hipodroom,0,success,"{"total":0,"location_name":"Hipodroom","location_id":1}"
2026-08-24 05:27:32,EEST,3,T1,0,success,"{"total":0,"location_name":"T1 Shopping Mall","location_id":3}"
2026-08-24 05:27:32,EEST,9,Mustika,0,success,"{"total":0,"location_name":"Mustika","location_id":9}"
2026-08-24 05:27:32,EEST,10,Suur-Paala,0,success,"{"total":0,"location_name":"Suur-Paala","location_id":10}"
2026-08-24 05:29:32,EEST,1,Hipodroom,0,success,"{"total":0,"location_name":"Hipodroom","location_id":1}"
2026-08-24 05:29:32,EEST,3,T1,0,success,"{"total":0,"location_name":"T1 Shopping Mall","location_id":3}"
2026-08-24 05:29:32,EEST,9,Mustika,0,success,"{"total":0,"location_name":"Mustika","location_id":9}"
2026-08-24 05:29:32,EEST,10,Suur-Paala,0,success,"{"total":0,"location_name":"Suur-Paala","location_id":10}"
2026-08-24 05:31:33,EEST,1,Hipodroom,0,success,"{"total":0,"location_name":"Hipodroom","location_id":1}"
2026-08-24 05:31:33,EEST,3,T1,0,success,"{"total":0,"location_name":"T1 Shopping Mall","location_id":3}"
2026-08-24 05:31:33,EEST,9,Mustika,0,success,"{"total":0,"location_name":"Mustika","location_id":9}"
2026-08-24 05:31:33,EEST,10,Suur-Paala,0,success,"{"total":0,"location_name":"Suur-Paala","location_id":10}"
2026-08-24 05:33:34,EEST,1,Hipodroom,0,success,"{"total":0,"location_name":"Hipodroom","location_id":1}"
2026-08-24 05:33:34,EEST,3,T1,0,success,"{"total":0,"location_name":"T1 Shopping Mall","location_id":3}"
2026-08-24 05:33:34,EEST,9,Mustika,0,success,"{"total":0,"location_name":"Mustika","location_id":9}"
2026-08-24 05:33:34,EEST,10,Suur-Paala,0,success,"{"total":0,"location_name":"Suur-Paala","location_id":10}"
2026-08-24 05:35:34,EEST,1,Hipodroom,0,success,"{"total":0,"location_name":"Hipodroom","location_id":1}"
2026-08-24 05:35:34,EEST,3,T1,0,success,"{"total":0,"location_name":"T1 Shopping Mall","location_id":3}"
2026-08-24 05:35:34,EEST,9,Mustika,0,success,"{"total":0,"location_name":"Mustika","location_id":9}"
2026-08-24 05:35:34,EEST,10,Suur-Paala,0,success,"{"total":0,"location_name":"Suur-Paala","location_id":10}"
2026-08-24 05:37:35,EEST,1,Hipodroom,0,success,"{"total":0,"location_name":"Hipodroom","location_id":1}"
2026-08-24 05:37:35,EEST,3,T1,0,success,"{"total":0,"location_name":"T1 Shopping Mall","location_id":3}"
2026-08-24 05:37:35,EEST,9,Mustika,0,success,"{"total":0,"location_name":"Mustika","location_id":9}"
2026-08-24 05:37:35,EEST,10,Suur-Paala,0,success,"{"total":0,"location_name":"Suur-Paala","location_id":10}"
2026-08-24 05:39:36,EEST,1,Hipodroom,0,success,"{"total":0,"location_name":"Hipodroom","location_id":1}"
2026-08-24 05:39:36,EEST,3,T1,0,success,"{"total":0,"location_name":"T1 Shopping Mall","location_id":3}"
2026-08-24 05:39:36,EEST,9,Mustika,0,success,"{"total":0,"location_name":"Mustika","location_id":9}"
2026-08-24 05:39:36,EEST,10,Suur-Paala,0,success,"{"total":0,"location_name":"Suur-Paala","location_id":10}"
2026-08-24 05:41:36,EEST,1,Hipodroom,0,success,"{"total":0,"location_name":"Hipodroom","location_id":1}"
2026-08-24 05:41:36,EEST,3,T1,0,success,"{"total":0,"location_name":"T1 Shopping Mall","location_id":3}"
2026-08-24 05:41:36,EEST,9,Mustika,0,success,"{"total":0,"location_name":"Mustika","location_id":9}"
2026-08-24 05:41:36,EEST,10,Suur-Paala,0,success,"{"total":0,"location_name":"Suur-Paala","location_id":10}"
2026-08-24 05:43:37,EEST,1,Hipodroom,0,success,"{"total":0,"location_name":"Hipodroom","location_id":1}"
2026-08-24 05:43:37,EEST,3,T1,0,success,"{"total":0,"location_name":"T1 Shopping Mall","location_id":3}"
2026-08-24 05:43:37,EEST,9,Mustika,0,success,"{"total":0,"location_name":"Mustika","location_id":9}"
2026-08-24 05:43:37,EEST,10,Suur-Paala,0,success,"{"total":0,"location_name":"Suur-Paala","location_id":10}"
2026-08-24 05:45:38,EEST,1,Hipodroom,0,success,"{"total":0,"location_name":"Hipodroom","location_id":1}"
2026-08-24 05:45:38,EEST,3,T1,0,success,"{"total":0,"location_name":"T1 Shopping Mall","location_id":3}"
2026-08-24 05:45:38,EEST,9,Mustika,0,success,"{"total":0,"location_name":"Mustika","location_id":9}"
2026-08-24 05:45:38,EEST,10,Suur-Paala,0,success,"{"total":0,"location_name":"Suur-Paala","location_id":10}"
2026-08-24 05:47:38,EEST,1,Hipodroom,0,success,"{"total":0,"location_name":"Hipodroom","location_id":1}"
2026-08-24 05:47:38,EEST,3,T1,0,success,"{"total":0,"location_name":"T1 Shopping Mall","location_id":3}"
2026-08-24 05:47:38,EEST,9,Mustika,0,success,"{"total":0,"location_name":"Mustika","location_id":9}"
2026-08-24 05:47:38,EEST,10,Suur-Paala,0,success,"{"total":0,"location_name":"Suur-Paala","location_id":10}"
2026-08-24 05:49:39,EEST,1,Hipodroom,0,success,"{"total":0,"location_name":"Hipodroom","location_id":1}"
2026-08-24 05:49:39,EEST,3,T1,1,success,"{"total":1,"location_name":"T1 Shopping Mall","location_id":3}"
2026-08-24 05:49:39,EEST,9,Mustika,0,success,"{"total":0,"location_name":"Mustika","location_id":9}"
2026-08-24 05:49:39,EEST,10,Suur-Paala,0,success,"{"total":0,"location_name":"Suur-Paala","location_id":10}"
2026-08-24 05:51:40,EEST,1,Hipodroom,0,success,"{"total":0,"location_name":"Hipodroom","location_id":1}"
2026-08-24 05:51:40,EEST,3,T1,1,success,"{"total":1,"location_name":"T1 Shopping Mall","location_id":3}"
2026-08-24 05:51:40,EEST,9,Mustika,0,success,"{"total":0,"location_name":"Mustika","location_id":9}"
2026-08-24 05:51:40,EEST,10,Suur-Paala,0,success,"{"total":0,"location_name":"Suur-Paala","location_id":10}"
2026-08-24 05:53:40,EEST,1,Hipodroom,0,success,"{"total":0,"location_name":"Hipodroom","location_id":1}"
2026-08-24 05:53:40,EEST,3,T1,1,success,"{"total":1,"location_name":"T1 Shopping Mall","location_id":3}"
2026-08-24 05:53:40,EEST,9,Mustika,0,success,"{"total":0,"location_name":"Mustika","location_id":9}"
2026-08-24 05:53:40,EEST,10,Suur-Paala,0,success,"{"total":0,"location_name":"Suur-Paala","location_id":10}"
2026-08-24 05:55:41,EEST,1,Hipodroom,0,success,"{"total":0,"location_name":"Hipodroom","location_id":1}"
2026-08-24 05:55:41,EEST,3,T1,1,success,"{"total":1,"location_name":"T1 Shopping Mall","location_id":3}"
2026-08-24 05:55:41,EEST,9,Mustika,0,success,"{"total":0,"location_name":"Mustika","location_id":9}"
2026-08-24 05:55:41,EEST,10,Suur-Paala,0,success,"{"total":0,"location_name":"Suur-Paala","location_id":10}"
2026-08-24 05:57:42,EEST,1,Hipodroom,0,success,"{"total":0,"location_name":"Hipodroom","location_id":1}"
2026-08-24 05:57:42,EEST,3,T1,1,success,"{"total":1,"location_name":"T1 Shopping Mall","location_id":3}"
2026-08-24 05:57:42,EEST,9,Mustika,0,success,"{"total":0,"location_name":"Mustika","location_id":9}"
2026-08-24 05:57:42,EEST,10,Suur-Paala,0,success,"{"total":0,"location_name":"Suur-Paala","location_id":10}"
2026-08-24 05:59:42,EEST,1,Hipodroom,0,success,"{"total":0,"location_name":"Hipodroom","location_id":1}"
2026-08-24 05:59:42,EEST,3,T1,1,success,"{"total":1,"location_name":"T1 Shopping Mall","location_id":3}"
2026-08-24 05:59:42,EEST,9,Mustika,0,success,"{"total":0,"location_name":"Mustika","location_id":9}"
2026-08-24 05:59:42,EEST,10,Suur-Paala,0,success,"{"total":0,"location_name":"Suur-Paala","location_id":10}"
2026-08-24 06:01:43,EEST,1,Hipodroom,0,success,"{"total":0,"location_name":"Hipodroom","location_id":1}"
2026-08-24 06:01:43,EEST,3,T1,1,success,"{"total":1,"location_name":"T1 Shopping Mall","location_id":3}"
2026-08-24 06:01:43,EEST,9,Mustika,0,success,"{"total":0,"location_name":"Mustika","location_id":9}"
2026-08-24 06:01:43,EEST,10,Suur-Paala,0,success,"{"total":0,"location_name":"Suur-Paala","location_id":10}"
2026-08-24 06:03:44,EEST,1,Hipodroom,0,success,"{"total":0,"location_name":"Hipodroom","location_id":1}"
2026-08-24 06:03:44,EEST,3,T1,1,success,"{"total":1,"location_name":"T1 Shopping Mall","location_id":3}"
2026-08-24 06:03:44,EEST,9,Mustika,0,success,"{"total":0,"location_name":"Mustika","location_id":9}"
2026-08-24 06:03:44,EEST,10,Suur-Paala,0,success,"{"total":0,"location_name":"Suur-Paala","location_id":10}"
2026-08-24 06:05:44,EEST,1,Hipodroom,0,success,"{"total":0,"location_name":"Hipodroom","location_id":1}"
2026-08-24 06:05:44,EEST,3,T1,1,success,"{"total":1,"location_name":"T1 Shopping Mall","location_id":3}"
2026-08-24 06:05:44,EEST,9,Mustika,0,success,"{"total":0,"location_name":"Mustika","location_id":9}"
2026-08-24 06:05:44,EEST,10,Suur-Paala,0,success,"{"total":0,"location_name":"Suur-Paala","location_id":10}"
2026-08-24 06:07:45,EEST,1,Hipodroom,0,success,"{"total":0,"location_name":"Hipodroom","location_id":1}"
2026-08-24 06:07:45,EEST,3,T1,1,success,"{"total":1,"location_name":"T1 Shopping Mall","location_id":3}"
2026-08-24 06:07:45,EEST,9,Mustika,0,success,"{"total":0,"location_name":"Mustika","location_id":9}"
2026-08-24 06:07:45,EEST,10,Suur-Paala,0,success,"{"total":0,"location_name":"Suur-Paala","location_id":10}"
2026-08-24 06:09:46,EEST,1,Hipodroom,0,success,"{"total":0,"location_name":"Hipodroom","location_id":1}"
2026-08-24 06:09:46,EEST,3,T1,1,success,"{"total":1,"location_name":"T1 Shopping Mall","location_id":3}"
2026-08-24 06:09:46,EEST,9,Mustika,0,success,"{"total":0,"location_name":"Mustika","location_id":9}"
2026-08-24 06:09:46,EEST,10,Suur-Paala,0,success,"{"total":0,"location_name":"Suur-Paala","location_id":10}"
2026-08-24 06:11:47,EEST,1,Hipodroom,0,success,"{"total":0,"location_name":"Hipodroom","location_id":1}"
2026-08-24 06:11:47,EEST,3,T1,1,success,"{"total":1,"location_name":"T1 Shopping Mall","location_id":3}"
2026-08-24 06:11:47,EEST,9,Mustika,0,success,"{"total":0,"location_name":"Mustika","location_id":9}"
2026-08-24 06:11:47,EEST,10,Suur-Paala,0,success,"{"total":0,"location_name":"Suur-Paala","location_id":10}"
2026-08-24 06:13:47,EEST,1,Hipodroom,0,success,"{"total":0,"location_name":"Hipodroom","location_id":1}"
2026-08-24 06:13:47,EEST,3,T1,1,success,"{"total":1,"location_name":"T1 Shopping Mall","location_id":3}"
2026-08-24 06:13:47,EEST,9,Mustika,0,success,"{"total":0,"location_name":"Mustika","location_id":9}"
2026-08-24 06:13:47,EEST,10,Suur-Paala,0,success,"{"total":0,"location_name":"Suur-Paala","location_id":10}"
2026-08-24 06:15:48,EEST,1,Hipodroom,0,success,"{"total":0,"location_name":"Hipodroom","location_id":1}"
2026-08-24 06:15:48,EEST,3,T1,1,success,"{"total":1,"location_name":"T1 Shopping Mall","location_id":3}"
2026-08-24 06:15:48,EEST,9,Mustika,0,success,"{"total":0,"location_name":"Mustika","location_id":9}"
2026-08-24 06:15:48,EEST,10,Suur-Paala,0,success,"{"total":0,"location_name":"Suur-Paala","location_id":10}"
2026-08-24 06:17:48,EEST,1,Hipodroom,0,success,"{"total":0,"location_name":"Hipodroom","location_id":1}"
2026-08-24 06:17:48,EEST,3,T1,1,success,"{"total":1,"location_name":"T1 Shopping Mall","location_id":3}"
2026-08-24 06:17:48,EEST,9,Mustika,0,success,"{"total":0,"location_name":"Mustika","location_id":9}"
2026-08-24 06:17:48,EEST,10,Suur-Paala,0,success,"{"total":0,"location_name":"Suur-Paala","location_id":10}"
2026-08-24 06:19:49,EEST,1,Hipodroom,0,success,"{"total":0,"location_name":"Hipodroom","location_id":1}"
2026-08-24 06:19:49,EEST,3,T1,1,success,"{"total":1,"location_name":"T1 Shopping Mall","location_id":3}"
2026-08-24 06:19:49,EEST,9,Mustika,0,success,"{"total":0,"location_name":"Mustika","location_id":9}"
2026-08-24 06:19:49,EEST,10,Suur-Paala,0,success,"{"total":0,"location_name":"Suur-Paala","location_id":10}"
2026-08-24 06:21:49,EEST,1,Hipodroom,0,success,"{"total":0,"location_name":"Hipodroom","location_id":1}"
2026-08-24 06:21:49,EEST,3,T1,1,success,"{"total":1,"location_name":"T1 Shopping Mall","location_id":3}"
2026-08-24 06:21:49,EEST,9,Mustika,0,success,"{"total":0,"location_name":"Mustika","location_id":9}"
2026-08-24 06:21:49,EEST,10,Suur-Paala,0,success,"{"total":0,"location_name":"Suur-Paala","location_id":10}"
2026-08-24 06:23:50,EEST,1,Hipodroom,0,success,"{"total":0,"location_name":"Hipodroom","location_id":1}"
2026-08-24 06:23:50,EEST,3,T1,1,success,"{"total":1,"location_name":"T1 Shopping Mall","location_id":3}"
2026-08-24 06:23:50,EEST,9,Mustika,0,success,"{"total":0,"location_name":"Mustika","location_id":9}"
2026-08-24 06:23:50,EEST,10,Suur-Paala,0,success,"{"total":0,"location_name":"Suur-Paala","location_id":10}"
2026-08-24 06:25:51,EEST,1,Hipodroom,0,success,"{"total":0,"location_name":"Hipodroom","location_id":1}"
2026-08-24 06:25:51,EEST,3,T1,1,success,"{"total":1,"location_name":"T1 Shopping Mall","location_id":3}"
2026-08-24 06:25:51,EEST,9,Mustika,0,success,"{"total":0,"location_name":"Mustika","location_id":9}"
2026-08-24 06:25:51,EEST,10,Suur-Paala,0,success,"{"total":0,"location_name":"Suur-Paala","location_id":10}"
2026-08-24 06:27:52,EEST,1,Hipodroom,0,success,"{"total":0,"location_name":"Hipodroom","location_id":1}"
2026-08-24 06:27:52,EEST,3,T1,1,success,"{"total":1,"location_name":"T1 Shopping Mall","location_id":3}"
2026-08-24 06:27:52,EEST,9,Mustika,0,success,"{"total":0,"location_name":"Mustika","location_id":9}"
2026-08-24 06:27:52,EEST,10,Suur-Paala,0,success,"{"total":0,"location_name":"Suur-Paala","location_id":10}"
2026-08-24 06:29:52,EEST,1,Hipodroom,0,success,"{"total":0,"location_name":"Hipodroom","location_id":1}"
2026-08-24 06:29:52,EEST,3,T1,1,success,"{"total":1,"location_name":"T1 Shopping Mall","location_id":3}"
2026-08-24 06:29:52,EEST,9,Mustika,0,success,"{"total":0,"location_name":"Mustika","location_id":9}"
2026-08-24 06:29:52,EEST,10,Suur-Paala,0,success,"{"total":0,"location_name":"Suur-Paala","location_id":10}"
2026-08-24 06:31:53,EEST,1,Hipodroom,0,success,"{"total":0,"location_name":"Hipodroom","location_id":1}"
2026-08-24 06:31:53,EEST,3,T1,1,success,"{"total":1,"location_name":"T1 Shopping Mall","location_id":3}"
2026-08-24 06:31:53,EEST,9,Mustika,0,success,"{"total":0,"location_name":"Mustika","location_id":9}"
2026-08-24 06:31:53,EEST,10,Suur-Paala,0,success,"{"total":0,"location_name":"Suur-Paala","location_id":10}"
2026-08-24 06:33:54,EEST,1,Hipodroom,0,success,"{"total":0,"location_name":"Hipodroom","location_id":1}"
2026-08-24 06:33:54,EEST,3,T1,1,success,"{"total":1,"location_name":"T1 Shopping Mall","location_id":3}"
2026-08-24 06:33:54,EEST,9,Mustika,0,success,"{"total":0,"location_name":"Mustika","location_id":9}"
2026-08-24 06:33:54,EEST,10,Suur-Paala,0,success,"{"total":0,"location_name":"Suur-Paala","location_id":10}"
2026-08-24 06:35:54,EEST,1,Hipodroom,0,success,"{"total":0,"location_name":"Hipodroom","location_id":1}"
2026-08-24 06:35:54,EEST,3,T1,1,success,"{"total":1,"location_name":"T1 Shopping Mall","location_id":3}"
2026-08-24 06:35:54,EEST,9,Mustika,0,success,"{"total":0,"location_name":"Mustika","location_id":9}"
2026-08-24 06:35:54,EEST,10,Suur-Paala,0,success,"{"total":0,"location_name":"Suur-Paala","location_id":10}"
2026-08-24 06:37:55,EEST,1,Hipodroom,0,success,"{"total":0,"location_name":"Hipodroom","location_id":1}"
2026-08-24 06:37:55,EEST,3,T1,1,success,"{"total":1,"location_name":"T1 Shopping Mall","location_id":3}"
2026-08-24 06:37:55,EEST,9,Mustika,0,success,"{"total":0,"location_name":"Mustika","location_id":9}"
2026-08-24 06:37:55,EEST,10,Suur-Paala,0,success,"{"total":0,"location_name":"Suur-Paala","location_id":10}"
2026-08-24 06:39:56,EEST,1,Hipodroom,0,success,"{"total":0,"location_name":"Hipodroom","location_id":1}"
2026-08-24 06:39:56,EEST,3,T1,1,success,"{"total":1,"location_name":"T1 Shopping Mall","location_id":3}"
2026-08-24 06:39:56,EEST,9,Mustika,0,success,"{"total":0,"location_name":"Mustika","location_id":9}"
2026-08-24 06:39:56,EEST,10,Suur-Paala,0,success,"{"total":0,"location_name":"Suur-Paala","location_id":10}"
2026-08-24 06:41:56,EEST,1,Hipodroom,0,success,"{"total":0,"location_name":"Hipodroom","location_id":1}"
2026-08-24 06:41:56,EEST,3,T1,1,success,"{"total":1,"location_name":"T1 Shopping Mall","location_id":3}"
2026-08-24 06:41:56,EEST,9,Mustika,0,success,"{"total":0,"location_name":"Mustika","location_id":9}"
2026-08-24 06:41:56,EEST,10,Suur-Paala,0,success,"{"total":0,"location_name":"Suur-Paala","location_id":10}"
2026-08-24 06:43:57,EEST,1,Hipodroom,0,success,"{"total":0,"location_name":"Hipodroom","location_id":1}"
2026-08-24 06:43:57,EEST,3,T1,1,success,"{"total":1,"location_name":"T1 Shopping Mall","location_id":3}"
2026-08-24 06:43:57,EEST,9,Mustika,0,success,"{"total":0,"location_name":"Mustika","location_id":9}"
2026-08-24 06:43:57,EEST,10,Suur-Paala,0,success,"{"total":0,"location_name":"Suur-Paala","location_id":10}"
2026-08-24 06:45:58,EEST,1,Hipodroom,0,success,"{"total":0,"location_name":"Hipodroom","location_id":1}"
2026-08-24 06:45:58,EEST,3,T1,1,success,"{"total":1,"location_name":"T1 Shopping Mall","location_id":3}"
2026-08-24 06:45:58,EEST,9,Mustika,0,success,"{"total":0,"location_name":"Mustika","location_id":9}"
2026-08-24 06:45:58,EEST,10,Suur-Paala,0,success,"{"total":0,"location_name":"Suur-Paala","location_id":10}"
2026-08-24 06:47:58,EEST,1,Hipodroom,0,success,"{"total":0,"location_name":"Hipodroom","location_id":1}"
2026-08-24 06:47:58,EEST,3,T1,1,success,"{"total":1,"location_name":"T1 Shopping Mall","location_id":3}"
2026-08-24 06:47:58,EEST,9,Mustika,0,success,"{"total":0,"location_name":"Mustika","location_id":9}"
2026-08-24 06:47:58,EEST,10,Suur-Paala,0,success,"{"total":0,"location_name":"Suur-Paala","location_id":10}"
2026-08-24 06:49:59,EEST,1,Hipodroom,0,success,"{"total":0,"location_name":"Hipodroom","location_id":1}"
2026-08-24 06:49:59,EEST,3,T1,1,success,"{"total":1,"location_name":"T1 Shopping Mall","location_id":3}"
2026-08-24 06:49:59,EEST,9,Mustika,0,success,"{"total":0,"location_name":"Mustika","location_id":9}"
2026-08-24 06:49:59,EEST,10,Suur-Paala,0,success,"{"total":0,"location_name":"Suur-Paala","location_id":10}"
2026-08-24 06:52:00,EEST,1,Hipodroom,0,success,"{"total":0,"location_name":"Hipodroom","location_id":1}"
2026-08-24 06:52:00,EEST,3,T1,1,success,"{"total":1,"location_name":"T1 Shopping Mall","location_id":3}"
2026-08-24 06:52:00,EEST,9,Mustika,0,success,"{"total":0,"location_name":"Mustika","location_id":9}"
2026-08-24 06:52:00,EEST,10,Suur-Paala,0,success,"{"total":0,"location_name":"Suur-Paala","location_id":10}"
2026-08-24 06:54:00,EEST,1,Hipodroom,0,success,"{"total":0,"location_name":"Hipodroom","location_id":1}"
2026-08-24 06:54:00,EEST,3,T1,1,success,"{"total":1,"location_name":"T1 Shopping Mall","location_id":3}"
2026-08-24 06:54:00,EEST,9,Mustika,0,success,"{"total":0,"location_name":"Mustika","location_id":9}"
2026-08-24 06:54:00,EEST,10,Suur-Paala,0,success,"{"total":0,"location_name":"Suur-Paala","location_id":10}"
2026-08-24 06:56:01,EEST,1,Hipodroom,0,success,"{"total":0,"location_name":"Hipodroom","location_id":1}"
2026-08-24 06:56:01,EEST,3,T1,1,success,"{"total":1,"location_name":"T1 Shopping Mall","location_id":3}"
2026-08-24 06:56:01,EEST,9,Mustika,0,success,"{"total":0,"location_name":"Mustika","location_id":9}"
2026-08-24 06:56:01,EEST,10,Suur-Paala,0,success,"{"total":0,"location_name":"Suur-Paala","location_id":10}"
2026-08-24 06:58:01,EEST,1,Hipodroom,0,success,"{"total":0,"location_name":"Hipodroom","location_id":1}"
2026-08-24 06:58:01,EEST,3,T1,1,success,"{"total":1,"location_name":"T1 Shopping Mall","location_id":3}"
2026-08-24 06:58:01,EEST,9,Mustika,0,success,"{"total":0,"location_name":"Mustika","location_id":9}"
2026-08-24 06:58:01,EEST,10,Suur-Paala,0,success,"{"total":0,"location_name":"Suur-Paala","location_id":10}"
2026-08-24 07:00:02,EEST,1,Hipodroom,0,success,"{"total":0,"location_name":"Hipodroom","location_id":1}"
2026-08-24 07:00:02,EEST,3,T1,1,success,"{"total":1,"location_name":"T1 Shopping Mall","location_id":3}"
2026-08-24 07:00:02,EEST,9,Mustika,0,success,"{"total":0,"location_name":"Mustika","location_id":9}"
2026-08-24 07:00:02,EEST,10,Suur-Paala,0,success,"{"total":0,"location_name":"Suur-Paala","location_id":10}"
2026-08-24 07:02:03,EEST,1,Hipodroom,0,success,"{"total":0,"location_name":"Hipodroom","location_id":1}"
2026-08-24 07:02:03,EEST,3,T1,1,success,"{"total":1,"location_name":"T1 Shopping Mall","location_id":3}"
2026-08-24 07:02:03,EEST,9,Mustika,0,success,"{"total":0,"location_name":"Mustika","location_id":9}"
2026-08-24 07:02:03,EEST,10,Suur-Paala,0,success,"{"total":0,"location_name":"Suur-Paala","location_id":10}"
2026-08-24 07:04:03,EEST,1,Hipodroom,0,success,"{"total":0,"location_name":"Hipodroom","location_id":1}"
2026-08-24 07:04:03,EEST,3,T1,1,success,"{"total":1,"location_name":"T1 Shopping Mall","location_id":3}"
2026-08-24 07:04:03,EEST,9,Mustika,0,success,"{"total":0,"location_name":"Mustika","location_id":9}"
2026-08-24 07:04:03,EEST,10,Suur-Paala,0,success,"{"total":0,"location_name":"Suur-Paala","location_id":10}"
2026-08-24 07:06:04,EEST,1,Hipodroom,0,success,"{"total":0,"location_name":"Hipodroom","location_id":1}"
2026-08-24 07:06:04,EEST,3,T1,1,success,"{"total":1,"location_name":"T1 Shopping Mall","location_id":3}"
2026-08-24 07:06:04,EEST,9,Mustika,0,success,"{"total":0,"location_name":"Mustika","location_id":9}"
2026-08-24 07:06:04,EEST,10,Suur-Paala,0,success,"{"total":0,"location_name":"Suur-Paala","location_id":10}"
2026-08-24 07:08:05,EEST,1,Hipodroom,0,success,"{"total":0,"location_name":"Hipodroom","location_id":1}"
2026-08-24 07:08:05,EEST,3,T1,1,success,"{"total":1,"location_name":"T1 Shopping Mall","location_id":3}"
2026-08-24 07:08:05,EEST,9,Mustika,0,success,"{"total":0,"location_name":"Mustika","location_id":9}"
2026-08-24 07:08:05,EEST,10,Suur-Paala,0,success,"{"total":0,"location_name":"Suur-Paala","location_id":10}"
2026-08-24 07:10:05,EEST,1,Hipodroom,0,success,"{"total":0,"location_name":"Hipodroom","location_id":1}"
2026-08-24 07:10:05,EEST,3,T1,1,success,"{"total":1,"location_name":"T1 Shopping Mall","location_id":3}"
2026-08-24 07:10:05,EEST,9,Mustika,0,success,"{"total":0,"location_name":"Mustika","location_id":9}"
2026-08-24 07:10:05,EEST,10,Suur-Paala,0,success,"{"total":0,"location_name":"Suur-Paala","location_id":10}"
2026-08-24 07:12:06,EEST,1,Hipodroom,0,success,"{"total":0,"location_name":"Hipodroom","location_id":1}"
2026-08-24 07:12:06,EEST,3,T1,1,success,"{"total":1,"location_name":"T1 Shopping Mall","location_id":3}"
2026-08-24 07:12:06,EEST,9,Mustika,0,success,"{"total":0,"location_name":"Mustika","location_id":9}"
2026-08-24 07:12:06,EEST,10,Suur-Paala,0,success,"{"total":0,"location_name":"Suur-Paala","location_id":10}"
2026-08-24 07:14:06,EEST,1,Hipodroom,0,success,"{"total":0,"location_name":"Hipodroom","location_id":1}"
2026-08-24 07:14:06,EEST,3,T1,1,success,"{"total":1,"location_name":"T1 Shopping Mall","location_id":3}"
2026-08-24 07:14:06,EEST,9,Mustika,0,success,"{"total":0,"location_name":"Mustika","location_id":9}"
2026-08-24 07:14:06,EEST,10,Suur-Paala,0,success,"{"total":0,"location_name":"Suur-Paala","location_id":10}"
2026-08-24 07:16:07,EEST,1,Hipodroom,0,success,"{"total":0,"location_name":"Hipodroom","location_id":1}"
2026-08-24 07:16:07,EEST,3,T1,1,success,"{"total":1,"location_name":"T1 Shopping Mall","location_id":3}"
2026-08-24 07:16:07,EEST,9,Mustika,0,success,"{"total":0,"location_name":"Mustika","location_id":9}"
2026-08-24 07:16:07,EEST,10,Suur-Paala,0,success,"{"total":0,"location_name":"Suur-Paala","location_id":10}"
2026-08-24 07:18:08,EEST,1,Hipodroom,0,success,"{"total":0,"location_name":"Hipodroom","location_id":1}"
2026-08-24 07:18:08,EEST,3,T1,1,success,"{"total":1,"location_name":"T1 Shopping Mall","location_id":3}"
2026-08-24 07:18:08,EEST,9,Mustika,0,success,"{"total":0,"location_name":"Mustika","location_id":9}"
2026-08-24 07:18:08,EEST,10,Suur-Paala,0,success,"{"total":0,"location_name":"Suur-Paala","location_id":10}"
2026-08-24 07:20:08,EEST,1,Hipodroom,0,success,"{"total":0,"location_name":"Hipodroom","location_id":1}"
2026-08-24 07:20:08,EEST,3,T1,1,success,"{"total":1,"location_name":"T1 Shopping Mall","location_id":3}"
2026-08-24 07:20:08,EEST,9,Mustika,0,success,"{"total":0,"location_name":"Mustika","location_id":9}"
2026-08-24 07:20:08,EEST,10,Suur-Paala,0,success,"{"total":0,"location_name":"Suur-Paala","location_id":10}"
2026-08-24 07:22:09,EEST,1,Hipodroom,0,success,"{"total":0,"location_name":"Hipodroom","location_id":1}"
2026-08-24 07:22:09,EEST,3,T1,1,success,"{"total":1,"location_name":"T1 Shopping Mall","location_id":3}"
2026-08-24 07:22:09,EEST,9,Mustika,0,success,"{"total":0,"location_name":"Mustika","location_id":9}"
2026-08-24 07:22:09,EEST,10,Suur-Paala,0,success,"{"total":0,"location_name":"Suur-Paala","location_id":10}"
2026-08-24 07:24:10,EEST,1,Hipodroom,0,success,"{"total":0,"location_name":"Hipodroom","location_id":1}"
2026-08-24 07:24:10,EEST,3,T1,1,success,"{"total":1,"location_name":"T1 Shopping Mall","location_id":3}"
2026-08-24 07:24:10,EEST,9,Mustika,0,success,"{"total":0,"location_name":"Mustika","location_id":9}"
2026-08-24 07:24:10,EEST,10,Suur-Paala,0,success,"{"total":0,"location_name":"Suur-Paala","location_id":10}"
2026-08-24 07:26:10,EEST,1,Hipodroom,0,success,"{"total":0,"location_name":"Hipodroom","location_id":1}"
2026-08-24 07:26:10,EEST,3,T1,1,success,"{"total":1,"location_name":"T1 Shopping Mall","location_id":3}"
2026-08-24 07:26:10,EEST,9,Mustika,0,success,"{"total":0,"location_name":"Mustika","location_id":9}"
2026-08-24 07:26:10,EEST,10,Suur-Paala,0,success,"{"total":0,"location_name":"Suur-Paala","location_id":10}"
2026-08-24 07:28:11,EEST,1,Hipodroom,0,success,"{"total":0,"location_name":"Hipodroom","location_id":1}"
2026-08-24 07:28:11,EEST,3,T1,1,success,"{"total":1,"location_name":"T1 Shopping Mall","location_id":3}"
2026-08-24 07:28:11,EEST,9,Mustika,0,success,"{"total":0,"location_name":"Mustika","location_id":9}"
2026-08-24 07:28:11,EEST,10,Suur-Paala,0,success,"{"total":0,"location_name":"Suur-Paala","location_id":10}"
2026-08-24 07:30:11,EEST,1,Hipodroom,0,success,"{"total":0,"location_name":"Hipodroom","location_id":1}"
2026-08-24 07:30:11,EEST,3,T1,1,success,"{"total":1,"location_name":"T1 Shopping Mall","location_id":3}"
2026-08-24 07:30:11,EEST,9,Mustika,0,success,"{"total":0,"location_name":"Mustika","location_id":9}"
2026-08-24 07:30:11,EEST,10,Suur-Paala,0,success,"{"total":0,"location_name":"Suur-Paala","location_id":10}"
2026-08-24 07:32:12,EEST,1,Hipodroom,0,success,"{"total":0,"location_name":"Hipodroom","location_id":1}"
2026-08-24 07:32:12,EEST,3,T1,1,success,"{"total":1,"location_name":"T1 Shopping Mall","location_id":3}"
2026-08-24 07:32:12,EEST,9,Mustika,0,success,"{"total":0,"location_name":"Mustika","location_id":9}"
2026-08-24 07:32:12,EEST,10,Suur-Paala,0,success,"{"total":0,"location_name":"Suur-Paala","location_id":10}"
2026-08-24 07:34:13,EEST,1,Hipodroom,0,success,"{"total":0,"location_name":"Hipodroom","location_id":1}"
2026-08-24 07:34:13,EEST,3,T1,1,success,"{"total":1,"location_name":"T1 Shopping Mall","location_id":3}"
2026-08-24 07:34:13,EEST,9,Mustika,0,success,"{"total":0,"location_name":"Mustika","location_id":9}"
2026-08-24 07:34:13,EEST,10,Suur-Paala,0,success,"{"total":0,"location_name":"Suur-Paala","location_id":10}"
2026-08-24 07:36:13,EEST,1,Hipodroom,0,success,"{"total":0,"location_name":"Hipodroom","location_id":1}"
2026-08-24 07:36:13,EEST,3,T1,1,success,"{"total":1,"location_name":"T1 Shopping Mall","location_id":3}"
2026-08-24 07:36:13,EEST,9,Mustika,0,success,"{"total":0,"location_name":"Mustika","location_id":9}"
2026-08-24 07:36:13,EEST,10,Suur-Paala,0,success,"{"total":0,"location_name":"Suur-Paala","location_id":10}"
2026-08-24 07:38:14,EEST,1,Hipodroom,0,success,"{"total":0,"location_name":"Hipodroom","location_id":1}"
2026-08-24 07:38:14,EEST,3,T1,1,success,"{"total":1,"location_name":"T1 Shopping Mall","location_id":3}"
2026-08-24 07:38:14,EEST,9,Mustika,0,success,"{"total":0,"location_name":"Mustika","location_id":9}"
2026-08-24 07:38:14,EEST,10,Suur-Paala,0,success,"{"total":0,"location_name":"Suur-Paala","location_id":10}"
2026-08-24 07:40:15,EEST,1,Hipodroom,0,success,"{"total":0,"location_name":"Hipodroom","location_id":1}"
2026-08-24 07:40:15,EEST,3,T1,1,success,"{"total":1,"location_name":"T1 Shopping Mall","location_id":3}"
2026-08-24 07:40:15,EEST,9,Mustika,0,success,"{"total":0,"location_name":"Mustika","location_id":9}"
2026-08-24 07:40:15,EEST,10,Suur-Paala,0,success,"{"total":0,"location_name":"Suur-Paala","location_id":10}"
2026-08-24 07:42:15,EEST,1,Hipodroom,0,success,"{"total":0,"location_name":"Hipodroom","location_id":1}"
2026-08-24 07:42:15,EEST,3,T1,1,success,"{"total":1,"location_name":"T1 Shopping Mall","location_id":3}"
2026-08-24 07:42:15,EEST,9,Mustika,0,success,"{"total":0,"location_name":"Mustika","location_id":9}"
2026-08-24 07:42:15,EEST,10,Suur-Paala,0,success,"{"total":0,"location_name":"Suur-Paala","location_id":10}"
2026-08-24 07:44:16,EEST,1,Hipodroom,0,success,"{"total":0,"location_name":"Hipodroom","location_id":1}"
2026-08-24 07:44:16,EEST,3,T1,1,success,"{"total":1,"location_name":"T1 Shopping Mall","location_id":3}"
2026-08-24 07:44:16,EEST,9,Mustika,0,success,"{"total":0,"location_name":"Mustika","location_id":9}"
2026-08-24 07:44:16,EEST,10,Suur-Paala,0,success,"{"total":0,"location_name":"Suur-Paala","location_id":10}"
2026-08-24 07:46:17,EEST,1,Hipodroom,0,success,"{"total":0,"location_name":"Hipodroom","location_id":1}"
2026-08-24 07:46:17,EEST,3,T1,1,success,"{"total":1,"location_name":"T1 Shopping Mall","location_id":3}"
2026-08-24 07:46:17,EEST,9,Mustika,0,success,"{"total":0,"location_name":"Mustika","location_id":9}"
2026-08-24 07:46:17,EEST,10,Suur-Paala,0,success,"{"total":0,"location_name":"Suur-Paala","location_id":10}"
2026-08-24 07:48:17,EEST,1,Hipodroom,0,success,"{"total":0,"location_name":"Hipodroom","location_id":1}"
2026-08-24 07:48:17,EEST,3,T1,1,success,"{"total":1,"location_name":"T1 Shopping Mall","location_id":3}"
2026-08-24 07:48:17,EEST,9,Mustika,0,success,"{"total":0,"location_name":"Mustika","location_id":9}"
2026-08-24 07:48:17,EEST,10,Suur-Paala,0,success,"{"total":0,"location_name":"Suur-Paala","location_id":10}"
2026-08-24 07:50:18,EEST,1,Hipodroom,0,success,"{"total":0,"location_name":"Hipodroom","location_id":1}"
2026-08-24 07:50:18,EEST,3,T1,1,success,"{"total":1,"location_name":"T1 Shopping Mall","location_id":3}"
2026-08-24 07:50:18,EEST,9,Mustika,0,success,"{"total":0,"location_name":"Mustika","location_id":9}"
2026-08-24 07:50:18,EEST,10,Suur-Paala,0,success,"{"total":0,"location_name":"Suur-Paala","location_id":10}"
2026-08-24 07:52:19,EEST,1,Hipodroom,0,success,"{"total":0,"location_name":"Hipodroom","location_id":1}"
2026-08-24 07:52:19,EEST,3,T1,1,success,"{"total":1,"location_name":"T1 Shopping Mall","location_id":3}"
2026-08-24 07:52:19,EEST,9,Mustika,0,success,"{"total":0,"location_name":"Mustika","location_id":9}"
2026-08-24 07:52:19,EEST,10,Suur-Paala,0,success,"{"total":0,"location_name":"Suur-Paala","location_id":10}"
2026-08-24 07:54:19,EEST,1,Hipodroom,0,success,"{"total":0,"location_name":"Hipodroom","location_id":1}"
2026-08-24 07:54:19,EEST,3,T1,1,success,"{"total":1,"location_name":"T1 Shopping Mall","location_id":3}"
2026-08-24 07:54:19,EEST,9,Mustika,0,success,"{"total":0,"location_name":"Mustika","location_id":9}"
2026-08-24 07:54:19,EEST,10,Suur-Paala,0,success,"{"total":0,"location_name":"Suur-Paala","location_id":10}"
2026-08-24 07:56:20,EEST,1,Hipodroom,0,success,"{"total":0,"location_name":"Hipodroom","location_id":1}"
2026-08-24 07:56:20,EEST,3,T1,1,success,"{"total":1,"location_name":"T1 Shopping Mall","location_id":3}"
2026-08-24 07:56:20,EEST,9,Mustika,0,success,"{"total":0,"location_name":"Mustika","location_id":9}"
2026-08-24 07:56:20,EEST,10,Suur-Paala,0,success,"{"total":0,"location_name":"Suur-Paala","location_id":10}"
2026-08-24 07:58:21,EEST,1,Hipodroom,0,success,"{"total":0,"location_name":"Hipodroom","location_id":1}"
2026-08-24 07:58:21,EEST,3,T1,1,success,"{"total":1,"location_name":"T1 Shopping Mall","location_id":3}"
2026-08-24 07:58:21,EEST,9,Mustika,0,success,"{"total":0,"location_name":"Mustika","location_id":9}"
2026-08-24 07:58:21,EEST,10,Suur-Paala,0,success,"{"total":0,"location_name":"Suur-Paala","location_id":10}"
2026-08-24 08:00:21,EEST,1,Hipodroom,0,success,"{"total":0,"location_name":"Hipodroom","location_id":1}"
2026-08-24 08:00:21,EEST,3,T1,1,success,"{"total":1,"location_name":"T1 Shopping Mall","location_id":3}"
2026-08-24 08:00:21,EEST,9,Mustika,0,success,"{"total":0,"location_name":"Mustika","location_id":9}"
2026-08-24 08:00:21,EEST,10,Suur-Paala,0,success,"{"total":0,"location_name":"Suur-Paala","location_id":10}"
2026-08-24 08:02:22,EEST,1,Hipodroom,0,success,"{"total":0,"location_name":"Hipodroom","location_id":1}"
2026-08-24 08:02:22,EEST,3,T1,1,success,"{"total":1,"location_name":"T1 Shopping Mall","location_id":3}"
2026-08-24 08:02:22,EEST,9,Mustika,0,success,"{"total":0,"location_name":"Mustika","location_id":9}"
2026-08-24 08:02:22,EEST,10,Suur-Paala,0,success,"{"total":0,"location_name":"Suur-Paala","location_id":10}"
2026-08-24 08:04:23,EEST,1,Hipodroom,0,success,"{"total":0,"location_name":"Hipodroom","location_id":1}"
2026-08-24 08:04:23,EEST,3,T1,1,success,"{"total":1,"location_name":"T1 Shopping Mall","location_id":3}"
2026-08-24 08:04:23,EEST,9,Mustika,0,success,"{"total":0,"location_name":"Mustika","location_id":9}"
2026-08-24 08:04:23,EEST,10,Suur-Paala,0,success,"{"total":0,"location_name":"Suur-Paala","location_id":10}"
2026-08-24 08:06:24,EEST,1,Hipodroom,0,success,"{"total":0,"location_name":"Hipodroom","location_id":1}"
2026-08-24 08:06:24,EEST,3,T1,2,success,"{"total":2,"location_name":"T1 Shopping Mall","location_id":3}"
2026-08-24 08:06:24,EEST,9,Mustika,0,success,"{"total":0,"location_name":"Mustika","location_id":9}"
2026-08-24 08:06:24,EEST,10,Suur-Paala,0,success,"{"total":0,"location_name":"Suur-Paala","location_id":10}"
2026-08-24 08:08:24,EEST,1,Hipodroom,0,success,"{"total":0,"location_name":"Hipodroom","location_id":1}"
2026-08-24 08:08:24,EEST,3,T1,2,success,"{"total":2,"location_name":"T1 Shopping Mall","location_id":3}"
2026-08-24 08:08:24,EEST,9,Mustika,0,success,"{"total":0,"location_name":"Mustika","location_id":9}"
2026-08-24 08:08:24,EEST,10,Suur-Paala,0,success,"{"total":0,"location_name":"Suur-Paala","location_id":10}"
2026-08-24 08:10:25,EEST,1,Hipodroom,0,success,"{"total":0,"location_name":"Hipodroom","location_id":1}"
2026-08-24 08:10:25,EEST,3,T1,2,success,"{"total":2,"location_name":"T1 Shopping Mall","location_id":3}"
2026-08-24 08:10:25,EEST,9,Mustika,0,success,"{"total":0,"location_name":"Mustika","location_id":9}"
2026-08-24 08:10:25,EEST,10,Suur-Paala,0,success,"{"total":0,"location_name":"Suur-Paala","location_id":10}"
2026-08-24 08:12:26,EEST,1,Hipodroom,0,success,"{"total":0,"location_name":"Hipodroom","location_id":1}"
2026-08-24 08:12:26,EEST,3,T1,2,success,"{"total":2,"location_name":"T1 Shopping Mall","location_id":3}"
2026-08-24 08:12:26,EEST,9,Mustika,0,success,"{"total":0,"location_name":"Mustika","location_id":9}"
2026-08-24 08:12:26,EEST,10,Suur-Paala,0,success,"{"total":0,"location_name":"Suur-Paala","location_id":10}"
2026-08-24 08:14:27,EEST,1,Hipodroom,0,success,"{"total":0,"location_name":"Hipodroom","location_id":1}"
2026-08-24 08:14:27,EEST,3,T1,2,success,"{"total":2,"location_name":"T1 Shopping Mall","location_id":3}"
2026-08-24 08:14:27,EEST,9,Mustika,0,success,"{"total":0,"location_name":"Mustika","location_id":9}"
2026-08-24 08:14:27,EEST,10,Suur-Paala,0,success,"{"total":0,"location_name":"Suur-Paala","location_id":10}"
2026-08-24 08:16:27,EEST,1,Hipodroom,0,success,"{"total":0,"location_name":"Hipodroom","location_id":1}"
2026-08-24 08:16:27,EEST,3,T1,2,success,"{"total":2,"location_name":"T1 Shopping Mall","location_id":3}"
2026-08-24 08:16:27,EEST,9,Mustika,0,success,"{"total":0,"location_name":"Mustika","location_id":9}"
2026-08-24 08:16:27,EEST,10,Suur-Paala,0,success,"{"total":0,"location_name":"Suur-Paala","location_id":10}"
2026-08-24 08:18:28,EEST,1,Hipodroom,0,success,"{"total":0,"location_name":"Hipodroom","location_id":1}"
2026-08-24 08:18:28,EEST,3,T1,2,success,"{"total":2,"location_name":"T1 Shopping Mall","location_id":3}"
2026-08-24 08:18:28,EEST,9,Mustika,0,success,"{"total":0,"location_name":"Mustika","location_id":9}"
2026-08-24 08:18:28,EEST,10,Suur-Paala,0,success,"{"total":0,"location_name":"Suur-Paala","location_id":10}"
2026-08-24 08:20:29,EEST,1,Hipodroom,0,success,"{"total":0,"location_name":"Hipodroom","location_id":1}"
2026-08-24 08:20:29,EEST,3,T1,2,success,"{"total":2,"location_name":"T1 Shopping Mall","location_id":3}"
2026-08-24 08:20:29,EEST,9,Mustika,0,success,"{"total":0,"location_name":"Mustika","location_id":9}"
2026-08-24 08:20:29,EEST,10,Suur-Paala,0,success,"{"total":0,"location_name":"Suur-Paala","location_id":10}"
2026-08-24 08:22:29,EEST,1,Hipodroom,0,success,"{"total":0,"location_name":"Hipodroom","location_id":1}"
2026-08-24 08:22:29,EEST,3,T1,2,success,"{"total":2,"location_name":"T1 Shopping Mall","location_id":3}"
2026-08-24 08:22:29,EEST,9,Mustika,0,success,"{"total":0,"location_name":"Mustika","location_id":9}"
2026-08-24 08:22:29,EEST,10,Suur-Paala,0,success,"{"total":0,"location_name":"Suur-Paala","location_id":10}"
2026-08-24 08:24:30,EEST,1,Hipodroom,0,success,"{"total":0,"location_name":"Hipodroom","location_id":1}"
2026-08-24 08:24:30,EEST,3,T1,2,success,"{"total":2,"location_name":"T1 Shopping Mall","location_id":3}"
2026-08-24 08:24:30,EEST,9,Mustika,0,success,"{"total":0,"location_name":"Mustika","location_id":9}"
2026-08-24 08:24:30,EEST,10,Suur-Paala,0,success,"{"total":0,"location_name":"Suur-Paala","location_id":10}"
2026-08-24 08:26:30,EEST,1,Hipodroom,0,success,"{"total":0,"location_name":"Hipodroom","location_id":1}"
2026-08-24 08:26:30,EEST,3,T1,2,success,"{"total":2,"location_name":"T1 Shopping Mall","location_id":3}"
2026-08-24 08:26:30,EEST,9,Mustika,0,success,"{"total":0,"location_name":"Mustika","location_id":9}"
2026-08-24 08:26:30,EEST,10,Suur-Paala,0,success,"{"total":0,"location_name":"Suur-Paala","location_id":10}"
2026-08-24 08:28:31,EEST,1,Hipodroom,0,success,"{"total":0,"location_name":"Hipodroom","location_id":1}"
2026-08-24 08:28:31,EEST,3,T1,2,success,"{"total":2,"location_name":"T1 Shopping Mall","location_id":3}"
2026-08-24 08:28:31,EEST,9,Mustika,0,success,"{"total":0,"location_name":"Mustika","location_id":9}"
2026-08-24 08:28:31,EEST,10,Suur-Paala,0,success,"{"total":0,"location_name":"Suur-Paala","location_id":10}"
2026-08-24 08:30:32,EEST,1,Hipodroom,0,success,"{"total":0,"location_name":"Hipodroom","location_id":1}"
2026-08-24 08:30:32,EEST,3,T1,2,success,"{"total":2,"location_name":"T1 Shopping Mall","location_id":3}"
2026-08-24 08:30:32,EEST,9,Mustika,0,success,"{"total":0,"location_name":"Mustika","location_id":9}"
2026-08-24 08:30:32,EEST,10,Suur-Paala,0,success,"{"total":0,"location_name":"Suur-Paala","location_id":10}"
2026-08-24 08:32:32,EEST,1,Hipodroom,0,success,"{"total":0,"location_name":"Hipodroom","location_id":1}"
2026-08-24 08:32:32,EEST,3,T1,2,success,"{"total":2,"location_name":"T1 Shopping Mall","location_id":3}"
2026-08-24 08:32:32,EEST,9,Mustika,0,success,"{"total":0,"location_name":"Mustika","location_id":9}"
2026-08-24 08:32:32,EEST,10,Suur-Paala,0,success,"{"total":0,"location_name":"Suur-Paala","location_id":10}"
2026-08-24 08:34:33,EEST,1,Hipodroom,0,success,"{"total":0,"location_name":"Hipodroom","location_id":1}"
2026-08-24 08:34:33,EEST,3,T1,2,success,"{"total":2,"location_name":"T1 Shopping Mall","location_id":3}"
2026-08-24 08:34:33,EEST,9,Mustika,0,success,"{"total":0,"location_name":"Mustika","location_id":9}"
2026-08-24 08:34:33,EEST,10,Suur-Paala,0,success,"{"total":0,"location_name":"Suur-Paala","location_id":10}"
2026-08-24 08:36:34,EEST,1,Hipodroom,0,success,"{"total":0,"location_name":"Hipodroom","location_id":1}"
2026-08-24 08:36:34,EEST,3,T1,2,success,"{"total":2,"location_name":"T1 Shopping Mall","location_id":3}"
2026-08-24 08:36:34,EEST,9,Mustika,0,success,"{"total":0,"location_name":"Mustika","location_id":9}"
2026-08-24 08:36:34,EEST,10,Suur-Paala,0,success,"{"total":0,"location_name":"Suur-Paala","location_id":10}"
2026-08-24 08:38:34,EEST,1,Hipodroom,0,success,"{"total":0,"location_name":"Hipodroom","location_id":1}"
2026-08-24 08:38:34,EEST,3,T1,2,success,"{"total":2,"location_name":"T1 Shopping Mall","location_id":3}"
2026-08-24 08:38:34,EEST,9,Mustika,0,success,"{"total":0,"location_name":"Mustika","location_id":9}"
2026-08-24 08:38:34,EEST,10,Suur-Paala,0,success,"{"total":0,"location_name":"Suur-Paala","location_id":10}"
2026-08-24 08:40:35,EEST,1,Hipodroom,0,success,"{"total":0,"location_name":"Hipodroom","location_id":1}"
2026-08-24 08:40:35,EEST,3,T1,2,success,"{"total":2,"location_name":"T1 Shopping Mall","location_id":3}"
2026-08-24 08:40:35,EEST,9,Mustika,0,success,"{"total":0,"location_name":"Mustika","location_id":9}"
2026-08-24 08:40:35,EEST,10,Suur-Paala,0,success,"{"total":0,"location_name":"Suur-Paala","location_id":10}"
2026-08-24 08:42:36,EEST,1,Hipodroom,0,success,"{"total":0,"location_name":"Hipodroom","location_id":1}"
2026-08-24 08:42:36,EEST,3,T1,2,success,"{"total":2,"location_name":"T1 Shopping Mall","location_id":3}"
2026-08-24 08:42:36,EEST,9,Mustika,0,success,"{"total":0,"location_name":"Mustika","location_id":9}"
2026-08-24 08:42:36,EEST,10,Suur-Paala,0,success,"{"total":0,"location_name":"Suur-Paala","location_id":10}"
2026-08-24 08:44:36,EEST,1,Hipodroom,0,success,"{"total":0,"location_name":"Hipodroom","location_id":1}"
2026-08-24 08:44:36,EEST,3,T1,2,success,"{"total":2,"location_name":"T1 Shopping Mall","location_id":3}"
2026-08-24 08:44:36,EEST,9,Mustika,0,success,"{"total":0,"location_name":"Mustika","location_id":9}"
2026-08-24 08:44:36,EEST,10,Suur-Paala,0,success,"{"total":0,"location_name":"Suur-Paala","location_id":10}"
2026-08-24 08:46:37,EEST,1,Hipodroom,0,success,"{"total":0,"location_name":"Hipodroom","location_id":1}"
2026-08-24 08:46:37,EEST,3,T1,2,success,"{"total":2,"location_name":"T1 Shopping Mall","location_id":3}"
2026-08-24 08:46:37,EEST,9,Mustika,0,success,"{"total":0,"location_name":"Mustika","location_id":9}"
2026-08-24 08:46:37,EEST,10,Suur-Paala,0,success,"{"total":0,"location_name":"Suur-Paala","location_id":10}"
2026-08-24 08:48:37,EEST,1,Hipodroom,0,success,"{"total":0,"location_name":"Hipodroom","location_id":1}"
2026-08-24 08:48:37,EEST,3,T1,1,success,"{"total":1,"location_name":"T1 Shopping Mall","location_id":3}"
2026-08-24 08:48:37,EEST,9,Mustika,0,success,"{"total":0,"location_name":"Mustika","location_id":9}"
2026-08-24 08:48:37,EEST,10,Suur-Paala,0,success,"{"total":0,"location_name":"Suur-Paala","location_id":10}"
2026-08-24 08:50:38,EEST,1,Hipodroom,0,success,"{"total":0,"location_name":"Hipodroom","location_id":1}"
2026-08-24 08:50:38,EEST,3,T1,1,success,"{"total":1,"location_name":"T1 Shopping Mall","location_id":3}"
2026-08-24 08:50:38,EEST,9,Mustika,0,success,"{"total":0,"location_name":"Mustika","location_id":9}"
2026-08-24 08:50:38,EEST,10,Suur-Paala,0,success,"{"total":0,"location_name":"Suur-Paala","location_id":10}"
2026-08-24 08:52:39,EEST,1,Hipodroom,0,success,"{"total":0,"location_name":"Hipodroom","location_id":1}"
2026-08-24 08:52:39,EEST,3,T1,1,success,"{"total":1,"location_name":"T1 Shopping Mall","location_id":3}"
2026-08-24 08:52:39,EEST,9,Mustika,0,success,"{"total":0,"location_name":"Mustika","location_id":9}"
2026-08-24 08:52:39,EEST,10,Suur-Paala,0,success,"{"total":0,"location_name":"Suur-Paala","location_id":10}"
2026-08-24 08:54:40,EEST,1,Hipodroom,0,success,"{"total":0,"location_name":"Hipodroom","location_id":1}"
2026-08-24 08:54:40,EEST,3,T1,1,success,"{"total":1,"location_name":"T1 Shopping Mall","location_id":3}"
2026-08-24 08:54:40,EEST,9,Mustika,0,success,"{"total":0,"location_name":"Mustika","location_id":9}"
2026-08-24 08:54:40,EEST,10,Suur-Paala,0,success,"{"total":0,"location_name":"Suur-Paala","location_id":10}"
2026-08-24 08:56:40,EEST,1,Hipodroom,0,success,"{"total":0,"location_name":"Hipodroom","location_id":1}"
2026-08-24 08:56:40,EEST,3,T1,1,success,"{"total":1,"location_name":"T1 Shopping Mall","location_id":3}"
2026-08-24 08:56:40,EEST,9,Mustika,0,success,"{"total":0,"location_name":"Mustika","location_id":9}"
2026-08-24 08:56:40,EEST,10,Suur-Paala,0,success,"{"total":0,"location_name":"Suur-Paala","location_id":10}"
2026-08-24 08:58:41,EEST,1,Hipodroom,0,success,"{"total":0,"location_name":"Hipodroom","location_id":1}"
2026-08-24 08:58:41,EEST,3,T1,1,success,"{"total":1,"location_name":"T1 Shopping Mall","location_id":3}"
2026-08-24 08:58:41,EEST,9,Mustika,0,success,"{"total":0,"location_name":"Mustika","location_id":9}"
2026-08-24 08:58:41,EEST,10,Suur-Paala,0,success,"{"total":0,"location_name":"Suur-Paala","location_id":10}"
2026-08-24 09:00:42,EEST,1,Hipodroom,0,success,"{"total":0,"location_name":"Hipodroom","location_id":1}"
2026-08-24 09:00:42,EEST,3,T1,1,success,"{"total":1,"location_name":"T1 Shopping Mall","location_id":3}"
2026-08-24 09:00:42,EEST,9,Mustika,1,success,"{"total":1,"location_name":"Mustika","location_id":9}"
2026-08-24 09:00:42,EEST,10,Suur-Paala,0,success,"{"total":0,"location_name":"Suur-Paala","location_id":10}"
2026-08-24 09:02:42,EEST,1,Hipodroom,0,success,"{"total":0,"location_name":"Hipodroom","location_id":1}"
2026-08-24 09:02:42,EEST,3,T1,1,success,"{"total":1,"location_name":"T1 Shopping Mall","location_id":3}"
2026-08-24 09:02:42,EEST,9,Mustika,1,success,"{"total":1,"location_name":"Mustika","location_id":9}"
2026-08-24 09:02:42,EEST,10,Suur-Paala,0,success,"{"total":0,"location_name":"Suur-Paala","location_id":10}"
2026-08-24 09:04:43,EEST,1,Hipodroom,0,success,"{"total":0,"location_name":"Hipodroom","location_id":1}"
2026-08-24 09:04:43,EEST,3,T1,1,success,"{"total":1,"location_name":"T1 Shopping Mall","location_id":3}"
2026-08-24 09:04:43,EEST,9,Mustika,1,success,"{"total":1,"location_name":"Mustika","location_id":9}"
2026-08-24 09:04:43,EEST,10,Suur-Paala,0,success,"{"total":0,"location_name":"Suur-Paala","location_id":10}"
2026-08-24 09:06:43,EEST,1,Hipodroom,0,success,"{"total":0,"location_name":"Hipodroom","location_id":1}"
2026-08-24 09:06:43,EEST,3,T1,1,success,"{"total":1,"location_name":"T1 Shopping Mall","location_id":3}"
2026-08-24 09:06:43,EEST,9,Mustika,1,success,"{"total":1,"location_name":"Mustika","location_id":9}"
2026-08-24 09:06:43,EEST,10,Suur-Paala,0,success,"{"total":0,"location_name":"Suur-Paala","location_id":10}"
2026-08-24 09:08:44,EEST,1,Hipodroom,0,success,"{"total":0,"location_name":"Hipodroom","location_id":1}"
2026-08-24 09:08:44,EEST,3,T1,1,success,"{"total":1,"location_name":"T1 Shopping Mall","location_id":3}"
2026-08-24 09:08:44,EEST,9,Mustika,1,success,"{"total":1,"location_name":"Mustika","location_id":9}"
2026-08-24 09:08:44,EEST,10,Suur-Paala,0,success,"{"total":0,"location_name":"Suur-Paala","location_id":10}"
2026-08-24 09:10:45,EEST,1,Hipodroom,0,success,"{"total":0,"location_name":"Hipodroom","location_id":1}"
2026-08-24 09:10:45,EEST,3,T1,1,success,"{"total":1,"location_name":"T1 Shopping Mall","location_id":3}"
2026-08-24 09:10:45,EEST,9,Mustika,1,success,"{"total":1,"location_name":"Mustika","location_id":9}"
2026-08-24 09:10:45,EEST,10,Suur-Paala,0,success,"{"total":0,"location_name":"Suur-Paala","location_id":10}"
2026-08-24 09:12:46,EEST,1,Hipodroom,0,success,"{"total":0,"location_name":"Hipodroom","location_id":1}"
2026-08-24 09:12:46,EEST,3,T1,1,success,"{"total":1,"location_name":"T1 Shopping Mall","location_id":3}"
2026-08-24 09:12:46,EEST,9,Mustika,1,success,"{"total":1,"location_name":"Mustika","location_id":9}"
2026-08-24 09:12:46,EEST,10,Suur-Paala,0,success,"{"total":0,"location_name":"Suur-Paala","location_id":10}"
2026-08-24 09:14:46,EEST,1,Hipodroom,0,success,"{"total":0,"location_name":"Hipodroom","location_id":1}"
2026-08-24 09:14:46,EEST,3,T1,1,success,"{"total":1,"location_name":"T1 Shopping Mall","location_id":3}"
2026-08-24 09:14:46,EEST,9,Mustika,1,success,"{"total":1,"location_name":"Mustika","location_id":9}"
2026-08-24 09:14:46,EEST,10,Suur-Paala,0,success,"{"total":0,"location_name":"Suur-Paala","location_id":10}"
2026-08-24 09:16:47,EEST,1,Hipodroom,0,success,"{"total":0,"location_name":"Hipodroom","location_id":1}"
2026-08-24 09:16:47,EEST,3,T1,1,success,"{"total":1,"location_name":"T1 Shopping Mall","location_id":3}"
2026-08-24 09:16:47,EEST,9,Mustika,1,success,"{"total":1,"location_name":"Mustika","location_id":9}"
2026-08-24 09:16:47,EEST,10,Suur-Paala,0,success,"{"total":0,"location_name":"Suur-Paala","location_id":10}"
2026-08-24 09:18:48,EEST,1,Hipodroom,0,success,"{"total":0,"location_name":"Hipodroom","location_id":1}"
2026-08-24 09:18:48,EEST,3,T1,1,success,"{"total":1,"location_name":"T1 Shopping Mall","location_id":3}"
2026-08-24 09:18:48,EEST,9,Mustika,1,success,"{"total":1,"location_name":"Mustika","location_id":9}"
2026-08-24 09:18:48,EEST,10,Suur-Paala,0,success,"{"total":0,"location_name":"Suur-Paala","location_id":10}"
2026-08-24 09:20:48,EEST,1,Hipodroom,0,success,"{"total":0,"location_name":"Hipodroom","location_id":1}"
2026-08-24 09:20:48,EEST,3,T1,1,success,"{"total":1,"location_name":"T1 Shopping Mall","location_id":3}"
2026-08-24 09:20:48,EEST,9,Mustika,1,success,"{"total":1,"location_name":"Mustika","location_id":9}"
2026-08-24 09:20:48,EEST,10,Suur-Paala,0,success,"{"total":0,"location_name":"Suur-Paala","location_id":10}"
2026-08-24 09:22:49,EEST,1,Hipodroom,0,success,"{"total":0,"location_name":"Hipodroom","location_id":1}"
2026-08-24 09:22:49,EEST,3,T1,1,success,"{"total":1,"location_name":"T1 Shopping Mall","location_id":3}"
2026-08-24 09:22:49,EEST,9,Mustika,1,success,"{"total":1,"location_name":"Mustika","location_id":9}"
2026-08-24 09:22:49,EEST,10,Suur-Paala,0,success,"{"total":0,"location_name":"Suur-Paala","location_id":10}"
2026-08-24 09:24:49,EEST,1,Hipodroom,0,success,"{"total":0,"location_name":"Hipodroom","location_id":1}"
2026-08-24 09:24:49,EEST,3,T1,1,success,"{"total":1,"location_name":"T1 Shopping Mall","location_id":3}"
2026-08-24 09:24:49,EEST,9,Mustika,1,success,"{"total":1,"location_name":"Mustika","location_id":9}"
2026-08-24 09:24:49,EEST,10,Suur-Paala,0,success,"{"total":0,"location_name":"Suur-Paala","location_id":10}"
2026-08-24 09:26:50,EEST,1,Hipodroom,0,success,"{"total":0,"location_name":"Hipodroom","location_id":1}"
2026-08-24 09:26:50,EEST,3,T1,1,success,"{"total":1,"location_name":"T1 Shopping Mall","location_id":3}"
2026-08-24 09:26:50,EEST,9,Mustika,1,success,"{"total":1,"location_name":"Mustika","location_id":9}"
2026-08-24 09:26:50,EEST,10,Suur-Paala,0,success,"{"total":0,"location_name":"Suur-Paala","location_id":10}"
2026-08-24 09:28:50,EEST,1,Hipodroom,0,success,"{"total":0,"location_name":"Hipodroom","location_id":1}"
2026-08-24 09:28:50,EEST,3,T1,1,success,"{"total":1,"location_name":"T1 Shopping Mall","location_id":3}"
2026-08-24 09:28:50,EEST,9,Mustika,1,success,"{"total":1,"location_name":"Mustika","location_id":9}"
2026-08-24 09:28:50,EEST,10,Suur-Paala,0,success,"{"total":0,"location_name":"Suur-Paala","location_id":10}"
2026-08-24 09:30:51,EEST,1,Hipodroom,0,success,"{"total":0,"location_name":"Hipodroom","location_id":1}"
2026-08-24 09:30:51,EEST,3,T1,1,success,"{"total":1,"location_name":"T1 Shopping Mall","location_id":3}"
2026-08-24 09:30:51,EEST,9,Mustika,1,success,"{"total":1,"location_name":"Mustika","location_id":9}"
2026-08-24 09:30:51,EEST,10,Suur-Paala,0,success,"{"total":0,"location_name":"Suur-Paala","location_id":10}"
2026-08-24 09:32:51,EEST,1,Hipodroom,0,success,"{"total":0,"location_name":"Hipodroom","location_id":1}"
2026-08-24 09:32:51,EEST,3,T1,1,success,"{"total":1,"location_name":"T1 Shopping Mall","location_id":3}"
2026-08-24 09:32:51,EEST,9,Mustika,1,success,"{"total":1,"location_name":"Mustika","location_id":9}"
2026-08-24 09:32:51,EEST,10,Suur-Paala,0,success,"{"total":0,"location_name":"Suur-Paala","location_id":10}"
2026-08-24 09:34:52,EEST,1,Hipodroom,0,success,"{"total":0,"location_name":"Hipodroom","location_id":1}"
2026-08-24 09:34:52,EEST,3,T1,1,success,"{"total":1,"location_name":"T1 Shopping Mall","location_id":3}"
2026-08-24 09:34:52,EEST,9,Mustika,1,success,"{"total":1,"location_name":"Mustika","location_id":9}"
2026-08-24 09:34:52,EEST,10,Suur-Paala,0,success,"{"total":0,"location_name":"Suur-Paala","location_id":10}"
2026-08-24 09:36:53,EEST,1,Hipodroom,0,success,"{"total":0,"location_name":"Hipodroom","location_id":1}"
2026-08-24 09:36:53,EEST,3,T1,2,success,"{"total":2,"location_name":"T1 Shopping Mall","location_id":3}"
2026-08-24 09:36:53,EEST,9,Mustika,1,success,"{"total":1,"location_name":"Mustika","location_id":9}"
2026-08-24 09:36:53,EEST,10,Suur-Paala,0,success,"{"total":0,"location_name":"Suur-Paala","location_id":10}"
2026-08-24 09:38:53,EEST,1,Hipodroom,0,success,"{"total":0,"location_name":"Hipodroom","location_id":1}"
2026-08-24 09:38:53,EEST,3,T1,2,success,"{"total":2,"location_name":"T1 Shopping Mall","location_id":3}"
2026-08-24 09:38:53,EEST,9,Mustika,1,success,"{"total":1,"location_name":"Mustika","location_id":9}"
2026-08-24 09:38:53,EEST,10,Suur-Paala,0,success,"{"total":0,"location_name":"Suur-Paala","location_id":10}"
2026-08-24 09:40:54,EEST,1,Hipodroom,0,success,"{"total":0,"location_name":"Hipodroom","location_id":1}"
2026-08-24 09:40:54,EEST,3,T1,2,success,"{"total":2,"location_name":"T1 Shopping Mall","location_id":3}"
2026-08-24 09:40:54,EEST,9,Mustika,1,success,"{"total":1,"location_name":"Mustika","location_id":9}"
2026-08-24 09:40:54,EEST,10,Suur-Paala,0,success,"{"total":0,"location_name":"Suur-Paala","location_id":10}"
2026-08-24 09:42:54,EEST,1,Hipodroom,0,success,"{"total":0,"location_name":"Hipodroom","location_id":1}"
2026-08-24 09:42:54,EEST,3,T1,2,success,"{"total":2,"location_name":"T1 Shopping Mall","location_id":3}"
2026-08-24 09:42:54,EEST,9,Mustika,1,success,"{"total":1,"location_name":"Mustika","location_id":9}"
2026-08-24 09:42:54,EEST,10,Suur-Paala,0,success,"{"total":0,"location_name":"Suur-Paala","location_id":10}"
2026-08-24 09:44:55,EEST,1,Hipodroom,0,success,"{"total":0,"location_name":"Hipodroom","location_id":1}"
2026-08-24 09:44:55,EEST,3,T1,2,success,"{"total":2,"location_name":"T1 Shopping Mall","location_id":3}"
2026-08-24 09:44:55,EEST,9,Mustika,1,success,"{"total":1,"location_name":"Mustika","location_id":9}"
2026-08-24 09:44:55,EEST,10,Suur-Paala,1,success,"{"total":1,"location_name":"Suur-Paala","location_id":10}"
2026-08-24 09:46:56,EEST,1,Hipodroom,0,success,"{"total":0,"location_name":"Hipodroom","location_id":1}"
2026-08-24 09:46:56,EEST,3,T1,2,success,"{"total":2,"location_name":"T1 Shopping Mall","location_id":3}"
2026-08-24 09:46:56,EEST,9,Mustika,1,success,"{"total":1,"location_name":"Mustika","location_id":9}"
2026-08-24 09:46:56,EEST,10,Suur-Paala,1,success,"{"total":1,"location_name":"Suur-Paala","location_id":10}"
2026-08-24 09:48:56,EEST,1,Hipodroom,0,success,"{"total":0,"location_name":"Hipodroom","location_id":1}"
2026-08-24 09:48:56,EEST,3,T1,2,success,"{"total":2,"location_name":"T1 Shopping Mall","location_id":3}"
2026-08-24 09:48:56,EEST,9,Mustika,1,success,"{"total":1,"location_name":"Mustika","location_id":9}"
2026-08-24 09:48:56,EEST,10,Suur-Paala,1,success,"{"total":1,"location_name":"Suur-Paala","location_id":10}"
2026-08-24 09:50:57,EEST,1,Hipodroom,0,success,"{"total":0,"location_name":"Hipodroom","location_id":1}"
2026-08-24 09:50:57,EEST,3,T1,2,success,"{"total":2,"location_name":"T1 Shopping Mall","location_id":3}"
2026-08-24 09:50:57,EEST,9,Mustika,1,success,"{"total":1,"location_name":"Mustika","location_id":9}"
2026-08-24 09:50:57,EEST,10,Suur-Paala,1,success,"{"total":1,"location_name":"Suur-Paala","location_id":10}"
2026-08-24 09:52:57,EEST,1,Hipodroom,0,success,"{"total":0,"location_name":"Hipodroom","location_id":1}"
2026-08-24 09:52:57,EEST,3,T1,2,success,"{"total":2,"location_name":"T1 Shopping Mall","location_id":3}"
2026-08-24 09:52:57,EEST,9,Mustika,1,success,"{"total":1,"location_name":"Mustika","location_id":9}"
2026-08-24 09:52:57,EEST,10,Suur-Paala,1,success,"{"total":1,"location_name":"Suur-Paala","location_id":10}"
2026-08-24 09:54:58,EEST,1,Hipodroom,0,success,"{"total":0,"location_name":"Hipodroom","location_id":1}"
2026-08-24 09:54:58,EEST,3,T1,2,success,"{"total":2,"location_name":"T1 Shopping Mall","location_id":3}"
2026-08-24 09:54:58,EEST,9,Mustika,1,success,"{"total":1,"location_name":"Mustika","location_id":9}"
2026-08-24 09:54:58,EEST,10,Suur-Paala,1,success,"{"total":1,"location_name":"Suur-Paala","location_id":10}"
2026-08-24 09:56:58,EEST,1,Hipodroom,0,success,"{"total":0,"location_name":"Hipodroom","location_id":1}"
2026-08-24 09:56:58,EEST,3,T1,2,success,"{"total":2,"location_name":"T1 Shopping Mall","location_id":3}"
2026-08-24 09:56:58,EEST,9,Mustika,1,success,"{"total":1,"location_name":"Mustika","location_id":9}"
2026-08-24 09:56:58,EEST,10,Suur-Paala,1,success,"{"total":1,"location_name":"Suur-Paala","location_id":10}"
2026-08-24 09:58:59,EEST,1,Hipodroom,0,success,"{"total":0,"location_name":"Hipodroom","location_id":1}"
2026-08-24 09:58:59,EEST,3,T1,2,success,"{"total":2,"location_name":"T1 Shopping Mall","location_id":3}"
2026-08-24 09:58:59,EEST,9,Mustika,1,success,"{"total":1,"location_name":"Mustika","location_id":9}"
2026-08-24 09:58:59,EEST,10,Suur-Paala,1,success,"{"total":1,"location_name":"Suur-Paala","location_id":10}"
2026-08-24 10:01:00,EEST,1,Hipodroom,0,success,"{"total":0,"location_name":"Hipodroom","location_id":1}"
2026-08-24 10:01:00,EEST,3,T1,2,success,"{"total":2,"location_name":"T1 Shopping Mall","location_id":3}"
2026-08-24 10:01:00,EEST,9,Mustika,1,success,"{"total":1,"location_name":"Mustika","location_id":9}"
2026-08-24 10:01:00,EEST,10,Suur-Paala,1,success,"{"total":1,"location_name":"Suur-Paala","location_id":10}"
2026-08-24 10:03:00,EEST,1,Hipodroom,0,success,"{"total":0,"location_name":"Hipodroom","location_id":1}"
2026-08-24 10:03:00,EEST,3,T1,2,success,"{"total":2,"location_name":"T1 Shopping Mall","location_id":3}"
2026-08-24 10:03:00,EEST,9,Mustika,1,success,"{"total":1,"location_name":"Mustika","location_id":9}"
2026-08-24 10:03:00,EEST,10,Suur-Paala,1,success,"{"total":1,"location_name":"Suur-Paala","location_id":10}"
2026-08-24 10:05:01,EEST,1,Hipodroom,0,success,"{"total":0,"location_name":"Hipodroom","location_id":1}"
2026-08-24 10:05:01,EEST,3,T1,2,success,"{"total":2,"location_name":"T1 Shopping Mall","location_id":3}"
2026-08-24 10:05:01,EEST,9,Mustika,1,success,"{"total":1,"location_name":"Mustika","location_id":9}"
2026-08-24 10:05:01,EEST,10,Suur-Paala,1,success,"{"total":1,"location_name":"Suur-Paala","location_id":10}"
2026-08-24 10:07:01,EEST,1,Hipodroom,0,success,"{"total":0,"location_name":"Hipodroom","location_id":1}"
2026-08-24 10:07:01,EEST,3,T1,2,success,"{"total":2,"location_name":"T1 Shopping Mall","location_id":3}"
2026-08-24 10:07:01,EEST,9,Mustika,1,success,"{"total":1,"location_name":"Mustika","location_id":9}"
2026-08-24 10:07:01,EEST,10,Suur-Paala,1,success,"{"total":1,"location_name":"Suur-Paala","location_id":10}"
2026-08-24 10:09:02,EEST,1,Hipodroom,0,success,"{"total":0,"location_name":"Hipodroom","location_id":1}"
2026-08-24 10:09:02,EEST,3,T1,2,success,"{"total":2,"location_name":"T1 Shopping Mall","location_id":3}"
2026-08-24 10:09:02,EEST,9,Mustika,1,success,"{"total":1,"location_name":"Mustika","location_id":9}"
2026-08-24 10:09:02,EEST,10,Suur-Paala,1,success,"{"total":1,"location_name":"Suur-Paala","location_id":10}"
2026-08-24 10:11:02,EEST,1,Hipodroom,0,success,"{"total":0,"location_name":"Hipodroom","location_id":1}"
2026-08-24 10:11:02,EEST,3,T1,2,success,"{"total":2,"location_name":"T1 Shopping Mall","location_id":3}"
2026-08-24 10:11:02,EEST,9,Mustika,1,success,"{"total":1,"location_name":"Mustika","location_id":9}"
2026-08-24 10:11:02,EEST,10,Suur-Paala,1,success,"{"total":1,"location_name":"Suur-Paala","location_id":10}"
2026-08-24 10:13:03,EEST,1,Hipodroom,0,success,"{"total":0,"location_name":"Hipodroom","location_id":1}"
2026-08-24 10:13:03,EEST,3,T1,2,success,"{"total":2,"location_name":"T1 Shopping Mall","location_id":3}"
2026-08-24 10:13:03,EEST,9,Mustika,2,success,"{"total":2,"location_name":"Mustika","location_id":9}"
2026-08-24 10:13:03,EEST,10,Suur-Paala,1,success,"{"total":1,"location_name":"Suur-Paala","location_id":10}"
2026-08-24 10:15:03,EEST,1,Hipodroom,0,success,"{"total":0,"location_name":"Hipodroom","location_id":1}"
2026-08-24 10:15:03,EEST,3,T1,2,success,"{"total":2,"location_name":"T1 Shopping Mall","location_id":3}"
2026-08-24 10:15:03,EEST,9,Mustika,2,success,"{"total":2,"location_name":"Mustika","location_id":9}"
2026-08-24 10:15:03,EEST,10,Suur-Paala,1,success,"{"total":1,"location_name":"Suur-Paala","location_id":10}"
2026-08-24 10:17:04,EEST,1,Hipodroom,0,success,"{"total":0,"location_name":"Hipodroom","location_id":1}"
2026-08-24 10:17:04,EEST,3,T1,2,success,"{"total":2,"location_name":"T1 Shopping Mall","location_id":3}"
2026-08-24 10:17:04,EEST,9,Mustika,2,success,"{"total":2,"location_name":"Mustika","location_id":9}"
2026-08-24 10:17:04,EEST,10,Suur-Paala,1,success,"{"total":1,"location_name":"Suur-Paala","location_id":10}"
2026-08-24 10:19:04,EEST,1,Hipodroom,0,success,"{"total":0,"location_name":"Hipodroom","location_id":1}"
2026-08-24 10:19:04,EEST,3,T1,3,success,"{"total":3,"location_name":"T1 Shopping Mall","location_id":3}"
2026-08-24 10:19:04,EEST,9,Mustika,2,success,"{"total":2,"location_name":"Mustika","location_id":9}"
2026-08-24 10:19:04,EEST,10,Suur-Paala,1,success,"{"total":1,"location_name":"Suur-Paala","location_id":10}"
2026-08-24 10:21:05,EEST,1,Hipodroom,0,success,"{"total":0,"location_name":"Hipodroom","location_id":1}"
2026-08-24 10:21:05,EEST,3,T1,3,success,"{"total":3,"location_name":"T1 Shopping Mall","location_id":3}"
2026-08-24 10:21:05,EEST,9,Mustika,2,success,"{"total":2,"location_name":"Mustika","location_id":9}"
2026-08-24 10:21:05,EEST,10,Suur-Paala,2,success,"{"total":2,"location_name":"Suur-Paala","location_id":10}"
2026-08-24 10:23:05,EEST,1,Hipodroom,0,success,"{"total":0,"location_name":"Hipodroom","location_id":1}"
2026-08-24 10:23:05,EEST,3,T1,3,success,"{"total":3,"location_name":"T1 Shopping Mall","location_id":3}"
2026-08-24 10:23:05,EEST,9,Mustika,2,success,"{"total":2,"location_name":"Mustika","location_id":9}"
2026-08-24 10:23:05,EEST,10,Suur-Paala,2,success,"{"total":2,"location_name":"Suur-Paala","location_id":10}"
2026-08-24 10:25:06,EEST,1,Hipodroom,0,success,"{"total":0,"location_name":"Hipodroom","location_id":1}"
2026-08-24 10:25:06,EEST,3,T1,4,success,"{"total":4,"location_name":"T1 Shopping Mall","location_id":3}"
2026-08-24 10:25:06,EEST,9,Mustika,2,success,"{"total":2,"location_name":"Mustika","location_id":9}"
2026-08-24 10:25:06,EEST,10,Suur-Paala,2,success,"{"total":2,"location_name":"Suur-Paala","location_id":10}"
2026-08-24 10:27:06,EEST,1,Hipodroom,0,success,"{"total":0,"location_name":"Hipodroom","location_id":1}"
2026-08-24 10:27:06,EEST,3,T1,4,success,"{"total":4,"location_name":"T1 Shopping Mall","location_id":3}"
2026-08-24 10:27:06,EEST,9,Mustika,2,success,"{"total":2,"location_name":"Mustika","location_id":9}"
2026-08-24 10:27:06,EEST,10,Suur-Paala,2,success,"{"total":2,"location_name":"Suur-Paala","location_id":10}"
2026-08-24 10:29:07,EEST,1,Hipodroom,0,success,"{"total":0,"location_name":"Hipodroom","location_id":1}"
2026-08-24 10:29:07,EEST,3,T1,4,success,"{"total":4,"location_name":"T1 Shopping Mall","location_id":3}"
2026-08-24 10:29:07,EEST,9,Mustika,2,success,"{"total":2,"location_name":"Mustika","location_id":9}"
2026-08-24 10:29:07,EEST,10,Suur-Paala,2,success,"{"total":2,"location_name":"Suur-Paala","location_id":10}"
2026-08-24 10:31:08,EEST,1,Hipodroom,0,success,"{"total":0,"location_name":"Hipodroom","location_id":1}"
2026-08-24 10:31:08,EEST,3,T1,4,success,"{"total":4,"location_name":"T1 Shopping Mall","location_id":3}"
2026-08-24 10:31:08,EEST,9,Mustika,2,success,"{"total":2,"location_name":"Mustika","location_id":9}"
2026-08-24 10:31:08,EEST,10,Suur-Paala,2,success,"{"total":2,"location_name":"Suur-Paala","location_id":10}"
2026-08-24 10:33:08,EEST,1,Hipodroom,0,success,"{"total":0,"location_name":"Hipodroom","location_id":1}"
2026-08-24 10:33:08,EEST,3,T1,4,success,"{"total":4,"location_name":"T1 Shopping Mall","location_id":3}"
2026-08-24 10:33:08,EEST,9,Mustika,2,success,"{"total":2,"location_name":"Mustika","location_id":9}"
2026-08-24 10:33:08,EEST,10,Suur-Paala,2,success,"{"total":2,"location_name":"Suur-Paala","location_id":10}"
2026-08-24 10:35:09,EEST,1,Hipodroom,0,success,"{"total":0,"location_name":"Hipodroom","location_id":1}"
2026-08-24 10:35:09,EEST,3,T1,4,success,"{"total":4,"location_name":"T1 Shopping Mall","location_id":3}"
2026-08-24 10:35:09,EEST,9,Mustika,2,success,"{"total":2,"location_name":"Mustika","location_id":9}"
2026-08-24 10:35:09,EEST,10,Suur-Paala,2,success,"{"total":2,"location_name":"Suur-Paala","location_id":10}"
2026-08-24 10:37:09,EEST,1,Hipodroom,0,success,"{"total":0,"location_name":"Hipodroom","location_id":1}"
2026-08-24 10:37:09,EEST,3,T1,4,success,"{"total":4,"location_name":"T1 Shopping Mall","location_id":3}"
2026-08-24 10:37:09,EEST,9,Mustika,4,success,"{"total":4,"location_name":"Mustika","location_id":9}"
2026-08-24 10:37:09,EEST,10,Suur-Paala,2,success,"{"total":2,"location_name":"Suur-Paala","location_id":10}"
2026-08-24 10:39:10,EEST,1,Hipodroom,0,success,"{"total":0,"location_name":"Hipodroom","location_id":1}"
2026-08-24 10:39:10,EEST,3,T1,4,success,"{"total":4,"location_name":"T1 Shopping Mall","location_id":3}"
2026-08-24 10:39:10,EEST,9,Mustika,4,success,"{"total":4,"location_name":"Mustika","location_id":9}"
2026-08-24 10:39:10,EEST,10,Suur-Paala,2,success,"{"total":2,"location_name":"Suur-Paala","location_id":10}"
2026-08-24 10:41:10,EEST,1,Hipodroom,0,success,"{"total":0,"location_name":"Hipodroom","location_id":1}"
2026-08-24 10:41:10,EEST,3,T1,4,success,"{"total":4,"location_name":"T1 Shopping Mall","location_id":3}"
2026-08-24 10:41:10,EEST,9,Mustika,4,success,"{"total":4,"location_name":"Mustika","location_id":9}"
2026-08-24 10:41:10,EEST,10,Suur-Paala,2,success,"{"total":2,"location_name":"Suur-Paala","location_id":10}"
2026-08-24 10:43:11,EEST,1,Hipodroom,0,success,"{"total":0,"location_name":"Hipodroom","location_id":1}"
2026-08-24 10:43:11,EEST,3,T1,4,success,"{"total":4,"location_name":"T1 Shopping Mall","location_id":3}"
2026-08-24 10:43:11,EEST,9,Mustika,4,success,"{"total":4,"location_name":"Mustika","location_id":9}"
2026-08-24 10:43:11,EEST,10,Suur-Paala,2,success,"{"total":2,"location_name":"Suur-Paala","location_id":10}"
2026-08-24 10:45:11,EEST,1,Hipodroom,0,success,"{"total":0,"location_name":"Hipodroom","location_id":1}"
2026-08-24 10:45:11,EEST,3,T1,4,success,"{"total":4,"location_name":"T1 Shopping Mall","location_id":3}"
2026-08-24 10:45:11,EEST,9,Mustika,4,success,"{"total":4,"location_name":"Mustika","location_id":9}"
2026-08-24 10:45:11,EEST,10,Suur-Paala,2,success,"{"total":2,"location_name":"Suur-Paala","location_id":10}"
2026-08-24 10:47:12,EEST,1,Hipodroom,0,success,"{"total":0,"location_name":"Hipodroom","location_id":1}"
2026-08-24 10:47:12,EEST,3,T1,4,success,"{"total":4,"location_name":"T1 Shopping Mall","location_id":3}"
2026-08-24 10:47:12,EEST,9,Mustika,4,success,"{"total":4,"location_name":"Mustika","location_id":9}"
2026-08-24 10:47:12,EEST,10,Suur-Paala,2,success,"{"total":2,"location_name":"Suur-Paala","location_id":10}"
2026-08-24 10:49:12,EEST,1,Hipodroom,0,success,"{"total":0,"location_name":"Hipodroom","location_id":1}"
2026-08-24 10:49:12,EEST,3,T1,4,success,"{"total":4,"location_name":"T1 Shopping Mall","location_id":3}"
2026-08-24 10:49:12,EEST,9,Mustika,4,success,"{"total":4,"location_name":"Mustika","location_id":9}"
2026-08-24 10:49:12,EEST,10,Suur-Paala,2,success,"{"total":2,"location_name":"Suur-Paala","location_id":10}"
2026-08-24 10:51:13,EEST,1,Hipodroom,0,success,"{"total":0,"location_name":"Hipodroom","location_id":1}"
2026-08-24 10:51:13,EEST,3,T1,4,success,"{"total":4,"location_name":"T1 Shopping Mall","location_id":3}"
2026-08-24 10:51:13,EEST,9,Mustika,4,success,"{"total":4,"location_name":"Mustika","location_id":9}"
2026-08-24 10:51:13,EEST,10,Suur-Paala,2,success,"{"total":2,"location_name":"Suur-Paala","location_id":10}"
2026-08-24 10:53:13,EEST,1,Hipodroom,0,success,"{"total":0,"location_name":"Hipodroom","location_id":1}"
2026-08-24 10:53:13,EEST,3,T1,4,success,"{"total":4,"location_name":"T1 Shopping Mall","location_id":3}"
2026-08-24 10:53:13,EEST,9,Mustika,4,success,"{"total":4,"location_name":"Mustika","location_id":9}"
2026-08-24 10:53:13,EEST,10,Suur-Paala,2,success,"{"total":2,"location_name":"Suur-Paala","location_id":10}"
2026-08-24 10:55:14,EEST,1,Hipodroom,0,success,"{"total":0,"location_name":"Hipodroom","location_id":1}"
2026-08-24 10:55:14,EEST,3,T1,4,success,"{"total":4,"location_name":"T1 Shopping Mall","location_id":3}"
2026-08-24 10:55:14,EEST,9,Mustika,4,success,"{"total":4,"location_name":"Mustika","location_id":9}"
2026-08-24 10:55:14,EEST,10,Suur-Paala,2,success,"{"total":2,"location_name":"Suur-Paala","location_id":10}"
2026-08-24 10:57:15,EEST,1,Hipodroom,0,success,"{"total":0,"location_name":"Hipodroom","location_id":1}"
2026-08-24 10:57:15,EEST,3,T1,4,success,"{"total":4,"location_name":"T1 Shopping Mall","location_id":3}"
2026-08-24 10:57:15,EEST,9,Mustika,4,success,"{"total":4,"location_name":"Mustika","location_id":9}"
2026-08-24 10:57:15,EEST,10,Suur-Paala,3,success,"{"total":3,"location_name":"Suur-Paala","location_id":10}"
2026-08-24 10:59:15,EEST,1,Hipodroom,0,success,"{"total":0,"location_name":"Hipodroom","location_id":1}"
2026-08-24 10:59:15,EEST,3,T1,4,success,"{"total":4,"location_name":"T1 Shopping Mall","location_id":3}"
2026-08-24 10:59:15,EEST,9,Mustika,4,success,"{"total":4,"location_name":"Mustika","location_id":9}"
2026-08-24 10:59:15,EEST,10,Suur-Paala,3,success,"{"total":3,"location_name":"Suur-Paala","location_id":10}"
2026-08-24 11:01:16,EEST,1,Hipodroom,0,success,"{"total":0,"location_name":"Hipodroom","location_id":1}"
2026-08-24 11:01:16,EEST,3,T1,4,success,"{"total":4,"location_name":"T1 Shopping Mall","location_id":3}"
2026-08-24 11:01:16,EEST,9,Mustika,4,success,"{"total":4,"location_name":"Mustika","location_id":9}"
2026-08-24 11:01:16,EEST,10,Suur-Paala,3,success,"{"total":3,"location_name":"Suur-Paala","location_id":10}"
2026-08-24 11:03:16,EEST,1,Hipodroom,0,success,"{"total":0,"location_name":"Hipodroom","location_id":1}"
2026-08-24 11:03:16,EEST,3,T1,4,success,"{"total":4,"location_name":"T1 Shopping Mall","location_id":3}"
2026-08-24 11:03:16,EEST,9,Mustika,4,success,"{"total":4,"location_name":"Mustika","location_id":9}"
2026-08-24 11:03:16,EEST,10,Suur-Paala,3,success,"{"total":3,"location_name":"Suur-Paala","location_id":10}"
2026-08-24 11:05:17,EEST,1,Hipodroom,0,success,"{"total":0,"location_name":"Hipodroom","location_id":1}"
2026-08-24 11:05:17,EEST,3,T1,4,success,"{"total":4,"location_name":"T1 Shopping Mall","location_id":3}"
2026-08-24 11:05:17,EEST,9,Mustika,4,success,"{"total":4,"location_name":"Mustika","location_id":9}"
2026-08-24 11:05:17,EEST,10,Suur-Paala,3,success,"{"total":3,"location_name":"Suur-Paala","location_id":10}"
2026-08-24 11:07:17,EEST,1,Hipodroom,0,success,"{"total":0,"location_name":"Hipodroom","location_id":1}"
2026-08-24 11:07:17,EEST,3,T1,3,success,"{"total":3,"location_name":"T1 Shopping Mall","location_id":3}"
2026-08-24 11:07:17,EEST,9,Mustika,4,success,"{"total":4,"location_name":"Mustika","location_id":9}"
2026-08-24 11:07:17,EEST,10,Suur-Paala,3,success,"{"total":3,"location_name":"Suur-Paala","location_id":10}"
2026-08-24 11:09:18,EEST,1,Hipodroom,0,success,"{"total":0,"location_name":"Hipodroom","location_id":1}"
2026-08-24 11:09:18,EEST,3,T1,3,success,"{"total":3,"location_name":"T1 Shopping Mall","location_id":3}"
2026-08-24 11:09:18,EEST,9,Mustika,4,success,"{"total":4,"location_name":"Mustika","location_id":9}"
2026-08-24 11:09:18,EEST,10,Suur-Paala,3,success,"{"total":3,"location_name":"Suur-Paala","location_id":10}"
2026-08-24 11:11:18,EEST,1,Hipodroom,0,success,"{"total":0,"location_name":"Hipodroom","location_id":1}"
2026-08-24 11:11:18,EEST,3,T1,3,success,"{"total":3,"location_name":"T1 Shopping Mall","location_id":3}"
2026-08-24 11:11:18,EEST,9,Mustika,4,success,"{"total":4,"location_name":"Mustika","location_id":9}"
2026-08-24 11:11:18,EEST,10,Suur-Paala,3,success,"{"total":3,"location_name":"Suur-Paala","location_id":10}"
2026-08-24 11:13:19,EEST,1,Hipodroom,0,success,"{"total":0,"location_name":"Hipodroom","location_id":1}"
2026-08-24 11:13:19,EEST,3,T1,3,success,"{"total":3,"location_name":"T1 Shopping Mall","location_id":3}"
2026-08-24 11:13:19,EEST,9,Mustika,4,success,"{"total":4,"location_name":"Mustika","location_id":9}"
2026-08-24 11:13:19,EEST,10,Suur-Paala,3,success,"{"total":3,"location_name":"Suur-Paala","location_id":10}"
2026-08-24 11:15:20,EEST,1,Hipodroom,0,success,"{"total":0,"location_name":"Hipodroom","location_id":1}"
2026-08-24 11:15:20,EEST,3,T1,3,success,"{"total":3,"location_name":"T1 Shopping Mall","location_id":3}"
2026-08-24 11:15:20,EEST,9,Mustika,4,success,"{"total":4,"location_name":"Mustika","location_id":9}"
2026-08-24 11:15:20,EEST,10,Suur-Paala,4,success,"{"total":4,"location_name":"Suur-Paala","location_id":10}"
2026-08-24 11:17:20,EEST,1,Hipodroom,0,success,"{"total":0,"location_name":"Hipodroom","location_id":1}"
2026-08-24 11:17:20,EEST,3,T1,3,success,"{"total":3,"location_name":"T1 Shopping Mall","location_id":3}"
2026-08-24 11:17:20,EEST,9,Mustika,4,success,"{"total":4,"location_name":"Mustika","location_id":9}"
2026-08-24 11:17:20,EEST,10,Suur-Paala,4,success,"{"total":4,"location_name":"Suur-Paala","location_id":10}"
2026-08-24 11:19:21,EEST,1,Hipodroom,0,success,"{"total":0,"location_name":"Hipodroom","location_id":1}"
2026-08-24 11:19:21,EEST,3,T1,3,success,"{"total":3,"location_name":"T1 Shopping Mall","location_id":3}"
2026-08-24 11:19:21,EEST,9,Mustika,4,success,"{"total":4,"location_name":"Mustika","location_id":9}"
2026-08-24 11:19:21,EEST,10,Suur-Paala,4,success,"{"total":4,"location_name":"Suur-Paala","location_id":10}"
2026-08-24 11:21:21,EEST,1,Hipodroom,0,success,"{"total":0,"location_name":"Hipodroom","location_id":1}"
2026-08-24 11:21:21,EEST,3,T1,3,success,"{"total":3,"location_name":"T1 Shopping Mall","location_id":3}"
2026-08-24 11:21:21,EEST,9,Mustika,4,success,"{"total":4,"location_name":"Mustika","location_id":9}"
2026-08-24 11:21:21,EEST,10,Suur-Paala,4,success,"{"total":4,"location_name":"Suur-Paala","location_id":10}"
2026-08-24 11:23:22,EEST,1,Hipodroom,0,success,"{"total":0,"location_name":"Hipodroom","location_id":1}"
2026-08-24 11:23:22,EEST,3,T1,3,success,"{"total":3,"location_name":"T1 Shopping Mall","location_id":3}"
2026-08-24 11:23:22,EEST,9,Mustika,4,success,"{"total":4,"location_name":"Mustika","location_id":9}"
2026-08-24 11:23:22,EEST,10,Suur-Paala,4,success,"{"total":4,"location_name":"Suur-Paala","location_id":10}"
2026-08-24 11:25:22,EEST,1,Hipodroom,0,success,"{"total":0,"location_name":"Hipodroom","location_id":1}"
2026-08-24 11:25:22,EEST,3,T1,5,success,"{"total":5,"location_name":"T1 Shopping Mall","location_id":3}"
2026-08-24 11:25:22,EEST,9,Mustika,5,success,"{"total":5,"location_name":"Mustika","location_id":9}"
2026-08-24 11:25:22,EEST,10,Suur-Paala,4,success,"{"total":4,"location_name":"Suur-Paala","location_id":10}"
2026-08-24 11:27:23,EEST,1,Hipodroom,0,success,"{"total":0,"location_name":"Hipodroom","location_id":1}"
2026-08-24 11:27:23,EEST,3,T1,5,success,"{"total":5,"location_name":"T1 Shopping Mall","location_id":3}"
2026-08-24 11:27:23,EEST,9,Mustika,5,success,"{"total":5,"location_name":"Mustika","location_id":9}"
2026-08-24 11:27:23,EEST,10,Suur-Paala,5,success,"{"total":5,"location_name":"Suur-Paala","location_id":10}"
2026-08-24 11:29:23,EEST,1,Hipodroom,0,success,"{"total":0,"location_name":"Hipodroom","location_id":1}"
2026-08-24 11:29:23,EEST,3,T1,5,success,"{"total":5,"location_name":"T1 Shopping Mall","location_id":3}"
2026-08-24 11:29:23,EEST,9,Mustika,5,success,"{"total":5,"location_name":"Mustika","location_id":9}"
2026-08-24 11:29:23,EEST,10,Suur-Paala,5,success,"{"total":5,"location_name":"Suur-Paala","location_id":10}"
2026-08-24 11:31:24,EEST,1,Hipodroom,0,success,"{"total":0,"location_name":"Hipodroom","location_id":1}"
2026-08-24 11:31:24,EEST,3,T1,6,success,"{"total":6,"location_name":"T1 Shopping Mall","location_id":3}"
2026-08-24 11:31:24,EEST,9,Mustika,5,success,"{"total":5,"location_name":"Mustika","location_id":9}"
2026-08-24 11:31:24,EEST,10,Suur-Paala,5,success,"{"total":5,"location_name":"Suur-Paala","location_id":10}"
2026-08-24 11:33:24,EEST,1,Hipodroom,0,success,"{"total":0,"location_name":"Hipodroom","location_id":1}"
2026-08-24 11:33:24,EEST,3,T1,6,success,"{"total":6,"location_name":"T1 Shopping Mall","location_id":3}"
2026-08-24 11:33:24,EEST,9,Mustika,5,success,"{"total":5,"location_name":"Mustika","location_id":9}"
2026-08-24 11:33:24,EEST,10,Suur-Paala,5,success,"{"total":5,"location_name":"Suur-Paala","location_id":10}"
2026-08-24 11:35:25,EEST,1,Hipodroom,0,success,"{"total":0,"location_name":"Hipodroom","location_id":1}"
2026-08-24 11:35:25,EEST,3,T1,6,success,"{"total":6,"location_name":"T1 Shopping Mall","location_id":3}"
2026-08-24 11:35:25,EEST,9,Mustika,5,success,"{"total":5,"location_name":"Mustika","location_id":9}"
2026-08-24 11:35:25,EEST,10,Suur-Paala,5,success,"{"total":5,"location_name":"Suur-Paala","location_id":10}"
2026-08-24 11:37:25,EEST,1,Hipodroom,0,success,"{"total":0,"location_name":"Hipodroom","location_id":1}"
2026-08-24 11:37:25,EEST,3,T1,8,success,"{"total":8,"location_name":"T1 Shopping Mall","location_id":3}"
2026-08-24 11:37:25,EEST,9,Mustika,5,success,"{"total":5,"location_name":"Mustika","location_id":9}"
2026-08-24 11:37:25,EEST,10,Suur-Paala,5,success,"{"total":5,"location_name":"Suur-Paala","location_id":10}"
2026-08-24 11:39:26,EEST,1,Hipodroom,0,success,"{"total":0,"location_name":"Hipodroom","location_id":1}"
2026-08-24 11:39:26,EEST,3,T1,8,success,"{"total":8,"location_name":"T1 Shopping Mall","location_id":3}"
2026-08-24 11:39:26,EEST,9,Mustika,5,success,"{"total":5,"location_name":"Mustika","location_id":9}"
2026-08-24 11:39:26,EEST,10,Suur-Paala,5,success,"{"total":5,"location_name":"Suur-Paala","location_id":10}"
2026-08-24 11:41:26,EEST,1,Hipodroom,0,success,"{"total":0,"location_name":"Hipodroom","location_id":1}"
2026-08-24 11:41:26,EEST,3,T1,8,success,"{"total":8,"location_name":"T1 Shopping Mall","location_id":3}"
2026-08-24 11:41:26,EEST,9,Mustika,5,success,"{"total":5,"location_name":"Mustika","location_id":9}"
2026-08-24 11:41:26,EEST,10,Suur-Paala,5,success,"{"total":5,"location_name":"Suur-Paala","location_id":10}"
2026-08-24 11:43:27,EEST,1,Hipodroom,0,success,"{"total":0,"location_name":"Hipodroom","location_id":1}"
2026-08-24 11:43:27,EEST,3,T1,9,success,"{"total":9,"location_name":"T1 Shopping Mall","location_id":3}"
2026-08-24 11:43:27,EEST,9,Mustika,5,success,"{"total":5,"location_name":"Mustika","location_id":9}"
2026-08-24 11:43:27,EEST,10,Suur-Paala,5,success,"{"total":5,"location_name":"Suur-Paala","location_id":10}"
2026-08-24 11:45:27,EEST,1,Hipodroom,0,success,"{"total":0,"location_name":"Hipodroom","location_id":1}"
2026-08-24 11:45:27,EEST,3,T1,9,success,"{"total":9,"location_name":"T1 Shopping Mall","location_id":3}"
2026-08-24 11:45:27,EEST,9,Mustika,5,success,"{"total":5,"location_name":"Mustika","location_id":9}"
2026-08-24 11:45:27,EEST,10,Suur-Paala,5,success,"{"total":5,"location_name":"Suur-Paala","location_id":10}"
2026-08-24 11:47:28,EEST,1,Hipodroom,0,success,"{"total":0,"location_name":"Hipodroom","location_id":1}"
2026-08-24 11:47:28,EEST,3,T1,9,success,"{"total":9,"location_name":"T1 Shopping Mall","location_id":3}"
2026-08-24 11:47:28,EEST,9,Mustika,5,success,"{"total":5,"location_name":"Mustika","location_id":9}"
2026-08-24 11:47:28,EEST,10,Suur-Paala,5,success,"{"total":5,"location_name":"Suur-Paala","location_id":10}"
2026-08-24 11:49:28,EEST,1,Hipodroom,0,success,"{"total":0,"location_name":"Hipodroom","location_id":1}"
2026-08-24 11:49:28,EEST,3,T1,9,success,"{"total":9,"location_name":"T1 Shopping Mall","location_id":3}"
2026-08-24 11:49:28,EEST,9,Mustika,5,success,"{"total":5,"location_name":"Mustika","location_id":9}"
2026-08-24 11:49:28,EEST,10,Suur-Paala,5,success,"{"total":5,"location_name":"Suur-Paala","location_id":10}"
2026-08-24 11:51:29,EEST,1,Hipodroom,0,success,"{"total":0,"location_name":"Hipodroom","location_id":1}"
2026-08-24 11:51:29,EEST,3,T1,9,success,"{"total":9,"location_name":"T1 Shopping Mall","location_id":3}"
2026-08-24 11:51:29,EEST,9,Mustika,5,success,"{"total":5,"location_name":"Mustika","location_id":9}"
2026-08-24 11:51:29,EEST,10,Suur-Paala,5,success,"{"total":5,"location_name":"Suur-Paala","location_id":10}"
2026-08-24 11:53:29,EEST,1,Hipodroom,0,success,"{"total":0,"location_name":"Hipodroom","location_id":1}"
2026-08-24 11:53:29,EEST,3,T1,9,success,"{"total":9,"location_name":"T1 Shopping Mall","location_id":3}"
2026-08-24 11:53:29,EEST,9,Mustika,5,success,"{"total":5,"location_name":"Mustika","location_id":9}"
2026-08-24 11:53:29,EEST,10,Suur-Paala,5,success,"{"total":5,"location_name":"Suur-Paala","location_id":10}"
2026-08-24 11:55:30,EEST,1,Hipodroom,0,success,"{"total":0,"location_name":"Hipodroom","location_id":1}"
2026-08-24 11:55:30,EEST,3,T1,10,success,"{"total":10,"location_name":"T1 Shopping Mall","location_id":3}"
2026-08-24 11:55:30,EEST,9,Mustika,5,success,"{"total":5,"location_name":"Mustika","location_id":9}"
2026-08-24 11:55:30,EEST,10,Suur-Paala,5,success,"{"total":5,"location_name":"Suur-Paala","location_id":10}"
2026-08-24 11:57:31,EEST,1,Hipodroom,0,success,"{"total":0,"location_name":"Hipodroom","location_id":1}"
2026-08-24 11:57:31,EEST,3,T1,10,success,"{"total":10,"location_name":"T1 Shopping Mall","location_id":3}"
2026-08-24 11:57:31,EEST,9,Mustika,5,success,"{"total":5,"location_name":"Mustika","location_id":9}"
2026-08-24 11:57:31,EEST,10,Suur-Paala,5,success,"{"total":5,"location_name":"Suur-Paala","location_id":10}"
2026-08-24 11:59:31,EEST,1,Hipodroom,0,success,"{"total":0,"location_name":"Hipodroom","location_id":1}"
2026-08-24 11:59:31,EEST,3,T1,10,success,"{"total":10,"location_name":"T1 Shopping Mall","location_id":3}"
2026-08-24 11:59:31,EEST,9,Mustika,5,success,"{"total":5,"location_name":"Mustika","location_id":9}"
2026-08-24 11:59:31,EEST,10,Suur-Paala,5,success,"{"total":5,"location_name":"Suur-Paala","location_id":10}"
2026-08-24 12:01:32,EEST,1,Hipodroom,0,success,"{"total":0,"location_name":"Hipodroom","location_id":1}"
2026-08-24 12:01:32,EEST,3,T1,10,success,"{"total":10,"location_name":"T1 Shopping Mall","location_id":3}"
2026-08-24 12:01:32,EEST,9,Mustika,4,success,"{"total":4,"location_name":"Mustika","location_id":9}"
2026-08-24 12:01:32,EEST,10,Suur-Paala,5,success,"{"total":5,"location_name":"Suur-Paala","location_id":10}"
2026-08-24 12:03:32,EEST,1,Hipodroom,0,success,"{"total":0,"location_name":"Hipodroom","location_id":1}"
2026-08-24 12:03:32,EEST,3,T1,10,success,"{"total":10,"location_name":"T1 Shopping Mall","location_id":3}"
2026-08-24 12:03:32,EEST,9,Mustika,4,success,"{"total":4,"location_name":"Mustika","location_id":9}"
2026-08-24 12:03:32,EEST,10,Suur-Paala,5,success,"{"total":5,"location_name":"Suur-Paala","location_id":10}"
2026-08-24 12:05:33,EEST,1,Hipodroom,0,success,"{"total":0,"location_name":"Hipodroom","location_id":1}"
2026-08-24 12:05:33,EEST,3,T1,10,success,"{"total":10,"location_name":"T1 Shopping Mall","location_id":3}"
2026-08-24 12:05:33,EEST,9,Mustika,4,success,"{"total":4,"location_name":"Mustika","location_id":9}"
2026-08-24 12:05:33,EEST,10,Suur-Paala,5,success,"{"total":5,"location_name":"Suur-Paala","location_id":10}"
2026-08-24 12:07:33,EEST,1,Hipodroom,0,success,"{"total":0,"location_name":"Hipodroom","location_id":1}"
2026-08-24 12:07:33,EEST,3,T1,10,success,"{"total":10,"location_name":"T1 Shopping Mall","location_id":3}"
2026-08-24 12:07:33,EEST,9,Mustika,4,success,"{"total":4,"location_name":"Mustika","location_id":9}"
2026-08-24 12:07:33,EEST,10,Suur-Paala,5,success,"{"total":5,"location_name":"Suur-Paala","location_id":10}"
2026-08-24 12:09:34,EEST,1,Hipodroom,0,success,"{"total":0,"location_name":"Hipodroom","location_id":1}"
2026-08-24 12:09:34,EEST,3,T1,10,success,"{"total":10,"location_name":"T1 Shopping Mall","location_id":3}"
2026-08-24 12:09:34,EEST,9,Mustika,4,success,"{"total":4,"location_name":"Mustika","location_id":9}"
2026-08-24 12:09:34,EEST,10,Suur-Paala,5,success,"{"total":5,"location_name":"Suur-Paala","location_id":10}"
2026-08-24 12:11:34,EEST,1,Hipodroom,0,success,"{"total":0,"location_name":"Hipodroom","location_id":1}"
2026-08-24 12:11:34,EEST,3,T1,10,success,"{"total":10,"location_name":"T1 Shopping Mall","location_id":3}"
2026-08-24 12:11:34,EEST,9,Mustika,4,success,"{"total":4,"location_name":"Mustika","location_id":9}"
2026-08-24 12:11:34,EEST,10,Suur-Paala,5,success,"{"total":5,"location_name":"Suur-Paala","location_id":10}"
2026-08-24 12:13:35,EEST,1,Hipodroom,0,success,"{"total":0,"location_name":"Hipodroom","location_id":1}"
2026-08-24 12:13:35,EEST,3,T1,11,success,"{"total":11,"location_name":"T1 Shopping Mall","location_id":3}"
2026-08-24 12:13:35,EEST,9,Mustika,4,success,"{"total":4,"location_name":"Mustika","location_id":9}"
2026-08-24 12:13:35,EEST,10,Suur-Paala,5,success,"{"total":5,"location_name":"Suur-Paala","location_id":10}"
2026-08-24 12:15:36,EEST,1,Hipodroom,0,success,"{"total":0,"location_name":"Hipodroom","location_id":1}"
2026-08-24 12:15:36,EEST,3,T1,11,success,"{"total":11,"location_name":"T1 Shopping Mall","location_id":3}"
2026-08-24 12:15:36,EEST,9,Mustika,4,success,"{"total":4,"location_name":"Mustika","location_id":9}"
2026-08-24 12:15:36,EEST,10,Suur-Paala,5,success,"{"total":5,"location_name":"Suur-Paala","location_id":10}"
2026-08-24 12:17:36,EEST,1,Hipodroom,0,success,"{"total":0,"location_name":"Hipodroom","location_id":1}"
2026-08-24 12:17:36,EEST,3,T1,11,success,"{"total":11,"location_name":"T1 Shopping Mall","location_id":3}"
2026-08-24 12:17:36,EEST,9,Mustika,4,success,"{"total":4,"location_name":"Mustika","location_id":9}"
2026-08-24 12:17:36,EEST,10,Suur-Paala,5,success,"{"total":5,"location_name":"Suur-Paala","location_id":10}"
2026-08-24 12:19:37,EEST,1,Hipodroom,0,success,"{"total":0,"location_name":"Hipodroom","location_id":1}"
2026-08-24 12:19:37,EEST,3,T1,12,success,"{"total":12,"location_name":"T1 Shopping Mall","location_id":3}"
2026-08-24 12:19:37,EEST,9,Mustika,4,success,"{"total":4,"location_name":"Mustika","location_id":9}"
2026-08-24 12:19:37,EEST,10,Suur-Paala,5,success,"{"total":5,"location_name":"Suur-Paala","location_id":10}"
2026-08-24 12:21:37,EEST,1,Hipodroom,0,success,"{"total":0,"location_name":"Hipodroom","location_id":1}"
2026-08-24 12:21:37,EEST,3,T1,12,success,"{"total":12,"location_name":"T1 Shopping Mall","location_id":3}"
2026-08-24 12:21:37,EEST,9,Mustika,4,success,"{"total":4,"location_name":"Mustika","location_id":9}"
2026-08-24 12:21:37,EEST,10,Suur-Paala,5,success,"{"total":5,"location_name":"Suur-Paala","location_id":10}"
2026-08-24 12:23:38,EEST,1,Hipodroom,0,success,"{"total":0,"location_name":"Hipodroom","location_id":1}"
2026-08-24 12:23:38,EEST,3,T1,12,success,"{"total":12,"location_name":"T1 Shopping Mall","location_id":3}"
2026-08-24 12:23:38,EEST,9,Mustika,4,success,"{"total":4,"location_name":"Mustika","location_id":9}"
2026-08-24 12:23:38,EEST,10,Suur-Paala,5,success,"{"total":5,"location_name":"Suur-Paala","location_id":10}"
2026-08-24 12:25:39,EEST,1,Hipodroom,0,success,"{"total":0,"location_name":"Hipodroom","location_id":1}"
2026-08-24 12:25:39,EEST,3,T1,13,success,"{"total":13,"location_name":"T1 Shopping Mall","location_id":3}"
2026-08-24 12:25:39,EEST,9,Mustika,4,success,"{"total":4,"location_name":"Mustika","location_id":9}"
2026-08-24 12:25:39,EEST,10,Suur-Paala,5,success,"{"total":5,"location_name":"Suur-Paala","location_id":10}"
2026-08-24 12:27:39,EEST,1,Hipodroom,0,success,"{"total":0,"location_name":"Hipodroom","location_id":1}"
2026-08-24 12:27:39,EEST,3,T1,13,success,"{"total":13,"location_name":"T1 Shopping Mall","location_id":3}"
2026-08-24 12:27:39,EEST,9,Mustika,4,success,"{"total":4,"location_name":"Mustika","location_id":9}"
2026-08-24 12:27:39,EEST,10,Suur-Paala,6,success,"{"total":6,"location_name":"Suur-Paala","location_id":10}"
2026-08-24 12:29:40,EEST,1,Hipodroom,0,success,"{"total":0,"location_name":"Hipodroom","location_id":1}"
2026-08-24 12:29:40,EEST,3,T1,13,success,"{"total":13,"location_name":"T1 Shopping Mall","location_id":3}"
2026-08-24 12:29:40,EEST,9,Mustika,4,success,"{"total":4,"location_name":"Mustika","location_id":9}"
2026-08-24 12:29:40,EEST,10,Suur-Paala,6,success,"{"total":6,"location_name":"Suur-Paala","location_id":10}"
2026-08-24 12:31:40,EEST,1,Hipodroom,0,success,"{"total":0,"location_name":"Hipodroom","location_id":1}"
2026-08-24 12:31:40,EEST,3,T1,14,success,"{"total":14,"location_name":"T1 Shopping Mall","location_id":3}"
2026-08-24 12:31:40,EEST,9,Mustika,6,success,"{"total":6,"location_name":"Mustika","location_id":9}"
2026-08-24 12:31:40,EEST,10,Suur-Paala,6,success,"{"total":6,"location_name":"Suur-Paala","location_id":10}"
2026-08-24 12:33:41,EEST,1,Hipodroom,0,success,"{"total":0,"location_name":"Hipodroom","location_id":1}"
2026-08-24 12:33:41,EEST,3,T1,14,success,"{"total":14,"location_name":"T1 Shopping Mall","location_id":3}"
2026-08-24 12:33:41,EEST,9,Mustika,6,success,"{"total":6,"location_name":"Mustika","location_id":9}"
2026-08-24 12:33:41,EEST,10,Suur-Paala,6,success,"{"total":6,"location_name":"Suur-Paala","location_id":10}"
2026-08-24 12:35:41,EEST,1,Hipodroom,0,success,"{"total":0,"location_name":"Hipodroom","location_id":1}"
2026-08-24 12:35:41,EEST,3,T1,14,success,"{"total":14,"location_name":"T1 Shopping Mall","location_id":3}"
2026-08-24 12:35:41,EEST,9,Mustika,6,success,"{"total":6,"location_name":"Mustika","location_id":9}"
2026-08-24 12:35:41,EEST,10,Suur-Paala,6,success,"{"total":6,"location_name":"Suur-Paala","location_id":10}"
2026-08-24 12:37:42,EEST,1,Hipodroom,0,success,"{"total":0,"location_name":"Hipodroom","location_id":1}"
2026-08-24 12:37:42,EEST,3,T1,13,success,"{"total":13,"location_name":"T1 Shopping Mall","location_id":3}"
2026-08-24 12:37:42,EEST,9,Mustika,6,success,"{"total":6,"location_name":"Mustika","location_id":9}"
2026-08-24 12:37:42,EEST,10,Suur-Paala,6,success,"{"total":6,"location_name":"Suur-Paala","location_id":10}"
2026-08-24 12:39:42,EEST,1,Hipodroom,0,success,"{"total":0,"location_name":"Hipodroom","location_id":1}"
2026-08-24 12:39:42,EEST,3,T1,13,success,"{"total":13,"location_name":"T1 Shopping Mall","location_id":3}"
2026-08-24 12:39:42,EEST,9,Mustika,6,success,"{"total":6,"location_name":"Mustika","location_id":9}"
2026-08-24 12:39:42,EEST,10,Suur-Paala,6,success,"{"total":6,"location_name":"Suur-Paala","location_id":10}"
2026-08-24 12:41:43,EEST,1,Hipodroom,0,success,"{"total":0,"location_name":"Hipodroom","location_id":1}"
2026-08-24 12:41:43,EEST,3,T1,13,success,"{"total":13,"location_name":"T1 Shopping Mall","location_id":3}"
2026-08-24 12:41:43,EEST,9,Mustika,6,success,"{"total":6,"location_name":"Mustika","location_id":9}"
2026-08-24 12:41:43,EEST,10,Suur-Paala,6,success,"{"total":6,"location_name":"Suur-Paala","location_id":10}"
2026-08-24 12:43:43,EEST,1,Hipodroom,1,success,"{"total":1,"location_name":"Hipodroom","location_id":1}"
2026-08-24 12:43:43,EEST,3,T1,13,success,"{"total":13,"location_name":"T1 Shopping Mall","location_id":3}"
2026-08-24 12:43:43,EEST,9,Mustika,8,success,"{"total":8,"location_name":"Mustika","location_id":9}"
2026-08-24 12:43:43,EEST,10,Suur-Paala,6,success,"{"total":6,"location_name":"Suur-Paala","location_id":10}"
2026-08-24 12:45:44,EEST,1,Hipodroom,1,success,"{"total":1,"location_name":"Hipodroom","location_id":1}"
2026-08-24 12:45:44,EEST,3,T1,13,success,"{"total":13,"location_name":"T1 Shopping Mall","location_id":3}"
2026-08-24 12:45:44,EEST,9,Mustika,8,success,"{"total":8,"location_name":"Mustika","location_id":9}"
2026-08-24 12:45:44,EEST,10,Suur-Paala,5,success,"{"total":5,"location_name":"Suur-Paala","location_id":10}"
2026-08-24 12:47:44,EEST,1,Hipodroom,1,success,"{"total":1,"location_name":"Hipodroom","location_id":1}"
2026-08-24 12:47:44,EEST,3,T1,13,success,"{"total":13,"location_name":"T1 Shopping Mall","location_id":3}"
2026-08-24 12:47:44,EEST,9,Mustika,8,success,"{"total":8,"location_name":"Mustika","location_id":9}"
2026-08-24 12:47:44,EEST,10,Suur-Paala,5,success,"{"total":5,"location_name":"Suur-Paala","location_id":10}"
2026-08-24 12:49:45,EEST,1,Hipodroom,1,success,"{"total":1,"location_name":"Hipodroom","location_id":1}"
2026-08-24 12:49:45,EEST,3,T1,14,success,"{"total":14,"location_name":"T1 Shopping Mall","location_id":3}"
2026-08-24 12:49:45,EEST,9,Mustika,9,success,"{"total":9,"location_name":"Mustika","location_id":9}"
2026-08-24 12:49:45,EEST,10,Suur-Paala,5,success,"{"total":5,"location_name":"Suur-Paala","location_id":10}"
2026-08-24 12:51:45,EEST,1,Hipodroom,1,success,"{"total":1,"location_name":"Hipodroom","location_id":1}"
2026-08-24 12:51:45,EEST,3,T1,14,success,"{"total":14,"location_name":"T1 Shopping Mall","location_id":3}"
2026-08-24 12:51:45,EEST,9,Mustika,9,success,"{"total":9,"location_name":"Mustika","location_id":9}"
2026-08-24 12:51:45,EEST,10,Suur-Paala,5,success,"{"total":5,"location_name":"Suur-Paala","location_id":10}"
2026-08-24 12:53:46,EEST,1,Hipodroom,1,success,"{"total":1,"location_name":"Hipodroom","location_id":1}"
2026-08-24 12:53:46,EEST,3,T1,14,success,"{"total":14,"location_name":"T1 Shopping Mall","location_id":3}"
2026-08-24 12:53:46,EEST,9,Mustika,9,success,"{"total":9,"location_name":"Mustika","location_id":9}"
2026-08-24 12:53:46,EEST,10,Suur-Paala,5,success,"{"total":5,"location_name":"Suur-Paala","location_id":10}"
2026-08-24 12:55:47,EEST,1,Hipodroom,1,success,"{"total":1,"location_name":"Hipodroom","location_id":1}"
2026-08-24 12:55:47,EEST,3,T1,15,success,"{"total":15,"location_name":"T1 Shopping Mall","location_id":3}"
2026-08-24 12:55:47,EEST,9,Mustika,9,success,"{"total":9,"location_name":"Mustika","location_id":9}"
2026-08-24 12:55:47,EEST,10,Suur-Paala,5,success,"{"total":5,"location_name":"Suur-Paala","location_id":10}"
2026-08-24 12:57:47,EEST,1,Hipodroom,1,success,"{"total":1,"location_name":"Hipodroom","location_id":1}"
2026-08-24 12:57:47,EEST,3,T1,15,success,"{"total":15,"location_name":"T1 Shopping Mall","location_id":3}"
2026-08-24 12:57:47,EEST,9,Mustika,9,success,"{"total":9,"location_name":"Mustika","location_id":9}"
2026-08-24 12:57:47,EEST,10,Suur-Paala,5,success,"{"total":5,"location_name":"Suur-Paala","location_id":10}"
2026-08-24 12:59:48,EEST,1,Hipodroom,1,success,"{"total":1,"location_name":"Hipodroom","location_id":1}"
2026-08-24 12:59:48,EEST,3,T1,15,success,"{"total":15,"location_name":"T1 Shopping Mall","location_id":3}"
2026-08-24 12:59:48,EEST,9,Mustika,9,success,"{"total":9,"location_name":"Mustika","location_id":9}"
2026-08-24 12:59:48,EEST,10,Suur-Paala,5,success,"{"total":5,"location_name":"Suur-Paala","location_id":10}"
2026-08-24 13:01:48,EEST,1,Hipodroom,1,success,"{"total":1,"location_name":"Hipodroom","location_id":1}"
2026-08-24 13:01:48,EEST,3,T1,16,success,"{"total":16,"location_name":"T1 Shopping Mall","location_id":3}"
2026-08-24 13:01:48,EEST,9,Mustika,11,success,"{"total":11,"location_name":"Mustika","location_id":9}"
2026-08-24 13:01:48,EEST,10,Suur-Paala,5,success,"{"total":5,"location_name":"Suur-Paala","location_id":10}"
2026-08-24 13:03:49,EEST,1,Hipodroom,1,success,"{"total":1,"location_name":"Hipodroom","location_id":1}"
2026-08-24 13:03:49,EEST,3,T1,16,success,"{"total":16,"location_name":"T1 Shopping Mall","location_id":3}"
2026-08-24 13:03:49,EEST,9,Mustika,11,success,"{"total":11,"location_name":"Mustika","location_id":9}"
2026-08-24 13:03:49,EEST,10,Suur-Paala,5,success,"{"total":5,"location_name":"Suur-Paala","location_id":10}"
2026-08-24 13:05:49,EEST,1,Hipodroom,1,success,"{"total":1,"location_name":"Hipodroom","location_id":1}"
2026-08-24 13:05:49,EEST,3,T1,16,success,"{"total":16,"location_name":"T1 Shopping Mall","location_id":3}"
2026-08-24 13:05:49,EEST,9,Mustika,11,success,"{"total":11,"location_name":"Mustika","location_id":9}"
2026-08-24 13:05:49,EEST,10,Suur-Paala,5,success,"{"total":5,"location_name":"Suur-Paala","location_id":10}"
2026-08-24 13:07:50,EEST,1,Hipodroom,1,success,"{"total":1,"location_name":"Hipodroom","location_id":1}"
2026-08-24 13:07:50,EEST,3,T1,16,success,"{"total":16,"location_name":"T1 Shopping Mall","location_id":3}"
2026-08-24 13:07:50,EEST,9,Mustika,10,success,"{"total":10,"location_name":"Mustika","location_id":9}"
2026-08-24 13:07:50,EEST,10,Suur-Paala,5,success,"{"total":5,"location_name":"Suur-Paala","location_id":10}"
2026-08-24 13:09:51,EEST,1,Hipodroom,1,success,"{"total":1,"location_name":"Hipodroom","location_id":1}"
2026-08-24 13:09:51,EEST,3,T1,16,success,"{"total":16,"location_name":"T1 Shopping Mall","location_id":3}"
2026-08-24 13:09:51,EEST,9,Mustika,10,success,"{"total":10,"location_name":"Mustika","location_id":9}"
2026-08-24 13:09:51,EEST,10,Suur-Paala,5,success,"{"total":5,"location_name":"Suur-Paala","location_id":10}"
2026-08-24 13:11:51,EEST,1,Hipodroom,1,success,"{"total":1,"location_name":"Hipodroom","location_id":1}"
2026-08-24 13:11:51,EEST,3,T1,16,success,"{"total":16,"location_name":"T1 Shopping Mall","location_id":3}"
2026-08-24 13:11:51,EEST,9,Mustika,10,success,"{"total":10,"location_name":"Mustika","location_id":9}"
2026-08-24 13:11:51,EEST,10,Suur-Paala,5,success,"{"total":5,"location_name":"Suur-Paala","location_id":10}"
2026-08-24 13:13:52,EEST,1,Hipodroom,1,success,"{"total":1,"location_name":"Hipodroom","location_id":1}"
2026-08-24 13:13:52,EEST,3,T1,16,success,"{"total":16,"location_name":"T1 Shopping Mall","location_id":3}"
2026-08-24 13:13:52,EEST,9,Mustika,10,success,"{"total":10,"location_name":"Mustika","location_id":9}"
2026-08-24 13:13:52,EEST,10,Suur-Paala,5,success,"{"total":5,"location_name":"Suur-Paala","location_id":10}"
2026-08-24 13:15:52,EEST,1,Hipodroom,1,success,"{"total":1,"location_name":"Hipodroom","location_id":1}"
2026-08-24 13:15:52,EEST,3,T1,16,success,"{"total":16,"location_name":"T1 Shopping Mall","location_id":3}"
2026-08-24 13:15:52,EEST,9,Mustika,10,success,"{"total":10,"location_name":"Mustika","location_id":9}"
2026-08-24 13:15:52,EEST,10,Suur-Paala,5,success,"{"total":5,"location_name":"Suur-Paala","location_id":10}"
2026-08-24 13:17:53,EEST,1,Hipodroom,1,success,"{"total":1,"location_name":"Hipodroom","location_id":1}"
2026-08-24 13:17:53,EEST,3,T1,16,success,"{"total":16,"location_name":"T1 Shopping Mall","location_id":3}"
2026-08-24 13:17:53,EEST,9,Mustika,10,success,"{"total":10,"location_name":"Mustika","location_id":9}"
2026-08-24 13:17:53,EEST,10,Suur-Paala,5,success,"{"total":5,"location_name":"Suur-Paala","location_id":10}"
2026-08-24 13:19:54,EEST,1,Hipodroom,1,success,"{"total":1,"location_name":"Hipodroom","location_id":1}"
2026-08-24 13:19:54,EEST,3,T1,18,success,"{"total":18,"location_name":"T1 Shopping Mall","location_id":3}"
2026-08-24 13:19:54,EEST,9,Mustika,11,success,"{"total":11,"location_name":"Mustika","location_id":9}"
2026-08-24 13:19:54,EEST,10,Suur-Paala,5,success,"{"total":5,"location_name":"Suur-Paala","location_id":10}"
2026-08-24 13:21:54,EEST,1,Hipodroom,1,success,"{"total":1,"location_name":"Hipodroom","location_id":1}"
2026-08-24 13:21:54,EEST,3,T1,18,success,"{"total":18,"location_name":"T1 Shopping Mall","location_id":3}"
2026-08-24 13:21:54,EEST,9,Mustika,11,success,"{"total":11,"location_name":"Mustika","location_id":9}"
2026-08-24 13:21:54,EEST,10,Suur-Paala,4,success,"{"total":4,"location_name":"Suur-Paala","location_id":10}"
2026-08-24 13:23:55,EEST,1,Hipodroom,1,success,"{"total":1,"location_name":"Hipodroom","location_id":1}"
2026-08-24 13:23:55,EEST,3,T1,18,success,"{"total":18,"location_name":"T1 Shopping Mall","location_id":3}"
2026-08-24 13:23:55,EEST,9,Mustika,11,success,"{"total":11,"location_name":"Mustika","location_id":9}"
2026-08-24 13:23:55,EEST,10,Suur-Paala,4,success,"{"total":4,"location_name":"Suur-Paala","location_id":10}"
2026-08-24 13:25:55,EEST,1,Hipodroom,1,success,"{"total":1,"location_name":"Hipodroom","location_id":1}"
2026-08-24 13:25:55,EEST,3,T1,17,success,"{"total":17,"location_name":"T1 Shopping Mall","location_id":3}"
2026-08-24 13:25:55,EEST,9,Mustika,11,success,"{"total":11,"location_name":"Mustika","location_id":9}"
2026-08-24 13:25:55,EEST,10,Suur-Paala,4,success,"{"total":4,"location_name":"Suur-Paala","location_id":10}"
2026-08-24 13:27:56,EEST,1,Hipodroom,1,success,"{"total":1,"location_name":"Hipodroom","location_id":1}"
2026-08-24 13:27:56,EEST,3,T1,17,success,"{"total":17,"location_name":"T1 Shopping Mall","location_id":3}"
2026-08-24 13:27:56,EEST,9,Mustika,11,success,"{"total":11,"location_name":"Mustika","location_id":9}"
2026-08-24 13:27:56,EEST,10,Suur-Paala,4,success,"{"total":4,"location_name":"Suur-Paala","location_id":10}"
2026-08-24 13:29:57,EEST,1,Hipodroom,1,success,"{"total":1,"location_name":"Hipodroom","location_id":1}"
2026-08-24 13:29:57,EEST,3,T1,17,success,"{"total":17,"location_name":"T1 Shopping Mall","location_id":3}"
2026-08-24 13:29:57,EEST,9,Mustika,11,success,"{"total":11,"location_name":"Mustika","location_id":9}"
2026-08-24 13:29:57,EEST,10,Suur-Paala,4,success,"{"total":4,"location_name":"Suur-Paala","location_id":10}"
2026-08-24 13:31:57,EEST,1,Hipodroom,1,success,"{"total":1,"location_name":"Hipodroom","location_id":1}"
2026-08-24 13:31:57,EEST,3,T1,17,success,"{"total":17,"location_name":"T1 Shopping Mall","location_id":3}"
2026-08-24 13:31:57,EEST,9,Mustika,11,success,"{"total":11,"location_name":"Mustika","location_id":9}"
2026-08-24 13:31:57,EEST,10,Suur-Paala,4,success,"{"total":4,"location_name":"Suur-Paala","location_id":10}"
2026-08-24 13:33:58,EEST,1,Hipodroom,1,success,"{"total":1,"location_name":"Hipodroom","location_id":1}"
2026-08-24 13:33:58,EEST,3,T1,17,success,"{"total":17,"location_name":"T1 Shopping Mall","location_id":3}"
2026-08-24 13:33:58,EEST,9,Mustika,11,success,"{"total":11,"location_name":"Mustika","location_id":9}"
2026-08-24 13:33:58,EEST,10,Suur-Paala,4,success,"{"total":4,"location_name":"Suur-Paala","location_id":10}"
2026-08-24 13:35:58,EEST,1,Hipodroom,1,success,"{"total":1,"location_name":"Hipodroom","location_id":1}"
2026-08-24 13:35:58,EEST,3,T1,17,success,"{"total":17,"location_name":"T1 Shopping Mall","location_id":3}"
2026-08-24 13:35:58,EEST,9,Mustika,11,success,"{"total":11,"location_name":"Mustika","location_id":9}"
2026-08-24 13:35:58,EEST,10,Suur-Paala,4,success,"{"total":4,"location_name":"Suur-Paala","location_id":10}"
2026-08-24 13:37:59,EEST,1,Hipodroom,1,success,"{"total":1,"location_name":"Hipodroom","location_id":1}"
2026-08-24 13:37:59,EEST,3,T1,18,success,"{"total":18,"location_name":"T1 Shopping Mall","location_id":3}"
2026-08-24 13:37:59,EEST,9,Mustika,9,success,"{"total":9,"location_name":"Mustika","location_id":9}"
2026-08-24 13:37:59,EEST,10,Suur-Paala,4,success,"{"total":4,"location_name":"Suur-Paala","location_id":10}"
2026-08-24 13:39:59,EEST,1,Hipodroom,1,success,"{"total":1,"location_name":"Hipodroom","location_id":1}"
2026-08-24 13:39:59,EEST,3,T1,18,success,"{"total":18,"location_name":"T1 Shopping Mall","location_id":3}"
2026-08-24 13:39:59,EEST,9,Mustika,9,success,"{"total":9,"location_name":"Mustika","location_id":9}"
2026-08-24 13:39:59,EEST,10,Suur-Paala,4,success,"{"total":4,"location_name":"Suur-Paala","location_id":10}"
2026-08-24 13:42:00,EEST,1,Hipodroom,1,success,"{"total":1,"location_name":"Hipodroom","location_id":1}"
2026-08-24 13:42:00,EEST,3,T1,18,success,"{"total":18,"location_name":"T1 Shopping Mall","location_id":3}"
2026-08-24 13:42:00,EEST,9,Mustika,9,success,"{"total":9,"location_name":"Mustika","location_id":9}"
2026-08-24 13:42:00,EEST,10,Suur-Paala,4,success,"{"total":4,"location_name":"Suur-Paala","location_id":10}"
2026-08-24 13:44:00,EEST,1,Hipodroom,1,success,"{"total":1,"location_name":"Hipodroom","location_id":1}"
2026-08-24 13:44:00,EEST,3,T1,18,success,"{"total":18,"location_name":"T1 Shopping Mall","location_id":3}"
2026-08-24 13:44:00,EEST,9,Mustika,9,success,"{"total":9,"location_name":"Mustika","location_id":9}"
2026-08-24 13:44:00,EEST,10,Suur-Paala,4,success,"{"total":4,"location_name":"Suur-Paala","location_id":10}"
2026-08-24 13:46:01,EEST,1,Hipodroom,1,success,"{"total":1,"location_name":"Hipodroom","location_id":1}"
2026-08-24 13:46:01,EEST,3,T1,18,success,"{"total":18,"location_name":"T1 Shopping Mall","location_id":3}"
2026-08-24 13:46:01,EEST,9,Mustika,9,success,"{"total":9,"location_name":"Mustika","location_id":9}"
2026-08-24 13:46:01,EEST,10,Suur-Paala,4,success,"{"total":4,"location_name":"Suur-Paala","location_id":10}"
2026-08-24 13:48:01,EEST,1,Hipodroom,1,success,"{"total":1,"location_name":"Hipodroom","location_id":1}"
2026-08-24 13:48:01,EEST,3,T1,18,success,"{"total":18,"location_name":"T1 Shopping Mall","location_id":3}"
2026-08-24 13:48:01,EEST,9,Mustika,9,success,"{"total":9,"location_name":"Mustika","location_id":9}"
2026-08-24 13:48:01,EEST,10,Suur-Paala,4,success,"{"total":4,"location_name":"Suur-Paala","location_id":10}"
2026-08-24 13:50:02,EEST,1,Hipodroom,1,success,"{"total":1,"location_name":"Hipodroom","location_id":1}"
2026-08-24 13:50:02,EEST,3,T1,18,success,"{"total":18,"location_name":"T1 Shopping Mall","location_id":3}"
2026-08-24 13:50:02,EEST,9,Mustika,9,success,"{"total":9,"location_name":"Mustika","location_id":9}"
2026-08-24 13:50:02,EEST,10,Suur-Paala,4,success,"{"total":4,"location_name":"Suur-Paala","location_id":10}"
2026-08-24 13:52:02,EEST,1,Hipodroom,1,success,"{"total":1,"location_name":"Hipodroom","location_id":1}"
2026-08-24 13:52:02,EEST,3,T1,18,success,"{"total":18,"location_name":"T1 Shopping Mall","location_id":3}"
2026-08-24 13:52:02,EEST,9,Mustika,9,success,"{"total":9,"location_name":"Mustika","location_id":9}"
2026-08-24 13:52:02,EEST,10,Suur-Paala,4,success,"{"total":4,"location_name":"Suur-Paala","location_id":10}"
2026-08-24 13:54:03,EEST,1,Hipodroom,1,success,"{"total":1,"location_name":"Hipodroom","location_id":1}"
2026-08-24 13:54:03,EEST,3,T1,18,success,"{"total":18,"location_name":"T1 Shopping Mall","location_id":3}"
2026-08-24 13:54:03,EEST,9,Mustika,9,success,"{"total":9,"location_name":"Mustika","location_id":9}"
2026-08-24 13:54:03,EEST,10,Suur-Paala,4,success,"{"total":4,"location_name":"Suur-Paala","location_id":10}"
2026-08-24 13:56:04,EEST,1,Hipodroom,1,success,"{"total":1,"location_name":"Hipodroom","location_id":1}"
2026-08-24 13:56:04,EEST,3,T1,19,success,"{"total":19,"location_name":"T1 Shopping Mall","location_id":3}"
2026-08-24 13:56:04,EEST,9,Mustika,9,success,"{"total":9,"location_name":"Mustika","location_id":9}"
2026-08-24 13:56:04,EEST,10,Suur-Paala,4,success,"{"total":4,"location_name":"Suur-Paala","location_id":10}"
2026-08-24 13:58:04,EEST,1,Hipodroom,1,success,"{"total":1,"location_name":"Hipodroom","location_id":1}"
2026-08-24 13:58:04,EEST,3,T1,19,success,"{"total":19,"location_name":"T1 Shopping Mall","location_id":3}"
2026-08-24 13:58:04,EEST,9,Mustika,9,success,"{"total":9,"location_name":"Mustika","location_id":9}"
2026-08-24 13:58:04,EEST,10,Suur-Paala,3,success,"{"total":3,"location_name":"Suur-Paala","location_id":10}"
2026-08-24 14:00:05,EEST,1,Hipodroom,1,success,"{"total":1,"location_name":"Hipodroom","location_id":1}"
2026-08-24 14:00:05,EEST,3,T1,19,success,"{"total":19,"location_name":"T1 Shopping Mall","location_id":3}"
2026-08-24 14:00:05,EEST,9,Mustika,9,success,"{"total":9,"location_name":"Mustika","location_id":9}"
2026-08-24 14:00:05,EEST,10,Suur-Paala,3,success,"{"total":3,"location_name":"Suur-Paala","location_id":10}"
2026-08-24 14:02:05,EEST,1,Hipodroom,1,success,"{"total":1,"location_name":"Hipodroom","location_id":1}"
2026-08-24 14:02:05,EEST,3,T1,20,success,"{"total":20,"location_name":"T1 Shopping Mall","location_id":3}"
2026-08-24 14:02:05,EEST,9,Mustika,9,success,"{"total":9,"location_name":"Mustika","location_id":9}"
2026-08-24 14:02:05,EEST,10,Suur-Paala,3,success,"{"total":3,"location_name":"Suur-Paala","location_id":10}"
2026-08-24 14:04:06,EEST,1,Hipodroom,1,success,"{"total":1,"location_name":"Hipodroom","location_id":1}"
2026-08-24 14:04:06,EEST,3,T1,20,success,"{"total":20,"location_name":"T1 Shopping Mall","location_id":3}"
2026-08-24 14:04:06,EEST,9,Mustika,9,success,"{"total":9,"location_name":"Mustika","location_id":9}"
2026-08-24 14:04:06,EEST,10,Suur-Paala,3,success,"{"total":3,"location_name":"Suur-Paala","location_id":10}"
2026-08-24 14:06:06,EEST,1,Hipodroom,2,success,"{"total":2,"location_name":"Hipodroom","location_id":1}"
2026-08-24 14:06:06,EEST,3,T1,20,success,"{"total":20,"location_name":"T1 Shopping Mall","location_id":3}"
2026-08-24 14:06:06,EEST,9,Mustika,9,success,"{"total":9,"location_name":"Mustika","location_id":9}"
2026-08-24 14:06:06,EEST,10,Suur-Paala,3,success,"{"total":3,"location_name":"Suur-Paala","location_id":10}"
2026-08-24 14:08:07,EEST,1,Hipodroom,2,success,"{"total":2,"location_name":"Hipodroom","location_id":1}"
2026-08-24 14:08:07,EEST,3,T1,21,success,"{"total":21,"location_name":"T1 Shopping Mall","location_id":3}"
2026-08-24 14:08:07,EEST,9,Mustika,10,success,"{"total":10,"location_name":"Mustika","location_id":9}"
2026-08-24 14:08:07,EEST,10,Suur-Paala,3,success,"{"total":3,"location_name":"Suur-Paala","location_id":10}"
2026-08-24 14:10:07,EEST,1,Hipodroom,2,success,"{"total":2,"location_name":"Hipodroom","location_id":1}"
2026-08-24 14:10:07,EEST,3,T1,21,success,"{"total":21,"location_name":"T1 Shopping Mall","location_id":3}"
2026-08-24 14:10:07,EEST,9,Mustika,10,success,"{"total":10,"location_name":"Mustika","location_id":9}"
2026-08-24 14:10:07,EEST,10,Suur-Paala,3,success,"{"total":3,"location_name":"Suur-Paala","location_id":10}"
2026-08-24 14:12:08,EEST,1,Hipodroom,2,success,"{"total":2,"location_name":"Hipodroom","location_id":1}"
2026-08-24 14:12:08,EEST,3,T1,21,success,"{"total":21,"location_name":"T1 Shopping Mall","location_id":3}"
2026-08-24 14:12:08,EEST,9,Mustika,10,success,"{"total":10,"location_name":"Mustika","location_id":9}"
2026-08-24 14:12:08,EEST,10,Suur-Paala,3,success,"{"total":3,"location_name":"Suur-Paala","location_id":10}"
2026-08-24 14:14:09,EEST,1,Hipodroom,2,success,"{"total":2,"location_name":"Hipodroom","location_id":1}"
2026-08-24 14:14:09,EEST,3,T1,22,success,"{"total":22,"location_name":"T1 Shopping Mall","location_id":3}"
2026-08-24 14:14:09,EEST,9,Mustika,10,success,"{"total":10,"location_name":"Mustika","location_id":9}"
2026-08-24 14:14:09,EEST,10,Suur-Paala,3,success,"{"total":3,"location_name":"Suur-Paala","location_id":10}"
2026-08-24 14:16:09,EEST,1,Hipodroom,2,success,"{"total":2,"location_name":"Hipodroom","location_id":1}"
2026-08-24 14:16:09,EEST,3,T1,22,success,"{"total":22,"location_name":"T1 Shopping Mall","location_id":3}"
2026-08-24 14:16:09,EEST,9,Mustika,10,success,"{"total":10,"location_name":"Mustika","location_id":9}"
2026-08-24 14:16:09,EEST,10,Suur-Paala,2,success,"{"total":2,"location_name":"Suur-Paala","location_id":10}"
2026-08-24 14:18:10,EEST,1,Hipodroom,2,success,"{"total":2,"location_name":"Hipodroom","location_id":1}"
2026-08-24 14:18:10,EEST,3,T1,22,success,"{"total":22,"location_name":"T1 Shopping Mall","location_id":3}"
2026-08-24 14:18:10,EEST,9,Mustika,10,success,"{"total":10,"location_name":"Mustika","location_id":9}"
2026-08-24 14:18:10,EEST,10,Suur-Paala,2,success,"{"total":2,"location_name":"Suur-Paala","location_id":10}"
2026-08-24 14:20:10,EEST,1,Hipodroom,2,success,"{"total":2,"location_name":"Hipodroom","location_id":1}"
2026-08-24 14:20:10,EEST,3,T1,22,success,"{"total":22,"location_name":"T1 Shopping Mall","location_id":3}"
2026-08-24 14:20:10,EEST,9,Mustika,10,success,"{"total":10,"location_name":"Mustika","location_id":9}"
2026-08-24 14:20:10,EEST,10,Suur-Paala,2,success,"{"total":2,"location_name":"Suur-Paala","location_id":10}"
2026-08-24 14:22:11,EEST,1,Hipodroom,2,success,"{"total":2,"location_name":"Hipodroom","location_id":1}"
2026-08-24 14:22:11,EEST,3,T1,22,success,"{"total":22,"location_name":"T1 Shopping Mall","location_id":3}"
2026-08-24 14:22:11,EEST,9,Mustika,10,success,"{"total":10,"location_name":"Mustika","location_id":9}"
2026-08-24 14:22:11,EEST,10,Suur-Paala,3,success,"{"total":3,"location_name":"Suur-Paala","location_id":10}"
2026-08-24 14:24:11,EEST,1,Hipodroom,2,success,"{"total":2,"location_name":"Hipodroom","location_id":1}"
2026-08-24 14:24:11,EEST,3,T1,22,success,"{"total":22,"location_name":"T1 Shopping Mall","location_id":3}"
2026-08-24 14:24:11,EEST,9,Mustika,10,success,"{"total":10,"location_name":"Mustika","location_id":9}"
2026-08-24 14:24:11,EEST,10,Suur-Paala,3,success,"{"total":3,"location_name":"Suur-Paala","location_id":10}"
2026-08-24 14:26:12,EEST,1,Hipodroom,2,success,"{"total":2,"location_name":"Hipodroom","location_id":1}"
2026-08-24 14:26:12,EEST,3,T1,23,success,"{"total":23,"location_name":"T1 Shopping Mall","location_id":3}"
2026-08-24 14:26:12,EEST,9,Mustika,9,success,"{"total":9,"location_name":"Mustika","location_id":9}"
2026-08-24 14:26:12,EEST,10,Suur-Paala,3,success,"{"total":3,"location_name":"Suur-Paala","location_id":10}"
2026-08-24 14:28:13,EEST,1,Hipodroom,2,success,"{"total":2,"location_name":"Hipodroom","location_id":1}"
2026-08-24 14:28:13,EEST,3,T1,23,success,"{"total":23,"location_name":"T1 Shopping Mall","location_id":3}"
2026-08-24 14:28:13,EEST,9,Mustika,9,success,"{"total":9,"location_name":"Mustika","location_id":9}"
2026-08-24 14:28:13,EEST,10,Suur-Paala,2,success,"{"total":2,"location_name":"Suur-Paala","location_id":10}"
2026-08-24 14:30:13,EEST,1,Hipodroom,2,success,"{"total":2,"location_name":"Hipodroom","location_id":1}"
2026-08-24 14:30:13,EEST,3,T1,23,success,"{"total":23,"location_name":"T1 Shopping Mall","location_id":3}"
2026-08-24 14:30:13,EEST,9,Mustika,9,success,"{"total":9,"location_name":"Mustika","location_id":9}"
2026-08-24 14:30:13,EEST,10,Suur-Paala,2,success,"{"total":2,"location_name":"Suur-Paala","location_id":10}"
2026-08-24 14:32:14,EEST,1,Hipodroom,2,success,"{"total":2,"location_name":"Hipodroom","location_id":1}"
2026-08-24 14:32:14,EEST,3,T1,22,success,"{"total":22,"location_name":"T1 Shopping Mall","location_id":3}"
2026-08-24 14:32:14,EEST,9,Mustika,10,success,"{"total":10,"location_name":"Mustika","location_id":9}"
2026-08-24 14:32:14,EEST,10,Suur-Paala,2,success,"{"total":2,"location_name":"Suur-Paala","location_id":10}"
2026-08-24 14:34:14,EEST,1,Hipodroom,2,success,"{"total":2,"location_name":"Hipodroom","location_id":1}"
2026-08-24 14:34:14,EEST,3,T1,22,success,"{"total":22,"location_name":"T1 Shopping Mall","location_id":3}"
2026-08-24 14:34:14,EEST,9,Mustika,10,success,"{"total":10,"location_name":"Mustika","location_id":9}"
2026-08-24 14:34:14,EEST,10,Suur-Paala,2,success,"{"total":2,"location_name":"Suur-Paala","location_id":10}"
2026-08-24 14:36:15,EEST,1,Hipodroom,2,success,"{"total":2,"location_name":"Hipodroom","location_id":1}"
2026-08-24 14:36:15,EEST,3,T1,22,success,"{"total":22,"location_name":"T1 Shopping Mall","location_id":3}"
2026-08-24 14:36:15,EEST,9,Mustika,10,success,"{"total":10,"location_name":"Mustika","location_id":9}"
2026-08-24 14:36:15,EEST,10,Suur-Paala,2,success,"{"total":2,"location_name":"Suur-Paala","location_id":10}"
2026-08-24 14:38:15,EEST,1,Hipodroom,2,success,"{"total":2,"location_name":"Hipodroom","location_id":1}"
2026-08-24 14:38:15,EEST,3,T1,21,success,"{"total":21,"location_name":"T1 Shopping Mall","location_id":3}"
2026-08-24 14:38:15,EEST,9,Mustika,10,success,"{"total":10,"location_name":"Mustika","location_id":9}"
2026-08-24 14:38:15,EEST,10,Suur-Paala,2,success,"{"total":2,"location_name":"Suur-Paala","location_id":10}"
2026-08-24 14:40:16,EEST,1,Hipodroom,2,success,"{"total":2,"location_name":"Hipodroom","location_id":1}"
2026-08-24 14:40:16,EEST,3,T1,21,success,"{"total":21,"location_name":"T1 Shopping Mall","location_id":3}"
2026-08-24 14:40:16,EEST,9,Mustika,10,success,"{"total":10,"location_name":"Mustika","location_id":9}"
2026-08-24 14:40:16,EEST,10,Suur-Paala,2,success,"{"total":2,"location_name":"Suur-Paala","location_id":10}"
2026-08-24 14:42:16,EEST,1,Hipodroom,2,success,"{"total":2,"location_name":"Hipodroom","location_id":1}"
2026-08-24 14:42:16,EEST,3,T1,21,success,"{"total":21,"location_name":"T1 Shopping Mall","location_id":3}"
2026-08-24 14:42:16,EEST,9,Mustika,10,success,"{"total":10,"location_name":"Mustika","location_id":9}"
2026-08-24 14:42:16,EEST,10,Suur-Paala,2,success,"{"total":2,"location_name":"Suur-Paala","location_id":10}"
2026-08-24 14:44:17,EEST,1,Hipodroom,2,success,"{"total":2,"location_name":"Hipodroom","location_id":1}"
2026-08-24 14:44:17,EEST,3,T1,20,success,"{"total":20,"location_name":"T1 Shopping Mall","location_id":3}"
2026-08-24 14:44:17,EEST,9,Mustika,10,success,"{"total":10,"location_name":"Mustika","location_id":9}"
2026-08-24 14:44:17,EEST,10,Suur-Paala,2,success,"{"total":2,"location_name":"Suur-Paala","location_id":10}"
2026-08-24 14:46:17,EEST,1,Hipodroom,2,success,"{"total":2,"location_name":"Hipodroom","location_id":1}"
2026-08-24 14:46:17,EEST,3,T1,20,success,"{"total":20,"location_name":"T1 Shopping Mall","location_id":3}"
2026-08-24 14:46:17,EEST,9,Mustika,10,success,"{"total":10,"location_name":"Mustika","location_id":9}"
2026-08-24 14:46:17,EEST,10,Suur-Paala,2,success,"{"total":2,"location_name":"Suur-Paala","location_id":10}"
2026-08-24 14:48:18,EEST,1,Hipodroom,2,success,"{"total":2,"location_name":"Hipodroom","location_id":1}"
2026-08-24 14:48:18,EEST,3,T1,20,success,"{"total":20,"location_name":"T1 Shopping Mall","location_id":3}"
2026-08-24 14:48:18,EEST,9,Mustika,10,success,"{"total":10,"location_name":"Mustika","location_id":9}"
2026-08-24 14:48:18,EEST,10,Suur-Paala,2,success,"{"total":2,"location_name":"Suur-Paala","location_id":10}"
2026-08-24 14:50:18,EEST,1,Hipodroom,2,success,"{"total":2,"location_name":"Hipodroom","location_id":1}"
2026-08-24 14:50:18,EEST,3,T1,20,success,"{"total":20,"location_name":"T1 Shopping Mall","location_id":3}"
2026-08-24 14:50:18,EEST,9,Mustika,16,success,"{"total":16,"location_name":"Mustika","location_id":9}"
2026-08-24 14:50:18,EEST,10,Suur-Paala,2,success,"{"total":2,"location_name":"Suur-Paala","location_id":10}"
2026-08-24 14:52:19,EEST,1,Hipodroom,2,success,"{"total":2,"location_name":"Hipodroom","location_id":1}"
2026-08-24 14:52:19,EEST,3,T1,20,success,"{"total":20,"location_name":"T1 Shopping Mall","location_id":3}"
2026-08-24 14:52:19,EEST,9,Mustika,16,success,"{"total":16,"location_name":"Mustika","location_id":9}"
2026-08-24 14:52:19,EEST,10,Suur-Paala,2,success,"{"total":2,"location_name":"Suur-Paala","location_id":10}"
2026-08-24 14:54:20,EEST,1,Hipodroom,2,success,"{"total":2,"location_name":"Hipodroom","location_id":1}"
2026-08-24 14:54:20,EEST,3,T1,19,success,"{"total":19,"location_name":"T1 Shopping Mall","location_id":3}"
2026-08-24 14:54:20,EEST,9,Mustika,16,success,"{"total":16,"location_name":"Mustika","location_id":9}"
2026-08-24 14:54:20,EEST,10,Suur-Paala,2,success,"{"total":2,"location_name":"Suur-Paala","location_id":10}"
2026-08-24 14:56:20,EEST,1,Hipodroom,2,success,"{"total":2,"location_name":"Hipodroom","location_id":1}"
2026-08-24 14:56:20,EEST,3,T1,19,success,"{"total":19,"location_name":"T1 Shopping Mall","location_id":3}"
2026-08-24 14:56:20,EEST,9,Mustika,16,success,"{"total":16,"location_name":"Mustika","location_id":9}"
2026-08-24 14:56:20,EEST,10,Suur-Paala,2,success,"{"total":2,"location_name":"Suur-Paala","location_id":10}"
2026-08-24 14:58:21,EEST,1,Hipodroom,2,success,"{"total":2,"location_name":"Hipodroom","location_id":1}"
2026-08-24 14:58:21,EEST,3,T1,19,success,"{"total":19,"location_name":"T1 Shopping Mall","location_id":3}"
2026-08-24 14:58:21,EEST,9,Mustika,16,success,"{"total":16,"location_name":"Mustika","location_id":9}"
2026-08-24 14:58:21,EEST,10,Suur-Paala,2,success,"{"total":2,"location_name":"Suur-Paala","location_id":10}"
2026-08-24 15:00:21,EEST,1,Hipodroom,2,success,"{"total":2,"location_name":"Hipodroom","location_id":1}"
2026-08-24 15:00:21,EEST,3,T1,19,success,"{"total":19,"location_name":"T1 Shopping Mall","location_id":3}"
2026-08-24 15:00:21,EEST,9,Mustika,18,success,"{"total":18,"location_name":"Mustika","location_id":9}"
2026-08-24 15:00:21,EEST,10,Suur-Paala,2,success,"{"total":2,"location_name":"Suur-Paala","location_id":10}"
2026-08-24 15:02:22,EEST,1,Hipodroom,2,success,"{"total":2,"location_name":"Hipodroom","location_id":1}"
2026-08-24 15:02:22,EEST,3,T1,19,success,"{"total":19,"location_name":"T1 Shopping Mall","location_id":3}"
2026-08-24 15:02:22,EEST,9,Mustika,18,success,"{"total":18,"location_name":"Mustika","location_id":9}"
2026-08-24 15:02:22,EEST,10,Suur-Paala,2,success,"{"total":2,"location_name":"Suur-Paala","location_id":10}"
2026-08-24 15:04:23,EEST,1,Hipodroom,2,success,"{"total":2,"location_name":"Hipodroom","location_id":1}"
2026-08-24 15:04:23,EEST,3,T1,19,success,"{"total":19,"location_name":"T1 Shopping Mall","location_id":3}"
2026-08-24 15:04:23,EEST,9,Mustika,18,success,"{"total":18,"location_name":"Mustika","location_id":9}"
2026-08-24 15:04:23,EEST,10,Suur-Paala,2,success,"{"total":2,"location_name":"Suur-Paala","location_id":10}"
2026-08-24 15:06:23,EEST,1,Hipodroom,2,success,"{"total":2,"location_name":"Hipodroom","location_id":1}"
2026-08-24 15:06:23,EEST,3,T1,19,success,"{"total":19,"location_name":"T1 Shopping Mall","location_id":3}"
2026-08-24 15:06:23,EEST,9,Mustika,18,success,"{"total":18,"location_name":"Mustika","location_id":9}"
2026-08-24 15:06:23,EEST,10,Suur-Paala,2,success,"{"total":2,"location_name":"Suur-Paala","location_id":10}"
2026-08-24 15:08:24,EEST,1,Hipodroom,2,success,"{"total":2,"location_name":"Hipodroom","location_id":1}"
2026-08-24 15:08:24,EEST,3,T1,19,success,"{"total":19,"location_name":"T1 Shopping Mall","location_id":3}"
2026-08-24 15:08:24,EEST,9,Mustika,18,success,"{"total":18,"location_name":"Mustika","location_id":9}"
2026-08-24 15:08:24,EEST,10,Suur-Paala,2,success,"{"total":2,"location_name":"Suur-Paala","location_id":10}"
2026-08-24 15:10:25,EEST,1,Hipodroom,2,success,"{"total":2,"location_name":"Hipodroom","location_id":1}"
2026-08-24 15:10:25,EEST,3,T1,19,success,"{"total":19,"location_name":"T1 Shopping Mall","location_id":3}"
2026-08-24 15:10:25,EEST,9,Mustika,18,success,"{"total":18,"location_name":"Mustika","location_id":9}"
2026-08-24 15:10:25,EEST,10,Suur-Paala,2,success,"{"total":2,"location_name":"Suur-Paala","location_id":10}"
2026-08-24 15:12:25,EEST,1,Hipodroom,2,success,"{"total":2,"location_name":"Hipodroom","location_id":1}"
2026-08-24 15:12:25,EEST,3,T1,18,success,"{"total":18,"location_name":"T1 Shopping Mall","location_id":3}"
2026-08-24 15:12:25,EEST,9,Mustika,20,success,"{"total":20,"location_name":"Mustika","location_id":9}"
2026-08-24 15:12:25,EEST,10,Suur-Paala,2,success,"{"total":2,"location_name":"Suur-Paala","location_id":10}"
2026-08-24 15:14:26,EEST,1,Hipodroom,2,success,"{"total":2,"location_name":"Hipodroom","location_id":1}"
2026-08-24 15:14:26,EEST,3,T1,18,success,"{"total":18,"location_name":"T1 Shopping Mall","location_id":3}"
2026-08-24 15:14:26,EEST,9,Mustika,20,success,"{"total":20,"location_name":"Mustika","location_id":9}"
2026-08-24 15:14:26,EEST,10,Suur-Paala,2,success,"{"total":2,"location_name":"Suur-Paala","location_id":10}"
2026-08-24 15:16:27,EEST,1,Hipodroom,2,success,"{"total":2,"location_name":"Hipodroom","location_id":1}"
2026-08-24 15:16:27,EEST,3,T1,18,success,"{"total":18,"location_name":"T1 Shopping Mall","location_id":3}"
2026-08-24 15:16:27,EEST,9,Mustika,20,success,"{"total":20,"location_name":"Mustika","location_id":9}"
2026-08-24 15:16:27,EEST,10,Suur-Paala,2,success,"{"total":2,"location_name":"Suur-Paala","location_id":10}"
2026-08-24 15:18:27,EEST,1,Hipodroom,2,success,"{"total":2,"location_name":"Hipodroom","location_id":1}"
2026-08-24 15:18:27,EEST,3,T1,17,success,"{"total":17,"location_name":"T1 Shopping Mall","location_id":3}"
2026-08-24 15:18:27,EEST,9,Mustika,20,success,"{"total":20,"location_name":"Mustika","location_id":9}"
2026-08-24 15:18:27,EEST,10,Suur-Paala,2,success,"{"total":2,"location_name":"Suur-Paala","location_id":10}"
2026-08-24 15:20:28,EEST,1,Hipodroom,2,success,"{"total":2,"location_name":"Hipodroom","location_id":1}"
2026-08-24 15:20:28,EEST,3,T1,17,success,"{"total":17,"location_name":"T1 Shopping Mall","location_id":3}"
2026-08-24 15:20:28,EEST,9,Mustika,20,success,"{"total":20,"location_name":"Mustika","location_id":9}"
2026-08-24 15:20:28,EEST,10,Suur-Paala,2,success,"{"total":2,"location_name":"Suur-Paala","location_id":10}"
2026-08-24 15:22:28,EEST,1,Hipodroom,2,success,"{"total":2,"location_name":"Hipodroom","location_id":1}"
2026-08-24 15:22:28,EEST,3,T1,17,success,"{"total":17,"location_name":"T1 Shopping Mall","location_id":3}"
2026-08-24 15:22:28,EEST,9,Mustika,20,success,"{"total":20,"location_name":"Mustika","location_id":9}"
2026-08-24 15:22:28,EEST,10,Suur-Paala,3,success,"{"total":3,"location_name":"Suur-Paala","location_id":10}"
2026-08-24 15:24:29,EEST,1,Hipodroom,2,success,"{"total":2,"location_name":"Hipodroom","location_id":1}"
2026-08-24 15:24:29,EEST,3,T1,18,success,"{"total":18,"location_name":"T1 Shopping Mall","location_id":3}"
2026-08-24 15:24:29,EEST,9,Mustika,19,success,"{"total":19,"location_name":"Mustika","location_id":9}"
2026-08-24 15:24:29,EEST,10,Suur-Paala,3,success,"{"total":3,"location_name":"Suur-Paala","location_id":10}"
2026-08-24 15:26:30,EEST,1,Hipodroom,2,success,"{"total":2,"location_name":"Hipodroom","location_id":1}"
2026-08-24 15:26:30,EEST,3,T1,18,success,"{"total":18,"location_name":"T1 Shopping Mall","location_id":3}"
2026-08-24 15:26:30,EEST,9,Mustika,19,success,"{"total":19,"location_name":"Mustika","location_id":9}"
2026-08-24 15:26:30,EEST,10,Suur-Paala,3,success,"{"total":3,"location_name":"Suur-Paala","location_id":10}"
2026-08-24 15:28:30,EEST,1,Hipodroom,2,success,"{"total":2,"location_name":"Hipodroom","location_id":1}"
2026-08-24 15:28:30,EEST,3,T1,18,success,"{"total":18,"location_name":"T1 Shopping Mall","location_id":3}"
2026-08-24 15:28:30,EEST,9,Mustika,19,success,"{"total":19,"location_name":"Mustika","location_id":9}"
2026-08-24 15:28:30,EEST,10,Suur-Paala,2,success,"{"total":2,"location_name":"Suur-Paala","location_id":10}"
2026-08-24 15:30:31,EEST,1,Hipodroom,2,success,"{"total":2,"location_name":"Hipodroom","location_id":1}"
2026-08-24 15:30:31,EEST,3,T1,17,success,"{"total":17,"location_name":"T1 Shopping Mall","location_id":3}"
2026-08-24 15:30:31,EEST,9,Mustika,18,success,"{"total":18,"location_name":"Mustika","location_id":9}"
2026-08-24 15:30:31,EEST,10,Suur-Paala,2,success,"{"total":2,"location_name":"Suur-Paala","location_id":10}"
2026-08-24 15:32:31,EEST,1,Hipodroom,2,success,"{"total":2,"location_name":"Hipodroom","location_id":1}"
2026-08-24 15:32:31,EEST,3,T1,17,success,"{"total":17,"location_name":"T1 Shopping Mall","location_id":3}"
2026-08-24 15:32:31,EEST,9,Mustika,18,success,"{"total":18,"location_name":"Mustika","location_id":9}"
2026-08-24 15:32:31,EEST,10,Suur-Paala,2,success,"{"total":2,"location_name":"Suur-Paala","location_id":10}"
2026-08-24 15:34:32,EEST,1,Hipodroom,2,success,"{"total":2,"location_name":"Hipodroom","location_id":1}"
2026-08-24 15:34:32,EEST,3,T1,17,success,"{"total":17,"location_name":"T1 Shopping Mall","location_id":3}"
2026-08-24 15:34:32,EEST,9,Mustika,18,success,"{"total":18,"location_name":"Mustika","location_id":9}"
2026-08-24 15:34:32,EEST,10,Suur-Paala,2,success,"{"total":2,"location_name":"Suur-Paala","location_id":10}"
2026-08-24 15:36:33,EEST,1,Hipodroom,2,success,"{"total":2,"location_name":"Hipodroom","location_id":1}"
2026-08-24 15:36:33,EEST,3,T1,17,success,"{"total":17,"location_name":"T1 Shopping Mall","location_id":3}"
2026-08-24 15:36:33,EEST,9,Mustika,18,success,"{"total":18,"location_name":"Mustika","location_id":9}"
2026-08-24 15:36:33,EEST,10,Suur-Paala,2,success,"{"total":2,"location_name":"Suur-Paala","location_id":10}"
2026-08-24 15:38:33,EEST,1,Hipodroom,2,success,"{"total":2,"location_name":"Hipodroom","location_id":1}"
2026-08-24 15:38:33,EEST,3,T1,17,success,"{"total":17,"location_name":"T1 Shopping Mall","location_id":3}"
2026-08-24 15:38:33,EEST,9,Mustika,18,success,"{"total":18,"location_name":"Mustika","location_id":9}"
2026-08-24 15:38:33,EEST,10,Suur-Paala,2,success,"{"total":2,"location_name":"Suur-Paala","location_id":10}"
2026-08-24 15:40:34,EEST,1,Hipodroom,2,success,"{"total":2,"location_name":"Hipodroom","location_id":1}"
2026-08-24 15:40:34,EEST,3,T1,17,success,"{"total":17,"location_name":"T1 Shopping Mall","location_id":3}"
2026-08-24 15:40:34,EEST,9,Mustika,18,success,"{"total":18,"location_name":"Mustika","location_id":9}"
2026-08-24 15:40:34,EEST,10,Suur-Paala,2,success,"{"total":2,"location_name":"Suur-Paala","location_id":10}"
2026-08-24 15:42:34,EEST,1,Hipodroom,1,success,"{"total":1,"location_name":"Hipodroom","location_id":1}"
2026-08-24 15:42:34,EEST,3,T1,17,success,"{"total":17,"location_name":"T1 Shopping Mall","location_id":3}"
2026-08-24 15:42:34,EEST,9,Mustika,16,success,"{"total":16,"location_name":"Mustika","location_id":9}"
2026-08-24 15:42:34,EEST,10,Suur-Paala,2,success,"{"total":2,"location_name":"Suur-Paala","location_id":10}"
2026-08-24 15:44:35,EEST,1,Hipodroom,1,success,"{"total":1,"location_name":"Hipodroom","location_id":1}"
2026-08-24 15:44:35,EEST,3,T1,17,success,"{"total":17,"location_name":"T1 Shopping Mall","location_id":3}"
2026-08-24 15:44:35,EEST,9,Mustika,16,success,"{"total":16,"location_name":"Mustika","location_id":9}"
2026-08-24 15:44:35,EEST,10,Suur-Paala,2,success,"{"total":2,"location_name":"Suur-Paala","location_id":10}"
2026-08-24 15:46:35,EEST,1,Hipodroom,1,success,"{"total":1,"location_name":"Hipodroom","location_id":1}"
2026-08-24 15:46:35,EEST,3,T1,17,success,"{"total":17,"location_name":"T1 Shopping Mall","location_id":3}"
2026-08-24 15:46:35,EEST,9,Mustika,16,success,"{"total":16,"location_name":"Mustika","location_id":9}"
2026-08-24 15:46:35,EEST,10,Suur-Paala,2,success,"{"total":2,"location_name":"Suur-Paala","location_id":10}"
2026-08-24 15:48:36,EEST,1,Hipodroom,1,success,"{"total":1,"location_name":"Hipodroom","location_id":1}"
2026-08-24 15:48:36,EEST,3,T1,17,success,"{"total":17,"location_name":"T1 Shopping Mall","location_id":3}"
2026-08-24 15:48:36,EEST,9,Mustika,15,success,"{"total":15,"location_name":"Mustika","location_id":9}"
2026-08-24 15:48:36,EEST,10,Suur-Paala,2,success,"{"total":2,"location_name":"Suur-Paala","location_id":10}"
2026-08-24 15:50:36,EEST,1,Hipodroom,1,success,"{"total":1,"location_name":"Hipodroom","location_id":1}"
2026-08-24 15:50:36,EEST,3,T1,17,success,"{"total":17,"location_name":"T1 Shopping Mall","location_id":3}"
2026-08-24 15:50:36,EEST,9,Mustika,15,success,"{"total":15,"location_name":"Mustika","location_id":9}"
2026-08-24 15:50:36,EEST,10,Suur-Paala,2,success,"{"total":2,"location_name":"Suur-Paala","location_id":10}"
2026-08-24 15:52:37,EEST,1,Hipodroom,1,success,"{"total":1,"location_name":"Hipodroom","location_id":1}"
2026-08-24 15:52:37,EEST,3,T1,17,success,"{"total":17,"location_name":"T1 Shopping Mall","location_id":3}"
2026-08-24 15:52:37,EEST,9,Mustika,15,success,"{"total":15,"location_name":"Mustika","location_id":9}"
2026-08-24 15:52:37,EEST,10,Suur-Paala,2,success,"{"total":2,"location_name":"Suur-Paala","location_id":10}"
2026-08-24 15:54:38,EEST,1,Hipodroom,1,success,"{"total":1,"location_name":"Hipodroom","location_id":1}"
2026-08-24 15:54:38,EEST,3,T1,17,success,"{"total":17,"location_name":"T1 Shopping Mall","location_id":3}"
2026-08-24 15:54:38,EEST,9,Mustika,13,success,"{"total":13,"location_name":"Mustika","location_id":9}"
2026-08-24 15:54:38,EEST,10,Suur-Paala,2,success,"{"total":2,"location_name":"Suur-Paala","location_id":10}"
2026-08-24 15:56:38,EEST,1,Hipodroom,1,success,"{"total":1,"location_name":"Hipodroom","location_id":1}"
2026-08-24 15:56:38,EEST,3,T1,17,success,"{"total":17,"location_name":"T1 Shopping Mall","location_id":3}"
2026-08-24 15:56:38,EEST,9,Mustika,13,success,"{"total":13,"location_name":"Mustika","location_id":9}"
2026-08-24 15:56:38,EEST,10,Suur-Paala,2,success,"{"total":2,"location_name":"Suur-Paala","location_id":10}"
2026-08-24 15:58:39,EEST,1,Hipodroom,1,success,"{"total":1,"location_name":"Hipodroom","location_id":1}"
2026-08-24 15:58:39,EEST,3,T1,17,success,"{"total":17,"location_name":"T1 Shopping Mall","location_id":3}"
2026-08-24 15:58:39,EEST,9,Mustika,13,success,"{"total":13,"location_name":"Mustika","location_id":9}"
2026-08-24 15:58:39,EEST,10,Suur-Paala,2,success,"{"total":2,"location_name":"Suur-Paala","location_id":10}"
2026-08-24 16:00:39,EEST,1,Hipodroom,2,success,"{"total":2,"location_name":"Hipodroom","location_id":1}"
2026-08-24 16:00:39,EEST,3,T1,16,success,"{"total":16,"location_name":"T1 Shopping Mall","location_id":3}"
2026-08-24 16:00:39,EEST,9,Mustika,13,success,"{"total":13,"location_name":"Mustika","location_id":9}"
2026-08-24 16:00:39,EEST,10,Suur-Paala,2,success,"{"total":2,"location_name":"Suur-Paala","location_id":10}"
2026-08-24 16:02:40,EEST,1,Hipodroom,2,success,"{"total":2,"location_name":"Hipodroom","location_id":1}"
2026-08-24 16:02:40,EEST,3,T1,16,success,"{"total":16,"location_name":"T1 Shopping Mall","location_id":3}"
2026-08-24 16:02:40,EEST,9,Mustika,13,success,"{"total":13,"location_name":"Mustika","location_id":9}"
2026-08-24 16:02:40,EEST,10,Suur-Paala,2,success,"{"total":2,"location_name":"Suur-Paala","location_id":10}"
2026-08-24 16:04:40,EEST,1,Hipodroom,2,success,"{"total":2,"location_name":"Hipodroom","location_id":1}"
2026-08-24 16:04:40,EEST,3,T1,16,success,"{"total":16,"location_name":"T1 Shopping Mall","location_id":3}"
2026-08-24 16:04:40,EEST,9,Mustika,13,success,"{"total":13,"location_name":"Mustika","location_id":9}"
2026-08-24 16:04:40,EEST,10,Suur-Paala,2,success,"{"total":2,"location_name":"Suur-Paala","location_id":10}"
2026-08-24 16:06:41,EEST,1,Hipodroom,2,success,"{"total":2,"location_name":"Hipodroom","location_id":1}"
2026-08-24 16:06:41,EEST,3,T1,17,success,"{"total":17,"location_name":"T1 Shopping Mall","location_id":3}"
2026-08-24 16:06:41,EEST,9,Mustika,13,success,"{"total":13,"location_name":"Mustika","location_id":9}"
2026-08-24 16:06:41,EEST,10,Suur-Paala,2,success,"{"total":2,"location_name":"Suur-Paala","location_id":10}"
2026-08-24 16:08:41,EEST,1,Hipodroom,2,success,"{"total":2,"location_name":"Hipodroom","location_id":1}"
2026-08-24 16:08:41,EEST,3,T1,17,success,"{"total":17,"location_name":"T1 Shopping Mall","location_id":3}"
2026-08-24 16:08:41,EEST,9,Mustika,13,success,"{"total":13,"location_name":"Mustika","location_id":9}"
2026-08-24 16:08:41,EEST,10,Suur-Paala,2,success,"{"total":2,"location_name":"Suur-Paala","location_id":10}"
2026-08-24 16:10:42,EEST,1,Hipodroom,2,success,"{"total":2,"location_name":"Hipodroom","location_id":1}"
2026-08-24 16:10:42,EEST,3,T1,17,success,"{"total":17,"location_name":"T1 Shopping Mall","location_id":3}"
2026-08-24 16:10:42,EEST,9,Mustika,13,success,"{"total":13,"location_name":"Mustika","location_id":9}"
2026-08-24 16:10:42,EEST,10,Suur-Paala,2,success,"{"total":2,"location_name":"Suur-Paala","location_id":10}"
2026-08-24 16:12:42,EEST,1,Hipodroom,2,success,"{"total":2,"location_name":"Hipodroom","location_id":1}"
2026-08-24 16:12:42,EEST,3,T1,17,success,"{"total":17,"location_name":"T1 Shopping Mall","location_id":3}"
2026-08-24 16:12:42,EEST,9,Mustika,13,success,"{"total":13,"location_name":"Mustika","location_id":9}"
2026-08-24 16:12:42,EEST,10,Suur-Paala,2,success,"{"total":2,"location_name":"Suur-Paala","location_id":10}"
2026-08-24 16:14:43,EEST,1,Hipodroom,2,success,"{"total":2,"location_name":"Hipodroom","location_id":1}"
2026-08-24 16:14:43,EEST,3,T1,17,success,"{"total":17,"location_name":"T1 Shopping Mall","location_id":3}"
2026-08-24 16:14:43,EEST,9,Mustika,13,success,"{"total":13,"location_name":"Mustika","location_id":9}"
2026-08-24 16:14:43,EEST,10,Suur-Paala,2,success,"{"total":2,"location_name":"Suur-Paala","location_id":10}"
2026-08-24 16:16:43,EEST,1,Hipodroom,2,success,"{"total":2,"location_name":"Hipodroom","location_id":1}"
2026-08-24 16:16:43,EEST,3,T1,17,success,"{"total":17,"location_name":"T1 Shopping Mall","location_id":3}"
2026-08-24 16:16:43,EEST,9,Mustika,13,success,"{"total":13,"location_name":"Mustika","location_id":9}"
2026-08-24 16:16:43,EEST,10,Suur-Paala,2,success,"{"total":2,"location_name":"Suur-Paala","location_id":10}"
2026-08-24 16:18:44,EEST,1,Hipodroom,3,success,"{"total":3,"location_name":"Hipodroom","location_id":1}"
2026-08-24 16:18:44,EEST,3,T1,15,success,"{"total":15,"location_name":"T1 Shopping Mall","location_id":3}"
2026-08-24 16:18:44,EEST,9,Mustika,12,success,"{"total":12,"location_name":"Mustika","location_id":9}"
2026-08-24 16:18:44,EEST,10,Suur-Paala,2,success,"{"total":2,"location_name":"Suur-Paala","location_id":10}"
2026-08-24 16:20:44,EEST,1,Hipodroom,3,success,"{"total":3,"location_name":"Hipodroom","location_id":1}"
2026-08-24 16:20:44,EEST,3,T1,15,success,"{"total":15,"location_name":"T1 Shopping Mall","location_id":3}"
2026-08-24 16:20:44,EEST,9,Mustika,12,success,"{"total":12,"location_name":"Mustika","location_id":9}"
2026-08-24 16:20:44,EEST,10,Suur-Paala,2,success,"{"total":2,"location_name":"Suur-Paala","location_id":10}"
2026-08-24 16:22:45,EEST,1,Hipodroom,3,success,"{"total":3,"location_name":"Hipodroom","location_id":1}"
2026-08-24 16:22:45,EEST,3,T1,15,success,"{"total":15,"location_name":"T1 Shopping Mall","location_id":3}"
2026-08-24 16:22:45,EEST,9,Mustika,12,success,"{"total":12,"location_name":"Mustika","location_id":9}"
2026-08-24 16:22:45,EEST,10,Suur-Paala,2,success,"{"total":2,"location_name":"Suur-Paala","location_id":10}"
2026-08-24 16:24:46,EEST,1,Hipodroom,3,success,"{"total":3,"location_name":"Hipodroom","location_id":1}"
2026-08-24 16:24:46,EEST,3,T1,16,success,"{"total":16,"location_name":"T1 Shopping Mall","location_id":3}"
2026-08-24 16:24:46,EEST,9,Mustika,12,success,"{"total":12,"location_name":"Mustika","location_id":9}"
2026-08-24 16:24:46,EEST,10,Suur-Paala,2,success,"{"total":2,"location_name":"Suur-Paala","location_id":10}"
2026-08-24 16:26:46,EEST,1,Hipodroom,3,success,"{"total":3,"location_name":"Hipodroom","location_id":1}"
2026-08-24 16:26:46,EEST,3,T1,16,success,"{"total":16,"location_name":"T1 Shopping Mall","location_id":3}"
2026-08-24 16:26:46,EEST,9,Mustika,12,success,"{"total":12,"location_name":"Mustika","location_id":9}"
2026-08-24 16:26:46,EEST,10,Suur-Paala,2,success,"{"total":2,"location_name":"Suur-Paala","location_id":10}"
2026-08-24 16:28:47,EEST,1,Hipodroom,3,success,"{"total":3,"location_name":"Hipodroom","location_id":1}"
2026-08-24 16:28:47,EEST,3,T1,16,success,"{"total":16,"location_name":"T1 Shopping Mall","location_id":3}"
2026-08-24 16:28:47,EEST,9,Mustika,12,success,"{"total":12,"location_name":"Mustika","location_id":9}"
2026-08-24 16:28:47,EEST,10,Suur-Paala,2,success,"{"total":2,"location_name":"Suur-Paala","location_id":10}"
2026-08-24 16:30:48,EEST,1,Hipodroom,3,success,"{"total":3,"location_name":"Hipodroom","location_id":1}"
2026-08-24 16:30:48,EEST,3,T1,15,success,"{"total":15,"location_name":"T1 Shopping Mall","location_id":3}"
2026-08-24 16:30:48,EEST,9,Mustika,12,success,"{"total":12,"location_name":"Mustika","location_id":9}"
2026-08-24 16:30:48,EEST,10,Suur-Paala,2,success,"{"total":2,"location_name":"Suur-Paala","location_id":10}"
2026-08-24 16:32:48,EEST,1,Hipodroom,3,success,"{"total":3,"location_name":"Hipodroom","location_id":1}"
2026-08-24 16:32:48,EEST,3,T1,15,success,"{"total":15,"location_name":"T1 Shopping Mall","location_id":3}"
2026-08-24 16:32:48,EEST,9,Mustika,12,success,"{"total":12,"location_name":"Mustika","location_id":9}"
2026-08-24 16:32:48,EEST,10,Suur-Paala,2,success,"{"total":2,"location_name":"Suur-Paala","location_id":10}"
2026-08-24 16:34:49,EEST,1,Hipodroom,3,success,"{"total":3,"location_name":"Hipodroom","location_id":1}"
2026-08-24 16:34:49,EEST,3,T1,15,success,"{"total":15,"location_name":"T1 Shopping Mall","location_id":3}"
2026-08-24 16:34:49,EEST,9,Mustika,12,success,"{"total":12,"location_name":"Mustika","location_id":9}"
2026-08-24 16:34:49,EEST,10,Suur-Paala,2,success,"{"total":2,"location_name":"Suur-Paala","location_id":10}"
2026-08-24 16:36:49,EEST,1,Hipodroom,3,success,"{"total":3,"location_name":"Hipodroom","location_id":1}"
2026-08-24 16:36:49,EEST,3,T1,16,success,"{"total":16,"location_name":"T1 Shopping Mall","location_id":3}"
2026-08-24 16:36:49,EEST,9,Mustika,13,success,"{"total":13,"location_name":"Mustika","location_id":9}"
2026-08-24 16:36:49,EEST,10,Suur-Paala,2,success,"{"total":2,"location_name":"Suur-Paala","location_id":10}"
2026-08-24 16:38:50,EEST,1,Hipodroom,3,success,"{"total":3,"location_name":"Hipodroom","location_id":1}"
2026-08-24 16:38:50,EEST,3,T1,16,success,"{"total":16,"location_name":"T1 Shopping Mall","location_id":3}"
2026-08-24 16:38:50,EEST,9,Mustika,13,success,"{"total":13,"location_name":"Mustika","location_id":9}"
2026-08-24 16:38:50,EEST,10,Suur-Paala,2,success,"{"total":2,"location_name":"Suur-Paala","location_id":10}"
2026-08-24 16:40:51,EEST,1,Hipodroom,3,success,"{"total":3,"location_name":"Hipodroom","location_id":1}"
2026-08-24 16:40:51,EEST,3,T1,16,success,"{"total":16,"location_name":"T1 Shopping Mall","location_id":3}"
2026-08-24 16:40:51,EEST,9,Mustika,13,success,"{"total":13,"location_name":"Mustika","location_id":9}"
2026-08-24 16:40:51,EEST,10,Suur-Paala,2,success,"{"total":2,"location_name":"Suur-Paala","location_id":10}"
2026-08-24 16:42:51,EEST,1,Hipodroom,4,success,"{"total":4,"location_name":"Hipodroom","location_id":1}"
2026-08-24 16:42:51,EEST,3,T1,16,success,"{"total":16,"location_name":"T1 Shopping Mall","location_id":3}"
2026-08-24 16:42:51,EEST,9,Mustika,15,success,"{"total":15,"location_name":"Mustika","location_id":9}"
2026-08-24 16:42:51,EEST,10,Suur-Paala,2,success,"{"total":2,"location_name":"Suur-Paala","location_id":10}"
2026-08-24 16:44:52,EEST,1,Hipodroom,4,success,"{"total":4,"location_name":"Hipodroom","location_id":1}"
2026-08-24 16:44:52,EEST,3,T1,16,success,"{"total":16,"location_name":"T1 Shopping Mall","location_id":3}"
2026-08-24 16:44:52,EEST,9,Mustika,15,success,"{"total":15,"location_name":"Mustika","location_id":9}"
2026-08-24 16:44:52,EEST,10,Suur-Paala,2,success,"{"total":2,"location_name":"Suur-Paala","location_id":10}"
2026-08-24 16:46:52,EEST,1,Hipodroom,4,success,"{"total":4,"location_name":"Hipodroom","location_id":1}"
2026-08-24 16:46:52,EEST,3,T1,16,success,"{"total":16,"location_name":"T1 Shopping Mall","location_id":3}"
2026-08-24 16:46:52,EEST,9,Mustika,15,success,"{"total":15,"location_name":"Mustika","location_id":9}"
2026-08-24 16:46:52,EEST,10,Suur-Paala,2,success,"{"total":2,"location_name":"Suur-Paala","location_id":10}"
2026-08-24 16:48:53,EEST,1,Hipodroom,4,success,"{"total":4,"location_name":"Hipodroom","location_id":1}"
2026-08-24 16:48:53,EEST,3,T1,16,success,"{"total":16,"location_name":"T1 Shopping Mall","location_id":3}"
2026-08-24 16:48:53,EEST,9,Mustika,15,success,"{"total":15,"location_name":"Mustika","location_id":9}"
2026-08-24 16:48:53,EEST,10,Suur-Paala,2,success,"{"total":2,"location_name":"Suur-Paala","location_id":10}"
2026-08-24 16:50:53,EEST,1,Hipodroom,4,success,"{"total":4,"location_name":"Hipodroom","location_id":1}"
2026-08-24 16:50:53,EEST,3,T1,16,success,"{"total":16,"location_name":"T1 Shopping Mall","location_id":3}"
2026-08-24 16:50:53,EEST,9,Mustika,15,success,"{"total":15,"location_name":"Mustika","location_id":9}"
2026-08-24 16:50:53,EEST,10,Suur-Paala,2,success,"{"total":2,"location_name":"Suur-Paala","location_id":10}"
2026-08-24 16:52:54,EEST,1,Hipodroom,4,success,"{"total":4,"location_name":"Hipodroom","location_id":1}"
2026-08-24 16:52:54,EEST,3,T1,16,success,"{"total":16,"location_name":"T1 Shopping Mall","location_id":3}"
2026-08-24 16:52:54,EEST,9,Mustika,15,success,"{"total":15,"location_name":"Mustika","location_id":9}"
2026-08-24 16:52:54,EEST,10,Suur-Paala,3,success,"{"total":3,"location_name":"Suur-Paala","location_id":10}"
2026-08-24 16:54:54,EEST,1,Hipodroom,4,success,"{"total":4,"location_name":"Hipodroom","location_id":1}"
2026-08-24 16:54:54,EEST,3,T1,16,success,"{"total":16,"location_name":"T1 Shopping Mall","location_id":3}"
2026-08-24 16:54:54,EEST,9,Mustika,15,success,"{"total":15,"location_name":"Mustika","location_id":9}"
2026-08-24 16:54:54,EEST,10,Suur-Paala,3,success,"{"total":3,"location_name":"Suur-Paala","location_id":10}"
2026-08-24 16:56:55,EEST,1,Hipodroom,4,success,"{"total":4,"location_name":"Hipodroom","location_id":1}"
2026-08-24 16:56:55,EEST,3,T1,16,success,"{"total":16,"location_name":"T1 Shopping Mall","location_id":3}"
2026-08-24 16:56:55,EEST,9,Mustika,15,success,"{"total":15,"location_name":"Mustika","location_id":9}"
2026-08-24 16:56:55,EEST,10,Suur-Paala,3,success,"{"total":3,"location_name":"Suur-Paala","location_id":10}"
2026-08-24 16:58:55,EEST,1,Hipodroom,4,success,"{"total":4,"location_name":"Hipodroom","location_id":1}"
2026-08-24 16:58:55,EEST,3,T1,16,success,"{"total":16,"location_name":"T1 Shopping Mall","location_id":3}"
2026-08-24 16:58:55,EEST,9,Mustika,15,success,"{"total":15,"location_name":"Mustika","location_id":9}"
2026-08-24 16:58:55,EEST,10,Suur-Paala,3,success,"{"total":3,"location_name":"Suur-Paala","location_id":10}"
2026-08-24 17:00:56,EEST,1,Hipodroom,4,success,"{"total":4,"location_name":"Hipodroom","location_id":1}"
2026-08-24 17:00:56,EEST,3,T1,18,success,"{"total":18,"location_name":"T1 Shopping Mall","location_id":3}"
2026-08-24 17:00:56,EEST,9,Mustika,15,success,"{"total":15,"location_name":"Mustika","location_id":9}"
2026-08-24 17:00:56,EEST,10,Suur-Paala,3,success,"{"total":3,"location_name":"Suur-Paala","location_id":10}"
2026-08-24 17:02:56,EEST,1,Hipodroom,4,success,"{"total":4,"location_name":"Hipodroom","location_id":1}"
2026-08-24 17:02:56,EEST,3,T1,18,success,"{"total":18,"location_name":"T1 Shopping Mall","location_id":3}"
2026-08-24 17:02:56,EEST,9,Mustika,15,success,"{"total":15,"location_name":"Mustika","location_id":9}"
2026-08-24 17:02:56,EEST,10,Suur-Paala,3,success,"{"total":3,"location_name":"Suur-Paala","location_id":10}"
2026-08-24 17:04:57,EEST,1,Hipodroom,4,success,"{"total":4,"location_name":"Hipodroom","location_id":1}"
2026-08-24 17:04:57,EEST,3,T1,18,success,"{"total":18,"location_name":"T1 Shopping Mall","location_id":3}"
2026-08-24 17:04:57,EEST,9,Mustika,15,success,"{"total":15,"location_name":"Mustika","location_id":9}"
2026-08-24 17:04:57,EEST,10,Suur-Paala,3,success,"{"total":3,"location_name":"Suur-Paala","location_id":10}"
2026-08-24 17:06:58,EEST,1,Hipodroom,3,success,"{"total":3,"location_name":"Hipodroom","location_id":1}"
2026-08-24 17:06:58,EEST,3,T1,19,success,"{"total":19,"location_name":"T1 Shopping Mall","location_id":3}"
2026-08-24 17:06:58,EEST,9,Mustika,14,success,"{"total":14,"location_name":"Mustika","location_id":9}"
2026-08-24 17:06:58,EEST,10,Suur-Paala,3,success,"{"total":3,"location_name":"Suur-Paala","location_id":10}"
2026-08-24 17:08:58,EEST,1,Hipodroom,3,success,"{"total":3,"location_name":"Hipodroom","location_id":1}"
2026-08-24 17:08:58,EEST,3,T1,19,success,"{"total":19,"location_name":"T1 Shopping Mall","location_id":3}"
2026-08-24 17:08:58,EEST,9,Mustika,14,success,"{"total":14,"location_name":"Mustika","location_id":9}"
2026-08-24 17:08:58,EEST,10,Suur-Paala,3,success,"{"total":3,"location_name":"Suur-Paala","location_id":10}"
2026-08-24 17:10:59,EEST,1,Hipodroom,3,success,"{"total":3,"location_name":"Hipodroom","location_id":1}"
2026-08-24 17:10:59,EEST,3,T1,19,success,"{"total":19,"location_name":"T1 Shopping Mall","location_id":3}"
2026-08-24 17:10:59,EEST,9,Mustika,14,success,"{"total":14,"location_name":"Mustika","location_id":9}"
2026-08-24 17:10:59,EEST,10,Suur-Paala,3,success,"{"total":3,"location_name":"Suur-Paala","location_id":10}"
2026-08-24 17:13:00,EEST,1,Hipodroom,3,success,"{"total":3,"location_name":"Hipodroom","location_id":1}"
2026-08-24 17:13:00,EEST,3,T1,20,success,"{"total":20,"location_name":"T1 Shopping Mall","location_id":3}"
2026-08-24 17:13:00,EEST,9,Mustika,14,success,"{"total":14,"location_name":"Mustika","location_id":9}"
2026-08-24 17:13:00,EEST,10,Suur-Paala,3,success,"{"total":3,"location_name":"Suur-Paala","location_id":10}"
2026-08-24 17:15:00,EEST,1,Hipodroom,3,success,"{"total":3,"location_name":"Hipodroom","location_id":1}"
2026-08-24 17:15:00,EEST,3,T1,20,success,"{"total":20,"location_name":"T1 Shopping Mall","location_id":3}"
2026-08-24 17:15:00,EEST,9,Mustika,14,success,"{"total":14,"location_name":"Mustika","location_id":9}"
2026-08-24 17:15:00,EEST,10,Suur-Paala,3,success,"{"total":3,"location_name":"Suur-Paala","location_id":10}"
2026-08-24 17:17:01,EEST,1,Hipodroom,3,success,"{"total":3,"location_name":"Hipodroom","location_id":1}"
2026-08-24 17:17:01,EEST,3,T1,20,success,"{"total":20,"location_name":"T1 Shopping Mall","location_id":3}"
2026-08-24 17:17:01,EEST,9,Mustika,14,success,"{"total":14,"location_name":"Mustika","location_id":9}"
2026-08-24 17:17:01,EEST,10,Suur-Paala,3,success,"{"total":3,"location_name":"Suur-Paala","location_id":10}"
2026-08-24 17:19:01,EEST,1,Hipodroom,3,success,"{"total":3,"location_name":"Hipodroom","location_id":1}"
2026-08-24 17:19:01,EEST,3,T1,23,success,"{"total":23,"location_name":"T1 Shopping Mall","location_id":3}"
2026-08-24 17:19:01,EEST,9,Mustika,16,success,"{"total":16,"location_name":"Mustika","location_id":9}"
2026-08-24 17:19:01,EEST,10,Suur-Paala,3,success,"{"total":3,"location_name":"Suur-Paala","location_id":10}"
2026-08-24 17:21:02,EEST,1,Hipodroom,3,success,"{"total":3,"location_name":"Hipodroom","location_id":1}"
2026-08-24 17:21:02,EEST,3,T1,23,success,"{"total":23,"location_name":"T1 Shopping Mall","location_id":3}"
2026-08-24 17:21:02,EEST,9,Mustika,16,success,"{"total":16,"location_name":"Mustika","location_id":9}"
2026-08-24 17:21:02,EEST,10,Suur-Paala,3,success,"{"total":3,"location_name":"Suur-Paala","location_id":10}"
2026-08-24 17:23:03,EEST,1,Hipodroom,3,success,"{"total":3,"location_name":"Hipodroom","location_id":1}"
2026-08-24 17:23:03,EEST,3,T1,23,success,"{"total":23,"location_name":"T1 Shopping Mall","location_id":3}"
2026-08-24 17:23:03,EEST,9,Mustika,16,success,"{"total":16,"location_name":"Mustika","location_id":9}"
2026-08-24 17:23:03,EEST,10,Suur-Paala,3,success,"{"total":3,"location_name":"Suur-Paala","location_id":10}"
2026-08-24 17:25:04,EEST,1,Hipodroom,3,success,"{"total":3,"location_name":"Hipodroom","location_id":1}"
2026-08-24 17:25:04,EEST,3,T1,24,success,"{"total":24,"location_name":"T1 Shopping Mall","location_id":3}"
2026-08-24 17:25:04,EEST,9,Mustika,17,success,"{"total":17,"location_name":"Mustika","location_id":9}"
2026-08-24 17:25:04,EEST,10,Suur-Paala,3,success,"{"total":3,"location_name":"Suur-Paala","location_id":10}"
2026-08-24 17:27:04,EEST,1,Hipodroom,3,success,"{"total":3,"location_name":"Hipodroom","location_id":1}"
2026-08-24 17:27:04,EEST,3,T1,24,success,"{"total":24,"location_name":"T1 Shopping Mall","location_id":3}"
2026-08-24 17:27:04,EEST,9,Mustika,17,success,"{"total":17,"location_name":"Mustika","location_id":9}"
2026-08-24 17:27:04,EEST,10,Suur-Paala,3,success,"{"total":3,"location_name":"Suur-Paala","location_id":10}"
2026-08-24 17:29:05,EEST,1,Hipodroom,3,success,"{"total":3,"location_name":"Hipodroom","location_id":1}"
2026-08-24 17:29:05,EEST,3,T1,24,success,"{"total":24,"location_name":"T1 Shopping Mall","location_id":3}"
2026-08-24 17:29:05,EEST,9,Mustika,17,success,"{"total":17,"location_name":"Mustika","location_id":9}"
2026-08-24 17:29:05,EEST,10,Suur-Paala,3,success,"{"total":3,"location_name":"Suur-Paala","location_id":10}"
2026-08-24 17:31:06,EEST,1,Hipodroom,3,success,"{"total":3,"location_name":"Hipodroom","location_id":1}"
2026-08-24 17:31:06,EEST,3,T1,26,success,"{"total":26,"location_name":"T1 Shopping Mall","location_id":3}"
2026-08-24 17:31:06,EEST,9,Mustika,18,success,"{"total":18,"location_name":"Mustika","location_id":9}"
2026-08-24 17:31:06,EEST,10,Suur-Paala,3,success,"{"total":3,"location_name":"Suur-Paala","location_id":10}"
2026-08-24 17:33:07,EEST,1,Hipodroom,3,success,"{"total":3,"location_name":"Hipodroom","location_id":1}"
2026-08-24 17:33:07,EEST,3,T1,26,success,"{"total":26,"location_name":"T1 Shopping Mall","location_id":3}"
2026-08-24 17:33:07,EEST,9,Mustika,18,success,"{"total":18,"location_name":"Mustika","location_id":9}"
2026-08-24 17:33:07,EEST,10,Suur-Paala,3,success,"{"total":3,"location_name":"Suur-Paala","location_id":10}"
2026-08-24 17:35:08,EEST,1,Hipodroom,3,success,"{"total":3,"location_name":"Hipodroom","location_id":1}"
2026-08-24 17:35:08,EEST,3,T1,26,success,"{"total":26,"location_name":"T1 Shopping Mall","location_id":3}"
2026-08-24 17:35:08,EEST,9,Mustika,18,success,"{"total":18,"location_name":"Mustika","location_id":9}"
2026-08-24 17:35:08,EEST,10,Suur-Paala,3,success,"{"total":3,"location_name":"Suur-Paala","location_id":10}"
2026-08-24 17:37:09,EEST,1,Hipodroom,3,success,"{"total":3,"location_name":"Hipodroom","location_id":1}"
2026-08-24 17:37:09,EEST,3,T1,25,success,"{"total":25,"location_name":"T1 Shopping Mall","location_id":3}"
2026-08-24 17:37:09,EEST,9,Mustika,18,success,"{"total":18,"location_name":"Mustika","location_id":9}"
2026-08-24 17:37:09,EEST,10,Suur-Paala,3,success,"{"total":3,"location_name":"Suur-Paala","location_id":10}"
2026-08-24 17:39:09,EEST,1,Hipodroom,3,success,"{"total":3,"location_name":"Hipodroom","location_id":1}"
2026-08-24 17:39:09,EEST,3,T1,25,success,"{"total":25,"location_name":"T1 Shopping Mall","location_id":3}"
2026-08-24 17:39:09,EEST,9,Mustika,18,success,"{"total":18,"location_name":"Mustika","location_id":9}"
2026-08-24 17:39:09,EEST,10,Suur-Paala,3,success,"{"total":3,"location_name":"Suur-Paala","location_id":10}"
2026-08-24 17:41:10,EEST,1,Hipodroom,3,success,"{"total":3,"location_name":"Hipodroom","location_id":1}"
2026-08-24 17:41:10,EEST,3,T1,25,success,"{"total":25,"location_name":"T1 Shopping Mall","location_id":3}"
2026-08-24 17:41:10,EEST,9,Mustika,18,success,"{"total":18,"location_name":"Mustika","location_id":9}"
2026-08-24 17:41:10,EEST,10,Suur-Paala,3,success,"{"total":3,"location_name":"Suur-Paala","location_id":10}"
2026-08-24 17:43:11,EEST,1,Hipodroom,3,success,"{"total":3,"location_name":"Hipodroom","location_id":1}"
2026-08-24 17:43:11,EEST,3,T1,26,success,"{"total":26,"location_name":"T1 Shopping Mall","location_id":3}"
2026-08-24 17:43:11,EEST,9,Mustika,21,success,"{"total":21,"location_name":"Mustika","location_id":9}"
2026-08-24 17:43:11,EEST,10,Suur-Paala,3,success,"{"total":3,"location_name":"Suur-Paala","location_id":10}"
2026-08-24 17:45:12,EEST,1,Hipodroom,3,success,"{"total":3,"location_name":"Hipodroom","location_id":1}"
2026-08-24 17:45:12,EEST,3,T1,26,success,"{"total":26,"location_name":"T1 Shopping Mall","location_id":3}"
2026-08-24 17:45:12,EEST,9,Mustika,21,success,"{"total":21,"location_name":"Mustika","location_id":9}"
2026-08-24 17:45:12,EEST,10,Suur-Paala,3,success,"{"total":3,"location_name":"Suur-Paala","location_id":10}"
2026-08-24 17:47:13,EEST,1,Hipodroom,3,success,"{"total":3,"location_name":"Hipodroom","location_id":1}"
2026-08-24 17:47:13,EEST,3,T1,26,success,"{"total":26,"location_name":"T1 Shopping Mall","location_id":3}"
2026-08-24 17:47:13,EEST,9,Mustika,21,success,"{"total":21,"location_name":"Mustika","location_id":9}"
2026-08-24 17:47:13,EEST,10,Suur-Paala,3,success,"{"total":3,"location_name":"Suur-Paala","location_id":10}"
2026-08-24 17:49:13,EEST,1,Hipodroom,3,success,"{"total":3,"location_name":"Hipodroom","location_id":1}"
2026-08-24 17:49:13,EEST,3,T1,26,success,"{"total":26,"location_name":"T1 Shopping Mall","location_id":3}"
2026-08-24 17:49:13,EEST,9,Mustika,17,success,"{"total":17,"location_name":"Mustika","location_id":9}"
2026-08-24 17:49:13,EEST,10,Suur-Paala,3,success,"{"total":3,"location_name":"Suur-Paala","location_id":10}"
2026-08-24 17:51:14,EEST,1,Hipodroom,3,success,"{"total":3,"location_name":"Hipodroom","location_id":1}"
2026-08-24 17:51:14,EEST,3,T1,26,success,"{"total":26,"location_name":"T1 Shopping Mall","location_id":3}"
2026-08-24 17:51:14,EEST,9,Mustika,17,success,"{"total":17,"location_name":"Mustika","location_id":9}"
2026-08-24 17:51:14,EEST,10,Suur-Paala,3,success,"{"total":3,"location_name":"Suur-Paala","location_id":10}"
2026-08-24 17:53:15,EEST,1,Hipodroom,3,success,"{"total":3,"location_name":"Hipodroom","location_id":1}"
2026-08-24 17:53:15,EEST,3,T1,26,success,"{"total":26,"location_name":"T1 Shopping Mall","location_id":3}"
2026-08-24 17:53:15,EEST,9,Mustika,17,success,"{"total":17,"location_name":"Mustika","location_id":9}"
2026-08-24 17:53:15,EEST,10,Suur-Paala,6,success,"{"total":6,"location_name":"Suur-Paala","location_id":10}"
2026-08-24 17:55:16,EEST,1,Hipodroom,3,success,"{"total":3,"location_name":"Hipodroom","location_id":1}"
2026-08-24 17:55:16,EEST,3,T1,28,success,"{"total":28,"location_name":"T1 Shopping Mall","location_id":3}"
2026-08-24 17:55:16,EEST,9,Mustika,17,success,"{"total":17,"location_name":"Mustika","location_id":9}"
2026-08-24 17:55:16,EEST,10,Suur-Paala,6,success,"{"total":6,"location_name":"Suur-Paala","location_id":10}"
2026-08-24 17:57:17,EEST,1,Hipodroom,3,success,"{"total":3,"location_name":"Hipodroom","location_id":1}"
2026-08-24 17:57:17,EEST,3,T1,28,success,"{"total":28,"location_name":"T1 Shopping Mall","location_id":3}"
2026-08-24 17:57:17,EEST,9,Mustika,17,success,"{"total":17,"location_name":"Mustika","location_id":9}"
2026-08-24 17:57:17,EEST,10,Suur-Paala,6,success,"{"total":6,"location_name":"Suur-Paala","location_id":10}"
2026-08-24 17:59:18,EEST,1,Hipodroom,3,success,"{"total":3,"location_name":"Hipodroom","location_id":1}"
2026-08-24 17:59:18,EEST,3,T1,28,success,"{"total":28,"location_name":"T1 Shopping Mall","location_id":3}"
2026-08-24 17:59:18,EEST,9,Mustika,17,success,"{"total":17,"location_name":"Mustika","location_id":9}"
2026-08-24 17:59:18,EEST,10,Suur-Paala,6,success,"{"total":6,"location_name":"Suur-Paala","location_id":10}"
2026-08-24 18:01:19,EEST,1,Hipodroom,4,success,"{"total":4,"location_name":"Hipodroom","location_id":1}"
2026-08-24 18:01:19,EEST,3,T1,29,success,"{"total":29,"location_name":"T1 Shopping Mall","location_id":3}"
2026-08-24 18:01:19,EEST,9,Mustika,17,success,"{"total":17,"location_name":"Mustika","location_id":9}"
2026-08-24 18:01:19,EEST,10,Suur-Paala,6,success,"{"total":6,"location_name":"Suur-Paala","location_id":10}"
2026-08-24 18:03:20,EEST,1,Hipodroom,4,success,"{"total":4,"location_name":"Hipodroom","location_id":1}"
2026-08-24 18:03:20,EEST,3,T1,29,success,"{"total":29,"location_name":"T1 Shopping Mall","location_id":3}"
2026-08-24 18:03:20,EEST,9,Mustika,17,success,"{"total":17,"location_name":"Mustika","location_id":9}"
2026-08-24 18:03:20,EEST,10,Suur-Paala,6,success,"{"total":6,"location_name":"Suur-Paala","location_id":10}"
2026-08-24 18:05:21,EEST,1,Hipodroom,4,success,"{"total":4,"location_name":"Hipodroom","location_id":1}"
2026-08-24 18:05:21,EEST,3,T1,29,success,"{"total":29,"location_name":"T1 Shopping Mall","location_id":3}"
2026-08-24 18:05:21,EEST,9,Mustika,17,success,"{"total":17,"location_name":"Mustika","location_id":9}"
2026-08-24 18:05:21,EEST,10,Suur-Paala,9,success,"{"total":9,"location_name":"Suur-Paala","location_id":10}"
2026-08-24 18:07:23,EEST,1,Hipodroom,5,success,"{"total":5,"location_name":"Hipodroom","location_id":1}"
2026-08-24 18:07:23,EEST,3,T1,31,success,"{"total":31,"location_name":"T1 Shopping Mall","location_id":3}"
2026-08-24 18:07:23,EEST,9,Mustika,18,success,"{"total":18,"location_name":"Mustika","location_id":9}"
2026-08-24 18:07:23,EEST,10,Suur-Paala,9,success,"{"total":9,"location_name":"Suur-Paala","location_id":10}"
2026-08-24 18:09:23,EEST,1,Hipodroom,5,success,"{"total":5,"location_name":"Hipodroom","location_id":1}"
2026-08-24 18:09:23,EEST,3,T1,31,success,"{"total":31,"location_name":"T1 Shopping Mall","location_id":3}"
2026-08-24 18:09:23,EEST,9,Mustika,18,success,"{"total":18,"location_name":"Mustika","location_id":9}"
2026-08-24 18:09:23,EEST,10,Suur-Paala,9,success,"{"total":9,"location_name":"Suur-Paala","location_id":10}"
2026-08-24 18:11:24,EEST,1,Hipodroom,5,success,"{"total":5,"location_name":"Hipodroom","location_id":1}"
2026-08-24 18:11:24,EEST,3,T1,31,success,"{"total":31,"location_name":"T1 Shopping Mall","location_id":3}"
2026-08-24 18:11:24,EEST,9,Mustika,18,success,"{"total":18,"location_name":"Mustika","location_id":9}"
2026-08-24 18:11:24,EEST,10,Suur-Paala,11,success,"{"total":11,"location_name":"Suur-Paala","location_id":10}"
2026-08-24 18:13:25,EEST,1,Hipodroom,5,success,"{"total":5,"location_name":"Hipodroom","location_id":1}"
2026-08-24 18:13:25,EEST,3,T1,33,success,"{"total":33,"location_name":"T1 Shopping Mall","location_id":3}"
2026-08-24 18:13:25,EEST,9,Mustika,17,success,"{"total":17,"location_name":"Mustika","location_id":9}"
2026-08-24 18:13:25,EEST,10,Suur-Paala,11,success,"{"total":11,"location_name":"Suur-Paala","location_id":10}"
2026-08-24 18:15:26,EEST,1,Hipodroom,5,success,"{"total":5,"location_name":"Hipodroom","location_id":1}"
2026-08-24 18:15:26,EEST,3,T1,33,success,"{"total":33,"location_name":"T1 Shopping Mall","location_id":3}"
2026-08-24 18:15:26,EEST,9,Mustika,17,success,"{"total":17,"location_name":"Mustika","location_id":9}"
2026-08-24 18:15:26,EEST,10,Suur-Paala,11,success,"{"total":11,"location_name":"Suur-Paala","location_id":10}"
2026-08-24 18:17:27,EEST,1,Hipodroom,5,success,"{"total":5,"location_name":"Hipodroom","location_id":1}"
2026-08-24 18:17:27,EEST,3,T1,33,success,"{"total":33,"location_name":"T1 Shopping Mall","location_id":3}"
2026-08-24 18:17:27,EEST,9,Mustika,17,success,"{"total":17,"location_name":"Mustika","location_id":9}"
2026-08-24 18:17:27,EEST,10,Suur-Paala,12,success,"{"total":12,"location_name":"Suur-Paala","location_id":10}"
2026-08-24 18:19:28,EEST,1,Hipodroom,6,success,"{"total":6,"location_name":"Hipodroom","location_id":1}"
2026-08-24 18:19:28,EEST,3,T1,34,success,"{"total":34,"location_name":"T1 Shopping Mall","location_id":3}"
2026-08-24 18:19:28,EEST,9,Mustika,18,success,"{"total":18,"location_name":"Mustika","location_id":9}"
2026-08-24 18:19:28,EEST,10,Suur-Paala,12,success,"{"total":12,"location_name":"Suur-Paala","location_id":10}"
2026-08-24 18:21:28,EEST,1,Hipodroom,6,success,"{"total":6,"location_name":"Hipodroom","location_id":1}"
2026-08-24 18:21:28,EEST,3,T1,34,success,"{"total":34,"location_name":"T1 Shopping Mall","location_id":3}"
2026-08-24 18:21:28,EEST,9,Mustika,18,success,"{"total":18,"location_name":"Mustika","location_id":9}"
2026-08-24 18:21:28,EEST,10,Suur-Paala,12,success,"{"total":12,"location_name":"Suur-Paala","location_id":10}"
2026-08-24 18:23:29,EEST,1,Hipodroom,6,success,"{"total":6,"location_name":"Hipodroom","location_id":1}"
2026-08-24 18:23:29,EEST,3,T1,34,success,"{"total":34,"location_name":"T1 Shopping Mall","location_id":3}"
2026-08-24 18:23:29,EEST,9,Mustika,18,success,"{"total":18,"location_name":"Mustika","location_id":9}"
2026-08-24 18:23:29,EEST,10,Suur-Paala,13,success,"{"total":13,"location_name":"Suur-Paala","location_id":10}"
2026-08-24 18:25:30,EEST,1,Hipodroom,7,success,"{"total":7,"location_name":"Hipodroom","location_id":1}"
2026-08-24 18:25:30,EEST,3,T1,33,success,"{"total":33,"location_name":"T1 Shopping Mall","location_id":3}"
2026-08-24 18:25:30,EEST,9,Mustika,18,success,"{"total":18,"location_name":"Mustika","location_id":9}"
2026-08-24 18:25:30,EEST,10,Suur-Paala,13,success,"{"total":13,"location_name":"Suur-Paala","location_id":10}"
2026-08-24 18:27:31,EEST,1,Hipodroom,7,success,"{"total":7,"location_name":"Hipodroom","location_id":1}"
2026-08-24 18:27:31,EEST,3,T1,33,success,"{"total":33,"location_name":"T1 Shopping Mall","location_id":3}"
2026-08-24 18:27:31,EEST,9,Mustika,18,success,"{"total":18,"location_name":"Mustika","location_id":9}"
2026-08-24 18:27:31,EEST,10,Suur-Paala,13,success,"{"total":13,"location_name":"Suur-Paala","location_id":10}"
2026-08-24 18:29:32,EEST,1,Hipodroom,7,success,"{"total":7,"location_name":"Hipodroom","location_id":1}"
2026-08-24 18:29:32,EEST,3,T1,33,success,"{"total":33,"location_name":"T1 Shopping Mall","location_id":3}"
2026-08-24 18:29:32,EEST,9,Mustika,18,success,"{"total":18,"location_name":"Mustika","location_id":9}"
2026-08-24 18:29:32,EEST,10,Suur-Paala,14,success,"{"total":14,"location_name":"Suur-Paala","location_id":10}"
2026-08-24 18:31:33,EEST,1,Hipodroom,9,success,"{"total":9,"location_name":"Hipodroom","location_id":1}"
2026-08-24 18:31:33,EEST,3,T1,34,success,"{"total":34,"location_name":"T1 Shopping Mall","location_id":3}"
2026-08-24 18:31:33,EEST,9,Mustika,20,success,"{"total":20,"location_name":"Mustika","location_id":9}"
2026-08-24 18:31:33,EEST,10,Suur-Paala,14,success,"{"total":14,"location_name":"Suur-Paala","location_id":10}"
2026-08-24 18:33:34,EEST,1,Hipodroom,9,success,"{"total":9,"location_name":"Hipodroom","location_id":1}"
2026-08-24 18:33:34,EEST,3,T1,34,success,"{"total":34,"location_name":"T1 Shopping Mall","location_id":3}"
2026-08-24 18:33:34,EEST,9,Mustika,20,success,"{"total":20,"location_name":"Mustika","location_id":9}"
2026-08-24 18:33:34,EEST,10,Suur-Paala,14,success,"{"total":14,"location_name":"Suur-Paala","location_id":10}"
2026-08-24 18:35:34,EEST,1,Hipodroom,9,success,"{"total":9,"location_name":"Hipodroom","location_id":1}"
2026-08-24 18:35:34,EEST,3,T1,34,success,"{"total":34,"location_name":"T1 Shopping Mall","location_id":3}"
2026-08-24 18:35:34,EEST,9,Mustika,20,success,"{"total":20,"location_name":"Mustika","location_id":9}"
2026-08-24 18:35:34,EEST,10,Suur-Paala,18,success,"{"total":18,"location_name":"Suur-Paala","location_id":10}"
2026-08-24 18:37:35,EEST,1,Hipodroom,11,success,"{"total":11,"location_name":"Hipodroom","location_id":1}"
2026-08-24 18:37:35,EEST,3,T1,35,success,"{"total":35,"location_name":"T1 Shopping Mall","location_id":3}"
2026-08-24 18:37:35,EEST,9,Mustika,22,success,"{"total":22,"location_name":"Mustika","location_id":9}"
2026-08-24 18:37:35,EEST,10,Suur-Paala,18,success,"{"total":18,"location_name":"Suur-Paala","location_id":10}"
2026-08-24 18:39:36,EEST,1,Hipodroom,11,success,"{"total":11,"location_name":"Hipodroom","location_id":1}"
2026-08-24 18:39:36,EEST,3,T1,35,success,"{"total":35,"location_name":"T1 Shopping Mall","location_id":3}"
2026-08-24 18:39:36,EEST,9,Mustika,22,success,"{"total":22,"location_name":"Mustika","location_id":9}"
2026-08-24 18:39:36,EEST,10,Suur-Paala,18,success,"{"total":18,"location_name":"Suur-Paala","location_id":10}"
2026-08-24 18:41:37,EEST,1,Hipodroom,11,success,"{"total":11,"location_name":"Hipodroom","location_id":1}"
2026-08-24 18:41:37,EEST,3,T1,35,success,"{"total":35,"location_name":"T1 Shopping Mall","location_id":3}"
2026-08-24 18:41:37,EEST,9,Mustika,22,success,"{"total":22,"location_name":"Mustika","location_id":9}"
2026-08-24 18:41:37,EEST,10,Suur-Paala,20,success,"{"total":20,"location_name":"Suur-Paala","location_id":10}"
2026-08-24 18:43:38,EEST,1,Hipodroom,12,success,"{"total":12,"location_name":"Hipodroom","location_id":1}"
2026-08-24 18:43:38,EEST,3,T1,35,success,"{"total":35,"location_name":"T1 Shopping Mall","location_id":3}"
2026-08-24 18:43:38,EEST,9,Mustika,23,success,"{"total":23,"location_name":"Mustika","location_id":9}"
2026-08-24 18:43:38,EEST,10,Suur-Paala,20,success,"{"total":20,"location_name":"Suur-Paala","location_id":10}"
2026-08-24 18:45:39,EEST,1,Hipodroom,12,success,"{"total":12,"location_name":"Hipodroom","location_id":1}"
2026-08-24 18:45:39,EEST,3,T1,35,success,"{"total":35,"location_name":"T1 Shopping Mall","location_id":3}"
2026-08-24 18:45:39,EEST,9,Mustika,23,success,"{"total":23,"location_name":"Mustika","location_id":9}"
2026-08-24 18:45:39,EEST,10,Suur-Paala,20,success,"{"total":20,"location_name":"Suur-Paala","location_id":10}"
2026-08-24 18:47:39,EEST,1,Hipodroom,12,success,"{"total":12,"location_name":"Hipodroom","location_id":1}"
2026-08-24 18:47:39,EEST,3,T1,35,success,"{"total":35,"location_name":"T1 Shopping Mall","location_id":3}"
2026-08-24 18:47:39,EEST,9,Mustika,23,success,"{"total":23,"location_name":"Mustika","location_id":9}"
2026-08-24 18:47:39,EEST,10,Suur-Paala,21,success,"{"total":21,"location_name":"Suur-Paala","location_id":10}"
2026-08-24 18:49:40,EEST,1,Hipodroom,12,success,"{"total":12,"location_name":"Hipodroom","location_id":1}"
2026-08-24 18:49:40,EEST,3,T1,36,success,"{"total":36,"location_name":"T1 Shopping Mall","location_id":3}"
2026-08-24 18:49:40,EEST,9,Mustika,23,success,"{"total":23,"location_name":"Mustika","location_id":9}"
2026-08-24 18:49:40,EEST,10,Suur-Paala,21,success,"{"total":21,"location_name":"Suur-Paala","location_id":10}"
2026-08-24 18:51:41,EEST,1,Hipodroom,12,success,"{"total":12,"location_name":"Hipodroom","location_id":1}"
2026-08-24 18:51:41,EEST,3,T1,36,success,"{"total":36,"location_name":"T1 Shopping Mall","location_id":3}"
2026-08-24 18:51:41,EEST,9,Mustika,23,success,"{"total":23,"location_name":"Mustika","location_id":9}"
2026-08-24 18:51:41,EEST,10,Suur-Paala,21,success,"{"total":21,"location_name":"Suur-Paala","location_id":10}"
2026-08-24 18:53:42,EEST,1,Hipodroom,12,success,"{"total":12,"location_name":"Hipodroom","location_id":1}"
2026-08-24 18:53:42,EEST,3,T1,36,success,"{"total":36,"location_name":"T1 Shopping Mall","location_id":3}"
2026-08-24 18:53:42,EEST,9,Mustika,23,success,"{"total":23,"location_name":"Mustika","location_id":9}"
2026-08-24 18:53:42,EEST,10,Suur-Paala,22,success,"{"total":22,"location_name":"Suur-Paala","location_id":10}"
2026-08-24 18:55:43,EEST,1,Hipodroom,12,success,"{"total":12,"location_name":"Hipodroom","location_id":1}"
2026-08-24 18:55:43,EEST,3,T1,39,success,"{"total":39,"location_name":"T1 Shopping Mall","location_id":3}"
2026-08-24 18:55:43,EEST,9,Mustika,23,success,"{"total":23,"location_name":"Mustika","location_id":9}"
2026-08-24 18:55:43,EEST,10,Suur-Paala,22,success,"{"total":22,"location_name":"Suur-Paala","location_id":10}"
2026-08-24 18:57:44,EEST,1,Hipodroom,12,success,"{"total":12,"location_name":"Hipodroom","location_id":1}"
2026-08-24 18:57:44,EEST,3,T1,39,success,"{"total":39,"location_name":"T1 Shopping Mall","location_id":3}"
2026-08-24 18:57:44,EEST,9,Mustika,23,success,"{"total":23,"location_name":"Mustika","location_id":9}"
2026-08-24 18:57:44,EEST,10,Suur-Paala,22,success,"{"total":22,"location_name":"Suur-Paala","location_id":10}"
2026-08-24 18:59:44,EEST,1,Hipodroom,12,success,"{"total":12,"location_name":"Hipodroom","location_id":1}"
2026-08-24 18:59:44,EEST,3,T1,39,success,"{"total":39,"location_name":"T1 Shopping Mall","location_id":3}"
2026-08-24 18:59:44,EEST,9,Mustika,23,success,"{"total":23,"location_name":"Mustika","location_id":9}"
2026-08-24 18:59:44,EEST,10,Suur-Paala,22,success,"{"total":22,"location_name":"Suur-Paala","location_id":10}"
2026-08-24 19:01:45,EEST,1,Hipodroom,12,success,"{"total":12,"location_name":"Hipodroom","location_id":1}"
2026-08-24 19:01:45,EEST,3,T1,38,success,"{"total":38,"location_name":"T1 Shopping Mall","location_id":3}"
2026-08-24 19:01:45,EEST,9,Mustika,23,success,"{"total":23,"location_name":"Mustika","location_id":9}"
2026-08-24 19:01:45,EEST,10,Suur-Paala,22,success,"{"total":22,"location_name":"Suur-Paala","location_id":10}"
2026-08-24 19:03:46,EEST,1,Hipodroom,12,success,"{"total":12,"location_name":"Hipodroom","location_id":1}"
2026-08-24 19:03:46,EEST,3,T1,38,success,"{"total":38,"location_name":"T1 Shopping Mall","location_id":3}"
2026-08-24 19:03:46,EEST,9,Mustika,23,success,"{"total":23,"location_name":"Mustika","location_id":9}"
2026-08-24 19:03:46,EEST,10,Suur-Paala,22,success,"{"total":22,"location_name":"Suur-Paala","location_id":10}"
2026-08-24 19:05:47,EEST,1,Hipodroom,12,success,"{"total":12,"location_name":"Hipodroom","location_id":1}"
2026-08-24 19:05:47,EEST,3,T1,38,success,"{"total":38,"location_name":"T1 Shopping Mall","location_id":3}"
2026-08-24 19:05:47,EEST,9,Mustika,23,success,"{"total":23,"location_name":"Mustika","location_id":9}"
2026-08-24 19:05:47,EEST,10,Suur-Paala,23,success,"{"total":23,"location_name":"Suur-Paala","location_id":10}"
2026-08-24 19:07:47,EEST,1,Hipodroom,12,success,"{"total":12,"location_name":"Hipodroom","location_id":1}"
2026-08-24 19:07:47,EEST,3,T1,38,success,"{"total":38,"location_name":"T1 Shopping Mall","location_id":3}"
2026-08-24 19:07:47,EEST,9,Mustika,27,success,"{"total":27,"location_name":"Mustika","location_id":9}"
2026-08-24 19:07:47,EEST,10,Suur-Paala,23,success,"{"total":23,"location_name":"Suur-Paala","location_id":10}"
2026-08-24 19:09:48,EEST,1,Hipodroom,12,success,"{"total":12,"location_name":"Hipodroom","location_id":1}"
2026-08-24 19:09:48,EEST,3,T1,38,success,"{"total":38,"location_name":"T1 Shopping Mall","location_id":3}"
2026-08-24 19:09:48,EEST,9,Mustika,27,success,"{"total":27,"location_name":"Mustika","location_id":9}"
2026-08-24 19:09:48,EEST,10,Suur-Paala,23,success,"{"total":23,"location_name":"Suur-Paala","location_id":10}"
2026-08-24 19:11:49,EEST,1,Hipodroom,12,success,"{"total":12,"location_name":"Hipodroom","location_id":1}"
2026-08-24 19:11:49,EEST,3,T1,38,success,"{"total":38,"location_name":"T1 Shopping Mall","location_id":3}"
2026-08-24 19:11:49,EEST,9,Mustika,27,success,"{"total":27,"location_name":"Mustika","location_id":9}"
2026-08-24 19:11:49,EEST,10,Suur-Paala,23,success,"{"total":23,"location_name":"Suur-Paala","location_id":10}"
2026-08-24 19:13:50,EEST,1,Hipodroom,12,success,"{"total":12,"location_name":"Hipodroom","location_id":1}"
2026-08-24 19:13:50,EEST,3,T1,37,success,"{"total":37,"location_name":"T1 Shopping Mall","location_id":3}"
2026-08-24 19:13:50,EEST,9,Mustika,27,success,"{"total":27,"location_name":"Mustika","location_id":9}"
2026-08-24 19:13:50,EEST,10,Suur-Paala,23,success,"{"total":23,"location_name":"Suur-Paala","location_id":10}"
2026-08-24 19:15:50,EEST,1,Hipodroom,12,success,"{"total":12,"location_name":"Hipodroom","location_id":1}"
2026-08-24 19:15:50,EEST,3,T1,37,success,"{"total":37,"location_name":"T1 Shopping Mall","location_id":3}"
2026-08-24 19:15:50,EEST,9,Mustika,27,success,"{"total":27,"location_name":"Mustika","location_id":9}"
2026-08-24 19:15:50,EEST,10,Suur-Paala,23,success,"{"total":23,"location_name":"Suur-Paala","location_id":10}"
2026-08-24 19:17:51,EEST,1,Hipodroom,11,success,"{"total":11,"location_name":"Hipodroom","location_id":1}"
2026-08-24 19:17:51,EEST,3,T1,37,success,"{"total":37,"location_name":"T1 Shopping Mall","location_id":3}"
2026-08-24 19:17:51,EEST,9,Mustika,27,success,"{"total":27,"location_name":"Mustika","location_id":9}"
2026-08-24 19:17:51,EEST,10,Suur-Paala,24,success,"{"total":24,"location_name":"Suur-Paala","location_id":10}"
2026-08-24 19:19:52,EEST,1,Hipodroom,11,success,"{"total":11,"location_name":"Hipodroom","location_id":1}"
2026-08-24 19:19:52,EEST,3,T1,39,success,"{"total":39,"location_name":"T1 Shopping Mall","location_id":3}"
2026-08-24 19:19:52,EEST,9,Mustika,27,success,"{"total":27,"location_name":"Mustika","location_id":9}"
2026-08-24 19:19:52,EEST,10,Suur-Paala,24,success,"{"total":24,"location_name":"Suur-Paala","location_id":10}"
2026-08-24 19:21:53,EEST,1,Hipodroom,11,success,"{"total":11,"location_name":"Hipodroom","location_id":1}"
2026-08-24 19:21:53,EEST,3,T1,39,success,"{"total":39,"location_name":"T1 Shopping Mall","location_id":3}"
2026-08-24 19:21:53,EEST,9,Mustika,27,success,"{"total":27,"location_name":"Mustika","location_id":9}"
2026-08-24 19:21:53,EEST,10,Suur-Paala,24,success,"{"total":24,"location_name":"Suur-Paala","location_id":10}"
2026-08-24 19:23:53,EEST,1,Hipodroom,12,success,"{"total":12,"location_name":"Hipodroom","location_id":1}"
2026-08-24 19:23:53,EEST,3,T1,39,success,"{"total":39,"location_name":"T1 Shopping Mall","location_id":3}"
2026-08-24 19:23:53,EEST,9,Mustika,27,success,"{"total":27,"location_name":"Mustika","location_id":9}"
2026-08-24 19:23:53,EEST,10,Suur-Paala,25,success,"{"total":25,"location_name":"Suur-Paala","location_id":10}"
2026-08-24 19:25:54,EEST,1,Hipodroom,12,success,"{"total":12,"location_name":"Hipodroom","location_id":1}"
2026-08-24 19:25:54,EEST,3,T1,39,success,"{"total":39,"location_name":"T1 Shopping Mall","location_id":3}"
2026-08-24 19:25:54,EEST,9,Mustika,27,success,"{"total":27,"location_name":"Mustika","location_id":9}"
2026-08-24 19:25:54,EEST,10,Suur-Paala,25,success,"{"total":25,"location_name":"Suur-Paala","location_id":10}"
2026-08-24 19:27:55,EEST,1,Hipodroom,12,success,"{"total":12,"location_name":"Hipodroom","location_id":1}"
2026-08-24 19:27:55,EEST,3,T1,39,success,"{"total":39,"location_name":"T1 Shopping Mall","location_id":3}"
2026-08-24 19:27:55,EEST,9,Mustika,27,success,"{"total":27,"location_name":"Mustika","location_id":9}"
2026-08-24 19:27:55,EEST,10,Suur-Paala,25,success,"{"total":25,"location_name":"Suur-Paala","location_id":10}"
2026-08-24 19:29:56,EEST,1,Hipodroom,13,success,"{"total":13,"location_name":"Hipodroom","location_id":1}"
2026-08-24 19:29:56,EEST,3,T1,39,success,"{"total":39,"location_name":"T1 Shopping Mall","location_id":3}"
2026-08-24 19:29:56,EEST,9,Mustika,27,success,"{"total":27,"location_name":"Mustika","location_id":9}"
2026-08-24 19:29:56,EEST,10,Suur-Paala,29,success,"{"total":29,"location_name":"Suur-Paala","location_id":10}"
2026-08-24 19:31:57,EEST,1,Hipodroom,13,success,"{"total":13,"location_name":"Hipodroom","location_id":1}"
2026-08-24 19:31:57,EEST,3,T1,40,success,"{"total":40,"location_name":"T1 Shopping Mall","location_id":3}"
2026-08-24 19:31:57,EEST,9,Mustika,27,success,"{"total":27,"location_name":"Mustika","location_id":9}"
2026-08-24 19:31:57,EEST,10,Suur-Paala,29,success,"{"total":29,"location_name":"Suur-Paala","location_id":10}"
2026-08-24 19:33:58,EEST,1,Hipodroom,13,success,"{"total":13,"location_name":"Hipodroom","location_id":1}"
2026-08-24 19:33:58,EEST,3,T1,40,success,"{"total":40,"location_name":"T1 Shopping Mall","location_id":3}"
2026-08-24 19:33:58,EEST,9,Mustika,27,success,"{"total":27,"location_name":"Mustika","location_id":9}"
2026-08-24 19:33:58,EEST,10,Suur-Paala,29,success,"{"total":29,"location_name":"Suur-Paala","location_id":10}"
2026-08-24 19:35:59,EEST,1,Hipodroom,13,success,"{"total":13,"location_name":"Hipodroom","location_id":1}"
2026-08-24 19:35:59,EEST,3,T1,40,success,"{"total":40,"location_name":"T1 Shopping Mall","location_id":3}"
2026-08-24 19:35:59,EEST,9,Mustika,27,success,"{"total":27,"location_name":"Mustika","location_id":9}"
2026-08-24 19:35:59,EEST,10,Suur-Paala,29,success,"{"total":29,"location_name":"Suur-Paala","location_id":10}"
2026-08-24 19:38:00,EEST,1,Hipodroom,13,success,"{"total":13,"location_name":"Hipodroom","location_id":1}"
2026-08-24 19:38:00,EEST,3,T1,40,success,"{"total":40,"location_name":"T1 Shopping Mall","location_id":3}"
2026-08-24 19:38:00,EEST,9,Mustika,27,success,"{"total":27,"location_name":"Mustika","location_id":9}"
2026-08-24 19:38:00,EEST,10,Suur-Paala,29,success,"{"total":29,"location_name":"Suur-Paala","location_id":10}"
2026-08-24 19:40:01,EEST,1,Hipodroom,13,success,"{"total":13,"location_name":"Hipodroom","location_id":1}"
2026-08-24 19:40:01,EEST,3,T1,40,success,"{"total":40,"location_name":"T1 Shopping Mall","location_id":3}"
2026-08-24 19:40:01,EEST,9,Mustika,27,success,"{"total":27,"location_name":"Mustika","location_id":9}"
2026-08-24 19:40:01,EEST,10,Suur-Paala,29,success,"{"total":29,"location_name":"Suur-Paala","location_id":10}"
2026-08-24 19:42:01,EEST,1,Hipodroom,12,success,"{"total":12,"location_name":"Hipodroom","location_id":1}"
2026-08-24 19:42:01,EEST,3,T1,40,success,"{"total":40,"location_name":"T1 Shopping Mall","location_id":3}"
2026-08-24 19:42:01,EEST,9,Mustika,27,success,"{"total":27,"location_name":"Mustika","location_id":9}"
2026-08-24 19:42:01,EEST,10,Suur-Paala,29,success,"{"total":29,"location_name":"Suur-Paala","location_id":10}"
2026-08-24 19:44:02,EEST,1,Hipodroom,12,success,"{"total":12,"location_name":"Hipodroom","location_id":1}"
2026-08-24 19:44:02,EEST,3,T1,40,success,"{"total":40,"location_name":"T1 Shopping Mall","location_id":3}"
2026-08-24 19:44:02,EEST,9,Mustika,27,success,"{"total":27,"location_name":"Mustika","location_id":9}"
2026-08-24 19:44:02,EEST,10,Suur-Paala,29,success,"{"total":29,"location_name":"Suur-Paala","location_id":10}"
2026-08-24 19:46:03,EEST,1,Hipodroom,12,success,"{"total":12,"location_name":"Hipodroom","location_id":1}"
2026-08-24 19:46:03,EEST,3,T1,40,success,"{"total":40,"location_name":"T1 Shopping Mall","location_id":3}"
2026-08-24 19:46:03,EEST,9,Mustika,27,success,"{"total":27,"location_name":"Mustika","location_id":9}"
2026-08-24 19:46:03,EEST,10,Suur-Paala,29,success,"{"total":29,"location_name":"Suur-Paala","location_id":10}"
2026-08-24 19:48:03,EEST,1,Hipodroom,13,success,"{"total":13,"location_name":"Hipodroom","location_id":1}"
2026-08-24 19:48:03,EEST,3,T1,40,success,"{"total":40,"location_name":"T1 Shopping Mall","location_id":3}"
2026-08-24 19:48:03,EEST,9,Mustika,27,success,"{"total":27,"location_name":"Mustika","location_id":9}"
2026-08-24 19:48:03,EEST,10,Suur-Paala,29,success,"{"total":29,"location_name":"Suur-Paala","location_id":10}"
2026-08-24 19:50:04,EEST,1,Hipodroom,13,success,"{"total":13,"location_name":"Hipodroom","location_id":1}"
2026-08-24 19:50:04,EEST,3,T1,42,success,"{"total":42,"location_name":"T1 Shopping Mall","location_id":3}"
2026-08-24 19:50:04,EEST,9,Mustika,27,success,"{"total":27,"location_name":"Mustika","location_id":9}"
2026-08-24 19:50:04,EEST,10,Suur-Paala,29,success,"{"total":29,"location_name":"Suur-Paala","location_id":10}"
2026-08-24 19:52:05,EEST,1,Hipodroom,13,success,"{"total":13,"location_name":"Hipodroom","location_id":1}"
2026-08-24 19:52:05,EEST,3,T1,42,success,"{"total":42,"location_name":"T1 Shopping Mall","location_id":3}"
2026-08-24 19:52:05,EEST,9,Mustika,27,success,"{"total":27,"location_name":"Mustika","location_id":9}"
2026-08-24 19:52:05,EEST,10,Suur-Paala,29,success,"{"total":29,"location_name":"Suur-Paala","location_id":10}"
2026-08-24 19:54:05,EEST,1,Hipodroom,13,success,"{"total":13,"location_name":"Hipodroom","location_id":1}"
2026-08-24 19:54:05,EEST,3,T1,42,success,"{"total":42,"location_name":"T1 Shopping Mall","location_id":3}"
2026-08-24 19:54:05,EEST,9,Mustika,27,success,"{"total":27,"location_name":"Mustika","location_id":9}"
2026-08-24 19:54:05,EEST,10,Suur-Paala,28,success,"{"total":28,"location_name":"Suur-Paala","location_id":10}"
2026-08-24 19:56:06,EEST,1,Hipodroom,13,success,"{"total":13,"location_name":"Hipodroom","location_id":1}"
2026-08-24 19:56:06,EEST,3,T1,41,success,"{"total":41,"location_name":"T1 Shopping Mall","location_id":3}"
2026-08-24 19:56:06,EEST,9,Mustika,27,success,"{"total":27,"location_name":"Mustika","location_id":9}"
2026-08-24 19:56:06,EEST,10,Suur-Paala,28,success,"{"total":28,"location_name":"Suur-Paala","location_id":10}"
2026-08-24 19:58:06,EEST,1,Hipodroom,13,success,"{"total":13,"location_name":"Hipodroom","location_id":1}"
2026-08-24 19:58:06,EEST,3,T1,41,success,"{"total":41,"location_name":"T1 Shopping Mall","location_id":3}"
2026-08-24 19:58:06,EEST,9,Mustika,27,success,"{"total":27,"location_name":"Mustika","location_id":9}"
2026-08-24 19:58:06,EEST,10,Suur-Paala,28,success,"{"total":28,"location_name":"Suur-Paala","location_id":10}"
2026-08-24 20:00:07,EEST,1,Hipodroom,13,success,"{"total":13,"location_name":"Hipodroom","location_id":1}"
2026-08-24 20:00:07,EEST,3,T1,41,success,"{"total":41,"location_name":"T1 Shopping Mall","location_id":3}"
2026-08-24 20:00:07,EEST,9,Mustika,27,success,"{"total":27,"location_name":"Mustika","location_id":9}"
2026-08-24 20:00:07,EEST,10,Suur-Paala,29,success,"{"total":29,"location_name":"Suur-Paala","location_id":10}"
2026-08-24 20:02:07,EEST,1,Hipodroom,13,success,"{"total":13,"location_name":"Hipodroom","location_id":1}"
2026-08-24 20:02:07,EEST,3,T1,39,success,"{"total":39,"location_name":"T1 Shopping Mall","location_id":3}"
2026-08-24 20:02:07,EEST,9,Mustika,27,success,"{"total":27,"location_name":"Mustika","location_id":9}"
2026-08-24 20:02:07,EEST,10,Suur-Paala,29,success,"{"total":29,"location_name":"Suur-Paala","location_id":10}"
2026-08-24 20:04:08,EEST,1,Hipodroom,13,success,"{"total":13,"location_name":"Hipodroom","location_id":1}"
2026-08-24 20:04:08,EEST,3,T1,39,success,"{"total":39,"location_name":"T1 Shopping Mall","location_id":3}"
2026-08-24 20:04:08,EEST,9,Mustika,27,success,"{"total":27,"location_name":"Mustika","location_id":9}"
2026-08-24 20:04:08,EEST,10,Suur-Paala,29,success,"{"total":29,"location_name":"Suur-Paala","location_id":10}"
2026-08-24 20:06:08,EEST,1,Hipodroom,14,success,"{"total":14,"location_name":"Hipodroom","location_id":1}"
2026-08-24 20:06:08,EEST,3,T1,39,success,"{"total":39,"location_name":"T1 Shopping Mall","location_id":3}"
2026-08-24 20:06:08,EEST,9,Mustika,27,success,"{"total":27,"location_name":"Mustika","location_id":9}"
2026-08-24 20:06:08,EEST,10,Suur-Paala,29,success,"{"total":29,"location_name":"Suur-Paala","location_id":10}"
2026-08-24 20:08:09,EEST,1,Hipodroom,14,success,"{"total":14,"location_name":"Hipodroom","location_id":1}"
2026-08-24 20:08:09,EEST,3,T1,38,success,"{"total":38,"location_name":"T1 Shopping Mall","location_id":3}"
2026-08-24 20:08:09,EEST,9,Mustika,27,success,"{"total":27,"location_name":"Mustika","location_id":9}"
2026-08-24 20:08:09,EEST,10,Suur-Paala,29,success,"{"total":29,"location_name":"Suur-Paala","location_id":10}"
2026-08-24 20:10:10,EEST,1,Hipodroom,14,success,"{"total":14,"location_name":"Hipodroom","location_id":1}"
2026-08-24 20:10:10,EEST,3,T1,38,success,"{"total":38,"location_name":"T1 Shopping Mall","location_id":3}"
2026-08-24 20:10:10,EEST,9,Mustika,27,success,"{"total":27,"location_name":"Mustika","location_id":9}"
2026-08-24 20:10:10,EEST,10,Suur-Paala,29,success,"{"total":29,"location_name":"Suur-Paala","location_id":10}"
2026-08-24 20:12:10,EEST,1,Hipodroom,14,success,"{"total":14,"location_name":"Hipodroom","location_id":1}"
2026-08-24 20:12:10,EEST,3,T1,38,success,"{"total":38,"location_name":"T1 Shopping Mall","location_id":3}"
2026-08-24 20:12:10,EEST,9,Mustika,27,success,"{"total":27,"location_name":"Mustika","location_id":9}"
2026-08-24 20:12:10,EEST,10,Suur-Paala,29,success,"{"total":29,"location_name":"Suur-Paala","location_id":10}"
2026-08-24 20:14:11,EEST,1,Hipodroom,14,success,"{"total":14,"location_name":"Hipodroom","location_id":1}"
2026-08-24 20:14:11,EEST,3,T1,36,success,"{"total":36,"location_name":"T1 Shopping Mall","location_id":3}"
2026-08-24 20:14:11,EEST,9,Mustika,27,success,"{"total":27,"location_name":"Mustika","location_id":9}"
2026-08-24 20:14:11,EEST,10,Suur-Paala,29,success,"{"total":29,"location_name":"Suur-Paala","location_id":10}"
2026-08-24 20:16:11,EEST,1,Hipodroom,14,success,"{"total":14,"location_name":"Hipodroom","location_id":1}"
2026-08-24 20:16:11,EEST,3,T1,36,success,"{"total":36,"location_name":"T1 Shopping Mall","location_id":3}"
2026-08-24 20:16:11,EEST,9,Mustika,27,success,"{"total":27,"location_name":"Mustika","location_id":9}"
2026-08-24 20:16:11,EEST,10,Suur-Paala,29,success,"{"total":29,"location_name":"Suur-Paala","location_id":10}"
2026-08-24 20:18:12,EEST,1,Hipodroom,14,success,"{"total":14,"location_name":"Hipodroom","location_id":1}"
2026-08-24 20:18:12,EEST,3,T1,36,success,"{"total":36,"location_name":"T1 Shopping Mall","location_id":3}"
2026-08-24 20:18:12,EEST,9,Mustika,27,success,"{"total":27,"location_name":"Mustika","location_id":9}"
2026-08-24 20:18:12,EEST,10,Suur-Paala,29,success,"{"total":29,"location_name":"Suur-Paala","location_id":10}"
2026-08-24 20:20:12,EEST,1,Hipodroom,14,success,"{"total":14,"location_name":"Hipodroom","location_id":1}"
2026-08-24 20:20:12,EEST,3,T1,33,success,"{"total":33,"location_name":"T1 Shopping Mall","location_id":3}"
2026-08-24 20:20:12,EEST,9,Mustika,25,success,"{"total":25,"location_name":"Mustika","location_id":9}"
2026-08-24 20:20:12,EEST,10,Suur-Paala,29,success,"{"total":29,"location_name":"Suur-Paala","location_id":10}"
2026-08-24 20:22:13,EEST,1,Hipodroom,14,success,"{"total":14,"location_name":"Hipodroom","location_id":1}"
2026-08-24 20:22:13,EEST,3,T1,33,success,"{"total":33,"location_name":"T1 Shopping Mall","location_id":3}"
2026-08-24 20:22:13,EEST,9,Mustika,25,success,"{"total":25,"location_name":"Mustika","location_id":9}"
2026-08-24 20:22:13,EEST,10,Suur-Paala,29,success,"{"total":29,"location_name":"Suur-Paala","location_id":10}"
2026-08-24 20:24:13,EEST,1,Hipodroom,15,success,"{"total":15,"location_name":"Hipodroom","location_id":1}"
2026-08-24 20:24:13,EEST,3,T1,33,success,"{"total":33,"location_name":"T1 Shopping Mall","location_id":3}"
2026-08-24 20:24:13,EEST,9,Mustika,25,success,"{"total":25,"location_name":"Mustika","location_id":9}"
2026-08-24 20:24:13,EEST,10,Suur-Paala,28,success,"{"total":28,"location_name":"Suur-Paala","location_id":10}"
2026-08-24 20:26:14,EEST,1,Hipodroom,15,success,"{"total":15,"location_name":"Hipodroom","location_id":1}"
2026-08-24 20:26:14,EEST,3,T1,30,success,"{"total":30,"location_name":"T1 Shopping Mall","location_id":3}"
2026-08-24 20:26:14,EEST,9,Mustika,25,success,"{"total":25,"location_name":"Mustika","location_id":9}"
2026-08-24 20:26:14,EEST,10,Suur-Paala,28,success,"{"total":28,"location_name":"Suur-Paala","location_id":10}"
2026-08-24 20:28:14,EEST,1,Hipodroom,15,success,"{"total":15,"location_name":"Hipodroom","location_id":1}"
2026-08-24 20:28:14,EEST,3,T1,30,success,"{"total":30,"location_name":"T1 Shopping Mall","location_id":3}"
2026-08-24 20:28:14,EEST,9,Mustika,25,success,"{"total":25,"location_name":"Mustika","location_id":9}"
2026-08-24 20:28:14,EEST,10,Suur-Paala,28,success,"{"total":28,"location_name":"Suur-Paala","location_id":10}"
2026-08-24 20:30:15,EEST,1,Hipodroom,15,success,"{"total":15,"location_name":"Hipodroom","location_id":1}"
2026-08-24 20:30:15,EEST,3,T1,28,success,"{"total":28,"location_name":"T1 Shopping Mall","location_id":3}"
2026-08-24 20:30:15,EEST,9,Mustika,25,success,"{"total":25,"location_name":"Mustika","location_id":9}"
2026-08-24 20:30:15,EEST,10,Suur-Paala,28,success,"{"total":28,"location_name":"Suur-Paala","location_id":10}"
2026-08-24 20:32:16,EEST,1,Hipodroom,15,success,"{"total":15,"location_name":"Hipodroom","location_id":1}"
2026-08-24 20:32:16,EEST,3,T1,28,success,"{"total":28,"location_name":"T1 Shopping Mall","location_id":3}"
2026-08-24 20:32:16,EEST,9,Mustika,24,success,"{"total":24,"location_name":"Mustika","location_id":9}"
2026-08-24 20:32:16,EEST,10,Suur-Paala,28,success,"{"total":28,"location_name":"Suur-Paala","location_id":10}"
2026-08-24 20:34:16,EEST,1,Hipodroom,15,success,"{"total":15,"location_name":"Hipodroom","location_id":1}"
2026-08-24 20:34:16,EEST,3,T1,28,success,"{"total":28,"location_name":"T1 Shopping Mall","location_id":3}"
2026-08-24 20:34:16,EEST,9,Mustika,24,success,"{"total":24,"location_name":"Mustika","location_id":9}"
2026-08-24 20:34:16,EEST,10,Suur-Paala,28,success,"{"total":28,"location_name":"Suur-Paala","location_id":10}"
2026-08-24 20:36:17,EEST,1,Hipodroom,15,success,"{"total":15,"location_name":"Hipodroom","location_id":1}"
2026-08-24 20:36:17,EEST,3,T1,28,success,"{"total":28,"location_name":"T1 Shopping Mall","location_id":3}"
2026-08-24 20:36:17,EEST,9,Mustika,24,success,"{"total":24,"location_name":"Mustika","location_id":9}"
2026-08-24 20:36:17,EEST,10,Suur-Paala,28,success,"{"total":28,"location_name":"Suur-Paala","location_id":10}"
2026-08-24 20:38:18,EEST,1,Hipodroom,15,success,"{"total":15,"location_name":"Hipodroom","location_id":1}"
2026-08-24 20:38:18,EEST,3,T1,28,success,"{"total":28,"location_name":"T1 Shopping Mall","location_id":3}"
2026-08-24 20:38:18,EEST,9,Mustika,24,success,"{"total":24,"location_name":"Mustika","location_id":9}"
2026-08-24 20:38:18,EEST,10,Suur-Paala,28,success,"{"total":28,"location_name":"Suur-Paala","location_id":10}"
2026-08-24 20:40:18,EEST,1,Hipodroom,15,success,"{"total":15,"location_name":"Hipodroom","location_id":1}"
2026-08-24 20:40:18,EEST,3,T1,28,success,"{"total":28,"location_name":"T1 Shopping Mall","location_id":3}"
2026-08-24 20:40:18,EEST,9,Mustika,24,success,"{"total":24,"location_name":"Mustika","location_id":9}"
2026-08-24 20:40:18,EEST,10,Suur-Paala,28,success,"{"total":28,"location_name":"Suur-Paala","location_id":10}"
2026-08-24 20:42:19,EEST,1,Hipodroom,15,success,"{"total":15,"location_name":"Hipodroom","location_id":1}"
2026-08-24 20:42:19,EEST,3,T1,28,success,"{"total":28,"location_name":"T1 Shopping Mall","location_id":3}"
2026-08-24 20:42:19,EEST,9,Mustika,24,success,"{"total":24,"location_name":"Mustika","location_id":9}"
2026-08-24 20:42:19,EEST,10,Suur-Paala,28,success,"{"total":28,"location_name":"Suur-Paala","location_id":10}"
2026-08-24 20:44:20,EEST,1,Hipodroom,15,success,"{"total":15,"location_name":"Hipodroom","location_id":1}"
2026-08-24 20:44:20,EEST,3,T1,28,success,"{"total":28,"location_name":"T1 Shopping Mall","location_id":3}"
2026-08-24 20:44:20,EEST,9,Mustika,21,success,"{"total":21,"location_name":"Mustika","location_id":9}"
2026-08-24 20:44:20,EEST,10,Suur-Paala,28,success,"{"total":28,"location_name":"Suur-Paala","location_id":10}"
2026-08-24 20:46:20,EEST,1,Hipodroom,15,success,"{"total":15,"location_name":"Hipodroom","location_id":1}"
2026-08-24 20:46:20,EEST,3,T1,28,success,"{"total":28,"location_name":"T1 Shopping Mall","location_id":3}"
2026-08-24 20:46:20,EEST,9,Mustika,21,success,"{"total":21,"location_name":"Mustika","location_id":9}"
2026-08-24 20:46:20,EEST,10,Suur-Paala,28,success,"{"total":28,"location_name":"Suur-Paala","location_id":10}"
2026-08-24 20:48:21,EEST,1,Hipodroom,15,success,"{"total":15,"location_name":"Hipodroom","location_id":1}"
2026-08-24 20:48:21,EEST,3,T1,28,success,"{"total":28,"location_name":"T1 Shopping Mall","location_id":3}"
2026-08-24 20:48:21,EEST,9,Mustika,20,success,"{"total":20,"location_name":"Mustika","location_id":9}"
2026-08-24 20:48:21,EEST,10,Suur-Paala,28,success,"{"total":28,"location_name":"Suur-Paala","location_id":10}"
2026-08-24 20:50:21,EEST,1,Hipodroom,15,success,"{"total":15,"location_name":"Hipodroom","location_id":1}"
2026-08-24 20:50:21,EEST,3,T1,28,success,"{"total":28,"location_name":"T1 Shopping Mall","location_id":3}"
2026-08-24 20:50:21,EEST,9,Mustika,20,success,"{"total":20,"location_name":"Mustika","location_id":9}"
2026-08-24 20:50:21,EEST,10,Suur-Paala,28,success,"{"total":28,"location_name":"Suur-Paala","location_id":10}"
2026-08-24 20:52:22,EEST,1,Hipodroom,15,success,"{"total":15,"location_name":"Hipodroom","location_id":1}"
2026-08-24 20:52:22,EEST,3,T1,28,success,"{"total":28,"location_name":"T1 Shopping Mall","location_id":3}"
2026-08-24 20:52:22,EEST,9,Mustika,20,success,"{"total":20,"location_name":"Mustika","location_id":9}"
2026-08-24 20:52:22,EEST,10,Suur-Paala,28,success,"{"total":28,"location_name":"Suur-Paala","location_id":10}"
2026-08-24 20:54:22,EEST,1,Hipodroom,15,success,"{"total":15,"location_name":"Hipodroom","location_id":1}"
2026-08-24 20:54:22,EEST,3,T1,26,success,"{"total":26,"location_name":"T1 Shopping Mall","location_id":3}"
2026-08-24 20:54:22,EEST,9,Mustika,19,success,"{"total":19,"location_name":"Mustika","location_id":9}"
2026-08-24 20:54:22,EEST,10,Suur-Paala,25,success,"{"total":25,"location_name":"Suur-Paala","location_id":10}"
2026-08-24 20:56:23,EEST,1,Hipodroom,15,success,"{"total":15,"location_name":"Hipodroom","location_id":1}"
2026-08-24 20:56:23,EEST,3,T1,26,success,"{"total":26,"location_name":"T1 Shopping Mall","location_id":3}"
2026-08-24 20:56:23,EEST,9,Mustika,19,success,"{"total":19,"location_name":"Mustika","location_id":9}"
2026-08-24 20:56:23,EEST,10,Suur-Paala,25,success,"{"total":25,"location_name":"Suur-Paala","location_id":10}"
2026-08-24 20:58:24,EEST,1,Hipodroom,15,success,"{"total":15,"location_name":"Hipodroom","location_id":1}"
2026-08-24 20:58:24,EEST,3,T1,26,success,"{"total":26,"location_name":"T1 Shopping Mall","location_id":3}"
2026-08-24 20:58:24,EEST,9,Mustika,19,success,"{"total":19,"location_name":"Mustika","location_id":9}"
2026-08-24 20:58:24,EEST,10,Suur-Paala,25,success,"{"total":25,"location_name":"Suur-Paala","location_id":10}"
2026-08-24 21:00:24,EEST,1,Hipodroom,14,success,"{"total":14,"location_name":"Hipodroom","location_id":1}"
2026-08-24 21:00:24,EEST,3,T1,24,success,"{"total":24,"location_name":"T1 Shopping Mall","location_id":3}"
2026-08-24 21:00:24,EEST,9,Mustika,18,success,"{"total":18,"location_name":"Mustika","location_id":9}"
2026-08-24 21:00:24,EEST,10,Suur-Paala,24,success,"{"total":24,"location_name":"Suur-Paala","location_id":10}"
2026-08-24 21:02:25,EEST,1,Hipodroom,14,success,"{"total":14,"location_name":"Hipodroom","location_id":1}"
2026-08-24 21:02:25,EEST,3,T1,24,success,"{"total":24,"location_name":"T1 Shopping Mall","location_id":3}"
2026-08-24 21:02:25,EEST,9,Mustika,18,success,"{"total":18,"location_name":"Mustika","location_id":9}"
2026-08-24 21:02:25,EEST,10,Suur-Paala,24,success,"{"total":24,"location_name":"Suur-Paala","location_id":10}"
2026-08-24 21:04:26,EEST,1,Hipodroom,14,success,"{"total":14,"location_name":"Hipodroom","location_id":1}"
2026-08-24 21:04:26,EEST,3,T1,24,success,"{"total":24,"location_name":"T1 Shopping Mall","location_id":3}"
2026-08-24 21:04:26,EEST,9,Mustika,18,success,"{"total":18,"location_name":"Mustika","location_id":9}"
2026-08-24 21:04:26,EEST,10,Suur-Paala,24,success,"{"total":24,"location_name":"Suur-Paala","location_id":10}"
2026-08-24 21:06:26,EEST,1,Hipodroom,13,success,"{"total":13,"location_name":"Hipodroom","location_id":1}"
2026-08-24 21:06:26,EEST,3,T1,23,success,"{"total":23,"location_name":"T1 Shopping Mall","location_id":3}"
2026-08-24 21:06:26,EEST,9,Mustika,16,success,"{"total":16,"location_name":"Mustika","location_id":9}"
2026-08-24 21:06:26,EEST,10,Suur-Paala,22,success,"{"total":22,"location_name":"Suur-Paala","location_id":10}"
2026-08-24 21:08:27,EEST,1,Hipodroom,13,success,"{"total":13,"location_name":"Hipodroom","location_id":1}"
2026-08-24 21:08:27,EEST,3,T1,23,success,"{"total":23,"location_name":"T1 Shopping Mall","location_id":3}"
2026-08-24 21:08:27,EEST,9,Mustika,16,success,"{"total":16,"location_name":"Mustika","location_id":9}"
2026-08-24 21:08:27,EEST,10,Suur-Paala,22,success,"{"total":22,"location_name":"Suur-Paala","location_id":10}"
2026-08-24 21:10:28,EEST,1,Hipodroom,13,success,"{"total":13,"location_name":"Hipodroom","location_id":1}"
2026-08-24 21:10:28,EEST,3,T1,23,success,"{"total":23,"location_name":"T1 Shopping Mall","location_id":3}"
2026-08-24 21:10:28,EEST,9,Mustika,16,success,"{"total":16,"location_name":"Mustika","location_id":9}"
2026-08-24 21:10:28,EEST,10,Suur-Paala,22,success,"{"total":22,"location_name":"Suur-Paala","location_id":10}"
2026-08-24 21:12:28,EEST,1,Hipodroom,13,success,"{"total":13,"location_name":"Hipodroom","location_id":1}"
2026-08-24 21:12:28,EEST,3,T1,20,success,"{"total":20,"location_name":"T1 Shopping Mall","location_id":3}"
2026-08-24 21:12:28,EEST,9,Mustika,18,success,"{"total":18,"location_name":"Mustika","location_id":9}"
2026-08-24 21:12:28,EEST,10,Suur-Paala,21,success,"{"total":21,"location_name":"Suur-Paala","location_id":10}"
2026-08-24 21:14:29,EEST,1,Hipodroom,13,success,"{"total":13,"location_name":"Hipodroom","location_id":1}"
2026-08-24 21:14:29,EEST,3,T1,20,success,"{"total":20,"location_name":"T1 Shopping Mall","location_id":3}"
2026-08-24 21:14:29,EEST,9,Mustika,18,success,"{"total":18,"location_name":"Mustika","location_id":9}"
2026-08-24 21:14:29,EEST,10,Suur-Paala,21,success,"{"total":21,"location_name":"Suur-Paala","location_id":10}"
2026-08-24 21:16:30,EEST,1,Hipodroom,13,success,"{"total":13,"location_name":"Hipodroom","location_id":1}"
2026-08-24 21:16:30,EEST,3,T1,20,success,"{"total":20,"location_name":"T1 Shopping Mall","location_id":3}"
2026-08-24 21:16:30,EEST,9,Mustika,18,success,"{"total":18,"location_name":"Mustika","location_id":9}"
2026-08-24 21:16:30,EEST,10,Suur-Paala,21,success,"{"total":21,"location_name":"Suur-Paala","location_id":10}"
2026-08-24 21:18:30,EEST,1,Hipodroom,12,success,"{"total":12,"location_name":"Hipodroom","location_id":1}"
2026-08-24 21:18:30,EEST,3,T1,20,success,"{"total":20,"location_name":"T1 Shopping Mall","location_id":3}"
2026-08-24 21:18:30,EEST,9,Mustika,17,success,"{"total":17,"location_name":"Mustika","location_id":9}"
2026-08-24 21:18:30,EEST,10,Suur-Paala,19,success,"{"total":19,"location_name":"Suur-Paala","location_id":10}"
2026-08-24 21:20:31,EEST,1,Hipodroom,12,success,"{"total":12,"location_name":"Hipodroom","location_id":1}"
2026-08-24 21:20:31,EEST,3,T1,20,success,"{"total":20,"location_name":"T1 Shopping Mall","location_id":3}"
2026-08-24 21:20:31,EEST,9,Mustika,17,success,"{"total":17,"location_name":"Mustika","location_id":9}"
2026-08-24 21:20:31,EEST,10,Suur-Paala,19,success,"{"total":19,"location_name":"Suur-Paala","location_id":10}"
2026-08-24 21:22:31,EEST,1,Hipodroom,12,success,"{"total":12,"location_name":"Hipodroom","location_id":1}"
2026-08-24 21:22:31,EEST,3,T1,20,success,"{"total":20,"location_name":"T1 Shopping Mall","location_id":3}"
2026-08-24 21:22:31,EEST,9,Mustika,17,success,"{"total":17,"location_name":"Mustika","location_id":9}"
2026-08-24 21:22:31,EEST,10,Suur-Paala,19,success,"{"total":19,"location_name":"Suur-Paala","location_id":10}"
2026-08-24 21:24:32,EEST,1,Hipodroom,11,success,"{"total":11,"location_name":"Hipodroom","location_id":1}"
2026-08-24 21:24:32,EEST,3,T1,19,success,"{"total":19,"location_name":"T1 Shopping Mall","location_id":3}"
2026-08-24 21:24:32,EEST,9,Mustika,17,success,"{"total":17,"location_name":"Mustika","location_id":9}"
2026-08-24 21:24:32,EEST,10,Suur-Paala,17,success,"{"total":17,"location_name":"Suur-Paala","location_id":10}"
2026-08-24 21:26:32,EEST,1,Hipodroom,11,success,"{"total":11,"location_name":"Hipodroom","location_id":1}"
2026-08-24 21:26:32,EEST,3,T1,19,success,"{"total":19,"location_name":"T1 Shopping Mall","location_id":3}"
2026-08-24 21:26:32,EEST,9,Mustika,17,success,"{"total":17,"location_name":"Mustika","location_id":9}"
2026-08-24 21:26:32,EEST,10,Suur-Paala,17,success,"{"total":17,"location_name":"Suur-Paala","location_id":10}"
2026-08-24 21:28:33,EEST,1,Hipodroom,11,success,"{"total":11,"location_name":"Hipodroom","location_id":1}"
2026-08-24 21:28:33,EEST,3,T1,19,success,"{"total":19,"location_name":"T1 Shopping Mall","location_id":3}"
2026-08-24 21:28:33,EEST,9,Mustika,17,success,"{"total":17,"location_name":"Mustika","location_id":9}"
2026-08-24 21:28:33,EEST,10,Suur-Paala,17,success,"{"total":17,"location_name":"Suur-Paala","location_id":10}"
2026-08-24 21:30:33,EEST,1,Hipodroom,9,success,"{"total":9,"location_name":"Hipodroom","location_id":1}"
2026-08-24 21:30:33,EEST,3,T1,18,success,"{"total":18,"location_name":"T1 Shopping Mall","location_id":3}"
2026-08-24 21:30:33,EEST,9,Mustika,15,success,"{"total":15,"location_name":"Mustika","location_id":9}"
2026-08-24 21:30:33,EEST,10,Suur-Paala,16,success,"{"total":16,"location_name":"Suur-Paala","location_id":10}"
2026-08-24 21:32:34,EEST,1,Hipodroom,9,success,"{"total":9,"location_name":"Hipodroom","location_id":1}"
2026-08-24 21:32:34,EEST,3,T1,18,success,"{"total":18,"location_name":"T1 Shopping Mall","location_id":3}"
2026-08-24 21:32:34,EEST,9,Mustika,15,success,"{"total":15,"location_name":"Mustika","location_id":9}"
2026-08-24 21:32:34,EEST,10,Suur-Paala,16,success,"{"total":16,"location_name":"Suur-Paala","location_id":10}"
2026-08-24 21:34:34,EEST,1,Hipodroom,9,success,"{"total":9,"location_name":"Hipodroom","location_id":1}"
2026-08-24 21:34:34,EEST,3,T1,18,success,"{"total":18,"location_name":"T1 Shopping Mall","location_id":3}"
2026-08-24 21:34:34,EEST,9,Mustika,15,success,"{"total":15,"location_name":"Mustika","location_id":9}"
2026-08-24 21:34:34,EEST,10,Suur-Paala,16,success,"{"total":16,"location_name":"Suur-Paala","location_id":10}"
2026-08-24 21:36:35,EEST,1,Hipodroom,6,success,"{"total":6,"location_name":"Hipodroom","location_id":1}"
2026-08-24 21:36:35,EEST,3,T1,17,success,"{"total":17,"location_name":"T1 Shopping Mall","location_id":3}"
2026-08-24 21:36:35,EEST,9,Mustika,12,success,"{"total":12,"location_name":"Mustika","location_id":9}"
2026-08-24 21:36:35,EEST,10,Suur-Paala,13,success,"{"total":13,"location_name":"Suur-Paala","location_id":10}"
2026-08-24 21:38:36,EEST,1,Hipodroom,6,success,"{"total":6,"location_name":"Hipodroom","location_id":1}"
2026-08-24 21:38:36,EEST,3,T1,17,success,"{"total":17,"location_name":"T1 Shopping Mall","location_id":3}"
2026-08-24 21:38:36,EEST,9,Mustika,12,success,"{"total":12,"location_name":"Mustika","location_id":9}"
2026-08-24 21:38:36,EEST,10,Suur-Paala,13,success,"{"total":13,"location_name":"Suur-Paala","location_id":10}"
2026-08-24 21:40:36,EEST,1,Hipodroom,6,success,"{"total":6,"location_name":"Hipodroom","location_id":1}"
2026-08-24 21:40:36,EEST,3,T1,17,success,"{"total":17,"location_name":"T1 Shopping Mall","location_id":3}"
2026-08-24 21:40:36,EEST,9,Mustika,12,success,"{"total":12,"location_name":"Mustika","location_id":9}"
2026-08-24 21:40:36,EEST,10,Suur-Paala,13,success,"{"total":13,"location_name":"Suur-Paala","location_id":10}"
2026-08-24 21:42:37,EEST,1,Hipodroom,7,success,"{"total":7,"location_name":"Hipodroom","location_id":1}"
2026-08-24 21:42:37,EEST,3,T1,15,success,"{"total":15,"location_name":"T1 Shopping Mall","location_id":3}"
2026-08-24 21:42:37,EEST,9,Mustika,12,success,"{"total":12,"location_name":"Mustika","location_id":9}"
2026-08-24 21:42:37,EEST,10,Suur-Paala,10,success,"{"total":10,"location_name":"Suur-Paala","location_id":10}"
2026-08-24 21:44:38,EEST,1,Hipodroom,7,success,"{"total":7,"location_name":"Hipodroom","location_id":1}"
2026-08-24 21:44:38,EEST,3,T1,15,success,"{"total":15,"location_name":"T1 Shopping Mall","location_id":3}"
2026-08-24 21:44:38,EEST,9,Mustika,12,success,"{"total":12,"location_name":"Mustika","location_id":9}"
2026-08-24 21:44:38,EEST,10,Suur-Paala,10,success,"{"total":10,"location_name":"Suur-Paala","location_id":10}"
2026-08-24 21:46:38,EEST,1,Hipodroom,7,success,"{"total":7,"location_name":"Hipodroom","location_id":1}"
2026-08-24 21:46:38,EEST,3,T1,15,success,"{"total":15,"location_name":"T1 Shopping Mall","location_id":3}"
2026-08-24 21:46:38,EEST,9,Mustika,12,success,"{"total":12,"location_name":"Mustika","location_id":9}"
2026-08-24 21:46:38,EEST,10,Suur-Paala,10,success,"{"total":10,"location_name":"Suur-Paala","location_id":10}"
2026-08-24 21:48:39,EEST,1,Hipodroom,7,success,"{"total":7,"location_name":"Hipodroom","location_id":1}"
2026-08-24 21:48:39,EEST,3,T1,15,success,"{"total":15,"location_name":"T1 Shopping Mall","location_id":3}"
2026-08-24 21:48:39,EEST,9,Mustika,12,success,"{"total":12,"location_name":"Mustika","location_id":9}"
2026-08-24 21:48:39,EEST,10,Suur-Paala,10,success,"{"total":10,"location_name":"Suur-Paala","location_id":10}"
2026-08-24 21:50:40,EEST,1,Hipodroom,7,success,"{"total":7,"location_name":"Hipodroom","location_id":1}"
2026-08-24 21:50:40,EEST,3,T1,15,success,"{"total":15,"location_name":"T1 Shopping Mall","location_id":3}"
2026-08-24 21:50:40,EEST,9,Mustika,12,success,"{"total":12,"location_name":"Mustika","location_id":9}"
2026-08-24 21:50:40,EEST,10,Suur-Paala,10,success,"{"total":10,"location_name":"Suur-Paala","location_id":10}"
2026-08-24 21:52:40,EEST,1,Hipodroom,7,success,"{"total":7,"location_name":"Hipodroom","location_id":1}"
2026-08-24 21:52:40,EEST,3,T1,15,success,"{"total":15,"location_name":"T1 Shopping Mall","location_id":3}"
2026-08-24 21:52:40,EEST,9,Mustika,12,success,"{"total":12,"location_name":"Mustika","location_id":9}"
2026-08-24 21:52:40,EEST,10,Suur-Paala,10,success,"{"total":10,"location_name":"Suur-Paala","location_id":10}"
2026-08-24 21:54:41,EEST,1,Hipodroom,6,success,"{"total":6,"location_name":"Hipodroom","location_id":1}"
2026-08-24 21:54:41,EEST,3,T1,12,success,"{"total":12,"location_name":"T1 Shopping Mall","location_id":3}"
2026-08-24 21:54:41,EEST,9,Mustika,13,success,"{"total":13,"location_name":"Mustika","location_id":9}"
2026-08-24 21:54:41,EEST,10,Suur-Paala,9,success,"{"total":9,"location_name":"Suur-Paala","location_id":10}"
2026-08-24 21:56:41,EEST,1,Hipodroom,6,success,"{"total":6,"location_name":"Hipodroom","location_id":1}"
2026-08-24 21:56:41,EEST,3,T1,12,success,"{"total":12,"location_name":"T1 Shopping Mall","location_id":3}"
2026-08-24 21:56:41,EEST,9,Mustika,13,success,"{"total":13,"location_name":"Mustika","location_id":9}"
2026-08-24 21:56:41,EEST,10,Suur-Paala,9,success,"{"total":9,"location_name":"Suur-Paala","location_id":10}"
2026-08-24 21:58:42,EEST,1,Hipodroom,6,success,"{"total":6,"location_name":"Hipodroom","location_id":1}"
2026-08-24 21:58:42,EEST,3,T1,12,success,"{"total":12,"location_name":"T1 Shopping Mall","location_id":3}"
2026-08-24 21:58:42,EEST,9,Mustika,13,success,"{"total":13,"location_name":"Mustika","location_id":9}"
2026-08-24 21:58:42,EEST,10,Suur-Paala,9,success,"{"total":9,"location_name":"Suur-Paala","location_id":10}"
2026-08-24 22:00:42,EEST,1,Hipodroom,6,success,"{"total":6,"location_name":"Hipodroom","location_id":1}"
2026-08-24 22:00:42,EEST,3,T1,12,success,"{"total":12,"location_name":"T1 Shopping Mall","location_id":3}"
2026-08-24 22:00:42,EEST,9,Mustika,13,success,"{"total":13,"location_name":"Mustika","location_id":9}"
2026-08-24 22:00:42,EEST,10,Suur-Paala,9,success,"{"total":9,"location_name":"Suur-Paala","location_id":10}"
2026-08-24 22:02:43,EEST,1,Hipodroom,6,success,"{"total":6,"location_name":"Hipodroom","location_id":1}"
2026-08-24 22:02:43,EEST,3,T1,12,success,"{"total":12,"location_name":"T1 Shopping Mall","location_id":3}"
2026-08-24 22:02:43,EEST,9,Mustika,13,success,"{"total":13,"location_name":"Mustika","location_id":9}"
2026-08-24 22:02:43,EEST,10,Suur-Paala,9,success,"{"total":9,"location_name":"Suur-Paala","location_id":10}"
2026-08-24 22:04:43,EEST,1,Hipodroom,6,success,"{"total":6,"location_name":"Hipodroom","location_id":1}"
2026-08-24 22:04:43,EEST,3,T1,12,success,"{"total":12,"location_name":"T1 Shopping Mall","location_id":3}"
2026-08-24 22:04:43,EEST,9,Mustika,13,success,"{"total":13,"location_name":"Mustika","location_id":9}"
2026-08-24 22:04:43,EEST,10,Suur-Paala,9,success,"{"total":9,"location_name":"Suur-Paala","location_id":10}"
2026-08-24 22:06:44,EEST,1,Hipodroom,6,success,"{"total":6,"location_name":"Hipodroom","location_id":1}"
2026-08-24 22:06:44,EEST,3,T1,14,success,"{"total":14,"location_name":"T1 Shopping Mall","location_id":3}"
2026-08-24 22:06:44,EEST,9,Mustika,9,success,"{"total":9,"location_name":"Mustika","location_id":9}"
2026-08-24 22:06:44,EEST,10,Suur-Paala,9,success,"{"total":9,"location_name":"Suur-Paala","location_id":10}"
2026-08-24 22:08:45,EEST,1,Hipodroom,6,success,"{"total":6,"location_name":"Hipodroom","location_id":1}"
2026-08-24 22:08:45,EEST,3,T1,14,success,"{"total":14,"location_name":"T1 Shopping Mall","location_id":3}"
2026-08-24 22:08:45,EEST,9,Mustika,9,success,"{"total":9,"location_name":"Mustika","location_id":9}"
2026-08-24 22:08:45,EEST,10,Suur-Paala,9,success,"{"total":9,"location_name":"Suur-Paala","location_id":10}"
2026-08-24 22:10:45,EEST,1,Hipodroom,6,success,"{"total":6,"location_name":"Hipodroom","location_id":1}"
2026-08-24 22:10:45,EEST,3,T1,14,success,"{"total":14,"location_name":"T1 Shopping Mall","location_id":3}"
2026-08-24 22:10:45,EEST,9,Mustika,9,success,"{"total":9,"location_name":"Mustika","location_id":9}"
2026-08-24 22:10:45,EEST,10,Suur-Paala,9,success,"{"total":9,"location_name":"Suur-Paala","location_id":10}"
2026-08-24 22:12:46,EEST,1,Hipodroom,6,success,"{"total":6,"location_name":"Hipodroom","location_id":1}"
2026-08-24 22:12:46,EEST,3,T1,14,success,"{"total":14,"location_name":"T1 Shopping Mall","location_id":3}"
2026-08-24 22:12:46,EEST,9,Mustika,12,success,"{"total":12,"location_name":"Mustika","location_id":9}"
2026-08-24 22:12:46,EEST,10,Suur-Paala,9,success,"{"total":9,"location_name":"Suur-Paala","location_id":10}"
2026-08-24 22:14:47,EEST,1,Hipodroom,6,success,"{"total":6,"location_name":"Hipodroom","location_id":1}"
2026-08-24 22:14:47,EEST,3,T1,14,success,"{"total":14,"location_name":"T1 Shopping Mall","location_id":3}"
2026-08-24 22:14:47,EEST,9,Mustika,12,success,"{"total":12,"location_name":"Mustika","location_id":9}"
2026-08-24 22:14:47,EEST,10,Suur-Paala,9,success,"{"total":9,"location_name":"Suur-Paala","location_id":10}"
2026-08-24 22:16:47,EEST,1,Hipodroom,6,success,"{"total":6,"location_name":"Hipodroom","location_id":1}"
2026-08-24 22:16:47,EEST,3,T1,14,success,"{"total":14,"location_name":"T1 Shopping Mall","location_id":3}"
2026-08-24 22:16:47,EEST,9,Mustika,12,success,"{"total":12,"location_name":"Mustika","location_id":9}"
2026-08-24 22:16:47,EEST,10,Suur-Paala,9,success,"{"total":9,"location_name":"Suur-Paala","location_id":10}"
2026-08-24 22:18:48,EEST,1,Hipodroom,6,success,"{"total":6,"location_name":"Hipodroom","location_id":1}"
2026-08-24 22:18:48,EEST,3,T1,12,success,"{"total":12,"location_name":"T1 Shopping Mall","location_id":3}"
2026-08-24 22:18:48,EEST,9,Mustika,12,success,"{"total":12,"location_name":"Mustika","location_id":9}"
2026-08-24 22:18:48,EEST,10,Suur-Paala,8,success,"{"total":8,"location_name":"Suur-Paala","location_id":10}"
2026-08-24 22:20:48,EEST,1,Hipodroom,6,success,"{"total":6,"location_name":"Hipodroom","location_id":1}"
2026-08-24 22:20:48,EEST,3,T1,12,success,"{"total":12,"location_name":"T1 Shopping Mall","location_id":3}"
2026-08-24 22:20:48,EEST,9,Mustika,12,success,"{"total":12,"location_name":"Mustika","location_id":9}"
2026-08-24 22:20:48,EEST,10,Suur-Paala,8,success,"{"total":8,"location_name":"Suur-Paala","location_id":10}"
2026-08-24 22:22:49,EEST,1,Hipodroom,6,success,"{"total":6,"location_name":"Hipodroom","location_id":1}"
2026-08-24 22:22:49,EEST,3,T1,12,success,"{"total":12,"location_name":"T1 Shopping Mall","location_id":3}"
2026-08-24 22:22:49,EEST,9,Mustika,12,success,"{"total":12,"location_name":"Mustika","location_id":9}"
2026-08-24 22:22:49,EEST,10,Suur-Paala,8,success,"{"total":8,"location_name":"Suur-Paala","location_id":10}"
2026-08-24 22:24:49,EEST,1,Hipodroom,4,success,"{"total":4,"location_name":"Hipodroom","location_id":1}"
2026-08-24 22:24:49,EEST,3,T1,10,success,"{"total":10,"location_name":"T1 Shopping Mall","location_id":3}"
2026-08-24 22:24:49,EEST,9,Mustika,12,success,"{"total":12,"location_name":"Mustika","location_id":9}"
2026-08-24 22:24:49,EEST,10,Suur-Paala,7,success,"{"total":7,"location_name":"Suur-Paala","location_id":10}"
2026-08-24 22:26:50,EEST,1,Hipodroom,4,success,"{"total":4,"location_name":"Hipodroom","location_id":1}"
2026-08-24 22:26:50,EEST,3,T1,10,success,"{"total":10,"location_name":"T1 Shopping Mall","location_id":3}"
2026-08-24 22:26:50,EEST,9,Mustika,12,success,"{"total":12,"location_name":"Mustika","location_id":9}"
2026-08-24 22:26:50,EEST,10,Suur-Paala,7,success,"{"total":7,"location_name":"Suur-Paala","location_id":10}"
2026-08-24 22:28:51,EEST,1,Hipodroom,4,success,"{"total":4,"location_name":"Hipodroom","location_id":1}"
2026-08-24 22:28:51,EEST,3,T1,10,success,"{"total":10,"location_name":"T1 Shopping Mall","location_id":3}"
2026-08-24 22:28:51,EEST,9,Mustika,12,success,"{"total":12,"location_name":"Mustika","location_id":9}"
2026-08-24 22:28:51,EEST,10,Suur-Paala,7,success,"{"total":7,"location_name":"Suur-Paala","location_id":10}"
2026-08-24 22:30:51,EEST,1,Hipodroom,4,success,"{"total":4,"location_name":"Hipodroom","location_id":1}"
2026-08-24 22:30:51,EEST,3,T1,10,success,"{"total":10,"location_name":"T1 Shopping Mall","location_id":3}"
2026-08-24 22:30:51,EEST,9,Mustika,12,success,"{"total":12,"location_name":"Mustika","location_id":9}"
2026-08-24 22:30:51,EEST,10,Suur-Paala,3,success,"{"total":3,"location_name":"Suur-Paala","location_id":10}"
2026-08-24 22:32:52,EEST,1,Hipodroom,4,success,"{"total":4,"location_name":"Hipodroom","location_id":1}"
2026-08-24 22:32:52,EEST,3,T1,10,success,"{"total":10,"location_name":"T1 Shopping Mall","location_id":3}"
2026-08-24 22:32:52,EEST,9,Mustika,12,success,"{"total":12,"location_name":"Mustika","location_id":9}"
2026-08-24 22:32:52,EEST,10,Suur-Paala,3,success,"{"total":3,"location_name":"Suur-Paala","location_id":10}"
2026-08-24 22:34:52,EEST,1,Hipodroom,4,success,"{"total":4,"location_name":"Hipodroom","location_id":1}"
2026-08-24 22:34:52,EEST,3,T1,10,success,"{"total":10,"location_name":"T1 Shopping Mall","location_id":3}"
2026-08-24 22:34:52,EEST,9,Mustika,12,success,"{"total":12,"location_name":"Mustika","location_id":9}"
2026-08-24 22:34:52,EEST,10,Suur-Paala,3,success,"{"total":3,"location_name":"Suur-Paala","location_id":10}"
2026-08-24 22:36:53,EEST,1,Hipodroom,4,success,"{"total":4,"location_name":"Hipodroom","location_id":1}"
2026-08-24 22:36:53,EEST,3,T1,10,success,"{"total":10,"location_name":"T1 Shopping Mall","location_id":3}"
2026-08-24 22:36:53,EEST,9,Mustika,12,success,"{"total":12,"location_name":"Mustika","location_id":9}"
2026-08-24 22:36:53,EEST,10,Suur-Paala,3,success,"{"total":3,"location_name":"Suur-Paala","location_id":10}"
2026-08-24 22:38:54,EEST,1,Hipodroom,4,success,"{"total":4,"location_name":"Hipodroom","location_id":1}"
2026-08-24 22:38:54,EEST,3,T1,10,success,"{"total":10,"location_name":"T1 Shopping Mall","location_id":3}"
2026-08-24 22:38:54,EEST,9,Mustika,12,success,"{"total":12,"location_name":"Mustika","location_id":9}"
2026-08-24 22:38:54,EEST,10,Suur-Paala,3,success,"{"total":3,"location_name":"Suur-Paala","location_id":10}"
2026-08-24 22:40:54,EEST,1,Hipodroom,4,success,"{"total":4,"location_name":"Hipodroom","location_id":1}"
2026-08-24 22:40:54,EEST,3,T1,10,success,"{"total":10,"location_name":"T1 Shopping Mall","location_id":3}"
2026-08-24 22:40:54,EEST,9,Mustika,12,success,"{"total":12,"location_name":"Mustika","location_id":9}"
2026-08-24 22:40:54,EEST,10,Suur-Paala,3,success,"{"total":3,"location_name":"Suur-Paala","location_id":10}"
2026-08-24 22:42:55,EEST,1,Hipodroom,4,success,"{"total":4,"location_name":"Hipodroom","location_id":1}"
2026-08-24 22:42:55,EEST,3,T1,10,success,"{"total":10,"location_name":"T1 Shopping Mall","location_id":3}"
2026-08-24 22:42:55,EEST,9,Mustika,10,success,"{"total":10,"location_name":"Mustika","location_id":9}"
2026-08-24 22:42:55,EEST,10,Suur-Paala,3,success,"{"total":3,"location_name":"Suur-Paala","location_id":10}"
2026-08-24 22:44:55,EEST,1,Hipodroom,4,success,"{"total":4,"location_name":"Hipodroom","location_id":1}"
2026-08-24 22:44:55,EEST,3,T1,10,success,"{"total":10,"location_name":"T1 Shopping Mall","location_id":3}"
2026-08-24 22:44:55,EEST,9,Mustika,10,success,"{"total":10,"location_name":"Mustika","location_id":9}"
2026-08-24 22:44:55,EEST,10,Suur-Paala,3,success,"{"total":3,"location_name":"Suur-Paala","location_id":10}"
2026-08-24 22:46:56,EEST,1,Hipodroom,4,success,"{"total":4,"location_name":"Hipodroom","location_id":1}"
2026-08-24 22:46:56,EEST,3,T1,10,success,"{"total":10,"location_name":"T1 Shopping Mall","location_id":3}"
2026-08-24 22:46:56,EEST,9,Mustika,10,success,"{"total":10,"location_name":"Mustika","location_id":9}"
2026-08-24 22:46:56,EEST,10,Suur-Paala,3,success,"{"total":3,"location_name":"Suur-Paala","location_id":10}"
2026-08-24 22:48:56,EEST,1,Hipodroom,3,success,"{"total":3,"location_name":"Hipodroom","location_id":1}"
2026-08-24 22:48:56,EEST,3,T1,8,success,"{"total":8,"location_name":"T1 Shopping Mall","location_id":3}"
2026-08-24 22:48:56,EEST,9,Mustika,10,success,"{"total":10,"location_name":"Mustika","location_id":9}"
2026-08-24 22:48:56,EEST,10,Suur-Paala,3,success,"{"total":3,"location_name":"Suur-Paala","location_id":10}"
2026-08-24 22:50:57,EEST,1,Hipodroom,3,success,"{"total":3,"location_name":"Hipodroom","location_id":1}"
2026-08-24 22:50:57,EEST,3,T1,8,success,"{"total":8,"location_name":"T1 Shopping Mall","location_id":3}"
2026-08-24 22:50:57,EEST,9,Mustika,10,success,"{"total":10,"location_name":"Mustika","location_id":9}"
2026-08-24 22:50:57,EEST,10,Suur-Paala,3,success,"{"total":3,"location_name":"Suur-Paala","location_id":10}"
2026-08-24 22:52:58,EEST,1,Hipodroom,3,success,"{"total":3,"location_name":"Hipodroom","location_id":1}"
2026-08-24 22:52:58,EEST,3,T1,8,success,"{"total":8,"location_name":"T1 Shopping Mall","location_id":3}"
2026-08-24 22:52:58,EEST,9,Mustika,10,success,"{"total":10,"location_name":"Mustika","location_id":9}"
2026-08-24 22:52:58,EEST,10,Suur-Paala,3,success,"{"total":3,"location_name":"Suur-Paala","location_id":10}"
2026-08-24 22:54:58,EEST,1,Hipodroom,3,success,"{"total":3,"location_name":"Hipodroom","location_id":1}"
2026-08-24 22:54:58,EEST,3,T1,7,success,"{"total":7,"location_name":"T1 Shopping Mall","location_id":3}"
2026-08-24 22:54:58,EEST,9,Mustika,10,success,"{"total":10,"location_name":"Mustika","location_id":9}"
2026-08-24 22:54:58,EEST,10,Suur-Paala,3,success,"{"total":3,"location_name":"Suur-Paala","location_id":10}"
2026-08-24 22:56:59,EEST,1,Hipodroom,3,success,"{"total":3,"location_name":"Hipodroom","location_id":1}"
2026-08-24 22:56:59,EEST,3,T1,7,success,"{"total":7,"location_name":"T1 Shopping Mall","location_id":3}"
2026-08-24 22:56:59,EEST,9,Mustika,10,success,"{"total":10,"location_name":"Mustika","location_id":9}"
2026-08-24 22:56:59,EEST,10,Suur-Paala,3,success,"{"total":3,"location_name":"Suur-Paala","location_id":10}"
2026-08-24 22:58:59,EEST,1,Hipodroom,3,success,"{"total":3,"location_name":"Hipodroom","location_id":1}"
2026-08-24 22:58:59,EEST,3,T1,7,success,"{"total":7,"location_name":"T1 Shopping Mall","location_id":3}"
2026-08-24 22:58:59,EEST,9,Mustika,10,success,"{"total":10,"location_name":"Mustika","location_id":9}"
2026-08-24 22:58:59,EEST,10,Suur-Paala,3,success,"{"total":3,"location_name":"Suur-Paala","location_id":10}"
2026-08-24 23:01:00,EEST,1,Hipodroom,3,success,"{"total":3,"location_name":"Hipodroom","location_id":1}"
2026-08-24 23:01:00,EEST,3,T1,6,success,"{"total":6,"location_name":"T1 Shopping Mall","location_id":3}"
2026-08-24 23:01:00,EEST,9,Mustika,10,success,"{"total":10,"location_name":"Mustika","location_id":9}"
2026-08-24 23:01:00,EEST,10,Suur-Paala,2,success,"{"total":2,"location_name":"Suur-Paala","location_id":10}"
2026-08-24 23:03:00,EEST,1,Hipodroom,3,success,"{"total":3,"location_name":"Hipodroom","location_id":1}"
2026-08-24 23:03:00,EEST,3,T1,6,success,"{"total":6,"location_name":"T1 Shopping Mall","location_id":3}"
2026-08-24 23:03:00,EEST,9,Mustika,10,success,"{"total":10,"location_name":"Mustika","location_id":9}"
2026-08-24 23:03:00,EEST,10,Suur-Paala,2,success,"{"total":2,"location_name":"Suur-Paala","location_id":10}"
2026-08-24 23:05:01,EEST,1,Hipodroom,3,success,"{"total":3,"location_name":"Hipodroom","location_id":1}"
2026-08-24 23:05:01,EEST,3,T1,6,success,"{"total":6,"location_name":"T1 Shopping Mall","location_id":3}"
2026-08-24 23:05:01,EEST,9,Mustika,10,success,"{"total":10,"location_name":"Mustika","location_id":9}"
2026-08-24 23:05:01,EEST,10,Suur-Paala,2,success,"{"total":2,"location_name":"Suur-Paala","location_id":10}"
2026-08-24 23:07:01,EEST,1,Hipodroom,2,success,"{"total":2,"location_name":"Hipodroom","location_id":1}"
2026-08-24 23:07:01,EEST,3,T1,6,success,"{"total":6,"location_name":"T1 Shopping Mall","location_id":3}"
2026-08-24 23:07:01,EEST,9,Mustika,10,success,"{"total":10,"location_name":"Mustika","location_id":9}"
2026-08-24 23:07:01,EEST,10,Suur-Paala,2,success,"{"total":2,"location_name":"Suur-Paala","location_id":10}"
2026-08-24 23:09:02,EEST,1,Hipodroom,2,success,"{"total":2,"location_name":"Hipodroom","location_id":1}"
2026-08-24 23:09:02,EEST,3,T1,6,success,"{"total":6,"location_name":"T1 Shopping Mall","location_id":3}"
2026-08-24 23:09:02,EEST,9,Mustika,10,success,"{"total":10,"location_name":"Mustika","location_id":9}"
2026-08-24 23:09:02,EEST,10,Suur-Paala,2,success,"{"total":2,"location_name":"Suur-Paala","location_id":10}"
2026-08-24 23:11:03,EEST,1,Hipodroom,2,success,"{"total":2,"location_name":"Hipodroom","location_id":1}"
2026-08-24 23:11:03,EEST,3,T1,6,success,"{"total":6,"location_name":"T1 Shopping Mall","location_id":3}"
2026-08-24 23:11:03,EEST,9,Mustika,10,success,"{"total":10,"location_name":"Mustika","location_id":9}"
2026-08-24 23:11:03,EEST,10,Suur-Paala,2,success,"{"total":2,"location_name":"Suur-Paala","location_id":10}"
2026-08-24 23:13:03,EEST,1,Hipodroom,2,success,"{"total":2,"location_name":"Hipodroom","location_id":1}"
2026-08-24 23:13:03,EEST,3,T1,6,success,"{"total":6,"location_name":"T1 Shopping Mall","location_id":3}"
2026-08-24 23:13:03,EEST,9,Mustika,10,success,"{"total":10,"location_name":"Mustika","location_id":9}"
2026-08-24 23:13:03,EEST,10,Suur-Paala,2,success,"{"total":2,"location_name":"Suur-Paala","location_id":10}"
2026-08-24 23:15:04,EEST,1,Hipodroom,2,success,"{"total":2,"location_name":"Hipodroom","location_id":1}"
2026-08-24 23:15:04,EEST,3,T1,6,success,"{"total":6,"location_name":"T1 Shopping Mall","location_id":3}"
2026-08-24 23:15:04,EEST,9,Mustika,10,success,"{"total":10,"location_name":"Mustika","location_id":9}"
2026-08-24 23:15:04,EEST,10,Suur-Paala,2,success,"{"total":2,"location_name":"Suur-Paala","location_id":10}"
2026-08-24 23:17:04,EEST,1,Hipodroom,2,success,"{"total":2,"location_name":"Hipodroom","location_id":1}"
2026-08-24 23:17:04,EEST,3,T1,6,success,"{"total":6,"location_name":"T1 Shopping Mall","location_id":3}"
2026-08-24 23:17:04,EEST,9,Mustika,10,success,"{"total":10,"location_name":"Mustika","location_id":9}"
2026-08-24 23:17:04,EEST,10,Suur-Paala,2,success,"{"total":2,"location_name":"Suur-Paala","location_id":10}"
2026-08-24 23:19:05,EEST,1,Hipodroom,2,success,"{"total":2,"location_name":"Hipodroom","location_id":1}"
2026-08-24 23:19:05,EEST,3,T1,6,success,"{"total":6,"location_name":"T1 Shopping Mall","location_id":3}"
2026-08-24 23:19:05,EEST,9,Mustika,10,success,"{"total":10,"location_name":"Mustika","location_id":9}"
2026-08-24 23:19:05,EEST,10,Suur-Paala,2,success,"{"total":2,"location_name":"Suur-Paala","location_id":10}"
2026-08-24 23:21:06,EEST,1,Hipodroom,2,success,"{"total":2,"location_name":"Hipodroom","location_id":1}"
2026-08-24 23:21:06,EEST,3,T1,6,success,"{"total":6,"location_name":"T1 Shopping Mall","location_id":3}"
2026-08-24 23:21:06,EEST,9,Mustika,10,success,"{"total":10,"location_name":"Mustika","location_id":9}"
2026-08-24 23:21:06,EEST,10,Suur-Paala,2,success,"{"total":2,"location_name":"Suur-Paala","location_id":10}"
2026-08-24 23:23:06,EEST,1,Hipodroom,2,success,"{"total":2,"location_name":"Hipodroom","location_id":1}"
2026-08-24 23:23:06,EEST,3,T1,6,success,"{"total":6,"location_name":"T1 Shopping Mall","location_id":3}"
2026-08-24 23:23:06,EEST,9,Mustika,10,success,"{"total":10,"location_name":"Mustika","location_id":9}"
2026-08-24 23:23:06,EEST,10,Suur-Paala,2,success,"{"total":2,"location_name":"Suur-Paala","location_id":10}"
2026-08-24 23:25:07,EEST,1,Hipodroom,1,success,"{"total":1,"location_name":"Hipodroom","location_id":1}"
2026-08-24 23:25:07,EEST,3,T1,5,success,"{"total":5,"location_name":"T1 Shopping Mall","location_id":3}"
2026-08-24 23:25:07,EEST,9,Mustika,8,success,"{"total":8,"location_name":"Mustika","location_id":9}"
2026-08-24 23:25:07,EEST,10,Suur-Paala,2,success,"{"total":2,"location_name":"Suur-Paala","location_id":10}"
2026-08-24 23:27:07,EEST,1,Hipodroom,1,success,"{"total":1,"location_name":"Hipodroom","location_id":1}"
2026-08-24 23:27:07,EEST,3,T1,5,success,"{"total":5,"location_name":"T1 Shopping Mall","location_id":3}"
2026-08-24 23:27:07,EEST,9,Mustika,8,success,"{"total":8,"location_name":"Mustika","location_id":9}"
2026-08-24 23:27:07,EEST,10,Suur-Paala,2,success,"{"total":2,"location_name":"Suur-Paala","location_id":10}"
2026-08-24 23:29:08,EEST,1,Hipodroom,1,success,"{"total":1,"location_name":"Hipodroom","location_id":1}"
2026-08-24 23:29:08,EEST,3,T1,5,success,"{"total":5,"location_name":"T1 Shopping Mall","location_id":3}"
2026-08-24 23:29:08,EEST,9,Mustika,8,success,"{"total":8,"location_name":"Mustika","location_id":9}"
2026-08-24 23:29:08,EEST,10,Suur-Paala,2,success,"{"total":2,"location_name":"Suur-Paala","location_id":10}"
2026-08-24 23:31:09,EEST,1,Hipodroom,1,success,"{"total":1,"location_name":"Hipodroom","location_id":1}"
2026-08-24 23:31:09,EEST,3,T1,5,success,"{"total":5,"location_name":"T1 Shopping Mall","location_id":3}"
2026-08-24 23:31:09,EEST,9,Mustika,8,success,"{"total":8,"location_name":"Mustika","location_id":9}"
2026-08-24 23:31:09,EEST,10,Suur-Paala,2,success,"{"total":2,"location_name":"Suur-Paala","location_id":10}"
2026-08-24 23:33:09,EEST,1,Hipodroom,1,success,"{"total":1,"location_name":"Hipodroom","location_id":1}"
2026-08-24 23:33:09,EEST,3,T1,5,success,"{"total":5,"location_name":"T1 Shopping Mall","location_id":3}"
2026-08-24 23:33:09,EEST,9,Mustika,8,success,"{"total":8,"location_name":"Mustika","location_id":9}"
2026-08-24 23:33:09,EEST,10,Suur-Paala,2,success,"{"total":2,"location_name":"Suur-Paala","location_id":10}"
2026-08-24 23:35:10,EEST,1,Hipodroom,1,success,"{"total":1,"location_name":"Hipodroom","location_id":1}"
2026-08-24 23:35:10,EEST,3,T1,5,success,"{"total":5,"location_name":"T1 Shopping Mall","location_id":3}"
2026-08-24 23:35:10,EEST,9,Mustika,8,success,"{"total":8,"location_name":"Mustika","location_id":9}"
2026-08-24 23:35:10,EEST,10,Suur-Paala,2,success,"{"total":2,"location_name":"Suur-Paala","location_id":10}"
2026-08-24 23:37:10,EEST,1,Hipodroom,1,success,"{"total":1,"location_name":"Hipodroom","location_id":1}"
2026-08-24 23:37:10,EEST,3,T1,5,success,"{"total":5,"location_name":"T1 Shopping Mall","location_id":3}"
2026-08-24 23:37:10,EEST,9,Mustika,8,success,"{"total":8,"location_name":"Mustika","location_id":9}"
2026-08-24 23:37:10,EEST,10,Suur-Paala,2,success,"{"total":2,"location_name":"Suur-Paala","location_id":10}"
2026-08-24 23:39:11,EEST,1,Hipodroom,1,success,"{"total":1,"location_name":"Hipodroom","location_id":1}"
2026-08-24 23:39:11,EEST,3,T1,5,success,"{"total":5,"location_name":"T1 Shopping Mall","location_id":3}"
2026-08-24 23:39:11,EEST,9,Mustika,8,success,"{"total":8,"location_name":"Mustika","location_id":9}"
2026-08-24 23:39:11,EEST,10,Suur-Paala,2,success,"{"total":2,"location_name":"Suur-Paala","location_id":10}"
2026-08-24 23:41:11,EEST,1,Hipodroom,1,success,"{"total":1,"location_name":"Hipodroom","location_id":1}"
2026-08-24 23:41:11,EEST,3,T1,5,success,"{"total":5,"location_name":"T1 Shopping Mall","location_id":3}"
2026-08-24 23:41:11,EEST,9,Mustika,8,success,"{"total":8,"location_name":"Mustika","location_id":9}"
2026-08-24 23:41:11,EEST,10,Suur-Paala,2,success,"{"total":2,"location_name":"Suur-Paala","location_id":10}"
2026-08-24 23:43:12,EEST,1,Hipodroom,1,success,"{"total":1,"location_name":"Hipodroom","location_id":1}"
2026-08-24 23:43:12,EEST,3,T1,4,success,"{"total":4,"location_name":"T1 Shopping Mall","location_id":3}"
2026-08-24 23:43:12,EEST,9,Mustika,7,success,"{"total":7,"location_name":"Mustika","location_id":9}"
2026-08-24 23:43:12,EEST,10,Suur-Paala,2,success,"{"total":2,"location_name":"Suur-Paala","location_id":10}"
2026-08-24 23:45:13,EEST,1,Hipodroom,1,success,"{"total":1,"location_name":"Hipodroom","location_id":1}"
2026-08-24 23:45:13,EEST,3,T1,4,success,"{"total":4,"location_name":"T1 Shopping Mall","location_id":3}"
2026-08-24 23:45:13,EEST,9,Mustika,7,success,"{"total":7,"location_name":"Mustika","location_id":9}"
2026-08-24 23:45:13,EEST,10,Suur-Paala,2,success,"{"total":2,"location_name":"Suur-Paala","location_id":10}"
2026-08-24 23:47:13,EEST,1,Hipodroom,1,success,"{"total":1,"location_name":"Hipodroom","location_id":1}"
2026-08-24 23:47:13,EEST,3,T1,4,success,"{"total":4,"location_name":"T1 Shopping Mall","location_id":3}"
2026-08-24 23:47:13,EEST,9,Mustika,7,success,"{"total":7,"location_name":"Mustika","location_id":9}"
2026-08-24 23:47:13,EEST,10,Suur-Paala,2,success,"{"total":2,"location_name":"Suur-Paala","location_id":10}"
2026-08-24 23:49:14,EEST,1,Hipodroom,1,success,"{"total":1,"location_name":"Hipodroom","location_id":1}"
2026-08-24 23:49:14,EEST,3,T1,4,success,"{"total":4,"location_name":"T1 Shopping Mall","location_id":3}"
2026-08-24 23:49:14,EEST,9,Mustika,7,success,"{"total":7,"location_name":"Mustika","location_id":9}"
2026-08-24 23:49:14,EEST,10,Suur-Paala,2,success,"{"total":2,"location_name":"Suur-Paala","location_id":10}"
2026-08-24 23:51:15,EEST,1,Hipodroom,1,success,"{"total":1,"location_name":"Hipodroom","location_id":1}"
2026-08-24 23:51:15,EEST,3,T1,4,success,"{"total":4,"location_name":"T1 Shopping Mall","location_id":3}"
2026-08-24 23:51:15,EEST,9,Mustika,7,success,"{"total":7,"location_name":"Mustika","location_id":9}"
2026-08-24 23:51:15,EEST,10,Suur-Paala,2,success,"{"total":2,"location_name":"Suur-Paala","location_id":10}"
2026-08-24 23:53:15,EEST,1,Hipodroom,1,success,"{"total":1,"location_name":"Hipodroom","location_id":1}"
2026-08-24 23:53:15,EEST,3,T1,4,success,"{"total":4,"location_name":"T1 Shopping Mall","location_id":3}"
2026-08-24 23:53:15,EEST,9,Mustika,7,success,"{"total":7,"location_name":"Mustika","location_id":9}"
2026-08-24 23:53:15,EEST,10,Suur-Paala,2,success,"{"total":2,"location_name":"Suur-Paala","location_id":10}"
2026-08-24 23:55:16,EEST,1,Hipodroom,1,success,"{"total":1,"location_name":"Hipodroom","location_id":1}"
2026-08-24 23:55:16,EEST,3,T1,4,success,"{"total":4,"location_name":"T1 Shopping Mall","location_id":3}"
2026-08-24 23:55:16,EEST,9,Mustika,7,success,"{"total":7,"location_name":"Mustika","location_id":9}"
2026-08-24 23:55:16,EEST,10,Suur-Paala,2,success,"{"total":2,"location_name":"Suur-Paala","location_id":10}"
2026-08-24 23:57:17,EEST,1,Hipodroom,1,success,"{"total":1,"location_name":"Hipodroom","location_id":1}"
2026-08-24 23:57:17,EEST,3,T1,4,success,"{"total":4,"location_name":"T1 Shopping Mall","location_id":3}"
2026-08-24 23:57:17,EEST,9,Mustika,7,success,"{"total":7,"location_name":"Mustika","location_id":9}"
2026-08-24 23:57:17,EEST,10,Suur-Paala,2,success,"{"total":2,"location_name":"Suur-Paala","location_id":10}"
2026-08-24 23:59:17,EEST,1,Hipodroom,1,success,"{"total":1,"location_name":"Hipodroom","location_id":1}"
2026-08-24 23:59:17,EEST,3,T1,4,success,"{"total":4,"location_name":"T1 Shopping Mall","location_id":3}"
2026-08-24 23:59:17,EEST,9,Mustika,7,success,"{"total":7,"location_name":"Mustika","location_id":9}"
2026-08-24 23:59:17,EEST,10,Suur-Paala,2,success,"{"total":2,"location_name":"Suur-Paala","location_id":10}"
