timestamp,timezone,location_id,location_name,user_count,status,response
2026-07-25 00:00:19,EEST,1,Hipodroom,1,success,"{"total":1,"location_name":"Hipodroom","location_id":1}"
2026-07-25 00:00:19,EEST,3,T1,8,success,"{"total":8,"location_name":"T1 Shopping Mall","location_id":3}"
2026-07-25 00:00:19,EEST,9,Mustika,6,success,"{"total":6,"location_name":"Mustika","location_id":9}"
2026-07-25 00:00:19,EEST,10,Suur-Paala,1,success,"{"total":1,"location_name":"Suur-Paala","location_id":10}"
2026-07-25 00:02:20,EEST,1,Hipodroom,1,success,"{"total":1,"location_name":"Hipodroom","location_id":1}"
2026-07-25 00:02:20,EEST,3,T1,7,success,"{"total":7,"location_name":"T1 Shopping Mall","location_id":3}"
2026-07-25 00:02:20,EEST,9,Mustika,6,success,"{"total":6,"location_name":"Mustika","location_id":9}"
2026-07-25 00:02:20,EEST,10,Suur-Paala,0,success,"{"total":0,"location_name":"Suur-Paala","location_id":10}"
2026-07-25 00:04:21,EEST,1,Hipodroom,1,success,"{"total":1,"location_name":"Hipodroom","location_id":1}"
2026-07-25 00:04:21,EEST,3,T1,7,success,"{"total":7,"location_name":"T1 Shopping Mall","location_id":3}"
2026-07-25 00:04:21,EEST,9,Mustika,6,success,"{"total":6,"location_name":"Mustika","location_id":9}"
2026-07-25 00:04:21,EEST,10,Suur-Paala,0,success,"{"total":0,"location_name":"Suur-Paala","location_id":10}"
2026-07-25 00:06:22,EEST,1,Hipodroom,1,success,"{"total":1,"location_name":"Hipodroom","location_id":1}"
2026-07-25 00:06:22,EEST,3,T1,7,success,"{"total":7,"location_name":"T1 Shopping Mall","location_id":3}"
2026-07-25 00:06:22,EEST,9,Mustika,6,success,"{"total":6,"location_name":"Mustika","location_id":9}"
2026-07-25 00:06:22,EEST,10,Suur-Paala,0,success,"{"total":0,"location_name":"Suur-Paala","location_id":10}"
2026-07-25 00:08:23,EEST,1,Hipodroom,1,success,"{"total":1,"location_name":"Hipodroom","location_id":1}"
2026-07-25 00:08:23,EEST,3,T1,6,success,"{"total":6,"location_name":"T1 Shopping Mall","location_id":3}"
2026-07-25 00:08:23,EEST,9,Mustika,6,success,"{"total":6,"location_name":"Mustika","location_id":9}"
2026-07-25 00:08:23,EEST,10,Suur-Paala,0,success,"{"total":0,"location_name":"Suur-Paala","location_id":10}"
2026-07-25 00:10:24,EEST,1,Hipodroom,1,success,"{"total":1,"location_name":"Hipodroom","location_id":1}"
2026-07-25 00:10:24,EEST,3,T1,6,success,"{"total":6,"location_name":"T1 Shopping Mall","location_id":3}"
2026-07-25 00:10:24,EEST,9,Mustika,6,success,"{"total":6,"location_name":"Mustika","location_id":9}"
2026-07-25 00:10:24,EEST,10,Suur-Paala,0,success,"{"total":0,"location_name":"Suur-Paala","location_id":10}"
2026-07-25 00:12:24,EEST,1,Hipodroom,1,success,"{"total":1,"location_name":"Hipodroom","location_id":1}"
2026-07-25 00:12:24,EEST,3,T1,6,success,"{"total":6,"location_name":"T1 Shopping Mall","location_id":3}"
2026-07-25 00:12:24,EEST,9,Mustika,6,success,"{"total":6,"location_name":"Mustika","location_id":9}"
2026-07-25 00:12:24,EEST,10,Suur-Paala,0,success,"{"total":0,"location_name":"Suur-Paala","location_id":10}"
2026-07-25 00:14:25,EEST,1,Hipodroom,1,success,"{"total":1,"location_name":"Hipodroom","location_id":1}"
2026-07-25 00:14:25,EEST,3,T1,6,success,"{"total":6,"location_name":"T1 Shopping Mall","location_id":3}"
2026-07-25 00:14:25,EEST,9,Mustika,6,success,"{"total":6,"location_name":"Mustika","location_id":9}"
2026-07-25 00:14:25,EEST,10,Suur-Paala,0,success,"{"total":0,"location_name":"Suur-Paala","location_id":10}"
2026-07-25 00:16:26,EEST,1,Hipodroom,1,success,"{"total":1,"location_name":"Hipodroom","location_id":1}"
2026-07-25 00:16:26,EEST,3,T1,6,success,"{"total":6,"location_name":"T1 Shopping Mall","location_id":3}"
2026-07-25 00:16:26,EEST,9,Mustika,6,success,"{"total":6,"location_name":"Mustika","location_id":9}"
2026-07-25 00:16:26,EEST,10,Suur-Paala,0,success,"{"total":0,"location_name":"Suur-Paala","location_id":10}"
2026-07-25 00:18:27,EEST,1,Hipodroom,1,success,"{"total":1,"location_name":"Hipodroom","location_id":1}"
2026-07-25 00:18:27,EEST,3,T1,6,success,"{"total":6,"location_name":"T1 Shopping Mall","location_id":3}"
2026-07-25 00:18:27,EEST,9,Mustika,6,success,"{"total":6,"location_name":"Mustika","location_id":9}"
2026-07-25 00:18:27,EEST,10,Suur-Paala,0,success,"{"total":0,"location_name":"Suur-Paala","location_id":10}"
2026-07-25 00:20:28,EEST,1,Hipodroom,1,success,"{"total":1,"location_name":"Hipodroom","location_id":1}"
2026-07-25 00:20:28,EEST,3,T1,5,success,"{"total":5,"location_name":"T1 Shopping Mall","location_id":3}"
2026-07-25 00:20:28,EEST,9,Mustika,6,success,"{"total":6,"location_name":"Mustika","location_id":9}"
2026-07-25 00:20:28,EEST,10,Suur-Paala,0,success,"{"total":0,"location_name":"Suur-Paala","location_id":10}"
2026-07-25 00:22:29,EEST,1,Hipodroom,1,success,"{"total":1,"location_name":"Hipodroom","location_id":1}"
2026-07-25 00:22:29,EEST,3,T1,5,success,"{"total":5,"location_name":"T1 Shopping Mall","location_id":3}"
2026-07-25 00:22:29,EEST,9,Mustika,6,success,"{"total":6,"location_name":"Mustika","location_id":9}"
2026-07-25 00:22:29,EEST,10,Suur-Paala,0,success,"{"total":0,"location_name":"Suur-Paala","location_id":10}"
2026-07-25 00:24:30,EEST,1,Hipodroom,0,success,"{"total":0,"location_name":"Hipodroom","location_id":1}"
2026-07-25 00:24:30,EEST,3,T1,5,success,"{"total":5,"location_name":"T1 Shopping Mall","location_id":3}"
2026-07-25 00:24:30,EEST,9,Mustika,6,success,"{"total":6,"location_name":"Mustika","location_id":9}"
2026-07-25 00:24:30,EEST,10,Suur-Paala,0,success,"{"total":0,"location_name":"Suur-Paala","location_id":10}"
2026-07-25 00:26:31,EEST,1,Hipodroom,0,success,"{"total":0,"location_name":"Hipodroom","location_id":1}"
2026-07-25 00:26:31,EEST,3,T1,5,success,"{"total":5,"location_name":"T1 Shopping Mall","location_id":3}"
2026-07-25 00:26:31,EEST,9,Mustika,6,success,"{"total":6,"location_name":"Mustika","location_id":9}"
2026-07-25 00:26:31,EEST,10,Suur-Paala,0,success,"{"total":0,"location_name":"Suur-Paala","location_id":10}"
2026-07-25 00:28:32,EEST,1,Hipodroom,0,success,"{"total":0,"location_name":"Hipodroom","location_id":1}"
2026-07-25 00:28:32,EEST,3,T1,5,success,"{"total":5,"location_name":"T1 Shopping Mall","location_id":3}"
2026-07-25 00:28:32,EEST,9,Mustika,6,success,"{"total":6,"location_name":"Mustika","location_id":9}"
2026-07-25 00:28:32,EEST,10,Suur-Paala,0,success,"{"total":0,"location_name":"Suur-Paala","location_id":10}"
2026-07-25 00:30:32,EEST,1,Hipodroom,0,success,"{"total":0,"location_name":"Hipodroom","location_id":1}"
2026-07-25 00:30:32,EEST,3,T1,5,success,"{"total":5,"location_name":"T1 Shopping Mall","location_id":3}"
2026-07-25 00:30:32,EEST,9,Mustika,6,success,"{"total":6,"location_name":"Mustika","location_id":9}"
2026-07-25 00:30:32,EEST,10,Suur-Paala,0,success,"{"total":0,"location_name":"Suur-Paala","location_id":10}"
2026-07-25 00:32:33,EEST,1,Hipodroom,0,success,"{"total":0,"location_name":"Hipodroom","location_id":1}"
2026-07-25 00:32:33,EEST,3,T1,5,success,"{"total":5,"location_name":"T1 Shopping Mall","location_id":3}"
2026-07-25 00:32:33,EEST,9,Mustika,6,success,"{"total":6,"location_name":"Mustika","location_id":9}"
2026-07-25 00:32:33,EEST,10,Suur-Paala,0,success,"{"total":0,"location_name":"Suur-Paala","location_id":10}"
2026-07-25 00:34:34,EEST,1,Hipodroom,0,success,"{"total":0,"location_name":"Hipodroom","location_id":1}"
2026-07-25 00:34:34,EEST,3,T1,5,success,"{"total":5,"location_name":"T1 Shopping Mall","location_id":3}"
2026-07-25 00:34:34,EEST,9,Mustika,6,success,"{"total":6,"location_name":"Mustika","location_id":9}"
2026-07-25 00:34:34,EEST,10,Suur-Paala,0,success,"{"total":0,"location_name":"Suur-Paala","location_id":10}"
2026-07-25 00:36:35,EEST,1,Hipodroom,0,success,"{"total":0,"location_name":"Hipodroom","location_id":1}"
2026-07-25 00:36:35,EEST,3,T1,5,success,"{"total":5,"location_name":"T1 Shopping Mall","location_id":3}"
2026-07-25 00:36:35,EEST,9,Mustika,6,success,"{"total":6,"location_name":"Mustika","location_id":9}"
2026-07-25 00:36:35,EEST,10,Suur-Paala,0,success,"{"total":0,"location_name":"Suur-Paala","location_id":10}"
2026-07-25 00:38:36,EEST,1,Hipodroom,0,success,"{"total":0,"location_name":"Hipodroom","location_id":1}"
2026-07-25 00:38:36,EEST,3,T1,5,success,"{"total":5,"location_name":"T1 Shopping Mall","location_id":3}"
2026-07-25 00:38:36,EEST,9,Mustika,6,success,"{"total":6,"location_name":"Mustika","location_id":9}"
2026-07-25 00:38:36,EEST,10,Suur-Paala,0,success,"{"total":0,"location_name":"Suur-Paala","location_id":10}"
2026-07-25 00:40:37,EEST,1,Hipodroom,0,success,"{"total":0,"location_name":"Hipodroom","location_id":1}"
2026-07-25 00:40:37,EEST,3,T1,5,success,"{"total":5,"location_name":"T1 Shopping Mall","location_id":3}"
2026-07-25 00:40:37,EEST,9,Mustika,6,success,"{"total":6,"location_name":"Mustika","location_id":9}"
2026-07-25 00:40:37,EEST,10,Suur-Paala,0,success,"{"total":0,"location_name":"Suur-Paala","location_id":10}"
2026-07-25 00:42:38,EEST,1,Hipodroom,0,success,"{"total":0,"location_name":"Hipodroom","location_id":1}"
2026-07-25 00:42:38,EEST,3,T1,5,success,"{"total":5,"location_name":"T1 Shopping Mall","location_id":3}"
2026-07-25 00:42:38,EEST,9,Mustika,6,success,"{"total":6,"location_name":"Mustika","location_id":9}"
2026-07-25 00:42:38,EEST,10,Suur-Paala,0,success,"{"total":0,"location_name":"Suur-Paala","location_id":10}"
2026-07-25 00:44:39,EEST,1,Hipodroom,0,success,"{"total":0,"location_name":"Hipodroom","location_id":1}"
2026-07-25 00:44:39,EEST,3,T1,5,success,"{"total":5,"location_name":"T1 Shopping Mall","location_id":3}"
2026-07-25 00:44:39,EEST,9,Mustika,6,success,"{"total":6,"location_name":"Mustika","location_id":9}"
2026-07-25 00:44:39,EEST,10,Suur-Paala,0,success,"{"total":0,"location_name":"Suur-Paala","location_id":10}"
2026-07-25 00:46:40,EEST,1,Hipodroom,0,success,"{"total":0,"location_name":"Hipodroom","location_id":1}"
2026-07-25 00:46:40,EEST,3,T1,5,success,"{"total":5,"location_name":"T1 Shopping Mall","location_id":3}"
2026-07-25 00:46:40,EEST,9,Mustika,6,success,"{"total":6,"location_name":"Mustika","location_id":9}"
2026-07-25 00:46:40,EEST,10,Suur-Paala,0,success,"{"total":0,"location_name":"Suur-Paala","location_id":10}"
2026-07-25 00:48:41,EEST,1,Hipodroom,0,success,"{"total":0,"location_name":"Hipodroom","location_id":1}"
2026-07-25 00:48:41,EEST,3,T1,5,success,"{"total":5,"location_name":"T1 Shopping Mall","location_id":3}"
2026-07-25 00:48:41,EEST,9,Mustika,6,success,"{"total":6,"location_name":"Mustika","location_id":9}"
2026-07-25 00:48:41,EEST,10,Suur-Paala,0,success,"{"total":0,"location_name":"Suur-Paala","location_id":10}"
2026-07-25 00:50:42,EEST,1,Hipodroom,0,success,"{"total":0,"location_name":"Hipodroom","location_id":1}"
2026-07-25 00:50:42,EEST,3,T1,5,success,"{"total":5,"location_name":"T1 Shopping Mall","location_id":3}"
2026-07-25 00:50:42,EEST,9,Mustika,6,success,"{"total":6,"location_name":"Mustika","location_id":9}"
2026-07-25 00:50:42,EEST,10,Suur-Paala,0,success,"{"total":0,"location_name":"Suur-Paala","location_id":10}"
2026-07-25 00:52:43,EEST,1,Hipodroom,0,success,"{"total":0,"location_name":"Hipodroom","location_id":1}"
2026-07-25 00:52:43,EEST,3,T1,5,success,"{"total":5,"location_name":"T1 Shopping Mall","location_id":3}"
2026-07-25 00:52:43,EEST,9,Mustika,6,success,"{"total":6,"location_name":"Mustika","location_id":9}"
2026-07-25 00:52:43,EEST,10,Suur-Paala,0,success,"{"total":0,"location_name":"Suur-Paala","location_id":10}"
2026-07-25 00:54:44,EEST,1,Hipodroom,0,success,"{"total":0,"location_name":"Hipodroom","location_id":1}"
2026-07-25 00:54:44,EEST,3,T1,5,success,"{"total":5,"location_name":"T1 Shopping Mall","location_id":3}"
2026-07-25 00:54:44,EEST,9,Mustika,6,success,"{"total":6,"location_name":"Mustika","location_id":9}"
2026-07-25 00:54:44,EEST,10,Suur-Paala,0,success,"{"total":0,"location_name":"Suur-Paala","location_id":10}"
2026-07-25 00:56:44,EEST,1,Hipodroom,0,success,"{"total":0,"location_name":"Hipodroom","location_id":1}"
2026-07-25 00:56:44,EEST,3,T1,5,success,"{"total":5,"location_name":"T1 Shopping Mall","location_id":3}"
2026-07-25 00:56:44,EEST,9,Mustika,6,success,"{"total":6,"location_name":"Mustika","location_id":9}"
2026-07-25 00:56:44,EEST,10,Suur-Paala,0,success,"{"total":0,"location_name":"Suur-Paala","location_id":10}"
2026-07-25 00:58:46,EEST,1,Hipodroom,0,success,"{"total":0,"location_name":"Hipodroom","location_id":1}"
2026-07-25 00:58:46,EEST,3,T1,5,success,"{"total":5,"location_name":"T1 Shopping Mall","location_id":3}"
2026-07-25 00:58:46,EEST,9,Mustika,6,success,"{"total":6,"location_name":"Mustika","location_id":9}"
2026-07-25 00:58:46,EEST,10,Suur-Paala,0,success,"{"total":0,"location_name":"Suur-Paala","location_id":10}"
2026-07-25 01:00:47,EEST,1,Hipodroom,0,success,"{"total":0,"location_name":"Hipodroom","location_id":1}"
2026-07-25 01:00:47,EEST,3,T1,5,success,"{"total":5,"location_name":"T1 Shopping Mall","location_id":3}"
2026-07-25 01:00:47,EEST,9,Mustika,6,success,"{"total":6,"location_name":"Mustika","location_id":9}"
2026-07-25 01:00:47,EEST,10,Suur-Paala,0,success,"{"total":0,"location_name":"Suur-Paala","location_id":10}"
2026-07-25 01:02:48,EEST,1,Hipodroom,0,success,"{"total":0,"location_name":"Hipodroom","location_id":1}"
2026-07-25 01:02:48,EEST,3,T1,5,success,"{"total":5,"location_name":"T1 Shopping Mall","location_id":3}"
2026-07-25 01:02:48,EEST,9,Mustika,5,success,"{"total":5,"location_name":"Mustika","location_id":9}"
2026-07-25 01:02:48,EEST,10,Suur-Paala,0,success,"{"total":0,"location_name":"Suur-Paala","location_id":10}"
2026-07-25 01:04:49,EEST,1,Hipodroom,0,success,"{"total":0,"location_name":"Hipodroom","location_id":1}"
2026-07-25 01:04:49,EEST,3,T1,5,success,"{"total":5,"location_name":"T1 Shopping Mall","location_id":3}"
2026-07-25 01:04:49,EEST,9,Mustika,5,success,"{"total":5,"location_name":"Mustika","location_id":9}"
2026-07-25 01:04:49,EEST,10,Suur-Paala,0,success,"{"total":0,"location_name":"Suur-Paala","location_id":10}"
2026-07-25 01:06:50,EEST,1,Hipodroom,0,success,"{"total":0,"location_name":"Hipodroom","location_id":1}"
2026-07-25 01:06:50,EEST,3,T1,5,success,"{"total":5,"location_name":"T1 Shopping Mall","location_id":3}"
2026-07-25 01:06:50,EEST,9,Mustika,5,success,"{"total":5,"location_name":"Mustika","location_id":9}"
2026-07-25 01:06:50,EEST,10,Suur-Paala,0,success,"{"total":0,"location_name":"Suur-Paala","location_id":10}"
2026-07-25 01:08:51,EEST,1,Hipodroom,0,success,"{"total":0,"location_name":"Hipodroom","location_id":1}"
2026-07-25 01:08:51,EEST,3,T1,5,success,"{"total":5,"location_name":"T1 Shopping Mall","location_id":3}"
2026-07-25 01:08:51,EEST,9,Mustika,5,success,"{"total":5,"location_name":"Mustika","location_id":9}"
2026-07-25 01:08:51,EEST,10,Suur-Paala,0,success,"{"total":0,"location_name":"Suur-Paala","location_id":10}"
2026-07-25 01:10:52,EEST,1,Hipodroom,0,success,"{"total":0,"location_name":"Hipodroom","location_id":1}"
2026-07-25 01:10:52,EEST,3,T1,5,success,"{"total":5,"location_name":"T1 Shopping Mall","location_id":3}"
2026-07-25 01:10:52,EEST,9,Mustika,5,success,"{"total":5,"location_name":"Mustika","location_id":9}"
2026-07-25 01:10:52,EEST,10,Suur-Paala,0,success,"{"total":0,"location_name":"Suur-Paala","location_id":10}"
2026-07-25 01:12:53,EEST,1,Hipodroom,0,success,"{"total":0,"location_name":"Hipodroom","location_id":1}"
2026-07-25 01:12:53,EEST,3,T1,5,success,"{"total":5,"location_name":"T1 Shopping Mall","location_id":3}"
2026-07-25 01:12:53,EEST,9,Mustika,5,success,"{"total":5,"location_name":"Mustika","location_id":9}"
2026-07-25 01:12:53,EEST,10,Suur-Paala,0,success,"{"total":0,"location_name":"Suur-Paala","location_id":10}"
2026-07-25 01:14:54,EEST,1,Hipodroom,0,success,"{"total":0,"location_name":"Hipodroom","location_id":1}"
2026-07-25 01:14:54,EEST,3,T1,5,success,"{"total":5,"location_name":"T1 Shopping Mall","location_id":3}"
2026-07-25 01:14:54,EEST,9,Mustika,5,success,"{"total":5,"location_name":"Mustika","location_id":9}"
2026-07-25 01:14:54,EEST,10,Suur-Paala,0,success,"{"total":0,"location_name":"Suur-Paala","location_id":10}"
2026-07-25 01:16:55,EEST,1,Hipodroom,0,success,"{"total":0,"location_name":"Hipodroom","location_id":1}"
2026-07-25 01:16:55,EEST,3,T1,5,success,"{"total":5,"location_name":"T1 Shopping Mall","location_id":3}"
2026-07-25 01:16:55,EEST,9,Mustika,5,success,"{"total":5,"location_name":"Mustika","location_id":9}"
2026-07-25 01:16:55,EEST,10,Suur-Paala,0,success,"{"total":0,"location_name":"Suur-Paala","location_id":10}"
2026-07-25 01:18:56,EEST,1,Hipodroom,0,success,"{"total":0,"location_name":"Hipodroom","location_id":1}"
2026-07-25 01:18:56,EEST,3,T1,5,success,"{"total":5,"location_name":"T1 Shopping Mall","location_id":3}"
2026-07-25 01:18:56,EEST,9,Mustika,5,success,"{"total":5,"location_name":"Mustika","location_id":9}"
2026-07-25 01:18:56,EEST,10,Suur-Paala,0,success,"{"total":0,"location_name":"Suur-Paala","location_id":10}"
2026-07-25 01:20:57,EEST,1,Hipodroom,0,success,"{"total":0,"location_name":"Hipodroom","location_id":1}"
2026-07-25 01:20:57,EEST,3,T1,5,success,"{"total":5,"location_name":"T1 Shopping Mall","location_id":3}"
2026-07-25 01:20:57,EEST,9,Mustika,5,success,"{"total":5,"location_name":"Mustika","location_id":9}"
2026-07-25 01:20:57,EEST,10,Suur-Paala,0,success,"{"total":0,"location_name":"Suur-Paala","location_id":10}"
2026-07-25 01:22:58,EEST,1,Hipodroom,0,success,"{"total":0,"location_name":"Hipodroom","location_id":1}"
2026-07-25 01:22:58,EEST,3,T1,5,success,"{"total":5,"location_name":"T1 Shopping Mall","location_id":3}"
2026-07-25 01:22:58,EEST,9,Mustika,5,success,"{"total":5,"location_name":"Mustika","location_id":9}"
2026-07-25 01:22:58,EEST,10,Suur-Paala,0,success,"{"total":0,"location_name":"Suur-Paala","location_id":10}"
2026-07-25 01:24:59,EEST,1,Hipodroom,0,success,"{"total":0,"location_name":"Hipodroom","location_id":1}"
2026-07-25 01:24:59,EEST,3,T1,5,success,"{"total":5,"location_name":"T1 Shopping Mall","location_id":3}"
2026-07-25 01:24:59,EEST,9,Mustika,5,success,"{"total":5,"location_name":"Mustika","location_id":9}"
2026-07-25 01:24:59,EEST,10,Suur-Paala,0,success,"{"total":0,"location_name":"Suur-Paala","location_id":10}"
2026-07-25 01:27:00,EEST,1,Hipodroom,0,success,"{"total":0,"location_name":"Hipodroom","location_id":1}"
2026-07-25 01:27:00,EEST,3,T1,5,success,"{"total":5,"location_name":"T1 Shopping Mall","location_id":3}"
2026-07-25 01:27:00,EEST,9,Mustika,5,success,"{"total":5,"location_name":"Mustika","location_id":9}"
2026-07-25 01:27:00,EEST,10,Suur-Paala,0,success,"{"total":0,"location_name":"Suur-Paala","location_id":10}"
2026-07-25 01:29:01,EEST,1,Hipodroom,0,success,"{"total":0,"location_name":"Hipodroom","location_id":1}"
2026-07-25 01:29:01,EEST,3,T1,5,success,"{"total":5,"location_name":"T1 Shopping Mall","location_id":3}"
2026-07-25 01:29:01,EEST,9,Mustika,5,success,"{"total":5,"location_name":"Mustika","location_id":9}"
2026-07-25 01:29:01,EEST,10,Suur-Paala,0,success,"{"total":0,"location_name":"Suur-Paala","location_id":10}"
2026-07-25 01:31:02,EEST,1,Hipodroom,0,success,"{"total":0,"location_name":"Hipodroom","location_id":1}"
2026-07-25 01:31:02,EEST,3,T1,5,success,"{"total":5,"location_name":"T1 Shopping Mall","location_id":3}"
2026-07-25 01:31:02,EEST,9,Mustika,5,success,"{"total":5,"location_name":"Mustika","location_id":9}"
2026-07-25 01:31:02,EEST,10,Suur-Paala,0,success,"{"total":0,"location_name":"Suur-Paala","location_id":10}"
2026-07-25 01:33:03,EEST,1,Hipodroom,0,success,"{"total":0,"location_name":"Hipodroom","location_id":1}"
2026-07-25 01:33:03,EEST,3,T1,2,success,"{"total":2,"location_name":"T1 Shopping Mall","location_id":3}"
2026-07-25 01:33:03,EEST,9,Mustika,5,success,"{"total":5,"location_name":"Mustika","location_id":9}"
2026-07-25 01:33:03,EEST,10,Suur-Paala,0,success,"{"total":0,"location_name":"Suur-Paala","location_id":10}"
2026-07-25 01:35:04,EEST,1,Hipodroom,0,success,"{"total":0,"location_name":"Hipodroom","location_id":1}"
2026-07-25 01:35:04,EEST,3,T1,2,success,"{"total":2,"location_name":"T1 Shopping Mall","location_id":3}"
2026-07-25 01:35:04,EEST,9,Mustika,5,success,"{"total":5,"location_name":"Mustika","location_id":9}"
2026-07-25 01:35:04,EEST,10,Suur-Paala,0,success,"{"total":0,"location_name":"Suur-Paala","location_id":10}"
2026-07-25 01:37:05,EEST,1,Hipodroom,0,success,"{"total":0,"location_name":"Hipodroom","location_id":1}"
2026-07-25 01:37:05,EEST,3,T1,2,success,"{"total":2,"location_name":"T1 Shopping Mall","location_id":3}"
2026-07-25 01:37:05,EEST,9,Mustika,5,success,"{"total":5,"location_name":"Mustika","location_id":9}"
2026-07-25 01:37:05,EEST,10,Suur-Paala,0,success,"{"total":0,"location_name":"Suur-Paala","location_id":10}"
2026-07-25 01:39:06,EEST,1,Hipodroom,0,success,"{"total":0,"location_name":"Hipodroom","location_id":1}"
2026-07-25 01:39:06,EEST,3,T1,2,success,"{"total":2,"location_name":"T1 Shopping Mall","location_id":3}"
2026-07-25 01:39:06,EEST,9,Mustika,3,success,"{"total":3,"location_name":"Mustika","location_id":9}"
2026-07-25 01:39:06,EEST,10,Suur-Paala,0,success,"{"total":0,"location_name":"Suur-Paala","location_id":10}"
2026-07-25 01:41:07,EEST,1,Hipodroom,0,success,"{"total":0,"location_name":"Hipodroom","location_id":1}"
2026-07-25 01:41:07,EEST,3,T1,2,success,"{"total":2,"location_name":"T1 Shopping Mall","location_id":3}"
2026-07-25 01:41:07,EEST,9,Mustika,3,success,"{"total":3,"location_name":"Mustika","location_id":9}"
2026-07-25 01:41:07,EEST,10,Suur-Paala,0,success,"{"total":0,"location_name":"Suur-Paala","location_id":10}"
2026-07-25 01:43:08,EEST,1,Hipodroom,0,success,"{"total":0,"location_name":"Hipodroom","location_id":1}"
2026-07-25 01:43:08,EEST,3,T1,2,success,"{"total":2,"location_name":"T1 Shopping Mall","location_id":3}"
2026-07-25 01:43:08,EEST,9,Mustika,3,success,"{"total":3,"location_name":"Mustika","location_id":9}"
2026-07-25 01:43:08,EEST,10,Suur-Paala,0,success,"{"total":0,"location_name":"Suur-Paala","location_id":10}"
2026-07-25 01:45:09,EEST,1,Hipodroom,0,success,"{"total":0,"location_name":"Hipodroom","location_id":1}"
2026-07-25 01:45:09,EEST,3,T1,2,success,"{"total":2,"location_name":"T1 Shopping Mall","location_id":3}"
2026-07-25 01:45:09,EEST,9,Mustika,3,success,"{"total":3,"location_name":"Mustika","location_id":9}"
2026-07-25 01:45:09,EEST,10,Suur-Paala,0,success,"{"total":0,"location_name":"Suur-Paala","location_id":10}"
2026-07-25 01:47:10,EEST,1,Hipodroom,0,success,"{"total":0,"location_name":"Hipodroom","location_id":1}"
2026-07-25 01:47:10,EEST,3,T1,2,success,"{"total":2,"location_name":"T1 Shopping Mall","location_id":3}"
2026-07-25 01:47:10,EEST,9,Mustika,3,success,"{"total":3,"location_name":"Mustika","location_id":9}"
2026-07-25 01:47:10,EEST,10,Suur-Paala,0,success,"{"total":0,"location_name":"Suur-Paala","location_id":10}"
2026-07-25 01:49:11,EEST,1,Hipodroom,0,success,"{"total":0,"location_name":"Hipodroom","location_id":1}"
2026-07-25 01:49:11,EEST,3,T1,2,success,"{"total":2,"location_name":"T1 Shopping Mall","location_id":3}"
2026-07-25 01:49:11,EEST,9,Mustika,3,success,"{"total":3,"location_name":"Mustika","location_id":9}"
2026-07-25 01:49:11,EEST,10,Suur-Paala,0,success,"{"total":0,"location_name":"Suur-Paala","location_id":10}"
2026-07-25 01:51:12,EEST,1,Hipodroom,0,success,"{"total":0,"location_name":"Hipodroom","location_id":1}"
2026-07-25 01:51:12,EEST,3,T1,2,success,"{"total":2,"location_name":"T1 Shopping Mall","location_id":3}"
2026-07-25 01:51:12,EEST,9,Mustika,3,success,"{"total":3,"location_name":"Mustika","location_id":9}"
2026-07-25 01:51:12,EEST,10,Suur-Paala,0,success,"{"total":0,"location_name":"Suur-Paala","location_id":10}"
2026-07-25 01:53:13,EEST,1,Hipodroom,0,success,"{"total":0,"location_name":"Hipodroom","location_id":1}"
2026-07-25 01:53:13,EEST,3,T1,2,success,"{"total":2,"location_name":"T1 Shopping Mall","location_id":3}"
2026-07-25 01:53:13,EEST,9,Mustika,3,success,"{"total":3,"location_name":"Mustika","location_id":9}"
2026-07-25 01:53:13,EEST,10,Suur-Paala,0,success,"{"total":0,"location_name":"Suur-Paala","location_id":10}"
2026-07-25 01:55:14,EEST,1,Hipodroom,0,success,"{"total":0,"location_name":"Hipodroom","location_id":1}"
2026-07-25 01:55:14,EEST,3,T1,2,success,"{"total":2,"location_name":"T1 Shopping Mall","location_id":3}"
2026-07-25 01:55:14,EEST,9,Mustika,3,success,"{"total":3,"location_name":"Mustika","location_id":9}"
2026-07-25 01:55:14,EEST,10,Suur-Paala,0,success,"{"total":0,"location_name":"Suur-Paala","location_id":10}"
2026-07-25 01:57:15,EEST,1,Hipodroom,0,success,"{"total":0,"location_name":"Hipodroom","location_id":1}"
2026-07-25 01:57:15,EEST,3,T1,2,success,"{"total":2,"location_name":"T1 Shopping Mall","location_id":3}"
2026-07-25 01:57:15,EEST,9,Mustika,3,success,"{"total":3,"location_name":"Mustika","location_id":9}"
2026-07-25 01:57:15,EEST,10,Suur-Paala,0,success,"{"total":0,"location_name":"Suur-Paala","location_id":10}"
2026-07-25 01:59:16,EEST,1,Hipodroom,0,success,"{"total":0,"location_name":"Hipodroom","location_id":1}"
2026-07-25 01:59:16,EEST,3,T1,2,success,"{"total":2,"location_name":"T1 Shopping Mall","location_id":3}"
2026-07-25 01:59:16,EEST,9,Mustika,3,success,"{"total":3,"location_name":"Mustika","location_id":9}"
2026-07-25 01:59:16,EEST,10,Suur-Paala,0,success,"{"total":0,"location_name":"Suur-Paala","location_id":10}"
2026-07-25 02:01:17,EEST,1,Hipodroom,0,success,"{"total":0,"location_name":"Hipodroom","location_id":1}"
2026-07-25 02:01:17,EEST,3,T1,2,success,"{"total":2,"location_name":"T1 Shopping Mall","location_id":3}"
2026-07-25 02:01:17,EEST,9,Mustika,3,success,"{"total":3,"location_name":"Mustika","location_id":9}"
2026-07-25 02:01:17,EEST,10,Suur-Paala,0,success,"{"total":0,"location_name":"Suur-Paala","location_id":10}"
2026-07-25 02:03:18,EEST,1,Hipodroom,0,success,"{"total":0,"location_name":"Hipodroom","location_id":1}"
2026-07-25 02:03:18,EEST,3,T1,2,success,"{"total":2,"location_name":"T1 Shopping Mall","location_id":3}"
2026-07-25 02:03:18,EEST,9,Mustika,1,success,"{"total":1,"location_name":"Mustika","location_id":9}"
2026-07-25 02:03:18,EEST,10,Suur-Paala,0,success,"{"total":0,"location_name":"Suur-Paala","location_id":10}"
2026-07-25 02:05:19,EEST,1,Hipodroom,0,success,"{"total":0,"location_name":"Hipodroom","location_id":1}"
2026-07-25 02:05:19,EEST,3,T1,2,success,"{"total":2,"location_name":"T1 Shopping Mall","location_id":3}"
2026-07-25 02:05:19,EEST,9,Mustika,1,success,"{"total":1,"location_name":"Mustika","location_id":9}"
2026-07-25 02:05:19,EEST,10,Suur-Paala,0,success,"{"total":0,"location_name":"Suur-Paala","location_id":10}"
2026-07-25 02:07:20,EEST,1,Hipodroom,0,success,"{"total":0,"location_name":"Hipodroom","location_id":1}"
2026-07-25 02:07:20,EEST,3,T1,2,success,"{"total":2,"location_name":"T1 Shopping Mall","location_id":3}"
2026-07-25 02:07:20,EEST,9,Mustika,1,success,"{"total":1,"location_name":"Mustika","location_id":9}"
2026-07-25 02:07:20,EEST,10,Suur-Paala,0,success,"{"total":0,"location_name":"Suur-Paala","location_id":10}"
2026-07-25 02:09:21,EEST,1,Hipodroom,0,success,"{"total":0,"location_name":"Hipodroom","location_id":1}"
2026-07-25 02:09:21,EEST,3,T1,2,success,"{"total":2,"location_name":"T1 Shopping Mall","location_id":3}"
2026-07-25 02:09:21,EEST,9,Mustika,1,success,"{"total":1,"location_name":"Mustika","location_id":9}"
2026-07-25 02:09:21,EEST,10,Suur-Paala,0,success,"{"total":0,"location_name":"Suur-Paala","location_id":10}"
2026-07-25 02:11:22,EEST,1,Hipodroom,0,success,"{"total":0,"location_name":"Hipodroom","location_id":1}"
2026-07-25 02:11:22,EEST,3,T1,2,success,"{"total":2,"location_name":"T1 Shopping Mall","location_id":3}"
2026-07-25 02:11:22,EEST,9,Mustika,1,success,"{"total":1,"location_name":"Mustika","location_id":9}"
2026-07-25 02:11:22,EEST,10,Suur-Paala,0,success,"{"total":0,"location_name":"Suur-Paala","location_id":10}"
2026-07-25 02:13:23,EEST,1,Hipodroom,0,success,"{"total":0,"location_name":"Hipodroom","location_id":1}"
2026-07-25 02:13:23,EEST,3,T1,2,success,"{"total":2,"location_name":"T1 Shopping Mall","location_id":3}"
2026-07-25 02:13:23,EEST,9,Mustika,1,success,"{"total":1,"location_name":"Mustika","location_id":9}"
2026-07-25 02:13:23,EEST,10,Suur-Paala,0,success,"{"total":0,"location_name":"Suur-Paala","location_id":10}"
2026-07-25 02:15:24,EEST,1,Hipodroom,0,success,"{"total":0,"location_name":"Hipodroom","location_id":1}"
2026-07-25 02:15:24,EEST,3,T1,1,success,"{"total":1,"location_name":"T1 Shopping Mall","location_id":3}"
2026-07-25 02:15:24,EEST,9,Mustika,1,success,"{"total":1,"location_name":"Mustika","location_id":9}"
2026-07-25 02:15:24,EEST,10,Suur-Paala,0,success,"{"total":0,"location_name":"Suur-Paala","location_id":10}"
2026-07-25 02:17:25,EEST,1,Hipodroom,0,success,"{"total":0,"location_name":"Hipodroom","location_id":1}"
2026-07-25 02:17:25,EEST,3,T1,1,success,"{"total":1,"location_name":"T1 Shopping Mall","location_id":3}"
2026-07-25 02:17:25,EEST,9,Mustika,1,success,"{"total":1,"location_name":"Mustika","location_id":9}"
2026-07-25 02:17:25,EEST,10,Suur-Paala,0,success,"{"total":0,"location_name":"Suur-Paala","location_id":10}"
2026-07-25 02:19:26,EEST,1,Hipodroom,0,success,"{"total":0,"location_name":"Hipodroom","location_id":1}"
2026-07-25 02:19:26,EEST,3,T1,1,success,"{"total":1,"location_name":"T1 Shopping Mall","location_id":3}"
2026-07-25 02:19:26,EEST,9,Mustika,1,success,"{"total":1,"location_name":"Mustika","location_id":9}"
2026-07-25 02:19:26,EEST,10,Suur-Paala,0,success,"{"total":0,"location_name":"Suur-Paala","location_id":10}"
2026-07-25 02:21:27,EEST,1,Hipodroom,0,success,"{"total":0,"location_name":"Hipodroom","location_id":1}"
2026-07-25 02:21:27,EEST,3,T1,1,success,"{"total":1,"location_name":"T1 Shopping Mall","location_id":3}"
2026-07-25 02:21:27,EEST,9,Mustika,1,success,"{"total":1,"location_name":"Mustika","location_id":9}"
2026-07-25 02:21:27,EEST,10,Suur-Paala,0,success,"{"total":0,"location_name":"Suur-Paala","location_id":10}"
2026-07-25 02:23:28,EEST,1,Hipodroom,0,success,"{"total":0,"location_name":"Hipodroom","location_id":1}"
2026-07-25 02:23:28,EEST,3,T1,1,success,"{"total":1,"location_name":"T1 Shopping Mall","location_id":3}"
2026-07-25 02:23:28,EEST,9,Mustika,1,success,"{"total":1,"location_name":"Mustika","location_id":9}"
2026-07-25 02:23:28,EEST,10,Suur-Paala,0,success,"{"total":0,"location_name":"Suur-Paala","location_id":10}"
2026-07-25 02:25:29,EEST,1,Hipodroom,0,success,"{"total":0,"location_name":"Hipodroom","location_id":1}"
2026-07-25 02:25:29,EEST,3,T1,1,success,"{"total":1,"location_name":"T1 Shopping Mall","location_id":3}"
2026-07-25 02:25:29,EEST,9,Mustika,1,success,"{"total":1,"location_name":"Mustika","location_id":9}"
2026-07-25 02:25:29,EEST,10,Suur-Paala,0,success,"{"total":0,"location_name":"Suur-Paala","location_id":10}"
2026-07-25 02:27:30,EEST,1,Hipodroom,0,success,"{"total":0,"location_name":"Hipodroom","location_id":1}"
2026-07-25 02:27:30,EEST,3,T1,1,success,"{"total":1,"location_name":"T1 Shopping Mall","location_id":3}"
2026-07-25 02:27:30,EEST,9,Mustika,1,success,"{"total":1,"location_name":"Mustika","location_id":9}"
2026-07-25 02:27:30,EEST,10,Suur-Paala,0,success,"{"total":0,"location_name":"Suur-Paala","location_id":10}"
2026-07-25 02:29:31,EEST,1,Hipodroom,0,success,"{"total":0,"location_name":"Hipodroom","location_id":1}"
2026-07-25 02:29:31,EEST,3,T1,1,success,"{"total":1,"location_name":"T1 Shopping Mall","location_id":3}"
2026-07-25 02:29:31,EEST,9,Mustika,1,success,"{"total":1,"location_name":"Mustika","location_id":9}"
2026-07-25 02:29:31,EEST,10,Suur-Paala,0,success,"{"total":0,"location_name":"Suur-Paala","location_id":10}"
2026-07-25 02:31:32,EEST,1,Hipodroom,0,success,"{"total":0,"location_name":"Hipodroom","location_id":1}"
2026-07-25 02:31:32,EEST,3,T1,1,success,"{"total":1,"location_name":"T1 Shopping Mall","location_id":3}"
2026-07-25 02:31:32,EEST,9,Mustika,1,success,"{"total":1,"location_name":"Mustika","location_id":9}"
2026-07-25 02:31:32,EEST,10,Suur-Paala,0,success,"{"total":0,"location_name":"Suur-Paala","location_id":10}"
2026-07-25 02:33:37,EEST,1,Hipodroom,0,success,"{"total":0,"location_name":"Hipodroom","location_id":1}"
2026-07-25 02:33:37,EEST,3,T1,1,success,"{"total":1,"location_name":"T1 Shopping Mall","location_id":3}"
2026-07-25 02:33:37,EEST,9,Mustika,1,success,"{"total":1,"location_name":"Mustika","location_id":9}"
2026-07-25 02:33:37,EEST,10,Suur-Paala,0,success,"{"total":0,"location_name":"Suur-Paala","location_id":10}"
2026-07-25 02:35:39,EEST,1,Hipodroom,0,success,"{"total":0,"location_name":"Hipodroom","location_id":1}"
2026-07-25 02:35:39,EEST,3,T1,1,success,"{"total":1,"location_name":"T1 Shopping Mall","location_id":3}"
2026-07-25 02:35:39,EEST,9,Mustika,1,success,"{"total":1,"location_name":"Mustika","location_id":9}"
2026-07-25 02:35:39,EEST,10,Suur-Paala,0,success,"{"total":0,"location_name":"Suur-Paala","location_id":10}"
2026-07-25 02:37:39,EEST,1,Hipodroom,0,success,"{"total":0,"location_name":"Hipodroom","location_id":1}"
2026-07-25 02:37:39,EEST,3,T1,1,success,"{"total":1,"location_name":"T1 Shopping Mall","location_id":3}"
2026-07-25 02:37:39,EEST,9,Mustika,1,success,"{"total":1,"location_name":"Mustika","location_id":9}"
2026-07-25 02:37:39,EEST,10,Suur-Paala,0,success,"{"total":0,"location_name":"Suur-Paala","location_id":10}"
2026-07-25 02:39:40,EEST,1,Hipodroom,0,success,"{"total":0,"location_name":"Hipodroom","location_id":1}"
2026-07-25 02:39:40,EEST,3,T1,1,success,"{"total":1,"location_name":"T1 Shopping Mall","location_id":3}"
2026-07-25 02:39:40,EEST,9,Mustika,1,success,"{"total":1,"location_name":"Mustika","location_id":9}"
2026-07-25 02:39:40,EEST,10,Suur-Paala,0,success,"{"total":0,"location_name":"Suur-Paala","location_id":10}"
2026-07-25 02:41:42,EEST,1,Hipodroom,0,success,"{"total":0,"location_name":"Hipodroom","location_id":1}"
2026-07-25 02:41:42,EEST,3,T1,1,success,"{"total":1,"location_name":"T1 Shopping Mall","location_id":3}"
2026-07-25 02:41:42,EEST,9,Mustika,1,success,"{"total":1,"location_name":"Mustika","location_id":9}"
2026-07-25 02:41:42,EEST,10,Suur-Paala,0,success,"{"total":0,"location_name":"Suur-Paala","location_id":10}"
2026-07-25 02:43:42,EEST,1,Hipodroom,0,success,"{"total":0,"location_name":"Hipodroom","location_id":1}"
2026-07-25 02:43:42,EEST,3,T1,1,success,"{"total":1,"location_name":"T1 Shopping Mall","location_id":3}"
2026-07-25 02:43:42,EEST,9,Mustika,1,success,"{"total":1,"location_name":"Mustika","location_id":9}"
2026-07-25 02:43:42,EEST,10,Suur-Paala,0,success,"{"total":0,"location_name":"Suur-Paala","location_id":10}"
2026-07-25 02:45:43,EEST,1,Hipodroom,0,success,"{"total":0,"location_name":"Hipodroom","location_id":1}"
2026-07-25 02:45:43,EEST,3,T1,1,success,"{"total":1,"location_name":"T1 Shopping Mall","location_id":3}"
2026-07-25 02:45:43,EEST,9,Mustika,1,success,"{"total":1,"location_name":"Mustika","location_id":9}"
2026-07-25 02:45:43,EEST,10,Suur-Paala,0,success,"{"total":0,"location_name":"Suur-Paala","location_id":10}"
2026-07-25 02:47:45,EEST,1,Hipodroom,0,success,"{"total":0,"location_name":"Hipodroom","location_id":1}"
2026-07-25 02:47:45,EEST,3,T1,1,success,"{"total":1,"location_name":"T1 Shopping Mall","location_id":3}"
2026-07-25 02:47:45,EEST,9,Mustika,1,success,"{"total":1,"location_name":"Mustika","location_id":9}"
2026-07-25 02:47:45,EEST,10,Suur-Paala,0,success,"{"total":0,"location_name":"Suur-Paala","location_id":10}"
2026-07-25 02:49:46,EEST,1,Hipodroom,0,success,"{"total":0,"location_name":"Hipodroom","location_id":1}"
2026-07-25 02:49:46,EEST,3,T1,1,success,"{"total":1,"location_name":"T1 Shopping Mall","location_id":3}"
2026-07-25 02:49:46,EEST,9,Mustika,1,success,"{"total":1,"location_name":"Mustika","location_id":9}"
2026-07-25 02:49:46,EEST,10,Suur-Paala,0,success,"{"total":0,"location_name":"Suur-Paala","location_id":10}"
2026-07-25 02:51:47,EEST,1,Hipodroom,0,success,"{"total":0,"location_name":"Hipodroom","location_id":1}"
2026-07-25 02:51:47,EEST,3,T1,1,success,"{"total":1,"location_name":"T1 Shopping Mall","location_id":3}"
2026-07-25 02:51:47,EEST,9,Mustika,1,success,"{"total":1,"location_name":"Mustika","location_id":9}"
2026-07-25 02:51:47,EEST,10,Suur-Paala,1,success,"{"total":1,"location_name":"Suur-Paala","location_id":10}"
2026-07-25 02:53:48,EEST,1,Hipodroom,0,success,"{"total":0,"location_name":"Hipodroom","location_id":1}"
2026-07-25 02:53:48,EEST,3,T1,1,success,"{"total":1,"location_name":"T1 Shopping Mall","location_id":3}"
2026-07-25 02:53:48,EEST,9,Mustika,1,success,"{"total":1,"location_name":"Mustika","location_id":9}"
2026-07-25 02:53:48,EEST,10,Suur-Paala,1,success,"{"total":1,"location_name":"Suur-Paala","location_id":10}"
2026-07-25 02:55:49,EEST,1,Hipodroom,0,success,"{"total":0,"location_name":"Hipodroom","location_id":1}"
2026-07-25 02:55:49,EEST,3,T1,1,success,"{"total":1,"location_name":"T1 Shopping Mall","location_id":3}"
2026-07-25 02:55:49,EEST,9,Mustika,1,success,"{"total":1,"location_name":"Mustika","location_id":9}"
2026-07-25 02:55:49,EEST,10,Suur-Paala,1,success,"{"total":1,"location_name":"Suur-Paala","location_id":10}"
2026-07-25 02:57:50,EEST,1,Hipodroom,0,success,"{"total":0,"location_name":"Hipodroom","location_id":1}"
2026-07-25 02:57:50,EEST,3,T1,0,success,"{"total":0,"location_name":"T1 Shopping Mall","location_id":3}"
2026-07-25 02:57:50,EEST,9,Mustika,1,success,"{"total":1,"location_name":"Mustika","location_id":9}"
2026-07-25 02:57:50,EEST,10,Suur-Paala,1,success,"{"total":1,"location_name":"Suur-Paala","location_id":10}"
2026-07-25 02:59:51,EEST,1,Hipodroom,0,success,"{"total":0,"location_name":"Hipodroom","location_id":1}"
2026-07-25 02:59:51,EEST,3,T1,0,success,"{"total":0,"location_name":"T1 Shopping Mall","location_id":3}"
2026-07-25 02:59:51,EEST,9,Mustika,1,success,"{"total":1,"location_name":"Mustika","location_id":9}"
2026-07-25 02:59:51,EEST,10,Suur-Paala,1,success,"{"total":1,"location_name":"Suur-Paala","location_id":10}"
2026-07-25 03:01:52,EEST,1,Hipodroom,0,success,"{"total":0,"location_name":"Hipodroom","location_id":1}"
2026-07-25 03:01:52,EEST,3,T1,0,success,"{"total":0,"location_name":"T1 Shopping Mall","location_id":3}"
2026-07-25 03:01:52,EEST,9,Mustika,0,success,"{"total":0,"location_name":"Mustika","location_id":9}"
2026-07-25 03:01:52,EEST,10,Suur-Paala,0,success,"{"total":0,"location_name":"Suur-Paala","location_id":10}"
2026-07-25 03:03:53,EEST,1,Hipodroom,0,success,"{"total":0,"location_name":"Hipodroom","location_id":1}"
2026-07-25 03:03:53,EEST,3,T1,0,success,"{"total":0,"location_name":"T1 Shopping Mall","location_id":3}"
2026-07-25 03:03:53,EEST,9,Mustika,0,success,"{"total":0,"location_name":"Mustika","location_id":9}"
2026-07-25 03:03:53,EEST,10,Suur-Paala,0,success,"{"total":0,"location_name":"Suur-Paala","location_id":10}"
2026-07-25 03:05:54,EEST,1,Hipodroom,0,success,"{"total":0,"location_name":"Hipodroom","location_id":1}"
2026-07-25 03:05:54,EEST,3,T1,0,success,"{"total":0,"location_name":"T1 Shopping Mall","location_id":3}"
2026-07-25 03:05:54,EEST,9,Mustika,0,success,"{"total":0,"location_name":"Mustika","location_id":9}"
2026-07-25 03:05:54,EEST,10,Suur-Paala,0,success,"{"total":0,"location_name":"Suur-Paala","location_id":10}"
2026-07-25 03:07:55,EEST,1,Hipodroom,0,success,"{"total":0,"location_name":"Hipodroom","location_id":1}"
2026-07-25 03:07:55,EEST,3,T1,0,success,"{"total":0,"location_name":"T1 Shopping Mall","location_id":3}"
2026-07-25 03:07:55,EEST,9,Mustika,0,success,"{"total":0,"location_name":"Mustika","location_id":9}"
2026-07-25 03:07:55,EEST,10,Suur-Paala,0,success,"{"total":0,"location_name":"Suur-Paala","location_id":10}"
2026-07-25 03:09:56,EEST,1,Hipodroom,0,success,"{"total":0,"location_name":"Hipodroom","location_id":1}"
2026-07-25 03:09:56,EEST,3,T1,0,success,"{"total":0,"location_name":"T1 Shopping Mall","location_id":3}"
2026-07-25 03:09:56,EEST,9,Mustika,0,success,"{"total":0,"location_name":"Mustika","location_id":9}"
2026-07-25 03:09:56,EEST,10,Suur-Paala,0,success,"{"total":0,"location_name":"Suur-Paala","location_id":10}"
2026-07-25 03:11:57,EEST,1,Hipodroom,0,success,"{"total":0,"location_name":"Hipodroom","location_id":1}"
2026-07-25 03:11:57,EEST,3,T1,0,success,"{"total":0,"location_name":"T1 Shopping Mall","location_id":3}"
2026-07-25 03:11:57,EEST,9,Mustika,0,success,"{"total":0,"location_name":"Mustika","location_id":9}"
2026-07-25 03:11:57,EEST,10,Suur-Paala,0,success,"{"total":0,"location_name":"Suur-Paala","location_id":10}"
2026-07-25 03:13:58,EEST,1,Hipodroom,0,success,"{"total":0,"location_name":"Hipodroom","location_id":1}"
2026-07-25 03:13:58,EEST,3,T1,0,success,"{"total":0,"location_name":"T1 Shopping Mall","location_id":3}"
2026-07-25 03:13:58,EEST,9,Mustika,0,success,"{"total":0,"location_name":"Mustika","location_id":9}"
2026-07-25 03:13:58,EEST,10,Suur-Paala,0,success,"{"total":0,"location_name":"Suur-Paala","location_id":10}"
2026-07-25 03:15:59,EEST,1,Hipodroom,0,success,"{"total":0,"location_name":"Hipodroom","location_id":1}"
2026-07-25 03:15:59,EEST,3,T1,0,success,"{"total":0,"location_name":"T1 Shopping Mall","location_id":3}"
2026-07-25 03:15:59,EEST,9,Mustika,0,success,"{"total":0,"location_name":"Mustika","location_id":9}"
2026-07-25 03:15:59,EEST,10,Suur-Paala,0,success,"{"total":0,"location_name":"Suur-Paala","location_id":10}"
2026-07-25 03:18:00,EEST,1,Hipodroom,0,success,"{"total":0,"location_name":"Hipodroom","location_id":1}"
2026-07-25 03:18:00,EEST,3,T1,0,success,"{"total":0,"location_name":"T1 Shopping Mall","location_id":3}"
2026-07-25 03:18:00,EEST,9,Mustika,0,success,"{"total":0,"location_name":"Mustika","location_id":9}"
2026-07-25 03:18:00,EEST,10,Suur-Paala,0,success,"{"total":0,"location_name":"Suur-Paala","location_id":10}"
2026-07-25 03:20:01,EEST,1,Hipodroom,0,success,"{"total":0,"location_name":"Hipodroom","location_id":1}"
2026-07-25 03:20:01,EEST,3,T1,0,success,"{"total":0,"location_name":"T1 Shopping Mall","location_id":3}"
2026-07-25 03:20:01,EEST,9,Mustika,0,success,"{"total":0,"location_name":"Mustika","location_id":9}"
2026-07-25 03:20:01,EEST,10,Suur-Paala,0,success,"{"total":0,"location_name":"Suur-Paala","location_id":10}"
2026-07-25 03:22:02,EEST,1,Hipodroom,0,success,"{"total":0,"location_name":"Hipodroom","location_id":1}"
2026-07-25 03:22:02,EEST,3,T1,0,success,"{"total":0,"location_name":"T1 Shopping Mall","location_id":3}"
2026-07-25 03:22:02,EEST,9,Mustika,0,success,"{"total":0,"location_name":"Mustika","location_id":9}"
2026-07-25 03:22:02,EEST,10,Suur-Paala,0,success,"{"total":0,"location_name":"Suur-Paala","location_id":10}"
2026-07-25 03:24:03,EEST,1,Hipodroom,0,success,"{"total":0,"location_name":"Hipodroom","location_id":1}"
2026-07-25 03:24:03,EEST,3,T1,0,success,"{"total":0,"location_name":"T1 Shopping Mall","location_id":3}"
2026-07-25 03:24:03,EEST,9,Mustika,0,success,"{"total":0,"location_name":"Mustika","location_id":9}"
2026-07-25 03:24:03,EEST,10,Suur-Paala,0,success,"{"total":0,"location_name":"Suur-Paala","location_id":10}"
2026-07-25 03:26:03,EEST,1,Hipodroom,0,success,"{"total":0,"location_name":"Hipodroom","location_id":1}"
2026-07-25 03:26:03,EEST,3,T1,0,success,"{"total":0,"location_name":"T1 Shopping Mall","location_id":3}"
2026-07-25 03:26:03,EEST,9,Mustika,0,success,"{"total":0,"location_name":"Mustika","location_id":9}"
2026-07-25 03:26:03,EEST,10,Suur-Paala,0,success,"{"total":0,"location_name":"Suur-Paala","location_id":10}"
2026-07-25 03:28:04,EEST,1,Hipodroom,0,success,"{"total":0,"location_name":"Hipodroom","location_id":1}"
2026-07-25 03:28:04,EEST,3,T1,0,success,"{"total":0,"location_name":"T1 Shopping Mall","location_id":3}"
2026-07-25 03:28:04,EEST,9,Mustika,0,success,"{"total":0,"location_name":"Mustika","location_id":9}"
2026-07-25 03:28:04,EEST,10,Suur-Paala,0,success,"{"total":0,"location_name":"Suur-Paala","location_id":10}"
2026-07-25 03:30:05,EEST,1,Hipodroom,0,success,"{"total":0,"location_name":"Hipodroom","location_id":1}"
2026-07-25 03:30:05,EEST,3,T1,0,success,"{"total":0,"location_name":"T1 Shopping Mall","location_id":3}"
2026-07-25 03:30:05,EEST,9,Mustika,0,success,"{"total":0,"location_name":"Mustika","location_id":9}"
2026-07-25 03:30:05,EEST,10,Suur-Paala,0,success,"{"total":0,"location_name":"Suur-Paala","location_id":10}"
2026-07-25 03:32:06,EEST,1,Hipodroom,0,success,"{"total":0,"location_name":"Hipodroom","location_id":1}"
2026-07-25 03:32:06,EEST,3,T1,0,success,"{"total":0,"location_name":"T1 Shopping Mall","location_id":3}"
2026-07-25 03:32:06,EEST,9,Mustika,0,success,"{"total":0,"location_name":"Mustika","location_id":9}"
2026-07-25 03:32:06,EEST,10,Suur-Paala,0,success,"{"total":0,"location_name":"Suur-Paala","location_id":10}"
2026-07-25 03:34:07,EEST,1,Hipodroom,0,success,"{"total":0,"location_name":"Hipodroom","location_id":1}"
2026-07-25 03:34:07,EEST,3,T1,0,success,"{"total":0,"location_name":"T1 Shopping Mall","location_id":3}"
2026-07-25 03:34:07,EEST,9,Mustika,0,success,"{"total":0,"location_name":"Mustika","location_id":9}"
2026-07-25 03:34:07,EEST,10,Suur-Paala,0,success,"{"total":0,"location_name":"Suur-Paala","location_id":10}"
2026-07-25 03:36:08,EEST,1,Hipodroom,0,success,"{"total":0,"location_name":"Hipodroom","location_id":1}"
2026-07-25 03:36:08,EEST,3,T1,0,success,"{"total":0,"location_name":"T1 Shopping Mall","location_id":3}"
2026-07-25 03:36:08,EEST,9,Mustika,0,success,"{"total":0,"location_name":"Mustika","location_id":9}"
2026-07-25 03:36:08,EEST,10,Suur-Paala,0,success,"{"total":0,"location_name":"Suur-Paala","location_id":10}"
2026-07-25 03:38:09,EEST,1,Hipodroom,0,success,"{"total":0,"location_name":"Hipodroom","location_id":1}"
2026-07-25 03:38:09,EEST,3,T1,0,success,"{"total":0,"location_name":"T1 Shopping Mall","location_id":3}"
2026-07-25 03:38:09,EEST,9,Mustika,0,success,"{"total":0,"location_name":"Mustika","location_id":9}"
2026-07-25 03:38:09,EEST,10,Suur-Paala,0,success,"{"total":0,"location_name":"Suur-Paala","location_id":10}"
2026-07-25 03:40:10,EEST,1,Hipodroom,0,success,"{"total":0,"location_name":"Hipodroom","location_id":1}"
2026-07-25 03:40:10,EEST,3,T1,0,success,"{"total":0,"location_name":"T1 Shopping Mall","location_id":3}"
2026-07-25 03:40:10,EEST,9,Mustika,0,success,"{"total":0,"location_name":"Mustika","location_id":9}"
2026-07-25 03:40:10,EEST,10,Suur-Paala,0,success,"{"total":0,"location_name":"Suur-Paala","location_id":10}"
2026-07-25 03:42:10,EEST,1,Hipodroom,0,success,"{"total":0,"location_name":"Hipodroom","location_id":1}"
2026-07-25 03:42:10,EEST,3,T1,0,success,"{"total":0,"location_name":"T1 Shopping Mall","location_id":3}"
2026-07-25 03:42:10,EEST,9,Mustika,0,success,"{"total":0,"location_name":"Mustika","location_id":9}"
2026-07-25 03:42:10,EEST,10,Suur-Paala,0,success,"{"total":0,"location_name":"Suur-Paala","location_id":10}"
2026-07-25 03:44:11,EEST,1,Hipodroom,0,success,"{"total":0,"location_name":"Hipodroom","location_id":1}"
2026-07-25 03:44:11,EEST,3,T1,0,success,"{"total":0,"location_name":"T1 Shopping Mall","location_id":3}"
2026-07-25 03:44:11,EEST,9,Mustika,0,success,"{"total":0,"location_name":"Mustika","location_id":9}"
2026-07-25 03:44:11,EEST,10,Suur-Paala,0,success,"{"total":0,"location_name":"Suur-Paala","location_id":10}"
2026-07-25 03:46:12,EEST,1,Hipodroom,0,success,"{"total":0,"location_name":"Hipodroom","location_id":1}"
2026-07-25 03:46:12,EEST,3,T1,0,success,"{"total":0,"location_name":"T1 Shopping Mall","location_id":3}"
2026-07-25 03:46:12,EEST,9,Mustika,0,success,"{"total":0,"location_name":"Mustika","location_id":9}"
2026-07-25 03:46:12,EEST,10,Suur-Paala,0,success,"{"total":0,"location_name":"Suur-Paala","location_id":10}"
2026-07-25 03:48:13,EEST,1,Hipodroom,0,success,"{"total":0,"location_name":"Hipodroom","location_id":1}"
2026-07-25 03:48:13,EEST,3,T1,0,success,"{"total":0,"location_name":"T1 Shopping Mall","location_id":3}"
2026-07-25 03:48:13,EEST,9,Mustika,0,success,"{"total":0,"location_name":"Mustika","location_id":9}"
2026-07-25 03:48:13,EEST,10,Suur-Paala,0,success,"{"total":0,"location_name":"Suur-Paala","location_id":10}"
2026-07-25 03:50:14,EEST,1,Hipodroom,0,success,"{"total":0,"location_name":"Hipodroom","location_id":1}"
2026-07-25 03:50:14,EEST,3,T1,0,success,"{"total":0,"location_name":"T1 Shopping Mall","location_id":3}"
2026-07-25 03:50:14,EEST,9,Mustika,0,success,"{"total":0,"location_name":"Mustika","location_id":9}"
2026-07-25 03:50:14,EEST,10,Suur-Paala,0,success,"{"total":0,"location_name":"Suur-Paala","location_id":10}"
2026-07-25 03:52:15,EEST,1,Hipodroom,0,success,"{"total":0,"location_name":"Hipodroom","location_id":1}"
2026-07-25 03:52:15,EEST,3,T1,0,success,"{"total":0,"location_name":"T1 Shopping Mall","location_id":3}"
2026-07-25 03:52:15,EEST,9,Mustika,0,success,"{"total":0,"location_name":"Mustika","location_id":9}"
2026-07-25 03:52:15,EEST,10,Suur-Paala,0,success,"{"total":0,"location_name":"Suur-Paala","location_id":10}"
2026-07-25 03:54:16,EEST,1,Hipodroom,0,success,"{"total":0,"location_name":"Hipodroom","location_id":1}"
2026-07-25 03:54:16,EEST,3,T1,0,success,"{"total":0,"location_name":"T1 Shopping Mall","location_id":3}"
2026-07-25 03:54:16,EEST,9,Mustika,0,success,"{"total":0,"location_name":"Mustika","location_id":9}"
2026-07-25 03:54:16,EEST,10,Suur-Paala,0,success,"{"total":0,"location_name":"Suur-Paala","location_id":10}"
2026-07-25 03:56:17,EEST,1,Hipodroom,0,success,"{"total":0,"location_name":"Hipodroom","location_id":1}"
2026-07-25 03:56:17,EEST,3,T1,0,success,"{"total":0,"location_name":"T1 Shopping Mall","location_id":3}"
2026-07-25 03:56:17,EEST,9,Mustika,0,success,"{"total":0,"location_name":"Mustika","location_id":9}"
2026-07-25 03:56:17,EEST,10,Suur-Paala,0,success,"{"total":0,"location_name":"Suur-Paala","location_id":10}"
2026-07-25 03:58:18,EEST,1,Hipodroom,0,success,"{"total":0,"location_name":"Hipodroom","location_id":1}"
2026-07-25 03:58:18,EEST,3,T1,0,success,"{"total":0,"location_name":"T1 Shopping Mall","location_id":3}"
2026-07-25 03:58:18,EEST,9,Mustika,0,success,"{"total":0,"location_name":"Mustika","location_id":9}"
2026-07-25 03:58:18,EEST,10,Suur-Paala,0,success,"{"total":0,"location_name":"Suur-Paala","location_id":10}"
2026-07-25 04:00:18,EEST,1,Hipodroom,0,success,"{"total":0,"location_name":"Hipodroom","location_id":1}"
2026-07-25 04:00:18,EEST,3,T1,0,success,"{"total":0,"location_name":"T1 Shopping Mall","location_id":3}"
2026-07-25 04:00:18,EEST,9,Mustika,0,success,"{"total":0,"location_name":"Mustika","location_id":9}"
2026-07-25 04:00:18,EEST,10,Suur-Paala,0,success,"{"total":0,"location_name":"Suur-Paala","location_id":10}"
2026-07-25 04:02:19,EEST,1,Hipodroom,0,success,"{"total":0,"location_name":"Hipodroom","location_id":1}"
2026-07-25 04:02:19,EEST,3,T1,0,success,"{"total":0,"location_name":"T1 Shopping Mall","location_id":3}"
2026-07-25 04:02:19,EEST,9,Mustika,0,success,"{"total":0,"location_name":"Mustika","location_id":9}"
2026-07-25 04:02:19,EEST,10,Suur-Paala,0,success,"{"total":0,"location_name":"Suur-Paala","location_id":10}"
2026-07-25 04:04:20,EEST,1,Hipodroom,0,success,"{"total":0,"location_name":"Hipodroom","location_id":1}"
2026-07-25 04:04:20,EEST,3,T1,0,success,"{"total":0,"location_name":"T1 Shopping Mall","location_id":3}"
2026-07-25 04:04:20,EEST,9,Mustika,0,success,"{"total":0,"location_name":"Mustika","location_id":9}"
2026-07-25 04:04:20,EEST,10,Suur-Paala,0,success,"{"total":0,"location_name":"Suur-Paala","location_id":10}"
2026-07-25 04:06:21,EEST,1,Hipodroom,0,success,"{"total":0,"location_name":"Hipodroom","location_id":1}"
2026-07-25 04:06:21,EEST,3,T1,0,success,"{"total":0,"location_name":"T1 Shopping Mall","location_id":3}"
2026-07-25 04:06:21,EEST,9,Mustika,0,success,"{"total":0,"location_name":"Mustika","location_id":9}"
2026-07-25 04:06:21,EEST,10,Suur-Paala,0,success,"{"total":0,"location_name":"Suur-Paala","location_id":10}"
2026-07-25 04:08:22,EEST,1,Hipodroom,0,success,"{"total":0,"location_name":"Hipodroom","location_id":1}"
2026-07-25 04:08:22,EEST,3,T1,0,success,"{"total":0,"location_name":"T1 Shopping Mall","location_id":3}"
2026-07-25 04:08:22,EEST,9,Mustika,0,success,"{"total":0,"location_name":"Mustika","location_id":9}"
2026-07-25 04:08:22,EEST,10,Suur-Paala,0,success,"{"total":0,"location_name":"Suur-Paala","location_id":10}"
2026-07-25 04:10:23,EEST,1,Hipodroom,0,success,"{"total":0,"location_name":"Hipodroom","location_id":1}"
2026-07-25 04:10:23,EEST,3,T1,0,success,"{"total":0,"location_name":"T1 Shopping Mall","location_id":3}"
2026-07-25 04:10:23,EEST,9,Mustika,0,success,"{"total":0,"location_name":"Mustika","location_id":9}"
2026-07-25 04:10:23,EEST,10,Suur-Paala,0,success,"{"total":0,"location_name":"Suur-Paala","location_id":10}"
2026-07-25 04:12:24,EEST,1,Hipodroom,0,success,"{"total":0,"location_name":"Hipodroom","location_id":1}"
2026-07-25 04:12:24,EEST,3,T1,0,success,"{"total":0,"location_name":"T1 Shopping Mall","location_id":3}"
2026-07-25 04:12:24,EEST,9,Mustika,0,success,"{"total":0,"location_name":"Mustika","location_id":9}"
2026-07-25 04:12:24,EEST,10,Suur-Paala,0,success,"{"total":0,"location_name":"Suur-Paala","location_id":10}"
2026-07-25 04:14:25,EEST,1,Hipodroom,0,success,"{"total":0,"location_name":"Hipodroom","location_id":1}"
2026-07-25 04:14:25,EEST,3,T1,0,success,"{"total":0,"location_name":"T1 Shopping Mall","location_id":3}"
2026-07-25 04:14:25,EEST,9,Mustika,0,success,"{"total":0,"location_name":"Mustika","location_id":9}"
2026-07-25 04:14:25,EEST,10,Suur-Paala,0,success,"{"total":0,"location_name":"Suur-Paala","location_id":10}"
2026-07-25 04:16:26,EEST,1,Hipodroom,0,success,"{"total":0,"location_name":"Hipodroom","location_id":1}"
2026-07-25 04:16:26,EEST,3,T1,0,success,"{"total":0,"location_name":"T1 Shopping Mall","location_id":3}"
2026-07-25 04:16:26,EEST,9,Mustika,0,success,"{"total":0,"location_name":"Mustika","location_id":9}"
2026-07-25 04:16:26,EEST,10,Suur-Paala,0,success,"{"total":0,"location_name":"Suur-Paala","location_id":10}"
2026-07-25 04:18:27,EEST,1,Hipodroom,0,success,"{"total":0,"location_name":"Hipodroom","location_id":1}"
2026-07-25 04:18:27,EEST,3,T1,0,success,"{"total":0,"location_name":"T1 Shopping Mall","location_id":3}"
2026-07-25 04:18:27,EEST,9,Mustika,0,success,"{"total":0,"location_name":"Mustika","location_id":9}"
2026-07-25 04:18:27,EEST,10,Suur-Paala,0,success,"{"total":0,"location_name":"Suur-Paala","location_id":10}"
2026-07-25 04:20:28,EEST,1,Hipodroom,0,success,"{"total":0,"location_name":"Hipodroom","location_id":1}"
2026-07-25 04:20:28,EEST,3,T1,0,success,"{"total":0,"location_name":"T1 Shopping Mall","location_id":3}"
2026-07-25 04:20:28,EEST,9,Mustika,0,success,"{"total":0,"location_name":"Mustika","location_id":9}"
2026-07-25 04:20:28,EEST,10,Suur-Paala,0,success,"{"total":0,"location_name":"Suur-Paala","location_id":10}"
2026-07-25 04:22:29,EEST,1,Hipodroom,0,success,"{"total":0,"location_name":"Hipodroom","location_id":1}"
2026-07-25 04:22:29,EEST,3,T1,0,success,"{"total":0,"location_name":"T1 Shopping Mall","location_id":3}"
2026-07-25 04:22:29,EEST,9,Mustika,0,success,"{"total":0,"location_name":"Mustika","location_id":9}"
2026-07-25 04:22:29,EEST,10,Suur-Paala,0,success,"{"total":0,"location_name":"Suur-Paala","location_id":10}"
2026-07-25 04:24:30,EEST,1,Hipodroom,0,success,"{"total":0,"location_name":"Hipodroom","location_id":1}"
2026-07-25 04:24:30,EEST,3,T1,0,success,"{"total":0,"location_name":"T1 Shopping Mall","location_id":3}"
2026-07-25 04:24:30,EEST,9,Mustika,0,success,"{"total":0,"location_name":"Mustika","location_id":9}"
2026-07-25 04:24:30,EEST,10,Suur-Paala,0,success,"{"total":0,"location_name":"Suur-Paala","location_id":10}"
2026-07-25 04:26:30,EEST,1,Hipodroom,0,success,"{"total":0,"location_name":"Hipodroom","location_id":1}"
2026-07-25 04:26:30,EEST,3,T1,0,success,"{"total":0,"location_name":"T1 Shopping Mall","location_id":3}"
2026-07-25 04:26:30,EEST,9,Mustika,0,success,"{"total":0,"location_name":"Mustika","location_id":9}"
2026-07-25 04:26:30,EEST,10,Suur-Paala,0,success,"{"total":0,"location_name":"Suur-Paala","location_id":10}"
2026-07-25 04:28:31,EEST,1,Hipodroom,0,success,"{"total":0,"location_name":"Hipodroom","location_id":1}"
2026-07-25 04:28:31,EEST,3,T1,0,success,"{"total":0,"location_name":"T1 Shopping Mall","location_id":3}"
2026-07-25 04:28:31,EEST,9,Mustika,0,success,"{"total":0,"location_name":"Mustika","location_id":9}"
2026-07-25 04:28:31,EEST,10,Suur-Paala,0,success,"{"total":0,"location_name":"Suur-Paala","location_id":10}"
2026-07-25 04:30:32,EEST,1,Hipodroom,0,success,"{"total":0,"location_name":"Hipodroom","location_id":1}"
2026-07-25 04:30:32,EEST,3,T1,0,success,"{"total":0,"location_name":"T1 Shopping Mall","location_id":3}"
2026-07-25 04:30:32,EEST,9,Mustika,0,success,"{"total":0,"location_name":"Mustika","location_id":9}"
2026-07-25 04:30:32,EEST,10,Suur-Paala,0,success,"{"total":0,"location_name":"Suur-Paala","location_id":10}"
2026-07-25 04:32:33,EEST,1,Hipodroom,0,success,"{"total":0,"location_name":"Hipodroom","location_id":1}"
2026-07-25 04:32:33,EEST,3,T1,0,success,"{"total":0,"location_name":"T1 Shopping Mall","location_id":3}"
2026-07-25 04:32:33,EEST,9,Mustika,0,success,"{"total":0,"location_name":"Mustika","location_id":9}"
2026-07-25 04:32:33,EEST,10,Suur-Paala,0,success,"{"total":0,"location_name":"Suur-Paala","location_id":10}"
2026-07-25 04:34:34,EEST,1,Hipodroom,0,success,"{"total":0,"location_name":"Hipodroom","location_id":1}"
2026-07-25 04:34:34,EEST,3,T1,0,success,"{"total":0,"location_name":"T1 Shopping Mall","location_id":3}"
2026-07-25 04:34:34,EEST,9,Mustika,0,success,"{"total":0,"location_name":"Mustika","location_id":9}"
2026-07-25 04:34:34,EEST,10,Suur-Paala,0,success,"{"total":0,"location_name":"Suur-Paala","location_id":10}"
2026-07-25 04:36:35,EEST,1,Hipodroom,0,success,"{"total":0,"location_name":"Hipodroom","location_id":1}"
2026-07-25 04:36:35,EEST,3,T1,0,success,"{"total":0,"location_name":"T1 Shopping Mall","location_id":3}"
2026-07-25 04:36:35,EEST,9,Mustika,0,success,"{"total":0,"location_name":"Mustika","location_id":9}"
2026-07-25 04:36:35,EEST,10,Suur-Paala,0,success,"{"total":0,"location_name":"Suur-Paala","location_id":10}"
2026-07-25 04:38:36,EEST,1,Hipodroom,0,success,"{"total":0,"location_name":"Hipodroom","location_id":1}"
2026-07-25 04:38:36,EEST,3,T1,0,success,"{"total":0,"location_name":"T1 Shopping Mall","location_id":3}"
2026-07-25 04:38:36,EEST,9,Mustika,0,success,"{"total":0,"location_name":"Mustika","location_id":9}"
2026-07-25 04:38:36,EEST,10,Suur-Paala,0,success,"{"total":0,"location_name":"Suur-Paala","location_id":10}"
2026-07-25 04:40:37,EEST,1,Hipodroom,0,success,"{"total":0,"location_name":"Hipodroom","location_id":1}"
2026-07-25 04:40:37,EEST,3,T1,0,success,"{"total":0,"location_name":"T1 Shopping Mall","location_id":3}"
2026-07-25 04:40:37,EEST,9,Mustika,0,success,"{"total":0,"location_name":"Mustika","location_id":9}"
2026-07-25 04:40:37,EEST,10,Suur-Paala,0,success,"{"total":0,"location_name":"Suur-Paala","location_id":10}"
2026-07-25 04:42:37,EEST,1,Hipodroom,0,success,"{"total":0,"location_name":"Hipodroom","location_id":1}"
2026-07-25 04:42:37,EEST,3,T1,0,success,"{"total":0,"location_name":"T1 Shopping Mall","location_id":3}"
2026-07-25 04:42:37,EEST,9,Mustika,0,success,"{"total":0,"location_name":"Mustika","location_id":9}"
2026-07-25 04:42:37,EEST,10,Suur-Paala,0,success,"{"total":0,"location_name":"Suur-Paala","location_id":10}"
2026-07-25 04:44:38,EEST,1,Hipodroom,0,success,"{"total":0,"location_name":"Hipodroom","location_id":1}"
2026-07-25 04:44:38,EEST,3,T1,0,success,"{"total":0,"location_name":"T1 Shopping Mall","location_id":3}"
2026-07-25 04:44:38,EEST,9,Mustika,0,success,"{"total":0,"location_name":"Mustika","location_id":9}"
2026-07-25 04:44:38,EEST,10,Suur-Paala,0,success,"{"total":0,"location_name":"Suur-Paala","location_id":10}"
2026-07-25 04:46:39,EEST,1,Hipodroom,0,success,"{"total":0,"location_name":"Hipodroom","location_id":1}"
2026-07-25 04:46:39,EEST,3,T1,0,success,"{"total":0,"location_name":"T1 Shopping Mall","location_id":3}"
2026-07-25 04:46:39,EEST,9,Mustika,0,success,"{"total":0,"location_name":"Mustika","location_id":9}"
2026-07-25 04:46:39,EEST,10,Suur-Paala,0,success,"{"total":0,"location_name":"Suur-Paala","location_id":10}"
2026-07-25 04:48:40,EEST,1,Hipodroom,0,success,"{"total":0,"location_name":"Hipodroom","location_id":1}"
2026-07-25 04:48:40,EEST,3,T1,0,success,"{"total":0,"location_name":"T1 Shopping Mall","location_id":3}"
2026-07-25 04:48:40,EEST,9,Mustika,0,success,"{"total":0,"location_name":"Mustika","location_id":9}"
2026-07-25 04:48:40,EEST,10,Suur-Paala,0,success,"{"total":0,"location_name":"Suur-Paala","location_id":10}"
2026-07-25 04:50:41,EEST,1,Hipodroom,0,success,"{"total":0,"location_name":"Hipodroom","location_id":1}"
2026-07-25 04:50:41,EEST,3,T1,0,success,"{"total":0,"location_name":"T1 Shopping Mall","location_id":3}"
2026-07-25 04:50:41,EEST,9,Mustika,0,success,"{"total":0,"location_name":"Mustika","location_id":9}"
2026-07-25 04:50:41,EEST,10,Suur-Paala,0,success,"{"total":0,"location_name":"Suur-Paala","location_id":10}"
2026-07-25 04:52:42,EEST,1,Hipodroom,0,success,"{"total":0,"location_name":"Hipodroom","location_id":1}"
2026-07-25 04:52:42,EEST,3,T1,0,success,"{"total":0,"location_name":"T1 Shopping Mall","location_id":3}"
2026-07-25 04:52:42,EEST,9,Mustika,0,success,"{"total":0,"location_name":"Mustika","location_id":9}"
2026-07-25 04:52:42,EEST,10,Suur-Paala,0,success,"{"total":0,"location_name":"Suur-Paala","location_id":10}"
2026-07-25 04:54:43,EEST,1,Hipodroom,0,success,"{"total":0,"location_name":"Hipodroom","location_id":1}"
2026-07-25 04:54:43,EEST,3,T1,0,success,"{"total":0,"location_name":"T1 Shopping Mall","location_id":3}"
2026-07-25 04:54:43,EEST,9,Mustika,0,success,"{"total":0,"location_name":"Mustika","location_id":9}"
2026-07-25 04:54:43,EEST,10,Suur-Paala,0,success,"{"total":0,"location_name":"Suur-Paala","location_id":10}"
2026-07-25 04:56:43,EEST,1,Hipodroom,0,success,"{"total":0,"location_name":"Hipodroom","location_id":1}"
2026-07-25 04:56:43,EEST,3,T1,0,success,"{"total":0,"location_name":"T1 Shopping Mall","location_id":3}"
2026-07-25 04:56:43,EEST,9,Mustika,0,success,"{"total":0,"location_name":"Mustika","location_id":9}"
2026-07-25 04:56:43,EEST,10,Suur-Paala,0,success,"{"total":0,"location_name":"Suur-Paala","location_id":10}"
2026-07-25 04:58:44,EEST,1,Hipodroom,0,success,"{"total":0,"location_name":"Hipodroom","location_id":1}"
2026-07-25 04:58:44,EEST,3,T1,0,success,"{"total":0,"location_name":"T1 Shopping Mall","location_id":3}"
2026-07-25 04:58:44,EEST,9,Mustika,0,success,"{"total":0,"location_name":"Mustika","location_id":9}"
2026-07-25 04:58:44,EEST,10,Suur-Paala,0,success,"{"total":0,"location_name":"Suur-Paala","location_id":10}"
2026-07-25 05:00:45,EEST,1,Hipodroom,0,success,"{"total":0,"location_name":"Hipodroom","location_id":1}"
2026-07-25 05:00:45,EEST,3,T1,0,success,"{"total":0,"location_name":"T1 Shopping Mall","location_id":3}"
2026-07-25 05:00:45,EEST,9,Mustika,0,success,"{"total":0,"location_name":"Mustika","location_id":9}"
2026-07-25 05:00:45,EEST,10,Suur-Paala,0,success,"{"total":0,"location_name":"Suur-Paala","location_id":10}"
2026-07-25 05:02:46,EEST,1,Hipodroom,0,success,"{"total":0,"location_name":"Hipodroom","location_id":1}"
2026-07-25 05:02:46,EEST,3,T1,0,success,"{"total":0,"location_name":"T1 Shopping Mall","location_id":3}"
2026-07-25 05:02:46,EEST,9,Mustika,0,success,"{"total":0,"location_name":"Mustika","location_id":9}"
2026-07-25 05:02:46,EEST,10,Suur-Paala,0,success,"{"total":0,"location_name":"Suur-Paala","location_id":10}"
2026-07-25 05:04:47,EEST,1,Hipodroom,0,success,"{"total":0,"location_name":"Hipodroom","location_id":1}"
2026-07-25 05:04:47,EEST,3,T1,0,success,"{"total":0,"location_name":"T1 Shopping Mall","location_id":3}"
2026-07-25 05:04:47,EEST,9,Mustika,0,success,"{"total":0,"location_name":"Mustika","location_id":9}"
2026-07-25 05:04:47,EEST,10,Suur-Paala,0,success,"{"total":0,"location_name":"Suur-Paala","location_id":10}"
2026-07-25 05:06:48,EEST,1,Hipodroom,0,success,"{"total":0,"location_name":"Hipodroom","location_id":1}"
2026-07-25 05:06:48,EEST,3,T1,0,success,"{"total":0,"location_name":"T1 Shopping Mall","location_id":3}"
2026-07-25 05:06:48,EEST,9,Mustika,0,success,"{"total":0,"location_name":"Mustika","location_id":9}"
2026-07-25 05:06:48,EEST,10,Suur-Paala,0,success,"{"total":0,"location_name":"Suur-Paala","location_id":10}"
2026-07-25 05:08:49,EEST,1,Hipodroom,0,success,"{"total":0,"location_name":"Hipodroom","location_id":1}"
2026-07-25 05:08:49,EEST,3,T1,0,success,"{"total":0,"location_name":"T1 Shopping Mall","location_id":3}"
2026-07-25 05:08:49,EEST,9,Mustika,0,success,"{"total":0,"location_name":"Mustika","location_id":9}"
2026-07-25 05:08:49,EEST,10,Suur-Paala,0,success,"{"total":0,"location_name":"Suur-Paala","location_id":10}"
2026-07-25 05:10:50,EEST,1,Hipodroom,0,success,"{"total":0,"location_name":"Hipodroom","location_id":1}"
2026-07-25 05:10:50,EEST,3,T1,0,success,"{"total":0,"location_name":"T1 Shopping Mall","location_id":3}"
2026-07-25 05:10:50,EEST,9,Mustika,0,success,"{"total":0,"location_name":"Mustika","location_id":9}"
2026-07-25 05:10:50,EEST,10,Suur-Paala,0,success,"{"total":0,"location_name":"Suur-Paala","location_id":10}"
2026-07-25 05:12:50,EEST,1,Hipodroom,0,success,"{"total":0,"location_name":"Hipodroom","location_id":1}"
2026-07-25 05:12:50,EEST,3,T1,0,success,"{"total":0,"location_name":"T1 Shopping Mall","location_id":3}"
2026-07-25 05:12:50,EEST,9,Mustika,0,success,"{"total":0,"location_name":"Mustika","location_id":9}"
2026-07-25 05:12:50,EEST,10,Suur-Paala,0,success,"{"total":0,"location_name":"Suur-Paala","location_id":10}"
2026-07-25 05:14:51,EEST,1,Hipodroom,0,success,"{"total":0,"location_name":"Hipodroom","location_id":1}"
2026-07-25 05:14:51,EEST,3,T1,0,success,"{"total":0,"location_name":"T1 Shopping Mall","location_id":3}"
2026-07-25 05:14:51,EEST,9,Mustika,0,success,"{"total":0,"location_name":"Mustika","location_id":9}"
2026-07-25 05:14:51,EEST,10,Suur-Paala,0,success,"{"total":0,"location_name":"Suur-Paala","location_id":10}"
2026-07-25 05:16:52,EEST,1,Hipodroom,0,success,"{"total":0,"location_name":"Hipodroom","location_id":1}"
2026-07-25 05:16:52,EEST,3,T1,0,success,"{"total":0,"location_name":"T1 Shopping Mall","location_id":3}"
2026-07-25 05:16:52,EEST,9,Mustika,0,success,"{"total":0,"location_name":"Mustika","location_id":9}"
2026-07-25 05:16:52,EEST,10,Suur-Paala,0,success,"{"total":0,"location_name":"Suur-Paala","location_id":10}"
2026-07-25 05:18:53,EEST,1,Hipodroom,0,success,"{"total":0,"location_name":"Hipodroom","location_id":1}"
2026-07-25 05:18:53,EEST,3,T1,0,success,"{"total":0,"location_name":"T1 Shopping Mall","location_id":3}"
2026-07-25 05:18:53,EEST,9,Mustika,0,success,"{"total":0,"location_name":"Mustika","location_id":9}"
2026-07-25 05:18:53,EEST,10,Suur-Paala,0,success,"{"total":0,"location_name":"Suur-Paala","location_id":10}"
2026-07-25 05:20:54,EEST,1,Hipodroom,0,success,"{"total":0,"location_name":"Hipodroom","location_id":1}"
2026-07-25 05:20:54,EEST,3,T1,0,success,"{"total":0,"location_name":"T1 Shopping Mall","location_id":3}"
2026-07-25 05:20:54,EEST,9,Mustika,0,success,"{"total":0,"location_name":"Mustika","location_id":9}"
2026-07-25 05:20:54,EEST,10,Suur-Paala,0,success,"{"total":0,"location_name":"Suur-Paala","location_id":10}"
2026-07-25 05:22:55,EEST,1,Hipodroom,0,success,"{"total":0,"location_name":"Hipodroom","location_id":1}"
2026-07-25 05:22:55,EEST,3,T1,0,success,"{"total":0,"location_name":"T1 Shopping Mall","location_id":3}"
2026-07-25 05:22:55,EEST,9,Mustika,0,success,"{"total":0,"location_name":"Mustika","location_id":9}"
2026-07-25 05:22:55,EEST,10,Suur-Paala,0,success,"{"total":0,"location_name":"Suur-Paala","location_id":10}"
2026-07-25 05:24:56,EEST,1,Hipodroom,0,success,"{"total":0,"location_name":"Hipodroom","location_id":1}"
2026-07-25 05:24:56,EEST,3,T1,0,success,"{"total":0,"location_name":"T1 Shopping Mall","location_id":3}"
2026-07-25 05:24:56,EEST,9,Mustika,0,success,"{"total":0,"location_name":"Mustika","location_id":9}"
2026-07-25 05:24:56,EEST,10,Suur-Paala,0,success,"{"total":0,"location_name":"Suur-Paala","location_id":10}"
2026-07-25 05:26:57,EEST,1,Hipodroom,0,success,"{"total":0,"location_name":"Hipodroom","location_id":1}"
2026-07-25 05:26:57,EEST,3,T1,0,success,"{"total":0,"location_name":"T1 Shopping Mall","location_id":3}"
2026-07-25 05:26:57,EEST,9,Mustika,0,success,"{"total":0,"location_name":"Mustika","location_id":9}"
2026-07-25 05:26:57,EEST,10,Suur-Paala,0,success,"{"total":0,"location_name":"Suur-Paala","location_id":10}"
2026-07-25 05:28:58,EEST,1,Hipodroom,0,success,"{"total":0,"location_name":"Hipodroom","location_id":1}"
2026-07-25 05:28:58,EEST,3,T1,0,success,"{"total":0,"location_name":"T1 Shopping Mall","location_id":3}"
2026-07-25 05:28:58,EEST,9,Mustika,0,success,"{"total":0,"location_name":"Mustika","location_id":9}"
2026-07-25 05:28:58,EEST,10,Suur-Paala,0,success,"{"total":0,"location_name":"Suur-Paala","location_id":10}"
2026-07-25 05:30:59,EEST,1,Hipodroom,0,success,"{"total":0,"location_name":"Hipodroom","location_id":1}"
2026-07-25 05:30:59,EEST,3,T1,0,success,"{"total":0,"location_name":"T1 Shopping Mall","location_id":3}"
2026-07-25 05:30:59,EEST,9,Mustika,0,success,"{"total":0,"location_name":"Mustika","location_id":9}"
2026-07-25 05:30:59,EEST,10,Suur-Paala,0,success,"{"total":0,"location_name":"Suur-Paala","location_id":10}"
2026-07-25 05:32:59,EEST,1,Hipodroom,0,success,"{"total":0,"location_name":"Hipodroom","location_id":1}"
2026-07-25 05:32:59,EEST,3,T1,0,success,"{"total":0,"location_name":"T1 Shopping Mall","location_id":3}"
2026-07-25 05:32:59,EEST,9,Mustika,0,success,"{"total":0,"location_name":"Mustika","location_id":9}"
2026-07-25 05:32:59,EEST,10,Suur-Paala,0,success,"{"total":0,"location_name":"Suur-Paala","location_id":10}"
2026-07-25 05:35:00,EEST,1,Hipodroom,0,success,"{"total":0,"location_name":"Hipodroom","location_id":1}"
2026-07-25 05:35:00,EEST,3,T1,0,success,"{"total":0,"location_name":"T1 Shopping Mall","location_id":3}"
2026-07-25 05:35:00,EEST,9,Mustika,0,success,"{"total":0,"location_name":"Mustika","location_id":9}"
2026-07-25 05:35:00,EEST,10,Suur-Paala,0,success,"{"total":0,"location_name":"Suur-Paala","location_id":10}"
2026-07-25 05:37:01,EEST,1,Hipodroom,0,success,"{"total":0,"location_name":"Hipodroom","location_id":1}"
2026-07-25 05:37:01,EEST,3,T1,0,success,"{"total":0,"location_name":"T1 Shopping Mall","location_id":3}"
2026-07-25 05:37:01,EEST,9,Mustika,0,success,"{"total":0,"location_name":"Mustika","location_id":9}"
2026-07-25 05:37:01,EEST,10,Suur-Paala,0,success,"{"total":0,"location_name":"Suur-Paala","location_id":10}"
2026-07-25 05:39:02,EEST,1,Hipodroom,0,success,"{"total":0,"location_name":"Hipodroom","location_id":1}"
2026-07-25 05:39:02,EEST,3,T1,0,success,"{"total":0,"location_name":"T1 Shopping Mall","location_id":3}"
2026-07-25 05:39:02,EEST,9,Mustika,0,success,"{"total":0,"location_name":"Mustika","location_id":9}"
2026-07-25 05:39:02,EEST,10,Suur-Paala,0,success,"{"total":0,"location_name":"Suur-Paala","location_id":10}"
2026-07-25 05:41:03,EEST,1,Hipodroom,0,success,"{"total":0,"location_name":"Hipodroom","location_id":1}"
2026-07-25 05:41:03,EEST,3,T1,0,success,"{"total":0,"location_name":"T1 Shopping Mall","location_id":3}"
2026-07-25 05:41:03,EEST,9,Mustika,0,success,"{"total":0,"location_name":"Mustika","location_id":9}"
2026-07-25 05:41:03,EEST,10,Suur-Paala,0,success,"{"total":0,"location_name":"Suur-Paala","location_id":10}"
2026-07-25 05:43:04,EEST,1,Hipodroom,0,success,"{"total":0,"location_name":"Hipodroom","location_id":1}"
2026-07-25 05:43:04,EEST,3,T1,0,success,"{"total":0,"location_name":"T1 Shopping Mall","location_id":3}"
2026-07-25 05:43:04,EEST,9,Mustika,0,success,"{"total":0,"location_name":"Mustika","location_id":9}"
2026-07-25 05:43:04,EEST,10,Suur-Paala,0,success,"{"total":0,"location_name":"Suur-Paala","location_id":10}"
2026-07-25 05:45:05,EEST,1,Hipodroom,0,success,"{"total":0,"location_name":"Hipodroom","location_id":1}"
2026-07-25 05:45:05,EEST,3,T1,0,success,"{"total":0,"location_name":"T1 Shopping Mall","location_id":3}"
2026-07-25 05:45:05,EEST,9,Mustika,0,success,"{"total":0,"location_name":"Mustika","location_id":9}"
2026-07-25 05:45:05,EEST,10,Suur-Paala,0,success,"{"total":0,"location_name":"Suur-Paala","location_id":10}"
2026-07-25 05:47:06,EEST,1,Hipodroom,0,success,"{"total":0,"location_name":"Hipodroom","location_id":1}"
2026-07-25 05:47:06,EEST,3,T1,0,success,"{"total":0,"location_name":"T1 Shopping Mall","location_id":3}"
2026-07-25 05:47:06,EEST,9,Mustika,0,success,"{"total":0,"location_name":"Mustika","location_id":9}"
2026-07-25 05:47:06,EEST,10,Suur-Paala,0,success,"{"total":0,"location_name":"Suur-Paala","location_id":10}"
2026-07-25 05:49:07,EEST,1,Hipodroom,0,success,"{"total":0,"location_name":"Hipodroom","location_id":1}"
2026-07-25 05:49:07,EEST,3,T1,0,success,"{"total":0,"location_name":"T1 Shopping Mall","location_id":3}"
2026-07-25 05:49:07,EEST,9,Mustika,0,success,"{"total":0,"location_name":"Mustika","location_id":9}"
2026-07-25 05:49:07,EEST,10,Suur-Paala,0,success,"{"total":0,"location_name":"Suur-Paala","location_id":10}"
2026-07-25 05:51:08,EEST,1,Hipodroom,0,success,"{"total":0,"location_name":"Hipodroom","location_id":1}"
2026-07-25 05:51:08,EEST,3,T1,0,success,"{"total":0,"location_name":"T1 Shopping Mall","location_id":3}"
2026-07-25 05:51:08,EEST,9,Mustika,0,success,"{"total":0,"location_name":"Mustika","location_id":9}"
2026-07-25 05:51:08,EEST,10,Suur-Paala,0,success,"{"total":0,"location_name":"Suur-Paala","location_id":10}"
2026-07-25 05:53:09,EEST,1,Hipodroom,0,success,"{"total":0,"location_name":"Hipodroom","location_id":1}"
2026-07-25 05:53:09,EEST,3,T1,0,success,"{"total":0,"location_name":"T1 Shopping Mall","location_id":3}"
2026-07-25 05:53:09,EEST,9,Mustika,0,success,"{"total":0,"location_name":"Mustika","location_id":9}"
2026-07-25 05:53:09,EEST,10,Suur-Paala,0,success,"{"total":0,"location_name":"Suur-Paala","location_id":10}"
2026-07-25 05:55:09,EEST,1,Hipodroom,0,success,"{"total":0,"location_name":"Hipodroom","location_id":1}"
2026-07-25 05:55:09,EEST,3,T1,0,success,"{"total":0,"location_name":"T1 Shopping Mall","location_id":3}"
2026-07-25 05:55:09,EEST,9,Mustika,0,success,"{"total":0,"location_name":"Mustika","location_id":9}"
2026-07-25 05:55:09,EEST,10,Suur-Paala,0,success,"{"total":0,"location_name":"Suur-Paala","location_id":10}"
2026-07-25 05:57:10,EEST,1,Hipodroom,0,success,"{"total":0,"location_name":"Hipodroom","location_id":1}"
2026-07-25 05:57:10,EEST,3,T1,0,success,"{"total":0,"location_name":"T1 Shopping Mall","location_id":3}"
2026-07-25 05:57:10,EEST,9,Mustika,0,success,"{"total":0,"location_name":"Mustika","location_id":9}"
2026-07-25 05:57:10,EEST,10,Suur-Paala,0,success,"{"total":0,"location_name":"Suur-Paala","location_id":10}"
2026-07-25 05:59:11,EEST,1,Hipodroom,0,success,"{"total":0,"location_name":"Hipodroom","location_id":1}"
2026-07-25 05:59:11,EEST,3,T1,0,success,"{"total":0,"location_name":"T1 Shopping Mall","location_id":3}"
2026-07-25 05:59:11,EEST,9,Mustika,0,success,"{"total":0,"location_name":"Mustika","location_id":9}"
2026-07-25 05:59:11,EEST,10,Suur-Paala,0,success,"{"total":0,"location_name":"Suur-Paala","location_id":10}"
2026-07-25 06:01:12,EEST,1,Hipodroom,0,success,"{"total":0,"location_name":"Hipodroom","location_id":1}"
2026-07-25 06:01:12,EEST,3,T1,0,success,"{"total":0,"location_name":"T1 Shopping Mall","location_id":3}"
2026-07-25 06:01:12,EEST,9,Mustika,0,success,"{"total":0,"location_name":"Mustika","location_id":9}"
2026-07-25 06:01:12,EEST,10,Suur-Paala,0,success,"{"total":0,"location_name":"Suur-Paala","location_id":10}"
2026-07-25 06:03:13,EEST,1,Hipodroom,0,success,"{"total":0,"location_name":"Hipodroom","location_id":1}"
2026-07-25 06:03:13,EEST,3,T1,0,success,"{"total":0,"location_name":"T1 Shopping Mall","location_id":3}"
2026-07-25 06:03:13,EEST,9,Mustika,0,success,"{"total":0,"location_name":"Mustika","location_id":9}"
2026-07-25 06:03:13,EEST,10,Suur-Paala,0,success,"{"total":0,"location_name":"Suur-Paala","location_id":10}"
2026-07-25 06:05:14,EEST,1,Hipodroom,0,success,"{"total":0,"location_name":"Hipodroom","location_id":1}"
2026-07-25 06:05:14,EEST,3,T1,0,success,"{"total":0,"location_name":"T1 Shopping Mall","location_id":3}"
2026-07-25 06:05:14,EEST,9,Mustika,0,success,"{"total":0,"location_name":"Mustika","location_id":9}"
2026-07-25 06:05:14,EEST,10,Suur-Paala,0,success,"{"total":0,"location_name":"Suur-Paala","location_id":10}"
2026-07-25 06:07:15,EEST,1,Hipodroom,0,success,"{"total":0,"location_name":"Hipodroom","location_id":1}"
2026-07-25 06:07:15,EEST,3,T1,0,success,"{"total":0,"location_name":"T1 Shopping Mall","location_id":3}"
2026-07-25 06:07:15,EEST,9,Mustika,0,success,"{"total":0,"location_name":"Mustika","location_id":9}"
2026-07-25 06:07:15,EEST,10,Suur-Paala,0,success,"{"total":0,"location_name":"Suur-Paala","location_id":10}"
2026-07-25 06:09:15,EEST,1,Hipodroom,0,success,"{"total":0,"location_name":"Hipodroom","location_id":1}"
2026-07-25 06:09:15,EEST,3,T1,0,success,"{"total":0,"location_name":"T1 Shopping Mall","location_id":3}"
2026-07-25 06:09:15,EEST,9,Mustika,0,success,"{"total":0,"location_name":"Mustika","location_id":9}"
2026-07-25 06:09:15,EEST,10,Suur-Paala,0,success,"{"total":0,"location_name":"Suur-Paala","location_id":10}"
2026-07-25 06:11:17,EEST,1,Hipodroom,0,success,"{"total":0,"location_name":"Hipodroom","location_id":1}"
2026-07-25 06:11:17,EEST,3,T1,0,success,"{"total":0,"location_name":"T1 Shopping Mall","location_id":3}"
2026-07-25 06:11:17,EEST,9,Mustika,0,success,"{"total":0,"location_name":"Mustika","location_id":9}"
2026-07-25 06:11:17,EEST,10,Suur-Paala,0,success,"{"total":0,"location_name":"Suur-Paala","location_id":10}"
2026-07-25 06:13:17,EEST,1,Hipodroom,0,success,"{"total":0,"location_name":"Hipodroom","location_id":1}"
2026-07-25 06:13:17,EEST,3,T1,0,success,"{"total":0,"location_name":"T1 Shopping Mall","location_id":3}"
2026-07-25 06:13:17,EEST,9,Mustika,0,success,"{"total":0,"location_name":"Mustika","location_id":9}"
2026-07-25 06:13:17,EEST,10,Suur-Paala,0,success,"{"total":0,"location_name":"Suur-Paala","location_id":10}"
2026-07-25 06:15:18,EEST,1,Hipodroom,0,success,"{"total":0,"location_name":"Hipodroom","location_id":1}"
2026-07-25 06:15:18,EEST,3,T1,0,success,"{"total":0,"location_name":"T1 Shopping Mall","location_id":3}"
2026-07-25 06:15:18,EEST,9,Mustika,0,success,"{"total":0,"location_name":"Mustika","location_id":9}"
2026-07-25 06:15:18,EEST,10,Suur-Paala,0,success,"{"total":0,"location_name":"Suur-Paala","location_id":10}"
2026-07-25 06:17:19,EEST,1,Hipodroom,0,success,"{"total":0,"location_name":"Hipodroom","location_id":1}"
2026-07-25 06:17:19,EEST,3,T1,0,success,"{"total":0,"location_name":"T1 Shopping Mall","location_id":3}"
2026-07-25 06:17:19,EEST,9,Mustika,0,success,"{"total":0,"location_name":"Mustika","location_id":9}"
2026-07-25 06:17:19,EEST,10,Suur-Paala,0,success,"{"total":0,"location_name":"Suur-Paala","location_id":10}"
2026-07-25 06:19:20,EEST,1,Hipodroom,0,success,"{"total":0,"location_name":"Hipodroom","location_id":1}"
2026-07-25 06:19:20,EEST,3,T1,0,success,"{"total":0,"location_name":"T1 Shopping Mall","location_id":3}"
2026-07-25 06:19:20,EEST,9,Mustika,0,success,"{"total":0,"location_name":"Mustika","location_id":9}"
2026-07-25 06:19:20,EEST,10,Suur-Paala,0,success,"{"total":0,"location_name":"Suur-Paala","location_id":10}"
2026-07-25 06:21:21,EEST,1,Hipodroom,0,success,"{"total":0,"location_name":"Hipodroom","location_id":1}"
2026-07-25 06:21:21,EEST,3,T1,0,success,"{"total":0,"location_name":"T1 Shopping Mall","location_id":3}"
2026-07-25 06:21:21,EEST,9,Mustika,0,success,"{"total":0,"location_name":"Mustika","location_id":9}"
2026-07-25 06:21:21,EEST,10,Suur-Paala,0,success,"{"total":0,"location_name":"Suur-Paala","location_id":10}"
2026-07-25 06:23:22,EEST,1,Hipodroom,0,success,"{"total":0,"location_name":"Hipodroom","location_id":1}"
2026-07-25 06:23:22,EEST,3,T1,0,success,"{"total":0,"location_name":"T1 Shopping Mall","location_id":3}"
2026-07-25 06:23:22,EEST,9,Mustika,0,success,"{"total":0,"location_name":"Mustika","location_id":9}"
2026-07-25 06:23:22,EEST,10,Suur-Paala,0,success,"{"total":0,"location_name":"Suur-Paala","location_id":10}"
2026-07-25 06:25:23,EEST,1,Hipodroom,0,success,"{"total":0,"location_name":"Hipodroom","location_id":1}"
2026-07-25 06:25:23,EEST,3,T1,0,success,"{"total":0,"location_name":"T1 Shopping Mall","location_id":3}"
2026-07-25 06:25:23,EEST,9,Mustika,0,success,"{"total":0,"location_name":"Mustika","location_id":9}"
2026-07-25 06:25:23,EEST,10,Suur-Paala,0,success,"{"total":0,"location_name":"Suur-Paala","location_id":10}"
2026-07-25 06:27:24,EEST,1,Hipodroom,0,success,"{"total":0,"location_name":"Hipodroom","location_id":1}"
2026-07-25 06:27:24,EEST,3,T1,0,success,"{"total":0,"location_name":"T1 Shopping Mall","location_id":3}"
2026-07-25 06:27:24,EEST,9,Mustika,0,success,"{"total":0,"location_name":"Mustika","location_id":9}"
2026-07-25 06:27:24,EEST,10,Suur-Paala,0,success,"{"total":0,"location_name":"Suur-Paala","location_id":10}"
2026-07-25 06:29:25,EEST,1,Hipodroom,0,success,"{"total":0,"location_name":"Hipodroom","location_id":1}"
2026-07-25 06:29:25,EEST,3,T1,0,success,"{"total":0,"location_name":"T1 Shopping Mall","location_id":3}"
2026-07-25 06:29:25,EEST,9,Mustika,0,success,"{"total":0,"location_name":"Mustika","location_id":9}"
2026-07-25 06:29:25,EEST,10,Suur-Paala,0,success,"{"total":0,"location_name":"Suur-Paala","location_id":10}"
2026-07-25 06:31:26,EEST,1,Hipodroom,0,success,"{"total":0,"location_name":"Hipodroom","location_id":1}"
2026-07-25 06:31:26,EEST,3,T1,0,success,"{"total":0,"location_name":"T1 Shopping Mall","location_id":3}"
2026-07-25 06:31:26,EEST,9,Mustika,0,success,"{"total":0,"location_name":"Mustika","location_id":9}"
2026-07-25 06:31:26,EEST,10,Suur-Paala,0,success,"{"total":0,"location_name":"Suur-Paala","location_id":10}"
2026-07-25 06:33:27,EEST,1,Hipodroom,0,success,"{"total":0,"location_name":"Hipodroom","location_id":1}"
2026-07-25 06:33:27,EEST,3,T1,0,success,"{"total":0,"location_name":"T1 Shopping Mall","location_id":3}"
2026-07-25 06:33:27,EEST,9,Mustika,0,success,"{"total":0,"location_name":"Mustika","location_id":9}"
2026-07-25 06:33:27,EEST,10,Suur-Paala,0,success,"{"total":0,"location_name":"Suur-Paala","location_id":10}"
2026-07-25 06:35:28,EEST,1,Hipodroom,0,success,"{"total":0,"location_name":"Hipodroom","location_id":1}"
2026-07-25 06:35:28,EEST,3,T1,0,success,"{"total":0,"location_name":"T1 Shopping Mall","location_id":3}"
2026-07-25 06:35:28,EEST,9,Mustika,0,success,"{"total":0,"location_name":"Mustika","location_id":9}"
2026-07-25 06:35:28,EEST,10,Suur-Paala,0,success,"{"total":0,"location_name":"Suur-Paala","location_id":10}"
2026-07-25 06:37:29,EEST,1,Hipodroom,0,success,"{"total":0,"location_name":"Hipodroom","location_id":1}"
2026-07-25 06:37:29,EEST,3,T1,0,success,"{"total":0,"location_name":"T1 Shopping Mall","location_id":3}"
2026-07-25 06:37:29,EEST,9,Mustika,0,success,"{"total":0,"location_name":"Mustika","location_id":9}"
2026-07-25 06:37:29,EEST,10,Suur-Paala,0,success,"{"total":0,"location_name":"Suur-Paala","location_id":10}"
2026-07-25 06:39:31,EEST,1,Hipodroom,0,success,"{"total":0,"location_name":"Hipodroom","location_id":1}"
2026-07-25 06:39:31,EEST,3,T1,0,success,"{"total":0,"location_name":"T1 Shopping Mall","location_id":3}"
2026-07-25 06:39:31,EEST,9,Mustika,0,success,"{"total":0,"location_name":"Mustika","location_id":9}"
2026-07-25 06:39:31,EEST,10,Suur-Paala,0,success,"{"total":0,"location_name":"Suur-Paala","location_id":10}"
2026-07-25 06:41:32,EEST,1,Hipodroom,0,success,"{"total":0,"location_name":"Hipodroom","location_id":1}"
2026-07-25 06:41:32,EEST,3,T1,0,success,"{"total":0,"location_name":"T1 Shopping Mall","location_id":3}"
2026-07-25 06:41:32,EEST,9,Mustika,0,success,"{"total":0,"location_name":"Mustika","location_id":9}"
2026-07-25 06:41:32,EEST,10,Suur-Paala,0,success,"{"total":0,"location_name":"Suur-Paala","location_id":10}"
2026-07-25 06:43:33,EEST,1,Hipodroom,0,success,"{"total":0,"location_name":"Hipodroom","location_id":1}"
2026-07-25 06:43:33,EEST,3,T1,0,success,"{"total":0,"location_name":"T1 Shopping Mall","location_id":3}"
2026-07-25 06:43:33,EEST,9,Mustika,0,success,"{"total":0,"location_name":"Mustika","location_id":9}"
2026-07-25 06:43:33,EEST,10,Suur-Paala,0,success,"{"total":0,"location_name":"Suur-Paala","location_id":10}"
2026-07-25 06:45:34,EEST,1,Hipodroom,0,success,"{"total":0,"location_name":"Hipodroom","location_id":1}"
2026-07-25 06:45:34,EEST,3,T1,0,success,"{"total":0,"location_name":"T1 Shopping Mall","location_id":3}"
2026-07-25 06:45:34,EEST,9,Mustika,0,success,"{"total":0,"location_name":"Mustika","location_id":9}"
2026-07-25 06:45:34,EEST,10,Suur-Paala,0,success,"{"total":0,"location_name":"Suur-Paala","location_id":10}"
2026-07-25 06:47:34,EEST,1,Hipodroom,0,success,"{"total":0,"location_name":"Hipodroom","location_id":1}"
2026-07-25 06:47:34,EEST,3,T1,0,success,"{"total":0,"location_name":"T1 Shopping Mall","location_id":3}"
2026-07-25 06:47:34,EEST,9,Mustika,0,success,"{"total":0,"location_name":"Mustika","location_id":9}"
2026-07-25 06:47:34,EEST,10,Suur-Paala,0,success,"{"total":0,"location_name":"Suur-Paala","location_id":10}"
2026-07-25 06:49:35,EEST,1,Hipodroom,0,success,"{"total":0,"location_name":"Hipodroom","location_id":1}"
2026-07-25 06:49:35,EEST,3,T1,0,success,"{"total":0,"location_name":"T1 Shopping Mall","location_id":3}"
2026-07-25 06:49:35,EEST,9,Mustika,0,success,"{"total":0,"location_name":"Mustika","location_id":9}"
2026-07-25 06:49:35,EEST,10,Suur-Paala,0,success,"{"total":0,"location_name":"Suur-Paala","location_id":10}"
2026-07-25 06:51:36,EEST,1,Hipodroom,0,success,"{"total":0,"location_name":"Hipodroom","location_id":1}"
2026-07-25 06:51:36,EEST,3,T1,0,success,"{"total":0,"location_name":"T1 Shopping Mall","location_id":3}"
2026-07-25 06:51:36,EEST,9,Mustika,0,success,"{"total":0,"location_name":"Mustika","location_id":9}"
2026-07-25 06:51:36,EEST,10,Suur-Paala,0,success,"{"total":0,"location_name":"Suur-Paala","location_id":10}"
2026-07-25 06:53:37,EEST,1,Hipodroom,0,success,"{"total":0,"location_name":"Hipodroom","location_id":1}"
2026-07-25 06:53:37,EEST,3,T1,0,success,"{"total":0,"location_name":"T1 Shopping Mall","location_id":3}"
2026-07-25 06:53:37,EEST,9,Mustika,0,success,"{"total":0,"location_name":"Mustika","location_id":9}"
2026-07-25 06:53:37,EEST,10,Suur-Paala,0,success,"{"total":0,"location_name":"Suur-Paala","location_id":10}"
2026-07-25 06:55:38,EEST,1,Hipodroom,0,success,"{"total":0,"location_name":"Hipodroom","location_id":1}"
2026-07-25 06:55:38,EEST,3,T1,0,success,"{"total":0,"location_name":"T1 Shopping Mall","location_id":3}"
2026-07-25 06:55:38,EEST,9,Mustika,0,success,"{"total":0,"location_name":"Mustika","location_id":9}"
2026-07-25 06:55:38,EEST,10,Suur-Paala,0,success,"{"total":0,"location_name":"Suur-Paala","location_id":10}"
2026-07-25 06:57:39,EEST,1,Hipodroom,0,success,"{"total":0,"location_name":"Hipodroom","location_id":1}"
2026-07-25 06:57:39,EEST,3,T1,0,success,"{"total":0,"location_name":"T1 Shopping Mall","location_id":3}"
2026-07-25 06:57:39,EEST,9,Mustika,0,success,"{"total":0,"location_name":"Mustika","location_id":9}"
2026-07-25 06:57:39,EEST,10,Suur-Paala,0,success,"{"total":0,"location_name":"Suur-Paala","location_id":10}"
2026-07-25 06:59:40,EEST,1,Hipodroom,0,success,"{"total":0,"location_name":"Hipodroom","location_id":1}"
2026-07-25 06:59:40,EEST,3,T1,0,success,"{"total":0,"location_name":"T1 Shopping Mall","location_id":3}"
2026-07-25 06:59:40,EEST,9,Mustika,0,success,"{"total":0,"location_name":"Mustika","location_id":9}"
2026-07-25 06:59:40,EEST,10,Suur-Paala,0,success,"{"total":0,"location_name":"Suur-Paala","location_id":10}"
2026-07-25 07:01:41,EEST,1,Hipodroom,0,success,"{"total":0,"location_name":"Hipodroom","location_id":1}"
2026-07-25 07:01:41,EEST,3,T1,0,success,"{"total":0,"location_name":"T1 Shopping Mall","location_id":3}"
2026-07-25 07:01:41,EEST,9,Mustika,0,success,"{"total":0,"location_name":"Mustika","location_id":9}"
2026-07-25 07:01:41,EEST,10,Suur-Paala,0,success,"{"total":0,"location_name":"Suur-Paala","location_id":10}"
2026-07-25 07:03:42,EEST,1,Hipodroom,0,success,"{"total":0,"location_name":"Hipodroom","location_id":1}"
2026-07-25 07:03:42,EEST,3,T1,0,success,"{"total":0,"location_name":"T1 Shopping Mall","location_id":3}"
2026-07-25 07:03:42,EEST,9,Mustika,0,success,"{"total":0,"location_name":"Mustika","location_id":9}"
2026-07-25 07:03:42,EEST,10,Suur-Paala,0,success,"{"total":0,"location_name":"Suur-Paala","location_id":10}"
2026-07-25 07:05:43,EEST,1,Hipodroom,0,success,"{"total":0,"location_name":"Hipodroom","location_id":1}"
2026-07-25 07:05:43,EEST,3,T1,0,success,"{"total":0,"location_name":"T1 Shopping Mall","location_id":3}"
2026-07-25 07:05:43,EEST,9,Mustika,0,success,"{"total":0,"location_name":"Mustika","location_id":9}"
2026-07-25 07:05:43,EEST,10,Suur-Paala,0,success,"{"total":0,"location_name":"Suur-Paala","location_id":10}"
2026-07-25 07:07:44,EEST,1,Hipodroom,0,success,"{"total":0,"location_name":"Hipodroom","location_id":1}"
2026-07-25 07:07:44,EEST,3,T1,0,success,"{"total":0,"location_name":"T1 Shopping Mall","location_id":3}"
2026-07-25 07:07:44,EEST,9,Mustika,0,success,"{"total":0,"location_name":"Mustika","location_id":9}"
2026-07-25 07:07:44,EEST,10,Suur-Paala,0,success,"{"total":0,"location_name":"Suur-Paala","location_id":10}"
2026-07-25 07:09:45,EEST,1,Hipodroom,0,success,"{"total":0,"location_name":"Hipodroom","location_id":1}"
2026-07-25 07:09:45,EEST,3,T1,0,success,"{"total":0,"location_name":"T1 Shopping Mall","location_id":3}"
2026-07-25 07:09:45,EEST,9,Mustika,0,success,"{"total":0,"location_name":"Mustika","location_id":9}"
2026-07-25 07:09:45,EEST,10,Suur-Paala,0,success,"{"total":0,"location_name":"Suur-Paala","location_id":10}"
2026-07-25 07:11:45,EEST,1,Hipodroom,0,success,"{"total":0,"location_name":"Hipodroom","location_id":1}"
2026-07-25 07:11:45,EEST,3,T1,0,success,"{"total":0,"location_name":"T1 Shopping Mall","location_id":3}"
2026-07-25 07:11:45,EEST,9,Mustika,0,success,"{"total":0,"location_name":"Mustika","location_id":9}"
2026-07-25 07:11:45,EEST,10,Suur-Paala,0,success,"{"total":0,"location_name":"Suur-Paala","location_id":10}"
2026-07-25 07:13:46,EEST,1,Hipodroom,0,success,"{"total":0,"location_name":"Hipodroom","location_id":1}"
2026-07-25 07:13:46,EEST,3,T1,0,success,"{"total":0,"location_name":"T1 Shopping Mall","location_id":3}"
2026-07-25 07:13:46,EEST,9,Mustika,1,success,"{"total":1,"location_name":"Mustika","location_id":9}"
2026-07-25 07:13:46,EEST,10,Suur-Paala,0,success,"{"total":0,"location_name":"Suur-Paala","location_id":10}"
2026-07-25 07:15:47,EEST,1,Hipodroom,0,success,"{"total":0,"location_name":"Hipodroom","location_id":1}"
2026-07-25 07:15:47,EEST,3,T1,0,success,"{"total":0,"location_name":"T1 Shopping Mall","location_id":3}"
2026-07-25 07:15:47,EEST,9,Mustika,1,success,"{"total":1,"location_name":"Mustika","location_id":9}"
2026-07-25 07:15:47,EEST,10,Suur-Paala,0,success,"{"total":0,"location_name":"Suur-Paala","location_id":10}"
2026-07-25 07:17:48,EEST,1,Hipodroom,0,success,"{"total":0,"location_name":"Hipodroom","location_id":1}"
2026-07-25 07:17:48,EEST,3,T1,0,success,"{"total":0,"location_name":"T1 Shopping Mall","location_id":3}"
2026-07-25 07:17:48,EEST,9,Mustika,1,success,"{"total":1,"location_name":"Mustika","location_id":9}"
2026-07-25 07:17:48,EEST,10,Suur-Paala,0,success,"{"total":0,"location_name":"Suur-Paala","location_id":10}"
2026-07-25 07:19:49,EEST,1,Hipodroom,0,success,"{"total":0,"location_name":"Hipodroom","location_id":1}"
2026-07-25 07:19:49,EEST,3,T1,0,success,"{"total":0,"location_name":"T1 Shopping Mall","location_id":3}"
2026-07-25 07:19:49,EEST,9,Mustika,1,success,"{"total":1,"location_name":"Mustika","location_id":9}"
2026-07-25 07:19:49,EEST,10,Suur-Paala,0,success,"{"total":0,"location_name":"Suur-Paala","location_id":10}"
2026-07-25 07:21:50,EEST,1,Hipodroom,0,success,"{"total":0,"location_name":"Hipodroom","location_id":1}"
2026-07-25 07:21:50,EEST,3,T1,0,success,"{"total":0,"location_name":"T1 Shopping Mall","location_id":3}"
2026-07-25 07:21:50,EEST,9,Mustika,1,success,"{"total":1,"location_name":"Mustika","location_id":9}"
2026-07-25 07:21:50,EEST,10,Suur-Paala,0,success,"{"total":0,"location_name":"Suur-Paala","location_id":10}"
2026-07-25 07:23:51,EEST,1,Hipodroom,0,success,"{"total":0,"location_name":"Hipodroom","location_id":1}"
2026-07-25 07:23:51,EEST,3,T1,0,success,"{"total":0,"location_name":"T1 Shopping Mall","location_id":3}"
2026-07-25 07:23:51,EEST,9,Mustika,1,success,"{"total":1,"location_name":"Mustika","location_id":9}"
2026-07-25 07:23:51,EEST,10,Suur-Paala,0,success,"{"total":0,"location_name":"Suur-Paala","location_id":10}"
2026-07-25 07:25:52,EEST,1,Hipodroom,0,success,"{"total":0,"location_name":"Hipodroom","location_id":1}"
2026-07-25 07:25:52,EEST,3,T1,0,success,"{"total":0,"location_name":"T1 Shopping Mall","location_id":3}"
2026-07-25 07:25:52,EEST,9,Mustika,1,success,"{"total":1,"location_name":"Mustika","location_id":9}"
2026-07-25 07:25:52,EEST,10,Suur-Paala,0,success,"{"total":0,"location_name":"Suur-Paala","location_id":10}"
2026-07-25 07:27:52,EEST,1,Hipodroom,0,success,"{"total":0,"location_name":"Hipodroom","location_id":1}"
2026-07-25 07:27:52,EEST,3,T1,0,success,"{"total":0,"location_name":"T1 Shopping Mall","location_id":3}"
2026-07-25 07:27:52,EEST,9,Mustika,1,success,"{"total":1,"location_name":"Mustika","location_id":9}"
2026-07-25 07:27:52,EEST,10,Suur-Paala,0,success,"{"total":0,"location_name":"Suur-Paala","location_id":10}"
2026-07-25 07:29:53,EEST,1,Hipodroom,0,success,"{"total":0,"location_name":"Hipodroom","location_id":1}"
2026-07-25 07:29:53,EEST,3,T1,0,success,"{"total":0,"location_name":"T1 Shopping Mall","location_id":3}"
2026-07-25 07:29:53,EEST,9,Mustika,1,success,"{"total":1,"location_name":"Mustika","location_id":9}"
2026-07-25 07:29:53,EEST,10,Suur-Paala,0,success,"{"total":0,"location_name":"Suur-Paala","location_id":10}"
2026-07-25 07:31:54,EEST,1,Hipodroom,0,success,"{"total":0,"location_name":"Hipodroom","location_id":1}"
2026-07-25 07:31:54,EEST,3,T1,0,success,"{"total":0,"location_name":"T1 Shopping Mall","location_id":3}"
2026-07-25 07:31:54,EEST,9,Mustika,2,success,"{"total":2,"location_name":"Mustika","location_id":9}"
2026-07-25 07:31:54,EEST,10,Suur-Paala,0,success,"{"total":0,"location_name":"Suur-Paala","location_id":10}"
2026-07-25 07:33:55,EEST,1,Hipodroom,0,success,"{"total":0,"location_name":"Hipodroom","location_id":1}"
2026-07-25 07:33:55,EEST,3,T1,0,success,"{"total":0,"location_name":"T1 Shopping Mall","location_id":3}"
2026-07-25 07:33:55,EEST,9,Mustika,2,success,"{"total":2,"location_name":"Mustika","location_id":9}"
2026-07-25 07:33:55,EEST,10,Suur-Paala,0,success,"{"total":0,"location_name":"Suur-Paala","location_id":10}"
2026-07-25 07:35:56,EEST,1,Hipodroom,0,success,"{"total":0,"location_name":"Hipodroom","location_id":1}"
2026-07-25 07:35:56,EEST,3,T1,0,success,"{"total":0,"location_name":"T1 Shopping Mall","location_id":3}"
2026-07-25 07:35:56,EEST,9,Mustika,2,success,"{"total":2,"location_name":"Mustika","location_id":9}"
2026-07-25 07:35:56,EEST,10,Suur-Paala,0,success,"{"total":0,"location_name":"Suur-Paala","location_id":10}"
2026-07-25 07:37:57,EEST,1,Hipodroom,0,success,"{"total":0,"location_name":"Hipodroom","location_id":1}"
2026-07-25 07:37:57,EEST,3,T1,0,success,"{"total":0,"location_name":"T1 Shopping Mall","location_id":3}"
2026-07-25 07:37:57,EEST,9,Mustika,2,success,"{"total":2,"location_name":"Mustika","location_id":9}"
2026-07-25 07:37:57,EEST,10,Suur-Paala,0,success,"{"total":0,"location_name":"Suur-Paala","location_id":10}"
2026-07-25 07:39:58,EEST,1,Hipodroom,0,success,"{"total":0,"location_name":"Hipodroom","location_id":1}"
2026-07-25 07:39:58,EEST,3,T1,0,success,"{"total":0,"location_name":"T1 Shopping Mall","location_id":3}"
2026-07-25 07:39:58,EEST,9,Mustika,2,success,"{"total":2,"location_name":"Mustika","location_id":9}"
2026-07-25 07:39:58,EEST,10,Suur-Paala,0,success,"{"total":0,"location_name":"Suur-Paala","location_id":10}"
2026-07-25 07:41:59,EEST,1,Hipodroom,0,success,"{"total":0,"location_name":"Hipodroom","location_id":1}"
2026-07-25 07:41:59,EEST,3,T1,0,success,"{"total":0,"location_name":"T1 Shopping Mall","location_id":3}"
2026-07-25 07:41:59,EEST,9,Mustika,2,success,"{"total":2,"location_name":"Mustika","location_id":9}"
2026-07-25 07:41:59,EEST,10,Suur-Paala,0,success,"{"total":0,"location_name":"Suur-Paala","location_id":10}"
2026-07-25 07:44:00,EEST,1,Hipodroom,0,success,"{"total":0,"location_name":"Hipodroom","location_id":1}"
2026-07-25 07:44:00,EEST,3,T1,0,success,"{"total":0,"location_name":"T1 Shopping Mall","location_id":3}"
2026-07-25 07:44:00,EEST,9,Mustika,2,success,"{"total":2,"location_name":"Mustika","location_id":9}"
2026-07-25 07:44:00,EEST,10,Suur-Paala,0,success,"{"total":0,"location_name":"Suur-Paala","location_id":10}"
2026-07-25 07:46:01,EEST,1,Hipodroom,0,success,"{"total":0,"location_name":"Hipodroom","location_id":1}"
2026-07-25 07:46:01,EEST,3,T1,0,success,"{"total":0,"location_name":"T1 Shopping Mall","location_id":3}"
2026-07-25 07:46:01,EEST,9,Mustika,2,success,"{"total":2,"location_name":"Mustika","location_id":9}"
2026-07-25 07:46:01,EEST,10,Suur-Paala,0,success,"{"total":0,"location_name":"Suur-Paala","location_id":10}"
2026-07-25 07:48:02,EEST,1,Hipodroom,0,success,"{"total":0,"location_name":"Hipodroom","location_id":1}"
2026-07-25 07:48:02,EEST,3,T1,0,success,"{"total":0,"location_name":"T1 Shopping Mall","location_id":3}"
2026-07-25 07:48:02,EEST,9,Mustika,2,success,"{"total":2,"location_name":"Mustika","location_id":9}"
2026-07-25 07:48:02,EEST,10,Suur-Paala,0,success,"{"total":0,"location_name":"Suur-Paala","location_id":10}"
2026-07-25 07:50:03,EEST,1,Hipodroom,0,success,"{"total":0,"location_name":"Hipodroom","location_id":1}"
2026-07-25 07:50:03,EEST,3,T1,0,success,"{"total":0,"location_name":"T1 Shopping Mall","location_id":3}"
2026-07-25 07:50:03,EEST,9,Mustika,2,success,"{"total":2,"location_name":"Mustika","location_id":9}"
2026-07-25 07:50:03,EEST,10,Suur-Paala,0,success,"{"total":0,"location_name":"Suur-Paala","location_id":10}"
2026-07-25 07:52:04,EEST,1,Hipodroom,0,success,"{"total":0,"location_name":"Hipodroom","location_id":1}"
2026-07-25 07:52:04,EEST,3,T1,0,success,"{"total":0,"location_name":"T1 Shopping Mall","location_id":3}"
2026-07-25 07:52:04,EEST,9,Mustika,2,success,"{"total":2,"location_name":"Mustika","location_id":9}"
2026-07-25 07:52:04,EEST,10,Suur-Paala,0,success,"{"total":0,"location_name":"Suur-Paala","location_id":10}"
2026-07-25 07:54:05,EEST,1,Hipodroom,0,success,"{"total":0,"location_name":"Hipodroom","location_id":1}"
2026-07-25 07:54:05,EEST,3,T1,0,success,"{"total":0,"location_name":"T1 Shopping Mall","location_id":3}"
2026-07-25 07:54:05,EEST,9,Mustika,2,success,"{"total":2,"location_name":"Mustika","location_id":9}"
2026-07-25 07:54:05,EEST,10,Suur-Paala,0,success,"{"total":0,"location_name":"Suur-Paala","location_id":10}"
2026-07-25 07:56:06,EEST,1,Hipodroom,0,success,"{"total":0,"location_name":"Hipodroom","location_id":1}"
2026-07-25 07:56:06,EEST,3,T1,0,success,"{"total":0,"location_name":"T1 Shopping Mall","location_id":3}"
2026-07-25 07:56:06,EEST,9,Mustika,2,success,"{"total":2,"location_name":"Mustika","location_id":9}"
2026-07-25 07:56:06,EEST,10,Suur-Paala,0,success,"{"total":0,"location_name":"Suur-Paala","location_id":10}"
2026-07-25 07:58:06,EEST,1,Hipodroom,0,success,"{"total":0,"location_name":"Hipodroom","location_id":1}"
2026-07-25 07:58:06,EEST,3,T1,0,success,"{"total":0,"location_name":"T1 Shopping Mall","location_id":3}"
2026-07-25 07:58:06,EEST,9,Mustika,2,success,"{"total":2,"location_name":"Mustika","location_id":9}"
2026-07-25 07:58:06,EEST,10,Suur-Paala,0,success,"{"total":0,"location_name":"Suur-Paala","location_id":10}"
2026-07-25 08:00:07,EEST,1,Hipodroom,0,success,"{"total":0,"location_name":"Hipodroom","location_id":1}"
2026-07-25 08:00:07,EEST,3,T1,0,success,"{"total":0,"location_name":"T1 Shopping Mall","location_id":3}"
2026-07-25 08:00:07,EEST,9,Mustika,2,success,"{"total":2,"location_name":"Mustika","location_id":9}"
2026-07-25 08:00:07,EEST,10,Suur-Paala,0,success,"{"total":0,"location_name":"Suur-Paala","location_id":10}"
2026-07-25 08:02:08,EEST,1,Hipodroom,0,success,"{"total":0,"location_name":"Hipodroom","location_id":1}"
2026-07-25 08:02:08,EEST,3,T1,0,success,"{"total":0,"location_name":"T1 Shopping Mall","location_id":3}"
2026-07-25 08:02:08,EEST,9,Mustika,2,success,"{"total":2,"location_name":"Mustika","location_id":9}"
2026-07-25 08:02:08,EEST,10,Suur-Paala,0,success,"{"total":0,"location_name":"Suur-Paala","location_id":10}"
2026-07-25 08:04:09,EEST,1,Hipodroom,0,success,"{"total":0,"location_name":"Hipodroom","location_id":1}"
2026-07-25 08:04:09,EEST,3,T1,0,success,"{"total":0,"location_name":"T1 Shopping Mall","location_id":3}"
2026-07-25 08:04:09,EEST,9,Mustika,2,success,"{"total":2,"location_name":"Mustika","location_id":9}"
2026-07-25 08:04:09,EEST,10,Suur-Paala,0,success,"{"total":0,"location_name":"Suur-Paala","location_id":10}"
2026-07-25 08:06:10,EEST,1,Hipodroom,0,success,"{"total":0,"location_name":"Hipodroom","location_id":1}"
2026-07-25 08:06:10,EEST,3,T1,0,success,"{"total":0,"location_name":"T1 Shopping Mall","location_id":3}"
2026-07-25 08:06:10,EEST,9,Mustika,2,success,"{"total":2,"location_name":"Mustika","location_id":9}"
2026-07-25 08:06:10,EEST,10,Suur-Paala,0,success,"{"total":0,"location_name":"Suur-Paala","location_id":10}"
2026-07-25 08:08:11,EEST,1,Hipodroom,0,success,"{"total":0,"location_name":"Hipodroom","location_id":1}"
2026-07-25 08:08:11,EEST,3,T1,0,success,"{"total":0,"location_name":"T1 Shopping Mall","location_id":3}"
2026-07-25 08:08:11,EEST,9,Mustika,2,success,"{"total":2,"location_name":"Mustika","location_id":9}"
2026-07-25 08:08:11,EEST,10,Suur-Paala,0,success,"{"total":0,"location_name":"Suur-Paala","location_id":10}"
2026-07-25 08:10:12,EEST,1,Hipodroom,0,success,"{"total":0,"location_name":"Hipodroom","location_id":1}"
2026-07-25 08:10:12,EEST,3,T1,0,success,"{"total":0,"location_name":"T1 Shopping Mall","location_id":3}"
2026-07-25 08:10:12,EEST,9,Mustika,2,success,"{"total":2,"location_name":"Mustika","location_id":9}"
2026-07-25 08:10:12,EEST,10,Suur-Paala,0,success,"{"total":0,"location_name":"Suur-Paala","location_id":10}"
2026-07-25 08:12:13,EEST,1,Hipodroom,0,success,"{"total":0,"location_name":"Hipodroom","location_id":1}"
2026-07-25 08:12:13,EEST,3,T1,0,success,"{"total":0,"location_name":"T1 Shopping Mall","location_id":3}"
2026-07-25 08:12:13,EEST,9,Mustika,2,success,"{"total":2,"location_name":"Mustika","location_id":9}"
2026-07-25 08:12:13,EEST,10,Suur-Paala,0,success,"{"total":0,"location_name":"Suur-Paala","location_id":10}"
2026-07-25 08:14:14,EEST,1,Hipodroom,0,success,"{"total":0,"location_name":"Hipodroom","location_id":1}"
2026-07-25 08:14:14,EEST,3,T1,0,success,"{"total":0,"location_name":"T1 Shopping Mall","location_id":3}"
2026-07-25 08:14:14,EEST,9,Mustika,2,success,"{"total":2,"location_name":"Mustika","location_id":9}"
2026-07-25 08:14:14,EEST,10,Suur-Paala,0,success,"{"total":0,"location_name":"Suur-Paala","location_id":10}"
2026-07-25 08:16:14,EEST,1,Hipodroom,0,success,"{"total":0,"location_name":"Hipodroom","location_id":1}"
2026-07-25 08:16:14,EEST,3,T1,0,success,"{"total":0,"location_name":"T1 Shopping Mall","location_id":3}"
2026-07-25 08:16:14,EEST,9,Mustika,2,success,"{"total":2,"location_name":"Mustika","location_id":9}"
2026-07-25 08:16:14,EEST,10,Suur-Paala,0,success,"{"total":0,"location_name":"Suur-Paala","location_id":10}"
2026-07-25 08:18:15,EEST,1,Hipodroom,0,success,"{"total":0,"location_name":"Hipodroom","location_id":1}"
2026-07-25 08:18:15,EEST,3,T1,0,success,"{"total":0,"location_name":"T1 Shopping Mall","location_id":3}"
2026-07-25 08:18:15,EEST,9,Mustika,2,success,"{"total":2,"location_name":"Mustika","location_id":9}"
2026-07-25 08:18:15,EEST,10,Suur-Paala,0,success,"{"total":0,"location_name":"Suur-Paala","location_id":10}"
2026-07-25 08:20:16,EEST,1,Hipodroom,0,success,"{"total":0,"location_name":"Hipodroom","location_id":1}"
2026-07-25 08:20:16,EEST,3,T1,0,success,"{"total":0,"location_name":"T1 Shopping Mall","location_id":3}"
2026-07-25 08:20:16,EEST,9,Mustika,2,success,"{"total":2,"location_name":"Mustika","location_id":9}"
2026-07-25 08:20:16,EEST,10,Suur-Paala,0,success,"{"total":0,"location_name":"Suur-Paala","location_id":10}"
2026-07-25 08:22:17,EEST,1,Hipodroom,0,success,"{"total":0,"location_name":"Hipodroom","location_id":1}"
2026-07-25 08:22:17,EEST,3,T1,0,success,"{"total":0,"location_name":"T1 Shopping Mall","location_id":3}"
2026-07-25 08:22:17,EEST,9,Mustika,2,success,"{"total":2,"location_name":"Mustika","location_id":9}"
2026-07-25 08:22:17,EEST,10,Suur-Paala,0,success,"{"total":0,"location_name":"Suur-Paala","location_id":10}"
2026-07-25 08:24:18,EEST,1,Hipodroom,0,success,"{"total":0,"location_name":"Hipodroom","location_id":1}"
2026-07-25 08:24:18,EEST,3,T1,0,success,"{"total":0,"location_name":"T1 Shopping Mall","location_id":3}"
2026-07-25 08:24:18,EEST,9,Mustika,2,success,"{"total":2,"location_name":"Mustika","location_id":9}"
2026-07-25 08:24:18,EEST,10,Suur-Paala,0,success,"{"total":0,"location_name":"Suur-Paala","location_id":10}"
2026-07-25 08:26:19,EEST,1,Hipodroom,0,success,"{"total":0,"location_name":"Hipodroom","location_id":1}"
2026-07-25 08:26:19,EEST,3,T1,2,success,"{"total":2,"location_name":"T1 Shopping Mall","location_id":3}"
2026-07-25 08:26:19,EEST,9,Mustika,2,success,"{"total":2,"location_name":"Mustika","location_id":9}"
2026-07-25 08:26:19,EEST,10,Suur-Paala,0,success,"{"total":0,"location_name":"Suur-Paala","location_id":10}"
2026-07-25 08:28:20,EEST,1,Hipodroom,0,success,"{"total":0,"location_name":"Hipodroom","location_id":1}"
2026-07-25 08:28:20,EEST,3,T1,2,success,"{"total":2,"location_name":"T1 Shopping Mall","location_id":3}"
2026-07-25 08:28:20,EEST,9,Mustika,2,success,"{"total":2,"location_name":"Mustika","location_id":9}"
2026-07-25 08:28:20,EEST,10,Suur-Paala,0,success,"{"total":0,"location_name":"Suur-Paala","location_id":10}"
2026-07-25 08:30:21,EEST,1,Hipodroom,0,success,"{"total":0,"location_name":"Hipodroom","location_id":1}"
2026-07-25 08:30:21,EEST,3,T1,3,success,"{"total":3,"location_name":"T1 Shopping Mall","location_id":3}"
2026-07-25 08:30:21,EEST,9,Mustika,2,success,"{"total":2,"location_name":"Mustika","location_id":9}"
2026-07-25 08:30:21,EEST,10,Suur-Paala,0,success,"{"total":0,"location_name":"Suur-Paala","location_id":10}"
2026-07-25 08:32:22,EEST,1,Hipodroom,0,success,"{"total":0,"location_name":"Hipodroom","location_id":1}"
2026-07-25 08:32:22,EEST,3,T1,3,success,"{"total":3,"location_name":"T1 Shopping Mall","location_id":3}"
2026-07-25 08:32:22,EEST,9,Mustika,2,success,"{"total":2,"location_name":"Mustika","location_id":9}"
2026-07-25 08:32:22,EEST,10,Suur-Paala,0,success,"{"total":0,"location_name":"Suur-Paala","location_id":10}"
2026-07-25 08:34:23,EEST,1,Hipodroom,0,success,"{"total":0,"location_name":"Hipodroom","location_id":1}"
2026-07-25 08:34:23,EEST,3,T1,3,success,"{"total":3,"location_name":"T1 Shopping Mall","location_id":3}"
2026-07-25 08:34:23,EEST,9,Mustika,2,success,"{"total":2,"location_name":"Mustika","location_id":9}"
2026-07-25 08:34:23,EEST,10,Suur-Paala,0,success,"{"total":0,"location_name":"Suur-Paala","location_id":10}"
2026-07-25 08:36:24,EEST,1,Hipodroom,0,success,"{"total":0,"location_name":"Hipodroom","location_id":1}"
2026-07-25 08:36:24,EEST,3,T1,3,success,"{"total":3,"location_name":"T1 Shopping Mall","location_id":3}"
2026-07-25 08:36:24,EEST,9,Mustika,2,success,"{"total":2,"location_name":"Mustika","location_id":9}"
2026-07-25 08:36:24,EEST,10,Suur-Paala,0,success,"{"total":0,"location_name":"Suur-Paala","location_id":10}"
2026-07-25 08:38:25,EEST,1,Hipodroom,0,success,"{"total":0,"location_name":"Hipodroom","location_id":1}"
2026-07-25 08:38:25,EEST,3,T1,3,success,"{"total":3,"location_name":"T1 Shopping Mall","location_id":3}"
2026-07-25 08:38:25,EEST,9,Mustika,2,success,"{"total":2,"location_name":"Mustika","location_id":9}"
2026-07-25 08:38:25,EEST,10,Suur-Paala,0,success,"{"total":0,"location_name":"Suur-Paala","location_id":10}"
2026-07-25 08:40:26,EEST,1,Hipodroom,0,success,"{"total":0,"location_name":"Hipodroom","location_id":1}"
2026-07-25 08:40:26,EEST,3,T1,3,success,"{"total":3,"location_name":"T1 Shopping Mall","location_id":3}"
2026-07-25 08:40:26,EEST,9,Mustika,2,success,"{"total":2,"location_name":"Mustika","location_id":9}"
2026-07-25 08:40:26,EEST,10,Suur-Paala,0,success,"{"total":0,"location_name":"Suur-Paala","location_id":10}"
2026-07-25 08:42:27,EEST,1,Hipodroom,0,success,"{"total":0,"location_name":"Hipodroom","location_id":1}"
2026-07-25 08:42:27,EEST,3,T1,3,success,"{"total":3,"location_name":"T1 Shopping Mall","location_id":3}"
2026-07-25 08:42:27,EEST,9,Mustika,3,success,"{"total":3,"location_name":"Mustika","location_id":9}"
2026-07-25 08:42:27,EEST,10,Suur-Paala,0,success,"{"total":0,"location_name":"Suur-Paala","location_id":10}"
2026-07-25 08:44:28,EEST,1,Hipodroom,0,success,"{"total":0,"location_name":"Hipodroom","location_id":1}"
2026-07-25 08:44:28,EEST,3,T1,3,success,"{"total":3,"location_name":"T1 Shopping Mall","location_id":3}"
2026-07-25 08:44:28,EEST,9,Mustika,3,success,"{"total":3,"location_name":"Mustika","location_id":9}"
2026-07-25 08:44:28,EEST,10,Suur-Paala,0,success,"{"total":0,"location_name":"Suur-Paala","location_id":10}"
2026-07-25 08:46:30,EEST,1,Hipodroom,0,success,"{"total":0,"location_name":"Hipodroom","location_id":1}"
2026-07-25 08:46:30,EEST,3,T1,3,success,"{"total":3,"location_name":"T1 Shopping Mall","location_id":3}"
2026-07-25 08:46:30,EEST,9,Mustika,3,success,"{"total":3,"location_name":"Mustika","location_id":9}"
2026-07-25 08:46:30,EEST,10,Suur-Paala,0,success,"{"total":0,"location_name":"Suur-Paala","location_id":10}"
2026-07-25 08:48:30,EEST,1,Hipodroom,0,success,"{"total":0,"location_name":"Hipodroom","location_id":1}"
2026-07-25 08:48:30,EEST,3,T1,3,success,"{"total":3,"location_name":"T1 Shopping Mall","location_id":3}"
2026-07-25 08:48:30,EEST,9,Mustika,3,success,"{"total":3,"location_name":"Mustika","location_id":9}"
2026-07-25 08:48:30,EEST,10,Suur-Paala,0,success,"{"total":0,"location_name":"Suur-Paala","location_id":10}"
2026-07-25 08:50:31,EEST,1,Hipodroom,0,success,"{"total":0,"location_name":"Hipodroom","location_id":1}"
2026-07-25 08:50:31,EEST,3,T1,3,success,"{"total":3,"location_name":"T1 Shopping Mall","location_id":3}"
2026-07-25 08:50:31,EEST,9,Mustika,3,success,"{"total":3,"location_name":"Mustika","location_id":9}"
2026-07-25 08:50:31,EEST,10,Suur-Paala,0,success,"{"total":0,"location_name":"Suur-Paala","location_id":10}"
2026-07-25 08:52:32,EEST,1,Hipodroom,0,success,"{"total":0,"location_name":"Hipodroom","location_id":1}"
2026-07-25 08:52:32,EEST,3,T1,3,success,"{"total":3,"location_name":"T1 Shopping Mall","location_id":3}"
2026-07-25 08:52:32,EEST,9,Mustika,3,success,"{"total":3,"location_name":"Mustika","location_id":9}"
2026-07-25 08:52:32,EEST,10,Suur-Paala,0,success,"{"total":0,"location_name":"Suur-Paala","location_id":10}"
2026-07-25 08:54:33,EEST,1,Hipodroom,0,success,"{"total":0,"location_name":"Hipodroom","location_id":1}"
2026-07-25 08:54:33,EEST,3,T1,3,success,"{"total":3,"location_name":"T1 Shopping Mall","location_id":3}"
2026-07-25 08:54:33,EEST,9,Mustika,3,success,"{"total":3,"location_name":"Mustika","location_id":9}"
2026-07-25 08:54:33,EEST,10,Suur-Paala,0,success,"{"total":0,"location_name":"Suur-Paala","location_id":10}"
2026-07-25 08:56:34,EEST,1,Hipodroom,0,success,"{"total":0,"location_name":"Hipodroom","location_id":1}"
2026-07-25 08:56:34,EEST,3,T1,3,success,"{"total":3,"location_name":"T1 Shopping Mall","location_id":3}"
2026-07-25 08:56:34,EEST,9,Mustika,3,success,"{"total":3,"location_name":"Mustika","location_id":9}"
2026-07-25 08:56:34,EEST,10,Suur-Paala,0,success,"{"total":0,"location_name":"Suur-Paala","location_id":10}"
2026-07-25 08:58:35,EEST,1,Hipodroom,0,success,"{"total":0,"location_name":"Hipodroom","location_id":1}"
2026-07-25 08:58:35,EEST,3,T1,3,success,"{"total":3,"location_name":"T1 Shopping Mall","location_id":3}"
2026-07-25 08:58:35,EEST,9,Mustika,3,success,"{"total":3,"location_name":"Mustika","location_id":9}"
2026-07-25 08:58:35,EEST,10,Suur-Paala,0,success,"{"total":0,"location_name":"Suur-Paala","location_id":10}"
2026-07-25 09:00:36,EEST,1,Hipodroom,0,success,"{"total":0,"location_name":"Hipodroom","location_id":1}"
2026-07-25 09:00:36,EEST,3,T1,4,success,"{"total":4,"location_name":"T1 Shopping Mall","location_id":3}"
2026-07-25 09:00:36,EEST,9,Mustika,3,success,"{"total":3,"location_name":"Mustika","location_id":9}"
2026-07-25 09:00:36,EEST,10,Suur-Paala,0,success,"{"total":0,"location_name":"Suur-Paala","location_id":10}"
2026-07-25 09:02:37,EEST,1,Hipodroom,0,success,"{"total":0,"location_name":"Hipodroom","location_id":1}"
2026-07-25 09:02:37,EEST,3,T1,4,success,"{"total":4,"location_name":"T1 Shopping Mall","location_id":3}"
2026-07-25 09:02:37,EEST,9,Mustika,3,success,"{"total":3,"location_name":"Mustika","location_id":9}"
2026-07-25 09:02:37,EEST,10,Suur-Paala,0,success,"{"total":0,"location_name":"Suur-Paala","location_id":10}"
2026-07-25 09:04:38,EEST,1,Hipodroom,0,success,"{"total":0,"location_name":"Hipodroom","location_id":1}"
2026-07-25 09:04:38,EEST,3,T1,4,success,"{"total":4,"location_name":"T1 Shopping Mall","location_id":3}"
2026-07-25 09:04:38,EEST,9,Mustika,3,success,"{"total":3,"location_name":"Mustika","location_id":9}"
2026-07-25 09:04:38,EEST,10,Suur-Paala,0,success,"{"total":0,"location_name":"Suur-Paala","location_id":10}"
2026-07-25 09:06:39,EEST,1,Hipodroom,0,success,"{"total":0,"location_name":"Hipodroom","location_id":1}"
2026-07-25 09:06:39,EEST,3,T1,4,success,"{"total":4,"location_name":"T1 Shopping Mall","location_id":3}"
2026-07-25 09:06:39,EEST,9,Mustika,3,success,"{"total":3,"location_name":"Mustika","location_id":9}"
2026-07-25 09:06:39,EEST,10,Suur-Paala,0,success,"{"total":0,"location_name":"Suur-Paala","location_id":10}"
2026-07-25 09:08:40,EEST,1,Hipodroom,0,success,"{"total":0,"location_name":"Hipodroom","location_id":1}"
2026-07-25 09:08:40,EEST,3,T1,4,success,"{"total":4,"location_name":"T1 Shopping Mall","location_id":3}"
2026-07-25 09:08:40,EEST,9,Mustika,3,success,"{"total":3,"location_name":"Mustika","location_id":9}"
2026-07-25 09:08:40,EEST,10,Suur-Paala,0,success,"{"total":0,"location_name":"Suur-Paala","location_id":10}"
2026-07-25 09:10:40,EEST,1,Hipodroom,0,success,"{"total":0,"location_name":"Hipodroom","location_id":1}"
2026-07-25 09:10:40,EEST,3,T1,4,success,"{"total":4,"location_name":"T1 Shopping Mall","location_id":3}"
2026-07-25 09:10:40,EEST,9,Mustika,3,success,"{"total":3,"location_name":"Mustika","location_id":9}"
2026-07-25 09:10:40,EEST,10,Suur-Paala,0,success,"{"total":0,"location_name":"Suur-Paala","location_id":10}"
2026-07-25 09:12:42,EEST,1,Hipodroom,0,success,"{"total":0,"location_name":"Hipodroom","location_id":1}"
2026-07-25 09:12:42,EEST,3,T1,5,success,"{"total":5,"location_name":"T1 Shopping Mall","location_id":3}"
2026-07-25 09:12:42,EEST,9,Mustika,3,success,"{"total":3,"location_name":"Mustika","location_id":9}"
2026-07-25 09:12:42,EEST,10,Suur-Paala,0,success,"{"total":0,"location_name":"Suur-Paala","location_id":10}"
2026-07-25 09:14:42,EEST,1,Hipodroom,0,success,"{"total":0,"location_name":"Hipodroom","location_id":1}"
2026-07-25 09:14:42,EEST,3,T1,5,success,"{"total":5,"location_name":"T1 Shopping Mall","location_id":3}"
2026-07-25 09:14:42,EEST,9,Mustika,3,success,"{"total":3,"location_name":"Mustika","location_id":9}"
2026-07-25 09:14:42,EEST,10,Suur-Paala,0,success,"{"total":0,"location_name":"Suur-Paala","location_id":10}"
2026-07-25 09:16:43,EEST,1,Hipodroom,0,success,"{"total":0,"location_name":"Hipodroom","location_id":1}"
2026-07-25 09:16:43,EEST,3,T1,5,success,"{"total":5,"location_name":"T1 Shopping Mall","location_id":3}"
2026-07-25 09:16:43,EEST,9,Mustika,3,success,"{"total":3,"location_name":"Mustika","location_id":9}"
2026-07-25 09:16:43,EEST,10,Suur-Paala,0,success,"{"total":0,"location_name":"Suur-Paala","location_id":10}"
2026-07-25 09:18:44,EEST,1,Hipodroom,0,success,"{"total":0,"location_name":"Hipodroom","location_id":1}"
2026-07-25 09:18:44,EEST,3,T1,5,success,"{"total":5,"location_name":"T1 Shopping Mall","location_id":3}"
2026-07-25 09:18:44,EEST,9,Mustika,3,success,"{"total":3,"location_name":"Mustika","location_id":9}"
2026-07-25 09:18:44,EEST,10,Suur-Paala,0,success,"{"total":0,"location_name":"Suur-Paala","location_id":10}"
2026-07-25 09:20:45,EEST,1,Hipodroom,0,success,"{"total":0,"location_name":"Hipodroom","location_id":1}"
2026-07-25 09:20:45,EEST,3,T1,5,success,"{"total":5,"location_name":"T1 Shopping Mall","location_id":3}"
2026-07-25 09:20:45,EEST,9,Mustika,3,success,"{"total":3,"location_name":"Mustika","location_id":9}"
2026-07-25 09:20:45,EEST,10,Suur-Paala,0,success,"{"total":0,"location_name":"Suur-Paala","location_id":10}"
2026-07-25 09:22:46,EEST,1,Hipodroom,0,success,"{"total":0,"location_name":"Hipodroom","location_id":1}"
2026-07-25 09:22:46,EEST,3,T1,5,success,"{"total":5,"location_name":"T1 Shopping Mall","location_id":3}"
2026-07-25 09:22:46,EEST,9,Mustika,3,success,"{"total":3,"location_name":"Mustika","location_id":9}"
2026-07-25 09:22:46,EEST,10,Suur-Paala,0,success,"{"total":0,"location_name":"Suur-Paala","location_id":10}"
2026-07-25 09:24:47,EEST,1,Hipodroom,0,success,"{"total":0,"location_name":"Hipodroom","location_id":1}"
2026-07-25 09:24:47,EEST,3,T1,5,success,"{"total":5,"location_name":"T1 Shopping Mall","location_id":3}"
2026-07-25 09:24:47,EEST,9,Mustika,3,success,"{"total":3,"location_name":"Mustika","location_id":9}"
2026-07-25 09:24:47,EEST,10,Suur-Paala,0,success,"{"total":0,"location_name":"Suur-Paala","location_id":10}"
2026-07-25 09:26:48,EEST,1,Hipodroom,0,success,"{"total":0,"location_name":"Hipodroom","location_id":1}"
2026-07-25 09:26:48,EEST,3,T1,5,success,"{"total":5,"location_name":"T1 Shopping Mall","location_id":3}"
2026-07-25 09:26:48,EEST,9,Mustika,3,success,"{"total":3,"location_name":"Mustika","location_id":9}"
2026-07-25 09:26:48,EEST,10,Suur-Paala,0,success,"{"total":0,"location_name":"Suur-Paala","location_id":10}"
2026-07-25 09:28:49,EEST,1,Hipodroom,0,success,"{"total":0,"location_name":"Hipodroom","location_id":1}"
2026-07-25 09:28:49,EEST,3,T1,5,success,"{"total":5,"location_name":"T1 Shopping Mall","location_id":3}"
2026-07-25 09:28:49,EEST,9,Mustika,3,success,"{"total":3,"location_name":"Mustika","location_id":9}"
2026-07-25 09:28:49,EEST,10,Suur-Paala,0,success,"{"total":0,"location_name":"Suur-Paala","location_id":10}"
2026-07-25 09:30:50,EEST,1,Hipodroom,0,success,"{"total":0,"location_name":"Hipodroom","location_id":1}"
2026-07-25 09:30:50,EEST,3,T1,5,success,"{"total":5,"location_name":"T1 Shopping Mall","location_id":3}"
2026-07-25 09:30:50,EEST,9,Mustika,4,success,"{"total":4,"location_name":"Mustika","location_id":9}"
2026-07-25 09:30:50,EEST,10,Suur-Paala,0,success,"{"total":0,"location_name":"Suur-Paala","location_id":10}"
2026-07-25 09:32:51,EEST,1,Hipodroom,0,success,"{"total":0,"location_name":"Hipodroom","location_id":1}"
2026-07-25 09:32:51,EEST,3,T1,5,success,"{"total":5,"location_name":"T1 Shopping Mall","location_id":3}"
2026-07-25 09:32:51,EEST,9,Mustika,4,success,"{"total":4,"location_name":"Mustika","location_id":9}"
2026-07-25 09:32:51,EEST,10,Suur-Paala,0,success,"{"total":0,"location_name":"Suur-Paala","location_id":10}"
2026-07-25 09:34:52,EEST,1,Hipodroom,0,success,"{"total":0,"location_name":"Hipodroom","location_id":1}"
2026-07-25 09:34:52,EEST,3,T1,5,success,"{"total":5,"location_name":"T1 Shopping Mall","location_id":3}"
2026-07-25 09:34:52,EEST,9,Mustika,4,success,"{"total":4,"location_name":"Mustika","location_id":9}"
2026-07-25 09:34:52,EEST,10,Suur-Paala,0,success,"{"total":0,"location_name":"Suur-Paala","location_id":10}"
2026-07-25 09:36:53,EEST,1,Hipodroom,0,success,"{"total":0,"location_name":"Hipodroom","location_id":1}"
2026-07-25 09:36:53,EEST,3,T1,5,success,"{"total":5,"location_name":"T1 Shopping Mall","location_id":3}"
2026-07-25 09:36:53,EEST,9,Mustika,5,success,"{"total":5,"location_name":"Mustika","location_id":9}"
2026-07-25 09:36:53,EEST,10,Suur-Paala,0,success,"{"total":0,"location_name":"Suur-Paala","location_id":10}"
2026-07-25 09:38:54,EEST,1,Hipodroom,0,success,"{"total":0,"location_name":"Hipodroom","location_id":1}"
2026-07-25 09:38:54,EEST,3,T1,5,success,"{"total":5,"location_name":"T1 Shopping Mall","location_id":3}"
2026-07-25 09:38:54,EEST,9,Mustika,5,success,"{"total":5,"location_name":"Mustika","location_id":9}"
2026-07-25 09:38:54,EEST,10,Suur-Paala,0,success,"{"total":0,"location_name":"Suur-Paala","location_id":10}"
2026-07-25 09:40:54,EEST,1,Hipodroom,0,success,"{"total":0,"location_name":"Hipodroom","location_id":1}"
2026-07-25 09:40:54,EEST,3,T1,5,success,"{"total":5,"location_name":"T1 Shopping Mall","location_id":3}"
2026-07-25 09:40:54,EEST,9,Mustika,5,success,"{"total":5,"location_name":"Mustika","location_id":9}"
2026-07-25 09:40:54,EEST,10,Suur-Paala,0,success,"{"total":0,"location_name":"Suur-Paala","location_id":10}"
2026-07-25 09:42:55,EEST,1,Hipodroom,0,success,"{"total":0,"location_name":"Hipodroom","location_id":1}"
2026-07-25 09:42:55,EEST,3,T1,5,success,"{"total":5,"location_name":"T1 Shopping Mall","location_id":3}"
2026-07-25 09:42:55,EEST,9,Mustika,5,success,"{"total":5,"location_name":"Mustika","location_id":9}"
2026-07-25 09:42:55,EEST,10,Suur-Paala,0,success,"{"total":0,"location_name":"Suur-Paala","location_id":10}"
2026-07-25 09:44:56,EEST,1,Hipodroom,0,success,"{"total":0,"location_name":"Hipodroom","location_id":1}"
2026-07-25 09:44:56,EEST,3,T1,5,success,"{"total":5,"location_name":"T1 Shopping Mall","location_id":3}"
2026-07-25 09:44:56,EEST,9,Mustika,5,success,"{"total":5,"location_name":"Mustika","location_id":9}"
2026-07-25 09:44:56,EEST,10,Suur-Paala,0,success,"{"total":0,"location_name":"Suur-Paala","location_id":10}"
2026-07-25 09:46:57,EEST,1,Hipodroom,0,success,"{"total":0,"location_name":"Hipodroom","location_id":1}"
2026-07-25 09:46:57,EEST,3,T1,5,success,"{"total":5,"location_name":"T1 Shopping Mall","location_id":3}"
2026-07-25 09:46:57,EEST,9,Mustika,5,success,"{"total":5,"location_name":"Mustika","location_id":9}"
2026-07-25 09:46:57,EEST,10,Suur-Paala,0,success,"{"total":0,"location_name":"Suur-Paala","location_id":10}"
2026-07-25 09:48:58,EEST,1,Hipodroom,0,success,"{"total":0,"location_name":"Hipodroom","location_id":1}"
2026-07-25 09:48:58,EEST,3,T1,5,success,"{"total":5,"location_name":"T1 Shopping Mall","location_id":3}"
2026-07-25 09:48:58,EEST,9,Mustika,5,success,"{"total":5,"location_name":"Mustika","location_id":9}"
2026-07-25 09:48:58,EEST,10,Suur-Paala,0,success,"{"total":0,"location_name":"Suur-Paala","location_id":10}"
2026-07-25 09:50:59,EEST,1,Hipodroom,0,success,"{"total":0,"location_name":"Hipodroom","location_id":1}"
2026-07-25 09:50:59,EEST,3,T1,5,success,"{"total":5,"location_name":"T1 Shopping Mall","location_id":3}"
2026-07-25 09:50:59,EEST,9,Mustika,5,success,"{"total":5,"location_name":"Mustika","location_id":9}"
2026-07-25 09:50:59,EEST,10,Suur-Paala,0,success,"{"total":0,"location_name":"Suur-Paala","location_id":10}"
2026-07-25 09:53:00,EEST,1,Hipodroom,0,success,"{"total":0,"location_name":"Hipodroom","location_id":1}"
2026-07-25 09:53:00,EEST,3,T1,5,success,"{"total":5,"location_name":"T1 Shopping Mall","location_id":3}"
2026-07-25 09:53:00,EEST,9,Mustika,5,success,"{"total":5,"location_name":"Mustika","location_id":9}"
2026-07-25 09:53:00,EEST,10,Suur-Paala,0,success,"{"total":0,"location_name":"Suur-Paala","location_id":10}"
2026-07-25 09:55:00,EEST,1,Hipodroom,0,success,"{"total":0,"location_name":"Hipodroom","location_id":1}"
2026-07-25 09:55:00,EEST,3,T1,5,success,"{"total":5,"location_name":"T1 Shopping Mall","location_id":3}"
2026-07-25 09:55:00,EEST,9,Mustika,5,success,"{"total":5,"location_name":"Mustika","location_id":9}"
2026-07-25 09:55:00,EEST,10,Suur-Paala,0,success,"{"total":0,"location_name":"Suur-Paala","location_id":10}"
2026-07-25 09:57:01,EEST,1,Hipodroom,0,success,"{"total":0,"location_name":"Hipodroom","location_id":1}"
2026-07-25 09:57:01,EEST,3,T1,5,success,"{"total":5,"location_name":"T1 Shopping Mall","location_id":3}"
2026-07-25 09:57:01,EEST,9,Mustika,5,success,"{"total":5,"location_name":"Mustika","location_id":9}"
2026-07-25 09:57:01,EEST,10,Suur-Paala,0,success,"{"total":0,"location_name":"Suur-Paala","location_id":10}"
2026-07-25 09:59:02,EEST,1,Hipodroom,0,success,"{"total":0,"location_name":"Hipodroom","location_id":1}"
2026-07-25 09:59:02,EEST,3,T1,5,success,"{"total":5,"location_name":"T1 Shopping Mall","location_id":3}"
2026-07-25 09:59:02,EEST,9,Mustika,5,success,"{"total":5,"location_name":"Mustika","location_id":9}"
2026-07-25 09:59:02,EEST,10,Suur-Paala,0,success,"{"total":0,"location_name":"Suur-Paala","location_id":10}"
2026-07-25 10:01:03,EEST,1,Hipodroom,0,success,"{"total":0,"location_name":"Hipodroom","location_id":1}"
2026-07-25 10:01:03,EEST,3,T1,6,success,"{"total":6,"location_name":"T1 Shopping Mall","location_id":3}"
2026-07-25 10:01:03,EEST,9,Mustika,5,success,"{"total":5,"location_name":"Mustika","location_id":9}"
2026-07-25 10:01:03,EEST,10,Suur-Paala,0,success,"{"total":0,"location_name":"Suur-Paala","location_id":10}"
2026-07-25 10:03:04,EEST,1,Hipodroom,0,success,"{"total":0,"location_name":"Hipodroom","location_id":1}"
2026-07-25 10:03:04,EEST,3,T1,6,success,"{"total":6,"location_name":"T1 Shopping Mall","location_id":3}"
2026-07-25 10:03:04,EEST,9,Mustika,5,success,"{"total":5,"location_name":"Mustika","location_id":9}"
2026-07-25 10:03:04,EEST,10,Suur-Paala,0,success,"{"total":0,"location_name":"Suur-Paala","location_id":10}"
2026-07-25 10:05:05,EEST,1,Hipodroom,0,success,"{"total":0,"location_name":"Hipodroom","location_id":1}"
2026-07-25 10:05:05,EEST,3,T1,6,success,"{"total":6,"location_name":"T1 Shopping Mall","location_id":3}"
2026-07-25 10:05:05,EEST,9,Mustika,5,success,"{"total":5,"location_name":"Mustika","location_id":9}"
2026-07-25 10:05:05,EEST,10,Suur-Paala,0,success,"{"total":0,"location_name":"Suur-Paala","location_id":10}"
2026-07-25 10:07:05,EEST,1,Hipodroom,0,success,"{"total":0,"location_name":"Hipodroom","location_id":1}"
2026-07-25 10:07:05,EEST,3,T1,7,success,"{"total":7,"location_name":"T1 Shopping Mall","location_id":3}"
2026-07-25 10:07:05,EEST,9,Mustika,5,success,"{"total":5,"location_name":"Mustika","location_id":9}"
2026-07-25 10:07:05,EEST,10,Suur-Paala,0,success,"{"total":0,"location_name":"Suur-Paala","location_id":10}"
2026-07-25 10:09:06,EEST,1,Hipodroom,0,success,"{"total":0,"location_name":"Hipodroom","location_id":1}"
2026-07-25 10:09:06,EEST,3,T1,7,success,"{"total":7,"location_name":"T1 Shopping Mall","location_id":3}"
2026-07-25 10:09:06,EEST,9,Mustika,5,success,"{"total":5,"location_name":"Mustika","location_id":9}"
2026-07-25 10:09:06,EEST,10,Suur-Paala,0,success,"{"total":0,"location_name":"Suur-Paala","location_id":10}"
2026-07-25 10:11:07,EEST,1,Hipodroom,0,success,"{"total":0,"location_name":"Hipodroom","location_id":1}"
2026-07-25 10:11:07,EEST,3,T1,7,success,"{"total":7,"location_name":"T1 Shopping Mall","location_id":3}"
2026-07-25 10:11:07,EEST,9,Mustika,5,success,"{"total":5,"location_name":"Mustika","location_id":9}"
2026-07-25 10:11:07,EEST,10,Suur-Paala,0,success,"{"total":0,"location_name":"Suur-Paala","location_id":10}"
2026-07-25 10:13:08,EEST,1,Hipodroom,0,success,"{"total":0,"location_name":"Hipodroom","location_id":1}"
2026-07-25 10:13:08,EEST,3,T1,7,success,"{"total":7,"location_name":"T1 Shopping Mall","location_id":3}"
2026-07-25 10:13:08,EEST,9,Mustika,4,success,"{"total":4,"location_name":"Mustika","location_id":9}"
2026-07-25 10:13:08,EEST,10,Suur-Paala,0,success,"{"total":0,"location_name":"Suur-Paala","location_id":10}"
2026-07-25 10:15:09,EEST,1,Hipodroom,0,success,"{"total":0,"location_name":"Hipodroom","location_id":1}"
2026-07-25 10:15:09,EEST,3,T1,7,success,"{"total":7,"location_name":"T1 Shopping Mall","location_id":3}"
2026-07-25 10:15:09,EEST,9,Mustika,4,success,"{"total":4,"location_name":"Mustika","location_id":9}"
2026-07-25 10:15:09,EEST,10,Suur-Paala,0,success,"{"total":0,"location_name":"Suur-Paala","location_id":10}"
2026-07-25 10:17:10,EEST,1,Hipodroom,0,success,"{"total":0,"location_name":"Hipodroom","location_id":1}"
2026-07-25 10:17:10,EEST,3,T1,7,success,"{"total":7,"location_name":"T1 Shopping Mall","location_id":3}"
2026-07-25 10:17:10,EEST,9,Mustika,4,success,"{"total":4,"location_name":"Mustika","location_id":9}"
2026-07-25 10:17:10,EEST,10,Suur-Paala,0,success,"{"total":0,"location_name":"Suur-Paala","location_id":10}"
2026-07-25 10:19:11,EEST,1,Hipodroom,0,success,"{"total":0,"location_name":"Hipodroom","location_id":1}"
2026-07-25 10:19:11,EEST,3,T1,7,success,"{"total":7,"location_name":"T1 Shopping Mall","location_id":3}"
2026-07-25 10:19:11,EEST,9,Mustika,5,success,"{"total":5,"location_name":"Mustika","location_id":9}"
2026-07-25 10:19:11,EEST,10,Suur-Paala,0,success,"{"total":0,"location_name":"Suur-Paala","location_id":10}"
2026-07-25 10:21:11,EEST,1,Hipodroom,0,success,"{"total":0,"location_name":"Hipodroom","location_id":1}"
2026-07-25 10:21:11,EEST,3,T1,7,success,"{"total":7,"location_name":"T1 Shopping Mall","location_id":3}"
2026-07-25 10:21:11,EEST,9,Mustika,5,success,"{"total":5,"location_name":"Mustika","location_id":9}"
2026-07-25 10:21:11,EEST,10,Suur-Paala,0,success,"{"total":0,"location_name":"Suur-Paala","location_id":10}"
2026-07-25 10:23:12,EEST,1,Hipodroom,0,success,"{"total":0,"location_name":"Hipodroom","location_id":1}"
2026-07-25 10:23:12,EEST,3,T1,7,success,"{"total":7,"location_name":"T1 Shopping Mall","location_id":3}"
2026-07-25 10:23:12,EEST,9,Mustika,5,success,"{"total":5,"location_name":"Mustika","location_id":9}"
2026-07-25 10:23:12,EEST,10,Suur-Paala,0,success,"{"total":0,"location_name":"Suur-Paala","location_id":10}"
2026-07-25 10:25:13,EEST,1,Hipodroom,0,success,"{"total":0,"location_name":"Hipodroom","location_id":1}"
2026-07-25 10:25:13,EEST,3,T1,7,success,"{"total":7,"location_name":"T1 Shopping Mall","location_id":3}"
2026-07-25 10:25:13,EEST,9,Mustika,5,success,"{"total":5,"location_name":"Mustika","location_id":9}"
2026-07-25 10:25:13,EEST,10,Suur-Paala,0,success,"{"total":0,"location_name":"Suur-Paala","location_id":10}"
2026-07-25 10:27:14,EEST,1,Hipodroom,0,success,"{"total":0,"location_name":"Hipodroom","location_id":1}"
2026-07-25 10:27:14,EEST,3,T1,7,success,"{"total":7,"location_name":"T1 Shopping Mall","location_id":3}"
2026-07-25 10:27:14,EEST,9,Mustika,5,success,"{"total":5,"location_name":"Mustika","location_id":9}"
2026-07-25 10:27:14,EEST,10,Suur-Paala,0,success,"{"total":0,"location_name":"Suur-Paala","location_id":10}"
2026-07-25 10:29:15,EEST,1,Hipodroom,0,success,"{"total":0,"location_name":"Hipodroom","location_id":1}"
2026-07-25 10:29:15,EEST,3,T1,7,success,"{"total":7,"location_name":"T1 Shopping Mall","location_id":3}"
2026-07-25 10:29:15,EEST,9,Mustika,5,success,"{"total":5,"location_name":"Mustika","location_id":9}"
2026-07-25 10:29:15,EEST,10,Suur-Paala,0,success,"{"total":0,"location_name":"Suur-Paala","location_id":10}"
2026-07-25 10:31:16,EEST,1,Hipodroom,0,success,"{"total":0,"location_name":"Hipodroom","location_id":1}"
2026-07-25 10:31:16,EEST,3,T1,7,success,"{"total":7,"location_name":"T1 Shopping Mall","location_id":3}"
2026-07-25 10:31:16,EEST,9,Mustika,4,success,"{"total":4,"location_name":"Mustika","location_id":9}"
2026-07-25 10:31:16,EEST,10,Suur-Paala,0,success,"{"total":0,"location_name":"Suur-Paala","location_id":10}"
2026-07-25 10:33:16,EEST,1,Hipodroom,0,success,"{"total":0,"location_name":"Hipodroom","location_id":1}"
2026-07-25 10:33:16,EEST,3,T1,7,success,"{"total":7,"location_name":"T1 Shopping Mall","location_id":3}"
2026-07-25 10:33:16,EEST,9,Mustika,4,success,"{"total":4,"location_name":"Mustika","location_id":9}"
2026-07-25 10:33:16,EEST,10,Suur-Paala,0,success,"{"total":0,"location_name":"Suur-Paala","location_id":10}"
2026-07-25 10:35:17,EEST,1,Hipodroom,0,success,"{"total":0,"location_name":"Hipodroom","location_id":1}"
2026-07-25 10:35:17,EEST,3,T1,7,success,"{"total":7,"location_name":"T1 Shopping Mall","location_id":3}"
2026-07-25 10:35:17,EEST,9,Mustika,4,success,"{"total":4,"location_name":"Mustika","location_id":9}"
2026-07-25 10:35:17,EEST,10,Suur-Paala,0,success,"{"total":0,"location_name":"Suur-Paala","location_id":10}"
2026-07-25 10:37:18,EEST,1,Hipodroom,0,success,"{"total":0,"location_name":"Hipodroom","location_id":1}"
2026-07-25 10:37:18,EEST,3,T1,7,success,"{"total":7,"location_name":"T1 Shopping Mall","location_id":3}"
2026-07-25 10:37:18,EEST,9,Mustika,6,success,"{"total":6,"location_name":"Mustika","location_id":9}"
2026-07-25 10:37:18,EEST,10,Suur-Paala,0,success,"{"total":0,"location_name":"Suur-Paala","location_id":10}"
2026-07-25 10:39:19,EEST,1,Hipodroom,0,success,"{"total":0,"location_name":"Hipodroom","location_id":1}"
2026-07-25 10:39:19,EEST,3,T1,7,success,"{"total":7,"location_name":"T1 Shopping Mall","location_id":3}"
2026-07-25 10:39:19,EEST,9,Mustika,6,success,"{"total":6,"location_name":"Mustika","location_id":9}"
2026-07-25 10:39:19,EEST,10,Suur-Paala,0,success,"{"total":0,"location_name":"Suur-Paala","location_id":10}"
2026-07-25 10:41:20,EEST,1,Hipodroom,0,success,"{"total":0,"location_name":"Hipodroom","location_id":1}"
2026-07-25 10:41:20,EEST,3,T1,7,success,"{"total":7,"location_name":"T1 Shopping Mall","location_id":3}"
2026-07-25 10:41:20,EEST,9,Mustika,6,success,"{"total":6,"location_name":"Mustika","location_id":9}"
2026-07-25 10:41:20,EEST,10,Suur-Paala,0,success,"{"total":0,"location_name":"Suur-Paala","location_id":10}"
2026-07-25 10:43:21,EEST,1,Hipodroom,2,success,"{"total":2,"location_name":"Hipodroom","location_id":1}"
2026-07-25 10:43:21,EEST,3,T1,7,success,"{"total":7,"location_name":"T1 Shopping Mall","location_id":3}"
2026-07-25 10:43:21,EEST,9,Mustika,6,success,"{"total":6,"location_name":"Mustika","location_id":9}"
2026-07-25 10:43:21,EEST,10,Suur-Paala,0,success,"{"total":0,"location_name":"Suur-Paala","location_id":10}"
2026-07-25 10:45:21,EEST,1,Hipodroom,2,success,"{"total":2,"location_name":"Hipodroom","location_id":1}"
2026-07-25 10:45:21,EEST,3,T1,7,success,"{"total":7,"location_name":"T1 Shopping Mall","location_id":3}"
2026-07-25 10:45:21,EEST,9,Mustika,6,success,"{"total":6,"location_name":"Mustika","location_id":9}"
2026-07-25 10:45:21,EEST,10,Suur-Paala,0,success,"{"total":0,"location_name":"Suur-Paala","location_id":10}"
2026-07-25 10:47:22,EEST,1,Hipodroom,2,success,"{"total":2,"location_name":"Hipodroom","location_id":1}"
2026-07-25 10:47:22,EEST,3,T1,7,success,"{"total":7,"location_name":"T1 Shopping Mall","location_id":3}"
2026-07-25 10:47:22,EEST,9,Mustika,6,success,"{"total":6,"location_name":"Mustika","location_id":9}"
2026-07-25 10:47:22,EEST,10,Suur-Paala,1,success,"{"total":1,"location_name":"Suur-Paala","location_id":10}"
2026-07-25 10:49:23,EEST,1,Hipodroom,2,success,"{"total":2,"location_name":"Hipodroom","location_id":1}"
2026-07-25 10:49:23,EEST,3,T1,7,success,"{"total":7,"location_name":"T1 Shopping Mall","location_id":3}"
2026-07-25 10:49:23,EEST,9,Mustika,6,success,"{"total":6,"location_name":"Mustika","location_id":9}"
2026-07-25 10:49:23,EEST,10,Suur-Paala,1,success,"{"total":1,"location_name":"Suur-Paala","location_id":10}"
2026-07-25 10:51:24,EEST,1,Hipodroom,2,success,"{"total":2,"location_name":"Hipodroom","location_id":1}"
2026-07-25 10:51:24,EEST,3,T1,7,success,"{"total":7,"location_name":"T1 Shopping Mall","location_id":3}"
2026-07-25 10:51:24,EEST,9,Mustika,6,success,"{"total":6,"location_name":"Mustika","location_id":9}"
2026-07-25 10:51:24,EEST,10,Suur-Paala,1,success,"{"total":1,"location_name":"Suur-Paala","location_id":10}"
2026-07-25 10:53:25,EEST,1,Hipodroom,2,success,"{"total":2,"location_name":"Hipodroom","location_id":1}"
2026-07-25 10:53:25,EEST,3,T1,7,success,"{"total":7,"location_name":"T1 Shopping Mall","location_id":3}"
2026-07-25 10:53:25,EEST,9,Mustika,6,success,"{"total":6,"location_name":"Mustika","location_id":9}"
2026-07-25 10:53:25,EEST,10,Suur-Paala,1,success,"{"total":1,"location_name":"Suur-Paala","location_id":10}"
2026-07-25 10:55:25,EEST,1,Hipodroom,2,success,"{"total":2,"location_name":"Hipodroom","location_id":1}"
2026-07-25 10:55:25,EEST,3,T1,7,success,"{"total":7,"location_name":"T1 Shopping Mall","location_id":3}"
2026-07-25 10:55:25,EEST,9,Mustika,6,success,"{"total":6,"location_name":"Mustika","location_id":9}"
2026-07-25 10:55:25,EEST,10,Suur-Paala,1,success,"{"total":1,"location_name":"Suur-Paala","location_id":10}"
2026-07-25 10:57:27,EEST,1,Hipodroom,2,success,"{"total":2,"location_name":"Hipodroom","location_id":1}"
2026-07-25 10:57:27,EEST,3,T1,7,success,"{"total":7,"location_name":"T1 Shopping Mall","location_id":3}"
2026-07-25 10:57:27,EEST,9,Mustika,6,success,"{"total":6,"location_name":"Mustika","location_id":9}"
2026-07-25 10:57:27,EEST,10,Suur-Paala,1,success,"{"total":1,"location_name":"Suur-Paala","location_id":10}"
2026-07-25 10:59:27,EEST,1,Hipodroom,2,success,"{"total":2,"location_name":"Hipodroom","location_id":1}"
2026-07-25 10:59:27,EEST,3,T1,7,success,"{"total":7,"location_name":"T1 Shopping Mall","location_id":3}"
2026-07-25 10:59:27,EEST,9,Mustika,6,success,"{"total":6,"location_name":"Mustika","location_id":9}"
2026-07-25 10:59:27,EEST,10,Suur-Paala,2,success,"{"total":2,"location_name":"Suur-Paala","location_id":10}"
2026-07-25 11:01:28,EEST,1,Hipodroom,2,success,"{"total":2,"location_name":"Hipodroom","location_id":1}"
2026-07-25 11:01:28,EEST,3,T1,8,success,"{"total":8,"location_name":"T1 Shopping Mall","location_id":3}"
2026-07-25 11:01:28,EEST,9,Mustika,8,success,"{"total":8,"location_name":"Mustika","location_id":9}"
2026-07-25 11:01:28,EEST,10,Suur-Paala,2,success,"{"total":2,"location_name":"Suur-Paala","location_id":10}"
2026-07-25 11:03:29,EEST,1,Hipodroom,2,success,"{"total":2,"location_name":"Hipodroom","location_id":1}"
2026-07-25 11:03:29,EEST,3,T1,8,success,"{"total":8,"location_name":"T1 Shopping Mall","location_id":3}"
2026-07-25 11:03:29,EEST,9,Mustika,8,success,"{"total":8,"location_name":"Mustika","location_id":9}"
2026-07-25 11:03:29,EEST,10,Suur-Paala,2,success,"{"total":2,"location_name":"Suur-Paala","location_id":10}"
2026-07-25 11:05:30,EEST,1,Hipodroom,2,success,"{"total":2,"location_name":"Hipodroom","location_id":1}"
2026-07-25 11:05:30,EEST,3,T1,8,success,"{"total":8,"location_name":"T1 Shopping Mall","location_id":3}"
2026-07-25 11:05:30,EEST,9,Mustika,8,success,"{"total":8,"location_name":"Mustika","location_id":9}"
2026-07-25 11:05:30,EEST,10,Suur-Paala,2,success,"{"total":2,"location_name":"Suur-Paala","location_id":10}"
2026-07-25 11:07:31,EEST,1,Hipodroom,2,success,"{"total":2,"location_name":"Hipodroom","location_id":1}"
2026-07-25 11:07:31,EEST,3,T1,8,success,"{"total":8,"location_name":"T1 Shopping Mall","location_id":3}"
2026-07-25 11:07:31,EEST,9,Mustika,8,success,"{"total":8,"location_name":"Mustika","location_id":9}"
2026-07-25 11:07:31,EEST,10,Suur-Paala,2,success,"{"total":2,"location_name":"Suur-Paala","location_id":10}"
2026-07-25 11:09:31,EEST,1,Hipodroom,2,success,"{"total":2,"location_name":"Hipodroom","location_id":1}"
2026-07-25 11:09:31,EEST,3,T1,8,success,"{"total":8,"location_name":"T1 Shopping Mall","location_id":3}"
2026-07-25 11:09:31,EEST,9,Mustika,8,success,"{"total":8,"location_name":"Mustika","location_id":9}"
2026-07-25 11:09:31,EEST,10,Suur-Paala,2,success,"{"total":2,"location_name":"Suur-Paala","location_id":10}"
2026-07-25 11:11:32,EEST,1,Hipodroom,2,success,"{"total":2,"location_name":"Hipodroom","location_id":1}"
2026-07-25 11:11:32,EEST,3,T1,8,success,"{"total":8,"location_name":"T1 Shopping Mall","location_id":3}"
2026-07-25 11:11:32,EEST,9,Mustika,8,success,"{"total":8,"location_name":"Mustika","location_id":9}"
2026-07-25 11:11:32,EEST,10,Suur-Paala,2,success,"{"total":2,"location_name":"Suur-Paala","location_id":10}"
2026-07-25 11:13:33,EEST,1,Hipodroom,4,success,"{"total":4,"location_name":"Hipodroom","location_id":1}"
2026-07-25 11:13:33,EEST,3,T1,8,success,"{"total":8,"location_name":"T1 Shopping Mall","location_id":3}"
2026-07-25 11:13:33,EEST,9,Mustika,8,success,"{"total":8,"location_name":"Mustika","location_id":9}"
2026-07-25 11:13:33,EEST,10,Suur-Paala,2,success,"{"total":2,"location_name":"Suur-Paala","location_id":10}"
2026-07-25 11:15:33,EEST,1,Hipodroom,4,success,"{"total":4,"location_name":"Hipodroom","location_id":1}"
2026-07-25 11:15:33,EEST,3,T1,8,success,"{"total":8,"location_name":"T1 Shopping Mall","location_id":3}"
2026-07-25 11:15:33,EEST,9,Mustika,8,success,"{"total":8,"location_name":"Mustika","location_id":9}"
2026-07-25 11:15:33,EEST,10,Suur-Paala,2,success,"{"total":2,"location_name":"Suur-Paala","location_id":10}"
2026-07-25 11:17:34,EEST,1,Hipodroom,4,success,"{"total":4,"location_name":"Hipodroom","location_id":1}"
2026-07-25 11:17:34,EEST,3,T1,8,success,"{"total":8,"location_name":"T1 Shopping Mall","location_id":3}"
2026-07-25 11:17:34,EEST,9,Mustika,8,success,"{"total":8,"location_name":"Mustika","location_id":9}"
2026-07-25 11:17:34,EEST,10,Suur-Paala,2,success,"{"total":2,"location_name":"Suur-Paala","location_id":10}"
2026-07-25 11:19:35,EEST,1,Hipodroom,4,success,"{"total":4,"location_name":"Hipodroom","location_id":1}"
2026-07-25 11:19:35,EEST,3,T1,8,success,"{"total":8,"location_name":"T1 Shopping Mall","location_id":3}"
2026-07-25 11:19:35,EEST,9,Mustika,11,success,"{"total":11,"location_name":"Mustika","location_id":9}"
2026-07-25 11:19:35,EEST,10,Suur-Paala,2,success,"{"total":2,"location_name":"Suur-Paala","location_id":10}"
2026-07-25 11:21:35,EEST,1,Hipodroom,4,success,"{"total":4,"location_name":"Hipodroom","location_id":1}"
2026-07-25 11:21:35,EEST,3,T1,8,success,"{"total":8,"location_name":"T1 Shopping Mall","location_id":3}"
2026-07-25 11:21:35,EEST,9,Mustika,11,success,"{"total":11,"location_name":"Mustika","location_id":9}"
2026-07-25 11:21:35,EEST,10,Suur-Paala,2,success,"{"total":2,"location_name":"Suur-Paala","location_id":10}"
2026-07-25 11:23:36,EEST,1,Hipodroom,4,success,"{"total":4,"location_name":"Hipodroom","location_id":1}"
2026-07-25 11:23:36,EEST,3,T1,8,success,"{"total":8,"location_name":"T1 Shopping Mall","location_id":3}"
2026-07-25 11:23:36,EEST,9,Mustika,11,success,"{"total":11,"location_name":"Mustika","location_id":9}"
2026-07-25 11:23:36,EEST,10,Suur-Paala,2,success,"{"total":2,"location_name":"Suur-Paala","location_id":10}"
2026-07-25 11:25:36,EEST,1,Hipodroom,4,success,"{"total":4,"location_name":"Hipodroom","location_id":1}"
2026-07-25 11:25:36,EEST,3,T1,7,success,"{"total":7,"location_name":"T1 Shopping Mall","location_id":3}"
2026-07-25 11:25:36,EEST,9,Mustika,11,success,"{"total":11,"location_name":"Mustika","location_id":9}"
2026-07-25 11:25:36,EEST,10,Suur-Paala,2,success,"{"total":2,"location_name":"Suur-Paala","location_id":10}"
2026-07-25 11:27:37,EEST,1,Hipodroom,4,success,"{"total":4,"location_name":"Hipodroom","location_id":1}"
2026-07-25 11:27:37,EEST,3,T1,7,success,"{"total":7,"location_name":"T1 Shopping Mall","location_id":3}"
2026-07-25 11:27:37,EEST,9,Mustika,11,success,"{"total":11,"location_name":"Mustika","location_id":9}"
2026-07-25 11:27:37,EEST,10,Suur-Paala,2,success,"{"total":2,"location_name":"Suur-Paala","location_id":10}"
2026-07-25 11:29:37,EEST,1,Hipodroom,4,success,"{"total":4,"location_name":"Hipodroom","location_id":1}"
2026-07-25 11:29:37,EEST,3,T1,7,success,"{"total":7,"location_name":"T1 Shopping Mall","location_id":3}"
2026-07-25 11:29:37,EEST,9,Mustika,11,success,"{"total":11,"location_name":"Mustika","location_id":9}"
2026-07-25 11:29:37,EEST,10,Suur-Paala,2,success,"{"total":2,"location_name":"Suur-Paala","location_id":10}"
2026-07-25 11:31:38,EEST,1,Hipodroom,5,success,"{"total":5,"location_name":"Hipodroom","location_id":1}"
2026-07-25 11:31:38,EEST,3,T1,6,success,"{"total":6,"location_name":"T1 Shopping Mall","location_id":3}"
2026-07-25 11:31:38,EEST,9,Mustika,13,success,"{"total":13,"location_name":"Mustika","location_id":9}"
2026-07-25 11:31:38,EEST,10,Suur-Paala,2,success,"{"total":2,"location_name":"Suur-Paala","location_id":10}"
2026-07-25 11:33:39,EEST,1,Hipodroom,5,success,"{"total":5,"location_name":"Hipodroom","location_id":1}"
2026-07-25 11:33:39,EEST,3,T1,6,success,"{"total":6,"location_name":"T1 Shopping Mall","location_id":3}"
2026-07-25 11:33:39,EEST,9,Mustika,13,success,"{"total":13,"location_name":"Mustika","location_id":9}"
2026-07-25 11:33:39,EEST,10,Suur-Paala,2,success,"{"total":2,"location_name":"Suur-Paala","location_id":10}"
2026-07-25 11:35:39,EEST,1,Hipodroom,5,success,"{"total":5,"location_name":"Hipodroom","location_id":1}"
2026-07-25 11:35:39,EEST,3,T1,6,success,"{"total":6,"location_name":"T1 Shopping Mall","location_id":3}"
2026-07-25 11:35:39,EEST,9,Mustika,13,success,"{"total":13,"location_name":"Mustika","location_id":9}"
2026-07-25 11:35:39,EEST,10,Suur-Paala,2,success,"{"total":2,"location_name":"Suur-Paala","location_id":10}"
2026-07-25 11:37:40,EEST,1,Hipodroom,5,success,"{"total":5,"location_name":"Hipodroom","location_id":1}"
2026-07-25 11:37:40,EEST,3,T1,7,success,"{"total":7,"location_name":"T1 Shopping Mall","location_id":3}"
2026-07-25 11:37:40,EEST,9,Mustika,15,success,"{"total":15,"location_name":"Mustika","location_id":9}"
2026-07-25 11:37:40,EEST,10,Suur-Paala,2,success,"{"total":2,"location_name":"Suur-Paala","location_id":10}"
2026-07-25 11:39:41,EEST,1,Hipodroom,5,success,"{"total":5,"location_name":"Hipodroom","location_id":1}"
2026-07-25 11:39:41,EEST,3,T1,7,success,"{"total":7,"location_name":"T1 Shopping Mall","location_id":3}"
2026-07-25 11:39:41,EEST,9,Mustika,15,success,"{"total":15,"location_name":"Mustika","location_id":9}"
2026-07-25 11:39:41,EEST,10,Suur-Paala,2,success,"{"total":2,"location_name":"Suur-Paala","location_id":10}"
2026-07-25 11:41:41,EEST,1,Hipodroom,5,success,"{"total":5,"location_name":"Hipodroom","location_id":1}"
2026-07-25 11:41:41,EEST,3,T1,7,success,"{"total":7,"location_name":"T1 Shopping Mall","location_id":3}"
2026-07-25 11:41:41,EEST,9,Mustika,15,success,"{"total":15,"location_name":"Mustika","location_id":9}"
2026-07-25 11:41:41,EEST,10,Suur-Paala,2,success,"{"total":2,"location_name":"Suur-Paala","location_id":10}"
2026-07-25 11:43:42,EEST,1,Hipodroom,5,success,"{"total":5,"location_name":"Hipodroom","location_id":1}"
2026-07-25 11:43:42,EEST,3,T1,7,success,"{"total":7,"location_name":"T1 Shopping Mall","location_id":3}"
2026-07-25 11:43:42,EEST,9,Mustika,14,success,"{"total":14,"location_name":"Mustika","location_id":9}"
2026-07-25 11:43:42,EEST,10,Suur-Paala,2,success,"{"total":2,"location_name":"Suur-Paala","location_id":10}"
2026-07-25 11:45:42,EEST,1,Hipodroom,5,success,"{"total":5,"location_name":"Hipodroom","location_id":1}"
2026-07-25 11:45:42,EEST,3,T1,7,success,"{"total":7,"location_name":"T1 Shopping Mall","location_id":3}"
2026-07-25 11:45:42,EEST,9,Mustika,14,success,"{"total":14,"location_name":"Mustika","location_id":9}"
2026-07-25 11:45:42,EEST,10,Suur-Paala,2,success,"{"total":2,"location_name":"Suur-Paala","location_id":10}"
2026-07-25 11:47:43,EEST,1,Hipodroom,5,success,"{"total":5,"location_name":"Hipodroom","location_id":1}"
2026-07-25 11:47:43,EEST,3,T1,7,success,"{"total":7,"location_name":"T1 Shopping Mall","location_id":3}"
2026-07-25 11:47:43,EEST,9,Mustika,14,success,"{"total":14,"location_name":"Mustika","location_id":9}"
2026-07-25 11:47:43,EEST,10,Suur-Paala,2,success,"{"total":2,"location_name":"Suur-Paala","location_id":10}"
2026-07-25 11:49:44,EEST,1,Hipodroom,5,success,"{"total":5,"location_name":"Hipodroom","location_id":1}"
2026-07-25 11:49:44,EEST,3,T1,7,success,"{"total":7,"location_name":"T1 Shopping Mall","location_id":3}"
2026-07-25 11:49:44,EEST,9,Mustika,14,success,"{"total":14,"location_name":"Mustika","location_id":9}"
2026-07-25 11:49:44,EEST,10,Suur-Paala,2,success,"{"total":2,"location_name":"Suur-Paala","location_id":10}"
2026-07-25 11:51:44,EEST,1,Hipodroom,5,success,"{"total":5,"location_name":"Hipodroom","location_id":1}"
2026-07-25 11:51:44,EEST,3,T1,7,success,"{"total":7,"location_name":"T1 Shopping Mall","location_id":3}"
2026-07-25 11:51:44,EEST,9,Mustika,14,success,"{"total":14,"location_name":"Mustika","location_id":9}"
2026-07-25 11:51:44,EEST,10,Suur-Paala,2,success,"{"total":2,"location_name":"Suur-Paala","location_id":10}"
2026-07-25 11:53:45,EEST,1,Hipodroom,5,success,"{"total":5,"location_name":"Hipodroom","location_id":1}"
2026-07-25 11:53:45,EEST,3,T1,7,success,"{"total":7,"location_name":"T1 Shopping Mall","location_id":3}"
2026-07-25 11:53:45,EEST,9,Mustika,14,success,"{"total":14,"location_name":"Mustika","location_id":9}"
2026-07-25 11:53:45,EEST,10,Suur-Paala,2,success,"{"total":2,"location_name":"Suur-Paala","location_id":10}"
2026-07-25 11:55:46,EEST,1,Hipodroom,5,success,"{"total":5,"location_name":"Hipodroom","location_id":1}"
2026-07-25 11:55:46,EEST,3,T1,7,success,"{"total":7,"location_name":"T1 Shopping Mall","location_id":3}"
2026-07-25 11:55:46,EEST,9,Mustika,14,success,"{"total":14,"location_name":"Mustika","location_id":9}"
2026-07-25 11:55:46,EEST,10,Suur-Paala,2,success,"{"total":2,"location_name":"Suur-Paala","location_id":10}"
2026-07-25 11:57:46,EEST,1,Hipodroom,5,success,"{"total":5,"location_name":"Hipodroom","location_id":1}"
2026-07-25 11:57:46,EEST,3,T1,7,success,"{"total":7,"location_name":"T1 Shopping Mall","location_id":3}"
2026-07-25 11:57:46,EEST,9,Mustika,14,success,"{"total":14,"location_name":"Mustika","location_id":9}"
2026-07-25 11:57:46,EEST,10,Suur-Paala,2,success,"{"total":2,"location_name":"Suur-Paala","location_id":10}"
2026-07-25 11:59:47,EEST,1,Hipodroom,5,success,"{"total":5,"location_name":"Hipodroom","location_id":1}"
2026-07-25 11:59:47,EEST,3,T1,7,success,"{"total":7,"location_name":"T1 Shopping Mall","location_id":3}"
2026-07-25 11:59:47,EEST,9,Mustika,14,success,"{"total":14,"location_name":"Mustika","location_id":9}"
2026-07-25 11:59:47,EEST,10,Suur-Paala,2,success,"{"total":2,"location_name":"Suur-Paala","location_id":10}"
2026-07-25 12:01:47,EEST,1,Hipodroom,5,success,"{"total":5,"location_name":"Hipodroom","location_id":1}"
2026-07-25 12:01:47,EEST,3,T1,6,success,"{"total":6,"location_name":"T1 Shopping Mall","location_id":3}"
2026-07-25 12:01:47,EEST,9,Mustika,15,success,"{"total":15,"location_name":"Mustika","location_id":9}"
2026-07-25 12:01:47,EEST,10,Suur-Paala,2,success,"{"total":2,"location_name":"Suur-Paala","location_id":10}"
2026-07-25 12:03:48,EEST,1,Hipodroom,5,success,"{"total":5,"location_name":"Hipodroom","location_id":1}"
2026-07-25 12:03:48,EEST,3,T1,6,success,"{"total":6,"location_name":"T1 Shopping Mall","location_id":3}"
2026-07-25 12:03:48,EEST,9,Mustika,15,success,"{"total":15,"location_name":"Mustika","location_id":9}"
2026-07-25 12:03:48,EEST,10,Suur-Paala,2,success,"{"total":2,"location_name":"Suur-Paala","location_id":10}"
2026-07-25 12:05:48,EEST,1,Hipodroom,5,success,"{"total":5,"location_name":"Hipodroom","location_id":1}"
2026-07-25 12:05:48,EEST,3,T1,6,success,"{"total":6,"location_name":"T1 Shopping Mall","location_id":3}"
2026-07-25 12:05:48,EEST,9,Mustika,15,success,"{"total":15,"location_name":"Mustika","location_id":9}"
2026-07-25 12:05:48,EEST,10,Suur-Paala,2,success,"{"total":2,"location_name":"Suur-Paala","location_id":10}"
2026-07-25 12:07:49,EEST,1,Hipodroom,5,success,"{"total":5,"location_name":"Hipodroom","location_id":1}"
2026-07-25 12:07:49,EEST,3,T1,5,success,"{"total":5,"location_name":"T1 Shopping Mall","location_id":3}"
2026-07-25 12:07:49,EEST,9,Mustika,16,success,"{"total":16,"location_name":"Mustika","location_id":9}"
2026-07-25 12:07:49,EEST,10,Suur-Paala,2,success,"{"total":2,"location_name":"Suur-Paala","location_id":10}"
2026-07-25 12:09:50,EEST,1,Hipodroom,5,success,"{"total":5,"location_name":"Hipodroom","location_id":1}"
2026-07-25 12:09:50,EEST,3,T1,5,success,"{"total":5,"location_name":"T1 Shopping Mall","location_id":3}"
2026-07-25 12:09:50,EEST,9,Mustika,16,success,"{"total":16,"location_name":"Mustika","location_id":9}"
2026-07-25 12:09:50,EEST,10,Suur-Paala,2,success,"{"total":2,"location_name":"Suur-Paala","location_id":10}"
2026-07-25 12:11:50,EEST,1,Hipodroom,5,success,"{"total":5,"location_name":"Hipodroom","location_id":1}"
2026-07-25 12:11:50,EEST,3,T1,5,success,"{"total":5,"location_name":"T1 Shopping Mall","location_id":3}"
2026-07-25 12:11:50,EEST,9,Mustika,16,success,"{"total":16,"location_name":"Mustika","location_id":9}"
2026-07-25 12:11:50,EEST,10,Suur-Paala,2,success,"{"total":2,"location_name":"Suur-Paala","location_id":10}"
2026-07-25 12:13:51,EEST,1,Hipodroom,5,success,"{"total":5,"location_name":"Hipodroom","location_id":1}"
2026-07-25 12:13:51,EEST,3,T1,5,success,"{"total":5,"location_name":"T1 Shopping Mall","location_id":3}"
2026-07-25 12:13:51,EEST,9,Mustika,17,success,"{"total":17,"location_name":"Mustika","location_id":9}"
2026-07-25 12:13:51,EEST,10,Suur-Paala,2,success,"{"total":2,"location_name":"Suur-Paala","location_id":10}"
2026-07-25 12:15:51,EEST,1,Hipodroom,5,success,"{"total":5,"location_name":"Hipodroom","location_id":1}"
2026-07-25 12:15:51,EEST,3,T1,5,success,"{"total":5,"location_name":"T1 Shopping Mall","location_id":3}"
2026-07-25 12:15:51,EEST,9,Mustika,17,success,"{"total":17,"location_name":"Mustika","location_id":9}"
2026-07-25 12:15:51,EEST,10,Suur-Paala,2,success,"{"total":2,"location_name":"Suur-Paala","location_id":10}"
2026-07-25 12:17:52,EEST,1,Hipodroom,5,success,"{"total":5,"location_name":"Hipodroom","location_id":1}"
2026-07-25 12:17:52,EEST,3,T1,5,success,"{"total":5,"location_name":"T1 Shopping Mall","location_id":3}"
2026-07-25 12:17:52,EEST,9,Mustika,17,success,"{"total":17,"location_name":"Mustika","location_id":9}"
2026-07-25 12:17:52,EEST,10,Suur-Paala,2,success,"{"total":2,"location_name":"Suur-Paala","location_id":10}"
2026-07-25 12:19:53,EEST,1,Hipodroom,5,success,"{"total":5,"location_name":"Hipodroom","location_id":1}"
2026-07-25 12:19:53,EEST,3,T1,5,success,"{"total":5,"location_name":"T1 Shopping Mall","location_id":3}"
2026-07-25 12:19:53,EEST,9,Mustika,17,success,"{"total":17,"location_name":"Mustika","location_id":9}"
2026-07-25 12:19:53,EEST,10,Suur-Paala,2,success,"{"total":2,"location_name":"Suur-Paala","location_id":10}"
2026-07-25 12:21:54,EEST,1,Hipodroom,5,success,"{"total":5,"location_name":"Hipodroom","location_id":1}"
2026-07-25 12:21:54,EEST,3,T1,5,success,"{"total":5,"location_name":"T1 Shopping Mall","location_id":3}"
2026-07-25 12:21:54,EEST,9,Mustika,17,success,"{"total":17,"location_name":"Mustika","location_id":9}"
2026-07-25 12:21:54,EEST,10,Suur-Paala,2,success,"{"total":2,"location_name":"Suur-Paala","location_id":10}"
2026-07-25 12:23:54,EEST,1,Hipodroom,5,success,"{"total":5,"location_name":"Hipodroom","location_id":1}"
2026-07-25 12:23:54,EEST,3,T1,5,success,"{"total":5,"location_name":"T1 Shopping Mall","location_id":3}"
2026-07-25 12:23:54,EEST,9,Mustika,17,success,"{"total":17,"location_name":"Mustika","location_id":9}"
2026-07-25 12:23:54,EEST,10,Suur-Paala,3,success,"{"total":3,"location_name":"Suur-Paala","location_id":10}"
2026-07-25 12:25:55,EEST,1,Hipodroom,5,success,"{"total":5,"location_name":"Hipodroom","location_id":1}"
2026-07-25 12:25:55,EEST,3,T1,5,success,"{"total":5,"location_name":"T1 Shopping Mall","location_id":3}"
2026-07-25 12:25:55,EEST,9,Mustika,16,success,"{"total":16,"location_name":"Mustika","location_id":9}"
2026-07-25 12:25:55,EEST,10,Suur-Paala,3,success,"{"total":3,"location_name":"Suur-Paala","location_id":10}"
2026-07-25 12:27:55,EEST,1,Hipodroom,5,success,"{"total":5,"location_name":"Hipodroom","location_id":1}"
2026-07-25 12:27:55,EEST,3,T1,5,success,"{"total":5,"location_name":"T1 Shopping Mall","location_id":3}"
2026-07-25 12:27:55,EEST,9,Mustika,16,success,"{"total":16,"location_name":"Mustika","location_id":9}"
2026-07-25 12:27:55,EEST,10,Suur-Paala,3,success,"{"total":3,"location_name":"Suur-Paala","location_id":10}"
2026-07-25 12:29:56,EEST,1,Hipodroom,5,success,"{"total":5,"location_name":"Hipodroom","location_id":1}"
2026-07-25 12:29:56,EEST,3,T1,5,success,"{"total":5,"location_name":"T1 Shopping Mall","location_id":3}"
2026-07-25 12:29:56,EEST,9,Mustika,16,success,"{"total":16,"location_name":"Mustika","location_id":9}"
2026-07-25 12:29:56,EEST,10,Suur-Paala,3,success,"{"total":3,"location_name":"Suur-Paala","location_id":10}"
2026-07-25 12:31:57,EEST,1,Hipodroom,5,success,"{"total":5,"location_name":"Hipodroom","location_id":1}"
2026-07-25 12:31:57,EEST,3,T1,7,success,"{"total":7,"location_name":"T1 Shopping Mall","location_id":3}"
2026-07-25 12:31:57,EEST,9,Mustika,17,success,"{"total":17,"location_name":"Mustika","location_id":9}"
2026-07-25 12:31:57,EEST,10,Suur-Paala,3,success,"{"total":3,"location_name":"Suur-Paala","location_id":10}"
2026-07-25 12:33:57,EEST,1,Hipodroom,5,success,"{"total":5,"location_name":"Hipodroom","location_id":1}"
2026-07-25 12:33:57,EEST,3,T1,7,success,"{"total":7,"location_name":"T1 Shopping Mall","location_id":3}"
2026-07-25 12:33:57,EEST,9,Mustika,17,success,"{"total":17,"location_name":"Mustika","location_id":9}"
2026-07-25 12:33:57,EEST,10,Suur-Paala,3,success,"{"total":3,"location_name":"Suur-Paala","location_id":10}"
2026-07-25 12:35:58,EEST,1,Hipodroom,5,success,"{"total":5,"location_name":"Hipodroom","location_id":1}"
2026-07-25 12:35:58,EEST,3,T1,7,success,"{"total":7,"location_name":"T1 Shopping Mall","location_id":3}"
2026-07-25 12:35:58,EEST,9,Mustika,17,success,"{"total":17,"location_name":"Mustika","location_id":9}"
2026-07-25 12:35:58,EEST,10,Suur-Paala,3,success,"{"total":3,"location_name":"Suur-Paala","location_id":10}"
2026-07-25 12:37:59,EEST,1,Hipodroom,5,success,"{"total":5,"location_name":"Hipodroom","location_id":1}"
2026-07-25 12:37:59,EEST,3,T1,8,success,"{"total":8,"location_name":"T1 Shopping Mall","location_id":3}"
2026-07-25 12:37:59,EEST,9,Mustika,16,success,"{"total":16,"location_name":"Mustika","location_id":9}"
2026-07-25 12:37:59,EEST,10,Suur-Paala,3,success,"{"total":3,"location_name":"Suur-Paala","location_id":10}"
2026-07-25 12:39:59,EEST,1,Hipodroom,5,success,"{"total":5,"location_name":"Hipodroom","location_id":1}"
2026-07-25 12:39:59,EEST,3,T1,8,success,"{"total":8,"location_name":"T1 Shopping Mall","location_id":3}"
2026-07-25 12:39:59,EEST,9,Mustika,16,success,"{"total":16,"location_name":"Mustika","location_id":9}"
2026-07-25 12:39:59,EEST,10,Suur-Paala,3,success,"{"total":3,"location_name":"Suur-Paala","location_id":10}"
2026-07-25 12:42:00,EEST,1,Hipodroom,6,success,"{"total":6,"location_name":"Hipodroom","location_id":1}"
2026-07-25 12:42:00,EEST,3,T1,8,success,"{"total":8,"location_name":"T1 Shopping Mall","location_id":3}"
2026-07-25 12:42:00,EEST,9,Mustika,16,success,"{"total":16,"location_name":"Mustika","location_id":9}"
2026-07-25 12:42:00,EEST,10,Suur-Paala,4,success,"{"total":4,"location_name":"Suur-Paala","location_id":10}"
2026-07-25 12:44:00,EEST,1,Hipodroom,6,success,"{"total":6,"location_name":"Hipodroom","location_id":1}"
2026-07-25 12:44:00,EEST,3,T1,8,success,"{"total":8,"location_name":"T1 Shopping Mall","location_id":3}"
2026-07-25 12:44:00,EEST,9,Mustika,16,success,"{"total":16,"location_name":"Mustika","location_id":9}"
2026-07-25 12:44:00,EEST,10,Suur-Paala,4,success,"{"total":4,"location_name":"Suur-Paala","location_id":10}"
2026-07-25 12:46:01,EEST,1,Hipodroom,6,success,"{"total":6,"location_name":"Hipodroom","location_id":1}"
2026-07-25 12:46:01,EEST,3,T1,8,success,"{"total":8,"location_name":"T1 Shopping Mall","location_id":3}"
2026-07-25 12:46:01,EEST,9,Mustika,16,success,"{"total":16,"location_name":"Mustika","location_id":9}"
2026-07-25 12:46:01,EEST,10,Suur-Paala,4,success,"{"total":4,"location_name":"Suur-Paala","location_id":10}"
2026-07-25 12:48:02,EEST,1,Hipodroom,7,success,"{"total":7,"location_name":"Hipodroom","location_id":1}"
2026-07-25 12:48:02,EEST,3,T1,8,success,"{"total":8,"location_name":"T1 Shopping Mall","location_id":3}"
2026-07-25 12:48:02,EEST,9,Mustika,16,success,"{"total":16,"location_name":"Mustika","location_id":9}"
2026-07-25 12:48:02,EEST,10,Suur-Paala,5,success,"{"total":5,"location_name":"Suur-Paala","location_id":10}"
2026-07-25 12:50:02,EEST,1,Hipodroom,7,success,"{"total":7,"location_name":"Hipodroom","location_id":1}"
2026-07-25 12:50:02,EEST,3,T1,9,success,"{"total":9,"location_name":"T1 Shopping Mall","location_id":3}"
2026-07-25 12:50:02,EEST,9,Mustika,16,success,"{"total":16,"location_name":"Mustika","location_id":9}"
2026-07-25 12:50:02,EEST,10,Suur-Paala,5,success,"{"total":5,"location_name":"Suur-Paala","location_id":10}"
2026-07-25 12:52:03,EEST,1,Hipodroom,7,success,"{"total":7,"location_name":"Hipodroom","location_id":1}"
2026-07-25 12:52:03,EEST,3,T1,9,success,"{"total":9,"location_name":"T1 Shopping Mall","location_id":3}"
2026-07-25 12:52:03,EEST,9,Mustika,16,success,"{"total":16,"location_name":"Mustika","location_id":9}"
2026-07-25 12:52:03,EEST,10,Suur-Paala,5,success,"{"total":5,"location_name":"Suur-Paala","location_id":10}"
2026-07-25 12:54:03,EEST,1,Hipodroom,7,success,"{"total":7,"location_name":"Hipodroom","location_id":1}"
2026-07-25 12:54:03,EEST,3,T1,9,success,"{"total":9,"location_name":"T1 Shopping Mall","location_id":3}"
2026-07-25 12:54:03,EEST,9,Mustika,16,success,"{"total":16,"location_name":"Mustika","location_id":9}"
2026-07-25 12:54:03,EEST,10,Suur-Paala,6,success,"{"total":6,"location_name":"Suur-Paala","location_id":10}"
2026-07-25 12:56:05,EEST,1,Hipodroom,7,success,"{"total":7,"location_name":"Hipodroom","location_id":1}"
2026-07-25 12:56:05,EEST,3,T1,9,success,"{"total":9,"location_name":"T1 Shopping Mall","location_id":3}"
2026-07-25 12:56:05,EEST,9,Mustika,17,success,"{"total":17,"location_name":"Mustika","location_id":9}"
2026-07-25 12:56:05,EEST,10,Suur-Paala,6,success,"{"total":6,"location_name":"Suur-Paala","location_id":10}"
2026-07-25 12:58:05,EEST,1,Hipodroom,7,success,"{"total":7,"location_name":"Hipodroom","location_id":1}"
2026-07-25 12:58:05,EEST,3,T1,9,success,"{"total":9,"location_name":"T1 Shopping Mall","location_id":3}"
2026-07-25 12:58:05,EEST,9,Mustika,17,success,"{"total":17,"location_name":"Mustika","location_id":9}"
2026-07-25 12:58:05,EEST,10,Suur-Paala,6,success,"{"total":6,"location_name":"Suur-Paala","location_id":10}"
2026-07-25 13:00:06,EEST,1,Hipodroom,7,success,"{"total":7,"location_name":"Hipodroom","location_id":1}"
2026-07-25 13:00:06,EEST,3,T1,9,success,"{"total":9,"location_name":"T1 Shopping Mall","location_id":3}"
2026-07-25 13:00:06,EEST,9,Mustika,17,success,"{"total":17,"location_name":"Mustika","location_id":9}"
2026-07-25 13:00:06,EEST,10,Suur-Paala,7,success,"{"total":7,"location_name":"Suur-Paala","location_id":10}"
2026-07-25 13:02:07,EEST,1,Hipodroom,7,success,"{"total":7,"location_name":"Hipodroom","location_id":1}"
2026-07-25 13:02:07,EEST,3,T1,8,success,"{"total":8,"location_name":"T1 Shopping Mall","location_id":3}"
2026-07-25 13:02:07,EEST,9,Mustika,17,success,"{"total":17,"location_name":"Mustika","location_id":9}"
2026-07-25 13:02:07,EEST,10,Suur-Paala,7,success,"{"total":7,"location_name":"Suur-Paala","location_id":10}"
2026-07-25 13:04:07,EEST,1,Hipodroom,7,success,"{"total":7,"location_name":"Hipodroom","location_id":1}"
2026-07-25 13:04:07,EEST,3,T1,8,success,"{"total":8,"location_name":"T1 Shopping Mall","location_id":3}"
2026-07-25 13:04:07,EEST,9,Mustika,17,success,"{"total":17,"location_name":"Mustika","location_id":9}"
2026-07-25 13:04:07,EEST,10,Suur-Paala,7,success,"{"total":7,"location_name":"Suur-Paala","location_id":10}"
2026-07-25 13:06:08,EEST,1,Hipodroom,7,success,"{"total":7,"location_name":"Hipodroom","location_id":1}"
2026-07-25 13:06:08,EEST,3,T1,8,success,"{"total":8,"location_name":"T1 Shopping Mall","location_id":3}"
2026-07-25 13:06:08,EEST,9,Mustika,17,success,"{"total":17,"location_name":"Mustika","location_id":9}"
2026-07-25 13:06:08,EEST,10,Suur-Paala,7,success,"{"total":7,"location_name":"Suur-Paala","location_id":10}"
2026-07-25 13:08:09,EEST,1,Hipodroom,7,success,"{"total":7,"location_name":"Hipodroom","location_id":1}"
2026-07-25 13:08:09,EEST,3,T1,8,success,"{"total":8,"location_name":"T1 Shopping Mall","location_id":3}"
2026-07-25 13:08:09,EEST,9,Mustika,17,success,"{"total":17,"location_name":"Mustika","location_id":9}"
2026-07-25 13:08:09,EEST,10,Suur-Paala,7,success,"{"total":7,"location_name":"Suur-Paala","location_id":10}"
2026-07-25 13:10:09,EEST,1,Hipodroom,7,success,"{"total":7,"location_name":"Hipodroom","location_id":1}"
2026-07-25 13:10:09,EEST,3,T1,8,success,"{"total":8,"location_name":"T1 Shopping Mall","location_id":3}"
2026-07-25 13:10:09,EEST,9,Mustika,17,success,"{"total":17,"location_name":"Mustika","location_id":9}"
2026-07-25 13:10:09,EEST,10,Suur-Paala,7,success,"{"total":7,"location_name":"Suur-Paala","location_id":10}"
2026-07-25 13:12:10,EEST,1,Hipodroom,7,success,"{"total":7,"location_name":"Hipodroom","location_id":1}"
2026-07-25 13:12:10,EEST,3,T1,8,success,"{"total":8,"location_name":"T1 Shopping Mall","location_id":3}"
2026-07-25 13:12:10,EEST,9,Mustika,17,success,"{"total":17,"location_name":"Mustika","location_id":9}"
2026-07-25 13:12:10,EEST,10,Suur-Paala,7,success,"{"total":7,"location_name":"Suur-Paala","location_id":10}"
2026-07-25 13:14:10,EEST,1,Hipodroom,7,success,"{"total":7,"location_name":"Hipodroom","location_id":1}"
2026-07-25 13:14:10,EEST,3,T1,8,success,"{"total":8,"location_name":"T1 Shopping Mall","location_id":3}"
2026-07-25 13:14:10,EEST,9,Mustika,17,success,"{"total":17,"location_name":"Mustika","location_id":9}"
2026-07-25 13:14:10,EEST,10,Suur-Paala,7,success,"{"total":7,"location_name":"Suur-Paala","location_id":10}"
2026-07-25 13:16:11,EEST,1,Hipodroom,7,success,"{"total":7,"location_name":"Hipodroom","location_id":1}"
2026-07-25 13:16:11,EEST,3,T1,8,success,"{"total":8,"location_name":"T1 Shopping Mall","location_id":3}"
2026-07-25 13:16:11,EEST,9,Mustika,17,success,"{"total":17,"location_name":"Mustika","location_id":9}"
2026-07-25 13:16:11,EEST,10,Suur-Paala,7,success,"{"total":7,"location_name":"Suur-Paala","location_id":10}"
2026-07-25 13:18:12,EEST,1,Hipodroom,7,success,"{"total":7,"location_name":"Hipodroom","location_id":1}"
2026-07-25 13:18:12,EEST,3,T1,8,success,"{"total":8,"location_name":"T1 Shopping Mall","location_id":3}"
2026-07-25 13:18:12,EEST,9,Mustika,17,success,"{"total":17,"location_name":"Mustika","location_id":9}"
2026-07-25 13:18:12,EEST,10,Suur-Paala,7,success,"{"total":7,"location_name":"Suur-Paala","location_id":10}"
2026-07-25 13:20:12,EEST,1,Hipodroom,7,success,"{"total":7,"location_name":"Hipodroom","location_id":1}"
2026-07-25 13:20:12,EEST,3,T1,8,success,"{"total":8,"location_name":"T1 Shopping Mall","location_id":3}"
2026-07-25 13:20:12,EEST,9,Mustika,16,success,"{"total":16,"location_name":"Mustika","location_id":9}"
2026-07-25 13:20:12,EEST,10,Suur-Paala,7,success,"{"total":7,"location_name":"Suur-Paala","location_id":10}"
2026-07-25 13:22:13,EEST,1,Hipodroom,7,success,"{"total":7,"location_name":"Hipodroom","location_id":1}"
2026-07-25 13:22:13,EEST,3,T1,8,success,"{"total":8,"location_name":"T1 Shopping Mall","location_id":3}"
2026-07-25 13:22:13,EEST,9,Mustika,16,success,"{"total":16,"location_name":"Mustika","location_id":9}"
2026-07-25 13:22:13,EEST,10,Suur-Paala,7,success,"{"total":7,"location_name":"Suur-Paala","location_id":10}"
2026-07-25 13:24:14,EEST,1,Hipodroom,9,success,"{"total":9,"location_name":"Hipodroom","location_id":1}"
2026-07-25 13:24:14,EEST,3,T1,8,success,"{"total":8,"location_name":"T1 Shopping Mall","location_id":3}"
2026-07-25 13:24:14,EEST,9,Mustika,16,success,"{"total":16,"location_name":"Mustika","location_id":9}"
2026-07-25 13:24:14,EEST,10,Suur-Paala,8,success,"{"total":8,"location_name":"Suur-Paala","location_id":10}"
2026-07-25 13:26:15,EEST,1,Hipodroom,9,success,"{"total":9,"location_name":"Hipodroom","location_id":1}"
2026-07-25 13:26:15,EEST,3,T1,8,success,"{"total":8,"location_name":"T1 Shopping Mall","location_id":3}"
2026-07-25 13:26:15,EEST,9,Mustika,16,success,"{"total":16,"location_name":"Mustika","location_id":9}"
2026-07-25 13:26:15,EEST,10,Suur-Paala,8,success,"{"total":8,"location_name":"Suur-Paala","location_id":10}"
2026-07-25 13:28:16,EEST,1,Hipodroom,9,success,"{"total":9,"location_name":"Hipodroom","location_id":1}"
2026-07-25 13:28:16,EEST,3,T1,8,success,"{"total":8,"location_name":"T1 Shopping Mall","location_id":3}"
2026-07-25 13:28:16,EEST,9,Mustika,16,success,"{"total":16,"location_name":"Mustika","location_id":9}"
2026-07-25 13:28:16,EEST,10,Suur-Paala,8,success,"{"total":8,"location_name":"Suur-Paala","location_id":10}"
2026-07-25 13:30:16,EEST,1,Hipodroom,9,success,"{"total":9,"location_name":"Hipodroom","location_id":1}"
2026-07-25 13:30:16,EEST,3,T1,8,success,"{"total":8,"location_name":"T1 Shopping Mall","location_id":3}"
2026-07-25 13:30:16,EEST,9,Mustika,16,success,"{"total":16,"location_name":"Mustika","location_id":9}"
2026-07-25 13:30:16,EEST,10,Suur-Paala,8,success,"{"total":8,"location_name":"Suur-Paala","location_id":10}"
2026-07-25 13:32:17,EEST,1,Hipodroom,9,success,"{"total":9,"location_name":"Hipodroom","location_id":1}"
2026-07-25 13:32:17,EEST,3,T1,9,success,"{"total":9,"location_name":"T1 Shopping Mall","location_id":3}"
2026-07-25 13:32:17,EEST,9,Mustika,16,success,"{"total":16,"location_name":"Mustika","location_id":9}"
2026-07-25 13:32:17,EEST,10,Suur-Paala,8,success,"{"total":8,"location_name":"Suur-Paala","location_id":10}"
2026-07-25 13:34:17,EEST,1,Hipodroom,9,success,"{"total":9,"location_name":"Hipodroom","location_id":1}"
2026-07-25 13:34:17,EEST,3,T1,9,success,"{"total":9,"location_name":"T1 Shopping Mall","location_id":3}"
2026-07-25 13:34:17,EEST,9,Mustika,16,success,"{"total":16,"location_name":"Mustika","location_id":9}"
2026-07-25 13:34:17,EEST,10,Suur-Paala,8,success,"{"total":8,"location_name":"Suur-Paala","location_id":10}"
2026-07-25 13:36:18,EEST,1,Hipodroom,9,success,"{"total":9,"location_name":"Hipodroom","location_id":1}"
2026-07-25 13:36:18,EEST,3,T1,9,success,"{"total":9,"location_name":"T1 Shopping Mall","location_id":3}"
2026-07-25 13:36:18,EEST,9,Mustika,16,success,"{"total":16,"location_name":"Mustika","location_id":9}"
2026-07-25 13:36:18,EEST,10,Suur-Paala,8,success,"{"total":8,"location_name":"Suur-Paala","location_id":10}"
2026-07-25 13:38:18,EEST,1,Hipodroom,9,success,"{"total":9,"location_name":"Hipodroom","location_id":1}"
2026-07-25 13:38:18,EEST,3,T1,9,success,"{"total":9,"location_name":"T1 Shopping Mall","location_id":3}"
2026-07-25 13:38:18,EEST,9,Mustika,14,success,"{"total":14,"location_name":"Mustika","location_id":9}"
2026-07-25 13:38:18,EEST,10,Suur-Paala,8,success,"{"total":8,"location_name":"Suur-Paala","location_id":10}"
2026-07-25 13:40:19,EEST,1,Hipodroom,9,success,"{"total":9,"location_name":"Hipodroom","location_id":1}"
2026-07-25 13:40:19,EEST,3,T1,9,success,"{"total":9,"location_name":"T1 Shopping Mall","location_id":3}"
2026-07-25 13:40:19,EEST,9,Mustika,14,success,"{"total":14,"location_name":"Mustika","location_id":9}"
2026-07-25 13:40:19,EEST,10,Suur-Paala,8,success,"{"total":8,"location_name":"Suur-Paala","location_id":10}"
2026-07-25 13:42:20,EEST,1,Hipodroom,7,success,"{"total":7,"location_name":"Hipodroom","location_id":1}"
2026-07-25 13:42:20,EEST,3,T1,9,success,"{"total":9,"location_name":"T1 Shopping Mall","location_id":3}"
2026-07-25 13:42:20,EEST,9,Mustika,14,success,"{"total":14,"location_name":"Mustika","location_id":9}"
2026-07-25 13:42:20,EEST,10,Suur-Paala,7,success,"{"total":7,"location_name":"Suur-Paala","location_id":10}"
2026-07-25 13:44:20,EEST,1,Hipodroom,7,success,"{"total":7,"location_name":"Hipodroom","location_id":1}"
2026-07-25 13:44:20,EEST,3,T1,9,success,"{"total":9,"location_name":"T1 Shopping Mall","location_id":3}"
2026-07-25 13:44:20,EEST,9,Mustika,14,success,"{"total":14,"location_name":"Mustika","location_id":9}"
2026-07-25 13:44:20,EEST,10,Suur-Paala,7,success,"{"total":7,"location_name":"Suur-Paala","location_id":10}"
2026-07-25 13:46:21,EEST,1,Hipodroom,7,success,"{"total":7,"location_name":"Hipodroom","location_id":1}"
2026-07-25 13:46:21,EEST,3,T1,9,success,"{"total":9,"location_name":"T1 Shopping Mall","location_id":3}"
2026-07-25 13:46:21,EEST,9,Mustika,14,success,"{"total":14,"location_name":"Mustika","location_id":9}"
2026-07-25 13:46:21,EEST,10,Suur-Paala,7,success,"{"total":7,"location_name":"Suur-Paala","location_id":10}"
2026-07-25 13:48:21,EEST,1,Hipodroom,7,success,"{"total":7,"location_name":"Hipodroom","location_id":1}"
2026-07-25 13:48:21,EEST,3,T1,9,success,"{"total":9,"location_name":"T1 Shopping Mall","location_id":3}"
2026-07-25 13:48:21,EEST,9,Mustika,14,success,"{"total":14,"location_name":"Mustika","location_id":9}"
2026-07-25 13:48:21,EEST,10,Suur-Paala,7,success,"{"total":7,"location_name":"Suur-Paala","location_id":10}"
2026-07-25 13:50:22,EEST,1,Hipodroom,7,success,"{"total":7,"location_name":"Hipodroom","location_id":1}"
2026-07-25 13:50:22,EEST,3,T1,9,success,"{"total":9,"location_name":"T1 Shopping Mall","location_id":3}"
2026-07-25 13:50:22,EEST,9,Mustika,14,success,"{"total":14,"location_name":"Mustika","location_id":9}"
2026-07-25 13:50:22,EEST,10,Suur-Paala,7,success,"{"total":7,"location_name":"Suur-Paala","location_id":10}"
2026-07-25 13:52:23,EEST,1,Hipodroom,7,success,"{"total":7,"location_name":"Hipodroom","location_id":1}"
2026-07-25 13:52:23,EEST,3,T1,9,success,"{"total":9,"location_name":"T1 Shopping Mall","location_id":3}"
2026-07-25 13:52:23,EEST,9,Mustika,14,success,"{"total":14,"location_name":"Mustika","location_id":9}"
2026-07-25 13:52:23,EEST,10,Suur-Paala,7,success,"{"total":7,"location_name":"Suur-Paala","location_id":10}"
2026-07-25 13:54:23,EEST,1,Hipodroom,8,success,"{"total":8,"location_name":"Hipodroom","location_id":1}"
2026-07-25 13:54:23,EEST,3,T1,10,success,"{"total":10,"location_name":"T1 Shopping Mall","location_id":3}"
2026-07-25 13:54:23,EEST,9,Mustika,13,success,"{"total":13,"location_name":"Mustika","location_id":9}"
2026-07-25 13:54:23,EEST,10,Suur-Paala,6,success,"{"total":6,"location_name":"Suur-Paala","location_id":10}"
2026-07-25 13:56:24,EEST,1,Hipodroom,8,success,"{"total":8,"location_name":"Hipodroom","location_id":1}"
2026-07-25 13:56:24,EEST,3,T1,10,success,"{"total":10,"location_name":"T1 Shopping Mall","location_id":3}"
2026-07-25 13:56:24,EEST,9,Mustika,13,success,"{"total":13,"location_name":"Mustika","location_id":9}"
2026-07-25 13:56:24,EEST,10,Suur-Paala,6,success,"{"total":6,"location_name":"Suur-Paala","location_id":10}"
2026-07-25 13:58:25,EEST,1,Hipodroom,8,success,"{"total":8,"location_name":"Hipodroom","location_id":1}"
2026-07-25 13:58:25,EEST,3,T1,10,success,"{"total":10,"location_name":"T1 Shopping Mall","location_id":3}"
2026-07-25 13:58:25,EEST,9,Mustika,13,success,"{"total":13,"location_name":"Mustika","location_id":9}"
2026-07-25 13:58:25,EEST,10,Suur-Paala,6,success,"{"total":6,"location_name":"Suur-Paala","location_id":10}"
2026-07-25 14:00:25,EEST,1,Hipodroom,8,success,"{"total":8,"location_name":"Hipodroom","location_id":1}"
2026-07-25 14:00:25,EEST,3,T1,11,success,"{"total":11,"location_name":"T1 Shopping Mall","location_id":3}"
2026-07-25 14:00:25,EEST,9,Mustika,13,success,"{"total":13,"location_name":"Mustika","location_id":9}"
2026-07-25 14:00:25,EEST,10,Suur-Paala,6,success,"{"total":6,"location_name":"Suur-Paala","location_id":10}"
2026-07-25 14:02:26,EEST,1,Hipodroom,8,success,"{"total":8,"location_name":"Hipodroom","location_id":1}"
2026-07-25 14:02:26,EEST,3,T1,11,success,"{"total":11,"location_name":"T1 Shopping Mall","location_id":3}"
2026-07-25 14:02:26,EEST,9,Mustika,13,success,"{"total":13,"location_name":"Mustika","location_id":9}"
2026-07-25 14:02:26,EEST,10,Suur-Paala,6,success,"{"total":6,"location_name":"Suur-Paala","location_id":10}"
2026-07-25 14:04:27,EEST,1,Hipodroom,8,success,"{"total":8,"location_name":"Hipodroom","location_id":1}"
2026-07-25 14:04:27,EEST,3,T1,11,success,"{"total":11,"location_name":"T1 Shopping Mall","location_id":3}"
2026-07-25 14:04:27,EEST,9,Mustika,13,success,"{"total":13,"location_name":"Mustika","location_id":9}"
2026-07-25 14:04:27,EEST,10,Suur-Paala,6,success,"{"total":6,"location_name":"Suur-Paala","location_id":10}"
2026-07-25 14:06:27,EEST,1,Hipodroom,11,success,"{"total":11,"location_name":"Hipodroom","location_id":1}"
2026-07-25 14:06:27,EEST,3,T1,12,success,"{"total":12,"location_name":"T1 Shopping Mall","location_id":3}"
2026-07-25 14:06:27,EEST,9,Mustika,14,success,"{"total":14,"location_name":"Mustika","location_id":9}"
2026-07-25 14:06:27,EEST,10,Suur-Paala,6,success,"{"total":6,"location_name":"Suur-Paala","location_id":10}"
2026-07-25 14:08:28,EEST,1,Hipodroom,11,success,"{"total":11,"location_name":"Hipodroom","location_id":1}"
2026-07-25 14:08:28,EEST,3,T1,12,success,"{"total":12,"location_name":"T1 Shopping Mall","location_id":3}"
2026-07-25 14:08:28,EEST,9,Mustika,14,success,"{"total":14,"location_name":"Mustika","location_id":9}"
2026-07-25 14:08:28,EEST,10,Suur-Paala,6,success,"{"total":6,"location_name":"Suur-Paala","location_id":10}"
2026-07-25 14:10:29,EEST,1,Hipodroom,11,success,"{"total":11,"location_name":"Hipodroom","location_id":1}"
2026-07-25 14:10:29,EEST,3,T1,12,success,"{"total":12,"location_name":"T1 Shopping Mall","location_id":3}"
2026-07-25 14:10:29,EEST,9,Mustika,14,success,"{"total":14,"location_name":"Mustika","location_id":9}"
2026-07-25 14:10:29,EEST,10,Suur-Paala,6,success,"{"total":6,"location_name":"Suur-Paala","location_id":10}"
2026-07-25 14:12:29,EEST,1,Hipodroom,9,success,"{"total":9,"location_name":"Hipodroom","location_id":1}"
2026-07-25 14:12:29,EEST,3,T1,14,success,"{"total":14,"location_name":"T1 Shopping Mall","location_id":3}"
2026-07-25 14:12:29,EEST,9,Mustika,15,success,"{"total":15,"location_name":"Mustika","location_id":9}"
2026-07-25 14:12:29,EEST,10,Suur-Paala,6,success,"{"total":6,"location_name":"Suur-Paala","location_id":10}"
2026-07-25 14:14:30,EEST,1,Hipodroom,9,success,"{"total":9,"location_name":"Hipodroom","location_id":1}"
2026-07-25 14:14:30,EEST,3,T1,14,success,"{"total":14,"location_name":"T1 Shopping Mall","location_id":3}"
2026-07-25 14:14:30,EEST,9,Mustika,15,success,"{"total":15,"location_name":"Mustika","location_id":9}"
2026-07-25 14:14:30,EEST,10,Suur-Paala,6,success,"{"total":6,"location_name":"Suur-Paala","location_id":10}"
2026-07-25 14:16:30,EEST,1,Hipodroom,9,success,"{"total":9,"location_name":"Hipodroom","location_id":1}"
2026-07-25 14:16:30,EEST,3,T1,14,success,"{"total":14,"location_name":"T1 Shopping Mall","location_id":3}"
2026-07-25 14:16:30,EEST,9,Mustika,15,success,"{"total":15,"location_name":"Mustika","location_id":9}"
2026-07-25 14:16:30,EEST,10,Suur-Paala,6,success,"{"total":6,"location_name":"Suur-Paala","location_id":10}"
2026-07-25 14:18:32,EEST,1,Hipodroom,9,success,"{"total":9,"location_name":"Hipodroom","location_id":1}"
2026-07-25 14:18:32,EEST,3,T1,14,success,"{"total":14,"location_name":"T1 Shopping Mall","location_id":3}"
2026-07-25 14:18:32,EEST,9,Mustika,12,success,"{"total":12,"location_name":"Mustika","location_id":9}"
2026-07-25 14:18:32,EEST,10,Suur-Paala,6,success,"{"total":6,"location_name":"Suur-Paala","location_id":10}"
2026-07-25 14:20:33,EEST,1,Hipodroom,9,success,"{"total":9,"location_name":"Hipodroom","location_id":1}"
2026-07-25 14:20:33,EEST,3,T1,14,success,"{"total":14,"location_name":"T1 Shopping Mall","location_id":3}"
2026-07-25 14:20:33,EEST,9,Mustika,12,success,"{"total":12,"location_name":"Mustika","location_id":9}"
2026-07-25 14:20:33,EEST,10,Suur-Paala,6,success,"{"total":6,"location_name":"Suur-Paala","location_id":10}"
2026-07-25 14:22:33,EEST,1,Hipodroom,9,success,"{"total":9,"location_name":"Hipodroom","location_id":1}"
2026-07-25 14:22:33,EEST,3,T1,14,success,"{"total":14,"location_name":"T1 Shopping Mall","location_id":3}"
2026-07-25 14:22:33,EEST,9,Mustika,12,success,"{"total":12,"location_name":"Mustika","location_id":9}"
2026-07-25 14:22:33,EEST,10,Suur-Paala,6,success,"{"total":6,"location_name":"Suur-Paala","location_id":10}"
2026-07-25 14:24:34,EEST,1,Hipodroom,8,success,"{"total":8,"location_name":"Hipodroom","location_id":1}"
2026-07-25 14:24:34,EEST,3,T1,14,success,"{"total":14,"location_name":"T1 Shopping Mall","location_id":3}"
2026-07-25 14:24:34,EEST,9,Mustika,12,success,"{"total":12,"location_name":"Mustika","location_id":9}"
2026-07-25 14:24:34,EEST,10,Suur-Paala,7,success,"{"total":7,"location_name":"Suur-Paala","location_id":10}"
2026-07-25 14:26:34,EEST,1,Hipodroom,8,success,"{"total":8,"location_name":"Hipodroom","location_id":1}"
2026-07-25 14:26:34,EEST,3,T1,14,success,"{"total":14,"location_name":"T1 Shopping Mall","location_id":3}"
2026-07-25 14:26:34,EEST,9,Mustika,12,success,"{"total":12,"location_name":"Mustika","location_id":9}"
2026-07-25 14:26:34,EEST,10,Suur-Paala,7,success,"{"total":7,"location_name":"Suur-Paala","location_id":10}"
2026-07-25 14:28:35,EEST,1,Hipodroom,8,success,"{"total":8,"location_name":"Hipodroom","location_id":1}"
2026-07-25 14:28:35,EEST,3,T1,14,success,"{"total":14,"location_name":"T1 Shopping Mall","location_id":3}"
2026-07-25 14:28:35,EEST,9,Mustika,12,success,"{"total":12,"location_name":"Mustika","location_id":9}"
2026-07-25 14:28:35,EEST,10,Suur-Paala,7,success,"{"total":7,"location_name":"Suur-Paala","location_id":10}"
2026-07-25 14:30:35,EEST,1,Hipodroom,8,success,"{"total":8,"location_name":"Hipodroom","location_id":1}"
2026-07-25 14:30:35,EEST,3,T1,15,success,"{"total":15,"location_name":"T1 Shopping Mall","location_id":3}"
2026-07-25 14:30:35,EEST,9,Mustika,9,success,"{"total":9,"location_name":"Mustika","location_id":9}"
2026-07-25 14:30:35,EEST,10,Suur-Paala,10,success,"{"total":10,"location_name":"Suur-Paala","location_id":10}"
2026-07-25 14:32:36,EEST,1,Hipodroom,8,success,"{"total":8,"location_name":"Hipodroom","location_id":1}"
2026-07-25 14:32:36,EEST,3,T1,15,success,"{"total":15,"location_name":"T1 Shopping Mall","location_id":3}"
2026-07-25 14:32:36,EEST,9,Mustika,9,success,"{"total":9,"location_name":"Mustika","location_id":9}"
2026-07-25 14:32:36,EEST,10,Suur-Paala,10,success,"{"total":10,"location_name":"Suur-Paala","location_id":10}"
2026-07-25 14:34:37,EEST,1,Hipodroom,8,success,"{"total":8,"location_name":"Hipodroom","location_id":1}"
2026-07-25 14:34:37,EEST,3,T1,15,success,"{"total":15,"location_name":"T1 Shopping Mall","location_id":3}"
2026-07-25 14:34:37,EEST,9,Mustika,9,success,"{"total":9,"location_name":"Mustika","location_id":9}"
2026-07-25 14:34:37,EEST,10,Suur-Paala,10,success,"{"total":10,"location_name":"Suur-Paala","location_id":10}"
2026-07-25 14:36:38,EEST,1,Hipodroom,8,success,"{"total":8,"location_name":"Hipodroom","location_id":1}"
2026-07-25 14:36:38,EEST,3,T1,14,success,"{"total":14,"location_name":"T1 Shopping Mall","location_id":3}"
2026-07-25 14:36:38,EEST,9,Mustika,8,success,"{"total":8,"location_name":"Mustika","location_id":9}"
2026-07-25 14:36:38,EEST,10,Suur-Paala,10,success,"{"total":10,"location_name":"Suur-Paala","location_id":10}"
2026-07-25 14:38:39,EEST,1,Hipodroom,8,success,"{"total":8,"location_name":"Hipodroom","location_id":1}"
2026-07-25 14:38:39,EEST,3,T1,14,success,"{"total":14,"location_name":"T1 Shopping Mall","location_id":3}"
2026-07-25 14:38:39,EEST,9,Mustika,8,success,"{"total":8,"location_name":"Mustika","location_id":9}"
2026-07-25 14:38:39,EEST,10,Suur-Paala,10,success,"{"total":10,"location_name":"Suur-Paala","location_id":10}"
2026-07-25 14:40:39,EEST,1,Hipodroom,8,success,"{"total":8,"location_name":"Hipodroom","location_id":1}"
2026-07-25 14:40:39,EEST,3,T1,14,success,"{"total":14,"location_name":"T1 Shopping Mall","location_id":3}"
2026-07-25 14:40:39,EEST,9,Mustika,8,success,"{"total":8,"location_name":"Mustika","location_id":9}"
2026-07-25 14:40:39,EEST,10,Suur-Paala,10,success,"{"total":10,"location_name":"Suur-Paala","location_id":10}"
2026-07-25 14:42:40,EEST,1,Hipodroom,8,success,"{"total":8,"location_name":"Hipodroom","location_id":1}"
2026-07-25 14:42:40,EEST,3,T1,14,success,"{"total":14,"location_name":"T1 Shopping Mall","location_id":3}"
2026-07-25 14:42:40,EEST,9,Mustika,8,success,"{"total":8,"location_name":"Mustika","location_id":9}"
2026-07-25 14:42:40,EEST,10,Suur-Paala,10,success,"{"total":10,"location_name":"Suur-Paala","location_id":10}"
2026-07-25 14:44:40,EEST,1,Hipodroom,8,success,"{"total":8,"location_name":"Hipodroom","location_id":1}"
2026-07-25 14:44:40,EEST,3,T1,14,success,"{"total":14,"location_name":"T1 Shopping Mall","location_id":3}"
2026-07-25 14:44:40,EEST,9,Mustika,8,success,"{"total":8,"location_name":"Mustika","location_id":9}"
2026-07-25 14:44:40,EEST,10,Suur-Paala,10,success,"{"total":10,"location_name":"Suur-Paala","location_id":10}"
2026-07-25 14:46:41,EEST,1,Hipodroom,8,success,"{"total":8,"location_name":"Hipodroom","location_id":1}"
2026-07-25 14:46:41,EEST,3,T1,14,success,"{"total":14,"location_name":"T1 Shopping Mall","location_id":3}"
2026-07-25 14:46:41,EEST,9,Mustika,8,success,"{"total":8,"location_name":"Mustika","location_id":9}"
2026-07-25 14:46:41,EEST,10,Suur-Paala,10,success,"{"total":10,"location_name":"Suur-Paala","location_id":10}"
2026-07-25 14:48:42,EEST,1,Hipodroom,8,success,"{"total":8,"location_name":"Hipodroom","location_id":1}"
2026-07-25 14:48:42,EEST,3,T1,14,success,"{"total":14,"location_name":"T1 Shopping Mall","location_id":3}"
2026-07-25 14:48:42,EEST,9,Mustika,8,success,"{"total":8,"location_name":"Mustika","location_id":9}"
2026-07-25 14:48:42,EEST,10,Suur-Paala,10,success,"{"total":10,"location_name":"Suur-Paala","location_id":10}"
2026-07-25 14:50:42,EEST,1,Hipodroom,8,success,"{"total":8,"location_name":"Hipodroom","location_id":1}"
2026-07-25 14:50:42,EEST,3,T1,14,success,"{"total":14,"location_name":"T1 Shopping Mall","location_id":3}"
2026-07-25 14:50:42,EEST,9,Mustika,8,success,"{"total":8,"location_name":"Mustika","location_id":9}"
2026-07-25 14:50:42,EEST,10,Suur-Paala,10,success,"{"total":10,"location_name":"Suur-Paala","location_id":10}"
2026-07-25 14:52:43,EEST,1,Hipodroom,8,success,"{"total":8,"location_name":"Hipodroom","location_id":1}"
2026-07-25 14:52:43,EEST,3,T1,14,success,"{"total":14,"location_name":"T1 Shopping Mall","location_id":3}"
2026-07-25 14:52:43,EEST,9,Mustika,8,success,"{"total":8,"location_name":"Mustika","location_id":9}"
2026-07-25 14:52:43,EEST,10,Suur-Paala,10,success,"{"total":10,"location_name":"Suur-Paala","location_id":10}"
2026-07-25 14:54:43,EEST,1,Hipodroom,8,success,"{"total":8,"location_name":"Hipodroom","location_id":1}"
2026-07-25 14:54:43,EEST,3,T1,16,success,"{"total":16,"location_name":"T1 Shopping Mall","location_id":3}"
2026-07-25 14:54:43,EEST,9,Mustika,8,success,"{"total":8,"location_name":"Mustika","location_id":9}"
2026-07-25 14:54:43,EEST,10,Suur-Paala,11,success,"{"total":11,"location_name":"Suur-Paala","location_id":10}"
2026-07-25 14:56:44,EEST,1,Hipodroom,8,success,"{"total":8,"location_name":"Hipodroom","location_id":1}"
2026-07-25 14:56:44,EEST,3,T1,16,success,"{"total":16,"location_name":"T1 Shopping Mall","location_id":3}"
2026-07-25 14:56:44,EEST,9,Mustika,8,success,"{"total":8,"location_name":"Mustika","location_id":9}"
2026-07-25 14:56:44,EEST,10,Suur-Paala,11,success,"{"total":11,"location_name":"Suur-Paala","location_id":10}"
2026-07-25 14:58:45,EEST,1,Hipodroom,8,success,"{"total":8,"location_name":"Hipodroom","location_id":1}"
2026-07-25 14:58:45,EEST,3,T1,16,success,"{"total":16,"location_name":"T1 Shopping Mall","location_id":3}"
2026-07-25 14:58:45,EEST,9,Mustika,8,success,"{"total":8,"location_name":"Mustika","location_id":9}"
2026-07-25 14:58:45,EEST,10,Suur-Paala,11,success,"{"total":11,"location_name":"Suur-Paala","location_id":10}"
2026-07-25 15:00:45,EEST,1,Hipodroom,8,success,"{"total":8,"location_name":"Hipodroom","location_id":1}"
2026-07-25 15:00:45,EEST,3,T1,16,success,"{"total":16,"location_name":"T1 Shopping Mall","location_id":3}"
2026-07-25 15:00:45,EEST,9,Mustika,7,success,"{"total":7,"location_name":"Mustika","location_id":9}"
2026-07-25 15:00:45,EEST,10,Suur-Paala,11,success,"{"total":11,"location_name":"Suur-Paala","location_id":10}"
2026-07-25 15:02:46,EEST,1,Hipodroom,8,success,"{"total":8,"location_name":"Hipodroom","location_id":1}"
2026-07-25 15:02:46,EEST,3,T1,16,success,"{"total":16,"location_name":"T1 Shopping Mall","location_id":3}"
2026-07-25 15:02:46,EEST,9,Mustika,7,success,"{"total":7,"location_name":"Mustika","location_id":9}"
2026-07-25 15:02:46,EEST,10,Suur-Paala,11,success,"{"total":11,"location_name":"Suur-Paala","location_id":10}"
2026-07-25 15:04:46,EEST,1,Hipodroom,8,success,"{"total":8,"location_name":"Hipodroom","location_id":1}"
2026-07-25 15:04:46,EEST,3,T1,16,success,"{"total":16,"location_name":"T1 Shopping Mall","location_id":3}"
2026-07-25 15:04:46,EEST,9,Mustika,7,success,"{"total":7,"location_name":"Mustika","location_id":9}"
2026-07-25 15:04:46,EEST,10,Suur-Paala,11,success,"{"total":11,"location_name":"Suur-Paala","location_id":10}"
2026-07-25 15:06:47,EEST,1,Hipodroom,9,success,"{"total":9,"location_name":"Hipodroom","location_id":1}"
2026-07-25 15:06:47,EEST,3,T1,16,success,"{"total":16,"location_name":"T1 Shopping Mall","location_id":3}"
2026-07-25 15:06:47,EEST,9,Mustika,10,success,"{"total":10,"location_name":"Mustika","location_id":9}"
2026-07-25 15:06:47,EEST,10,Suur-Paala,11,success,"{"total":11,"location_name":"Suur-Paala","location_id":10}"
2026-07-25 15:08:48,EEST,1,Hipodroom,9,success,"{"total":9,"location_name":"Hipodroom","location_id":1}"
2026-07-25 15:08:48,EEST,3,T1,16,success,"{"total":16,"location_name":"T1 Shopping Mall","location_id":3}"
2026-07-25 15:08:48,EEST,9,Mustika,10,success,"{"total":10,"location_name":"Mustika","location_id":9}"
2026-07-25 15:08:48,EEST,10,Suur-Paala,11,success,"{"total":11,"location_name":"Suur-Paala","location_id":10}"
2026-07-25 15:10:48,EEST,1,Hipodroom,9,success,"{"total":9,"location_name":"Hipodroom","location_id":1}"
2026-07-25 15:10:48,EEST,3,T1,16,success,"{"total":16,"location_name":"T1 Shopping Mall","location_id":3}"
2026-07-25 15:10:48,EEST,9,Mustika,10,success,"{"total":10,"location_name":"Mustika","location_id":9}"
2026-07-25 15:10:48,EEST,10,Suur-Paala,11,success,"{"total":11,"location_name":"Suur-Paala","location_id":10}"
2026-07-25 15:12:49,EEST,1,Hipodroom,9,success,"{"total":9,"location_name":"Hipodroom","location_id":1}"
2026-07-25 15:12:49,EEST,3,T1,16,success,"{"total":16,"location_name":"T1 Shopping Mall","location_id":3}"
2026-07-25 15:12:49,EEST,9,Mustika,10,success,"{"total":10,"location_name":"Mustika","location_id":9}"
2026-07-25 15:12:49,EEST,10,Suur-Paala,12,success,"{"total":12,"location_name":"Suur-Paala","location_id":10}"
2026-07-25 15:14:49,EEST,1,Hipodroom,9,success,"{"total":9,"location_name":"Hipodroom","location_id":1}"
2026-07-25 15:14:49,EEST,3,T1,16,success,"{"total":16,"location_name":"T1 Shopping Mall","location_id":3}"
2026-07-25 15:14:49,EEST,9,Mustika,10,success,"{"total":10,"location_name":"Mustika","location_id":9}"
2026-07-25 15:14:49,EEST,10,Suur-Paala,12,success,"{"total":12,"location_name":"Suur-Paala","location_id":10}"
2026-07-25 15:16:50,EEST,1,Hipodroom,9,success,"{"total":9,"location_name":"Hipodroom","location_id":1}"
2026-07-25 15:16:50,EEST,3,T1,16,success,"{"total":16,"location_name":"T1 Shopping Mall","location_id":3}"
2026-07-25 15:16:50,EEST,9,Mustika,10,success,"{"total":10,"location_name":"Mustika","location_id":9}"
2026-07-25 15:16:50,EEST,10,Suur-Paala,12,success,"{"total":12,"location_name":"Suur-Paala","location_id":10}"
2026-07-25 15:18:50,EEST,1,Hipodroom,9,success,"{"total":9,"location_name":"Hipodroom","location_id":1}"
2026-07-25 15:18:50,EEST,3,T1,16,success,"{"total":16,"location_name":"T1 Shopping Mall","location_id":3}"
2026-07-25 15:18:50,EEST,9,Mustika,10,success,"{"total":10,"location_name":"Mustika","location_id":9}"
2026-07-25 15:18:50,EEST,10,Suur-Paala,12,success,"{"total":12,"location_name":"Suur-Paala","location_id":10}"
2026-07-25 15:20:51,EEST,1,Hipodroom,9,success,"{"total":9,"location_name":"Hipodroom","location_id":1}"
2026-07-25 15:20:51,EEST,3,T1,16,success,"{"total":16,"location_name":"T1 Shopping Mall","location_id":3}"
2026-07-25 15:20:51,EEST,9,Mustika,10,success,"{"total":10,"location_name":"Mustika","location_id":9}"
2026-07-25 15:20:51,EEST,10,Suur-Paala,12,success,"{"total":12,"location_name":"Suur-Paala","location_id":10}"
2026-07-25 15:22:52,EEST,1,Hipodroom,9,success,"{"total":9,"location_name":"Hipodroom","location_id":1}"
2026-07-25 15:22:52,EEST,3,T1,16,success,"{"total":16,"location_name":"T1 Shopping Mall","location_id":3}"
2026-07-25 15:22:52,EEST,9,Mustika,10,success,"{"total":10,"location_name":"Mustika","location_id":9}"
2026-07-25 15:22:52,EEST,10,Suur-Paala,12,success,"{"total":12,"location_name":"Suur-Paala","location_id":10}"
2026-07-25 15:24:52,EEST,1,Hipodroom,9,success,"{"total":9,"location_name":"Hipodroom","location_id":1}"
2026-07-25 15:24:52,EEST,3,T1,17,success,"{"total":17,"location_name":"T1 Shopping Mall","location_id":3}"
2026-07-25 15:24:52,EEST,9,Mustika,10,success,"{"total":10,"location_name":"Mustika","location_id":9}"
2026-07-25 15:24:52,EEST,10,Suur-Paala,11,success,"{"total":11,"location_name":"Suur-Paala","location_id":10}"
2026-07-25 15:26:53,EEST,1,Hipodroom,9,success,"{"total":9,"location_name":"Hipodroom","location_id":1}"
2026-07-25 15:26:53,EEST,3,T1,17,success,"{"total":17,"location_name":"T1 Shopping Mall","location_id":3}"
2026-07-25 15:26:53,EEST,9,Mustika,10,success,"{"total":10,"location_name":"Mustika","location_id":9}"
2026-07-25 15:26:53,EEST,10,Suur-Paala,11,success,"{"total":11,"location_name":"Suur-Paala","location_id":10}"
2026-07-25 15:28:53,EEST,1,Hipodroom,9,success,"{"total":9,"location_name":"Hipodroom","location_id":1}"
2026-07-25 15:28:53,EEST,3,T1,17,success,"{"total":17,"location_name":"T1 Shopping Mall","location_id":3}"
2026-07-25 15:28:53,EEST,9,Mustika,10,success,"{"total":10,"location_name":"Mustika","location_id":9}"
2026-07-25 15:28:53,EEST,10,Suur-Paala,11,success,"{"total":11,"location_name":"Suur-Paala","location_id":10}"
2026-07-25 15:30:54,EEST,1,Hipodroom,9,success,"{"total":9,"location_name":"Hipodroom","location_id":1}"
2026-07-25 15:30:54,EEST,3,T1,16,success,"{"total":16,"location_name":"T1 Shopping Mall","location_id":3}"
2026-07-25 15:30:54,EEST,9,Mustika,10,success,"{"total":10,"location_name":"Mustika","location_id":9}"
2026-07-25 15:30:54,EEST,10,Suur-Paala,11,success,"{"total":11,"location_name":"Suur-Paala","location_id":10}"
2026-07-25 15:32:55,EEST,1,Hipodroom,9,success,"{"total":9,"location_name":"Hipodroom","location_id":1}"
2026-07-25 15:32:55,EEST,3,T1,16,success,"{"total":16,"location_name":"T1 Shopping Mall","location_id":3}"
2026-07-25 15:32:55,EEST,9,Mustika,10,success,"{"total":10,"location_name":"Mustika","location_id":9}"
2026-07-25 15:32:55,EEST,10,Suur-Paala,11,success,"{"total":11,"location_name":"Suur-Paala","location_id":10}"
2026-07-25 15:34:55,EEST,1,Hipodroom,9,success,"{"total":9,"location_name":"Hipodroom","location_id":1}"
2026-07-25 15:34:55,EEST,3,T1,16,success,"{"total":16,"location_name":"T1 Shopping Mall","location_id":3}"
2026-07-25 15:34:55,EEST,9,Mustika,10,success,"{"total":10,"location_name":"Mustika","location_id":9}"
2026-07-25 15:34:55,EEST,10,Suur-Paala,11,success,"{"total":11,"location_name":"Suur-Paala","location_id":10}"
2026-07-25 15:36:56,EEST,1,Hipodroom,8,success,"{"total":8,"location_name":"Hipodroom","location_id":1}"
2026-07-25 15:36:56,EEST,3,T1,16,success,"{"total":16,"location_name":"T1 Shopping Mall","location_id":3}"
2026-07-25 15:36:56,EEST,9,Mustika,12,success,"{"total":12,"location_name":"Mustika","location_id":9}"
2026-07-25 15:36:56,EEST,10,Suur-Paala,10,success,"{"total":10,"location_name":"Suur-Paala","location_id":10}"
2026-07-25 15:38:57,EEST,1,Hipodroom,8,success,"{"total":8,"location_name":"Hipodroom","location_id":1}"
2026-07-25 15:38:57,EEST,3,T1,16,success,"{"total":16,"location_name":"T1 Shopping Mall","location_id":3}"
2026-07-25 15:38:57,EEST,9,Mustika,12,success,"{"total":12,"location_name":"Mustika","location_id":9}"
2026-07-25 15:38:57,EEST,10,Suur-Paala,10,success,"{"total":10,"location_name":"Suur-Paala","location_id":10}"
2026-07-25 15:40:57,EEST,1,Hipodroom,8,success,"{"total":8,"location_name":"Hipodroom","location_id":1}"
2026-07-25 15:40:57,EEST,3,T1,16,success,"{"total":16,"location_name":"T1 Shopping Mall","location_id":3}"
2026-07-25 15:40:57,EEST,9,Mustika,12,success,"{"total":12,"location_name":"Mustika","location_id":9}"
2026-07-25 15:40:57,EEST,10,Suur-Paala,10,success,"{"total":10,"location_name":"Suur-Paala","location_id":10}"
2026-07-25 15:42:58,EEST,1,Hipodroom,8,success,"{"total":8,"location_name":"Hipodroom","location_id":1}"
2026-07-25 15:42:58,EEST,3,T1,16,success,"{"total":16,"location_name":"T1 Shopping Mall","location_id":3}"
2026-07-25 15:42:58,EEST,9,Mustika,13,success,"{"total":13,"location_name":"Mustika","location_id":9}"
2026-07-25 15:42:58,EEST,10,Suur-Paala,10,success,"{"total":10,"location_name":"Suur-Paala","location_id":10}"
2026-07-25 15:44:58,EEST,1,Hipodroom,8,success,"{"total":8,"location_name":"Hipodroom","location_id":1}"
2026-07-25 15:44:58,EEST,3,T1,16,success,"{"total":16,"location_name":"T1 Shopping Mall","location_id":3}"
2026-07-25 15:44:58,EEST,9,Mustika,13,success,"{"total":13,"location_name":"Mustika","location_id":9}"
2026-07-25 15:44:58,EEST,10,Suur-Paala,10,success,"{"total":10,"location_name":"Suur-Paala","location_id":10}"
2026-07-25 15:46:59,EEST,1,Hipodroom,8,success,"{"total":8,"location_name":"Hipodroom","location_id":1}"
2026-07-25 15:46:59,EEST,3,T1,16,success,"{"total":16,"location_name":"T1 Shopping Mall","location_id":3}"
2026-07-25 15:46:59,EEST,9,Mustika,13,success,"{"total":13,"location_name":"Mustika","location_id":9}"
2026-07-25 15:46:59,EEST,10,Suur-Paala,10,success,"{"total":10,"location_name":"Suur-Paala","location_id":10}"
2026-07-25 15:48:59,EEST,1,Hipodroom,8,success,"{"total":8,"location_name":"Hipodroom","location_id":1}"
2026-07-25 15:48:59,EEST,3,T1,15,success,"{"total":15,"location_name":"T1 Shopping Mall","location_id":3}"
2026-07-25 15:48:59,EEST,9,Mustika,13,success,"{"total":13,"location_name":"Mustika","location_id":9}"
2026-07-25 15:48:59,EEST,10,Suur-Paala,9,success,"{"total":9,"location_name":"Suur-Paala","location_id":10}"
2026-07-25 15:51:00,EEST,1,Hipodroom,8,success,"{"total":8,"location_name":"Hipodroom","location_id":1}"
2026-07-25 15:51:00,EEST,3,T1,15,success,"{"total":15,"location_name":"T1 Shopping Mall","location_id":3}"
2026-07-25 15:51:00,EEST,9,Mustika,13,success,"{"total":13,"location_name":"Mustika","location_id":9}"
2026-07-25 15:51:00,EEST,10,Suur-Paala,9,success,"{"total":9,"location_name":"Suur-Paala","location_id":10}"
2026-07-25 15:53:01,EEST,1,Hipodroom,8,success,"{"total":8,"location_name":"Hipodroom","location_id":1}"
2026-07-25 15:53:01,EEST,3,T1,15,success,"{"total":15,"location_name":"T1 Shopping Mall","location_id":3}"
2026-07-25 15:53:01,EEST,9,Mustika,13,success,"{"total":13,"location_name":"Mustika","location_id":9}"
2026-07-25 15:53:01,EEST,10,Suur-Paala,9,success,"{"total":9,"location_name":"Suur-Paala","location_id":10}"
2026-07-25 15:55:01,EEST,1,Hipodroom,8,success,"{"total":8,"location_name":"Hipodroom","location_id":1}"
2026-07-25 15:55:01,EEST,3,T1,18,success,"{"total":18,"location_name":"T1 Shopping Mall","location_id":3}"
2026-07-25 15:55:01,EEST,9,Mustika,12,success,"{"total":12,"location_name":"Mustika","location_id":9}"
2026-07-25 15:55:01,EEST,10,Suur-Paala,7,success,"{"total":7,"location_name":"Suur-Paala","location_id":10}"
2026-07-25 15:57:02,EEST,1,Hipodroom,8,success,"{"total":8,"location_name":"Hipodroom","location_id":1}"
2026-07-25 15:57:02,EEST,3,T1,18,success,"{"total":18,"location_name":"T1 Shopping Mall","location_id":3}"
2026-07-25 15:57:02,EEST,9,Mustika,12,success,"{"total":12,"location_name":"Mustika","location_id":9}"
2026-07-25 15:57:02,EEST,10,Suur-Paala,7,success,"{"total":7,"location_name":"Suur-Paala","location_id":10}"
2026-07-25 15:59:02,EEST,1,Hipodroom,8,success,"{"total":8,"location_name":"Hipodroom","location_id":1}"
2026-07-25 15:59:02,EEST,3,T1,18,success,"{"total":18,"location_name":"T1 Shopping Mall","location_id":3}"
2026-07-25 15:59:02,EEST,9,Mustika,12,success,"{"total":12,"location_name":"Mustika","location_id":9}"
2026-07-25 15:59:02,EEST,10,Suur-Paala,7,success,"{"total":7,"location_name":"Suur-Paala","location_id":10}"
2026-07-25 16:01:03,EEST,1,Hipodroom,8,success,"{"total":8,"location_name":"Hipodroom","location_id":1}"
2026-07-25 16:01:03,EEST,3,T1,18,success,"{"total":18,"location_name":"T1 Shopping Mall","location_id":3}"
2026-07-25 16:01:03,EEST,9,Mustika,13,success,"{"total":13,"location_name":"Mustika","location_id":9}"
2026-07-25 16:01:03,EEST,10,Suur-Paala,7,success,"{"total":7,"location_name":"Suur-Paala","location_id":10}"
2026-07-25 16:03:03,EEST,1,Hipodroom,8,success,"{"total":8,"location_name":"Hipodroom","location_id":1}"
2026-07-25 16:03:03,EEST,3,T1,18,success,"{"total":18,"location_name":"T1 Shopping Mall","location_id":3}"
2026-07-25 16:03:03,EEST,9,Mustika,13,success,"{"total":13,"location_name":"Mustika","location_id":9}"
2026-07-25 16:03:03,EEST,10,Suur-Paala,7,success,"{"total":7,"location_name":"Suur-Paala","location_id":10}"
2026-07-25 16:05:04,EEST,1,Hipodroom,8,success,"{"total":8,"location_name":"Hipodroom","location_id":1}"
2026-07-25 16:05:04,EEST,3,T1,18,success,"{"total":18,"location_name":"T1 Shopping Mall","location_id":3}"
2026-07-25 16:05:04,EEST,9,Mustika,13,success,"{"total":13,"location_name":"Mustika","location_id":9}"
2026-07-25 16:05:04,EEST,10,Suur-Paala,7,success,"{"total":7,"location_name":"Suur-Paala","location_id":10}"
2026-07-25 16:07:04,EEST,1,Hipodroom,8,success,"{"total":8,"location_name":"Hipodroom","location_id":1}"
2026-07-25 16:07:04,EEST,3,T1,18,success,"{"total":18,"location_name":"T1 Shopping Mall","location_id":3}"
2026-07-25 16:07:04,EEST,9,Mustika,16,success,"{"total":16,"location_name":"Mustika","location_id":9}"
2026-07-25 16:07:04,EEST,10,Suur-Paala,7,success,"{"total":7,"location_name":"Suur-Paala","location_id":10}"
2026-07-25 16:09:05,EEST,1,Hipodroom,8,success,"{"total":8,"location_name":"Hipodroom","location_id":1}"
2026-07-25 16:09:05,EEST,3,T1,18,success,"{"total":18,"location_name":"T1 Shopping Mall","location_id":3}"
2026-07-25 16:09:05,EEST,9,Mustika,16,success,"{"total":16,"location_name":"Mustika","location_id":9}"
2026-07-25 16:09:05,EEST,10,Suur-Paala,7,success,"{"total":7,"location_name":"Suur-Paala","location_id":10}"
2026-07-25 16:11:06,EEST,1,Hipodroom,8,success,"{"total":8,"location_name":"Hipodroom","location_id":1}"
2026-07-25 16:11:06,EEST,3,T1,18,success,"{"total":18,"location_name":"T1 Shopping Mall","location_id":3}"
2026-07-25 16:11:06,EEST,9,Mustika,16,success,"{"total":16,"location_name":"Mustika","location_id":9}"
2026-07-25 16:11:06,EEST,10,Suur-Paala,7,success,"{"total":7,"location_name":"Suur-Paala","location_id":10}"
2026-07-25 16:13:06,EEST,1,Hipodroom,8,success,"{"total":8,"location_name":"Hipodroom","location_id":1}"
2026-07-25 16:13:06,EEST,3,T1,19,success,"{"total":19,"location_name":"T1 Shopping Mall","location_id":3}"
2026-07-25 16:13:06,EEST,9,Mustika,16,success,"{"total":16,"location_name":"Mustika","location_id":9}"
2026-07-25 16:13:06,EEST,10,Suur-Paala,7,success,"{"total":7,"location_name":"Suur-Paala","location_id":10}"
2026-07-25 16:15:07,EEST,1,Hipodroom,8,success,"{"total":8,"location_name":"Hipodroom","location_id":1}"
2026-07-25 16:15:07,EEST,3,T1,19,success,"{"total":19,"location_name":"T1 Shopping Mall","location_id":3}"
2026-07-25 16:15:07,EEST,9,Mustika,16,success,"{"total":16,"location_name":"Mustika","location_id":9}"
2026-07-25 16:15:07,EEST,10,Suur-Paala,7,success,"{"total":7,"location_name":"Suur-Paala","location_id":10}"
2026-07-25 16:17:08,EEST,1,Hipodroom,8,success,"{"total":8,"location_name":"Hipodroom","location_id":1}"
2026-07-25 16:17:08,EEST,3,T1,19,success,"{"total":19,"location_name":"T1 Shopping Mall","location_id":3}"
2026-07-25 16:17:08,EEST,9,Mustika,16,success,"{"total":16,"location_name":"Mustika","location_id":9}"
2026-07-25 16:17:08,EEST,10,Suur-Paala,7,success,"{"total":7,"location_name":"Suur-Paala","location_id":10}"
2026-07-25 16:19:08,EEST,1,Hipodroom,7,success,"{"total":7,"location_name":"Hipodroom","location_id":1}"
2026-07-25 16:19:08,EEST,3,T1,21,success,"{"total":21,"location_name":"T1 Shopping Mall","location_id":3}"
2026-07-25 16:19:08,EEST,9,Mustika,17,success,"{"total":17,"location_name":"Mustika","location_id":9}"
2026-07-25 16:19:08,EEST,10,Suur-Paala,8,success,"{"total":8,"location_name":"Suur-Paala","location_id":10}"
2026-07-25 16:21:09,EEST,1,Hipodroom,7,success,"{"total":7,"location_name":"Hipodroom","location_id":1}"
2026-07-25 16:21:09,EEST,3,T1,21,success,"{"total":21,"location_name":"T1 Shopping Mall","location_id":3}"
2026-07-25 16:21:09,EEST,9,Mustika,17,success,"{"total":17,"location_name":"Mustika","location_id":9}"
2026-07-25 16:21:09,EEST,10,Suur-Paala,8,success,"{"total":8,"location_name":"Suur-Paala","location_id":10}"
2026-07-25 16:23:10,EEST,1,Hipodroom,7,success,"{"total":7,"location_name":"Hipodroom","location_id":1}"
2026-07-25 16:23:10,EEST,3,T1,21,success,"{"total":21,"location_name":"T1 Shopping Mall","location_id":3}"
2026-07-25 16:23:10,EEST,9,Mustika,17,success,"{"total":17,"location_name":"Mustika","location_id":9}"
2026-07-25 16:23:10,EEST,10,Suur-Paala,8,success,"{"total":8,"location_name":"Suur-Paala","location_id":10}"
2026-07-25 16:25:10,EEST,1,Hipodroom,7,success,"{"total":7,"location_name":"Hipodroom","location_id":1}"
2026-07-25 16:25:10,EEST,3,T1,20,success,"{"total":20,"location_name":"T1 Shopping Mall","location_id":3}"
2026-07-25 16:25:10,EEST,9,Mustika,17,success,"{"total":17,"location_name":"Mustika","location_id":9}"
2026-07-25 16:25:10,EEST,10,Suur-Paala,7,success,"{"total":7,"location_name":"Suur-Paala","location_id":10}"
2026-07-25 16:27:11,EEST,1,Hipodroom,7,success,"{"total":7,"location_name":"Hipodroom","location_id":1}"
2026-07-25 16:27:11,EEST,3,T1,20,success,"{"total":20,"location_name":"T1 Shopping Mall","location_id":3}"
2026-07-25 16:27:11,EEST,9,Mustika,17,success,"{"total":17,"location_name":"Mustika","location_id":9}"
2026-07-25 16:27:11,EEST,10,Suur-Paala,7,success,"{"total":7,"location_name":"Suur-Paala","location_id":10}"
2026-07-25 16:29:11,EEST,1,Hipodroom,7,success,"{"total":7,"location_name":"Hipodroom","location_id":1}"
2026-07-25 16:29:11,EEST,3,T1,20,success,"{"total":20,"location_name":"T1 Shopping Mall","location_id":3}"
2026-07-25 16:29:11,EEST,9,Mustika,17,success,"{"total":17,"location_name":"Mustika","location_id":9}"
2026-07-25 16:29:11,EEST,10,Suur-Paala,7,success,"{"total":7,"location_name":"Suur-Paala","location_id":10}"
2026-07-25 16:31:12,EEST,1,Hipodroom,7,success,"{"total":7,"location_name":"Hipodroom","location_id":1}"
2026-07-25 16:31:12,EEST,3,T1,20,success,"{"total":20,"location_name":"T1 Shopping Mall","location_id":3}"
2026-07-25 16:31:12,EEST,9,Mustika,17,success,"{"total":17,"location_name":"Mustika","location_id":9}"
2026-07-25 16:31:12,EEST,10,Suur-Paala,7,success,"{"total":7,"location_name":"Suur-Paala","location_id":10}"
2026-07-25 16:33:13,EEST,1,Hipodroom,7,success,"{"total":7,"location_name":"Hipodroom","location_id":1}"
2026-07-25 16:33:13,EEST,3,T1,20,success,"{"total":20,"location_name":"T1 Shopping Mall","location_id":3}"
2026-07-25 16:33:13,EEST,9,Mustika,17,success,"{"total":17,"location_name":"Mustika","location_id":9}"
2026-07-25 16:33:13,EEST,10,Suur-Paala,7,success,"{"total":7,"location_name":"Suur-Paala","location_id":10}"
2026-07-25 16:35:13,EEST,1,Hipodroom,7,success,"{"total":7,"location_name":"Hipodroom","location_id":1}"
2026-07-25 16:35:13,EEST,3,T1,20,success,"{"total":20,"location_name":"T1 Shopping Mall","location_id":3}"
2026-07-25 16:35:13,EEST,9,Mustika,17,success,"{"total":17,"location_name":"Mustika","location_id":9}"
2026-07-25 16:35:13,EEST,10,Suur-Paala,7,success,"{"total":7,"location_name":"Suur-Paala","location_id":10}"
2026-07-25 16:37:14,EEST,1,Hipodroom,7,success,"{"total":7,"location_name":"Hipodroom","location_id":1}"
2026-07-25 16:37:14,EEST,3,T1,23,success,"{"total":23,"location_name":"T1 Shopping Mall","location_id":3}"
2026-07-25 16:37:14,EEST,9,Mustika,18,success,"{"total":18,"location_name":"Mustika","location_id":9}"
2026-07-25 16:37:14,EEST,10,Suur-Paala,7,success,"{"total":7,"location_name":"Suur-Paala","location_id":10}"
2026-07-25 16:39:15,EEST,1,Hipodroom,7,success,"{"total":7,"location_name":"Hipodroom","location_id":1}"
2026-07-25 16:39:15,EEST,3,T1,23,success,"{"total":23,"location_name":"T1 Shopping Mall","location_id":3}"
2026-07-25 16:39:15,EEST,9,Mustika,18,success,"{"total":18,"location_name":"Mustika","location_id":9}"
2026-07-25 16:39:15,EEST,10,Suur-Paala,7,success,"{"total":7,"location_name":"Suur-Paala","location_id":10}"
2026-07-25 16:41:15,EEST,1,Hipodroom,7,success,"{"total":7,"location_name":"Hipodroom","location_id":1}"
2026-07-25 16:41:15,EEST,3,T1,23,success,"{"total":23,"location_name":"T1 Shopping Mall","location_id":3}"
2026-07-25 16:41:15,EEST,9,Mustika,18,success,"{"total":18,"location_name":"Mustika","location_id":9}"
2026-07-25 16:41:15,EEST,10,Suur-Paala,7,success,"{"total":7,"location_name":"Suur-Paala","location_id":10}"
2026-07-25 16:43:16,EEST,1,Hipodroom,7,success,"{"total":7,"location_name":"Hipodroom","location_id":1}"
2026-07-25 16:43:16,EEST,3,T1,24,success,"{"total":24,"location_name":"T1 Shopping Mall","location_id":3}"
2026-07-25 16:43:16,EEST,9,Mustika,18,success,"{"total":18,"location_name":"Mustika","location_id":9}"
2026-07-25 16:43:16,EEST,10,Suur-Paala,7,success,"{"total":7,"location_name":"Suur-Paala","location_id":10}"
2026-07-25 16:45:16,EEST,1,Hipodroom,7,success,"{"total":7,"location_name":"Hipodroom","location_id":1}"
2026-07-25 16:45:16,EEST,3,T1,24,success,"{"total":24,"location_name":"T1 Shopping Mall","location_id":3}"
2026-07-25 16:45:16,EEST,9,Mustika,18,success,"{"total":18,"location_name":"Mustika","location_id":9}"
2026-07-25 16:45:16,EEST,10,Suur-Paala,7,success,"{"total":7,"location_name":"Suur-Paala","location_id":10}"
2026-07-25 16:47:17,EEST,1,Hipodroom,7,success,"{"total":7,"location_name":"Hipodroom","location_id":1}"
2026-07-25 16:47:17,EEST,3,T1,24,success,"{"total":24,"location_name":"T1 Shopping Mall","location_id":3}"
2026-07-25 16:47:17,EEST,9,Mustika,18,success,"{"total":18,"location_name":"Mustika","location_id":9}"
2026-07-25 16:47:17,EEST,10,Suur-Paala,7,success,"{"total":7,"location_name":"Suur-Paala","location_id":10}"
2026-07-25 16:49:18,EEST,1,Hipodroom,7,success,"{"total":7,"location_name":"Hipodroom","location_id":1}"
2026-07-25 16:49:18,EEST,3,T1,25,success,"{"total":25,"location_name":"T1 Shopping Mall","location_id":3}"
2026-07-25 16:49:18,EEST,9,Mustika,19,success,"{"total":19,"location_name":"Mustika","location_id":9}"
2026-07-25 16:49:18,EEST,10,Suur-Paala,7,success,"{"total":7,"location_name":"Suur-Paala","location_id":10}"
2026-07-25 16:51:18,EEST,1,Hipodroom,7,success,"{"total":7,"location_name":"Hipodroom","location_id":1}"
2026-07-25 16:51:18,EEST,3,T1,25,success,"{"total":25,"location_name":"T1 Shopping Mall","location_id":3}"
2026-07-25 16:51:18,EEST,9,Mustika,19,success,"{"total":19,"location_name":"Mustika","location_id":9}"
2026-07-25 16:51:18,EEST,10,Suur-Paala,7,success,"{"total":7,"location_name":"Suur-Paala","location_id":10}"
2026-07-25 16:53:19,EEST,1,Hipodroom,7,success,"{"total":7,"location_name":"Hipodroom","location_id":1}"
2026-07-25 16:53:19,EEST,3,T1,25,success,"{"total":25,"location_name":"T1 Shopping Mall","location_id":3}"
2026-07-25 16:53:19,EEST,9,Mustika,19,success,"{"total":19,"location_name":"Mustika","location_id":9}"
2026-07-25 16:53:19,EEST,10,Suur-Paala,7,success,"{"total":7,"location_name":"Suur-Paala","location_id":10}"
2026-07-25 16:55:19,EEST,1,Hipodroom,6,success,"{"total":6,"location_name":"Hipodroom","location_id":1}"
2026-07-25 16:55:19,EEST,3,T1,28,success,"{"total":28,"location_name":"T1 Shopping Mall","location_id":3}"
2026-07-25 16:55:19,EEST,9,Mustika,18,success,"{"total":18,"location_name":"Mustika","location_id":9}"
2026-07-25 16:55:19,EEST,10,Suur-Paala,7,success,"{"total":7,"location_name":"Suur-Paala","location_id":10}"
2026-07-25 16:57:20,EEST,1,Hipodroom,6,success,"{"total":6,"location_name":"Hipodroom","location_id":1}"
2026-07-25 16:57:20,EEST,3,T1,28,success,"{"total":28,"location_name":"T1 Shopping Mall","location_id":3}"
2026-07-25 16:57:20,EEST,9,Mustika,18,success,"{"total":18,"location_name":"Mustika","location_id":9}"
2026-07-25 16:57:20,EEST,10,Suur-Paala,7,success,"{"total":7,"location_name":"Suur-Paala","location_id":10}"
2026-07-25 16:59:20,EEST,1,Hipodroom,6,success,"{"total":6,"location_name":"Hipodroom","location_id":1}"
2026-07-25 16:59:20,EEST,3,T1,28,success,"{"total":28,"location_name":"T1 Shopping Mall","location_id":3}"
2026-07-25 16:59:20,EEST,9,Mustika,18,success,"{"total":18,"location_name":"Mustika","location_id":9}"
2026-07-25 16:59:20,EEST,10,Suur-Paala,7,success,"{"total":7,"location_name":"Suur-Paala","location_id":10}"
2026-07-25 17:01:21,EEST,1,Hipodroom,5,success,"{"total":5,"location_name":"Hipodroom","location_id":1}"
2026-07-25 17:01:21,EEST,3,T1,26,success,"{"total":26,"location_name":"T1 Shopping Mall","location_id":3}"
2026-07-25 17:01:21,EEST,9,Mustika,19,success,"{"total":19,"location_name":"Mustika","location_id":9}"
2026-07-25 17:01:21,EEST,10,Suur-Paala,7,success,"{"total":7,"location_name":"Suur-Paala","location_id":10}"
2026-07-25 17:03:22,EEST,1,Hipodroom,5,success,"{"total":5,"location_name":"Hipodroom","location_id":1}"
2026-07-25 17:03:22,EEST,3,T1,26,success,"{"total":26,"location_name":"T1 Shopping Mall","location_id":3}"
2026-07-25 17:03:22,EEST,9,Mustika,19,success,"{"total":19,"location_name":"Mustika","location_id":9}"
2026-07-25 17:03:22,EEST,10,Suur-Paala,7,success,"{"total":7,"location_name":"Suur-Paala","location_id":10}"
2026-07-25 17:05:22,EEST,1,Hipodroom,5,success,"{"total":5,"location_name":"Hipodroom","location_id":1}"
2026-07-25 17:05:22,EEST,3,T1,26,success,"{"total":26,"location_name":"T1 Shopping Mall","location_id":3}"
2026-07-25 17:05:22,EEST,9,Mustika,19,success,"{"total":19,"location_name":"Mustika","location_id":9}"
2026-07-25 17:05:22,EEST,10,Suur-Paala,7,success,"{"total":7,"location_name":"Suur-Paala","location_id":10}"
2026-07-25 17:07:23,EEST,1,Hipodroom,4,success,"{"total":4,"location_name":"Hipodroom","location_id":1}"
2026-07-25 17:07:23,EEST,3,T1,25,success,"{"total":25,"location_name":"T1 Shopping Mall","location_id":3}"
2026-07-25 17:07:23,EEST,9,Mustika,19,success,"{"total":19,"location_name":"Mustika","location_id":9}"
2026-07-25 17:07:23,EEST,10,Suur-Paala,7,success,"{"total":7,"location_name":"Suur-Paala","location_id":10}"
2026-07-25 17:09:23,EEST,1,Hipodroom,4,success,"{"total":4,"location_name":"Hipodroom","location_id":1}"
2026-07-25 17:09:23,EEST,3,T1,25,success,"{"total":25,"location_name":"T1 Shopping Mall","location_id":3}"
2026-07-25 17:09:23,EEST,9,Mustika,19,success,"{"total":19,"location_name":"Mustika","location_id":9}"
2026-07-25 17:09:23,EEST,10,Suur-Paala,7,success,"{"total":7,"location_name":"Suur-Paala","location_id":10}"
2026-07-25 17:11:24,EEST,1,Hipodroom,4,success,"{"total":4,"location_name":"Hipodroom","location_id":1}"
2026-07-25 17:11:24,EEST,3,T1,25,success,"{"total":25,"location_name":"T1 Shopping Mall","location_id":3}"
2026-07-25 17:11:24,EEST,9,Mustika,19,success,"{"total":19,"location_name":"Mustika","location_id":9}"
2026-07-25 17:11:24,EEST,10,Suur-Paala,7,success,"{"total":7,"location_name":"Suur-Paala","location_id":10}"
2026-07-25 17:13:24,EEST,1,Hipodroom,5,success,"{"total":5,"location_name":"Hipodroom","location_id":1}"
2026-07-25 17:13:24,EEST,3,T1,22,success,"{"total":22,"location_name":"T1 Shopping Mall","location_id":3}"
2026-07-25 17:13:24,EEST,9,Mustika,18,success,"{"total":18,"location_name":"Mustika","location_id":9}"
2026-07-25 17:13:24,EEST,10,Suur-Paala,7,success,"{"total":7,"location_name":"Suur-Paala","location_id":10}"
2026-07-25 17:15:25,EEST,1,Hipodroom,5,success,"{"total":5,"location_name":"Hipodroom","location_id":1}"
2026-07-25 17:15:25,EEST,3,T1,22,success,"{"total":22,"location_name":"T1 Shopping Mall","location_id":3}"
2026-07-25 17:15:25,EEST,9,Mustika,18,success,"{"total":18,"location_name":"Mustika","location_id":9}"
2026-07-25 17:15:25,EEST,10,Suur-Paala,7,success,"{"total":7,"location_name":"Suur-Paala","location_id":10}"
2026-07-25 17:17:26,EEST,1,Hipodroom,5,success,"{"total":5,"location_name":"Hipodroom","location_id":1}"
2026-07-25 17:17:26,EEST,3,T1,22,success,"{"total":22,"location_name":"T1 Shopping Mall","location_id":3}"
2026-07-25 17:17:26,EEST,9,Mustika,18,success,"{"total":18,"location_name":"Mustika","location_id":9}"
2026-07-25 17:17:26,EEST,10,Suur-Paala,7,success,"{"total":7,"location_name":"Suur-Paala","location_id":10}"
2026-07-25 17:19:26,EEST,1,Hipodroom,5,success,"{"total":5,"location_name":"Hipodroom","location_id":1}"
2026-07-25 17:19:26,EEST,3,T1,22,success,"{"total":22,"location_name":"T1 Shopping Mall","location_id":3}"
2026-07-25 17:19:26,EEST,9,Mustika,19,success,"{"total":19,"location_name":"Mustika","location_id":9}"
2026-07-25 17:19:26,EEST,10,Suur-Paala,7,success,"{"total":7,"location_name":"Suur-Paala","location_id":10}"
2026-07-25 17:21:27,EEST,1,Hipodroom,5,success,"{"total":5,"location_name":"Hipodroom","location_id":1}"
2026-07-25 17:21:27,EEST,3,T1,22,success,"{"total":22,"location_name":"T1 Shopping Mall","location_id":3}"
2026-07-25 17:21:27,EEST,9,Mustika,19,success,"{"total":19,"location_name":"Mustika","location_id":9}"
2026-07-25 17:21:27,EEST,10,Suur-Paala,7,success,"{"total":7,"location_name":"Suur-Paala","location_id":10}"
2026-07-25 17:23:27,EEST,1,Hipodroom,5,success,"{"total":5,"location_name":"Hipodroom","location_id":1}"
2026-07-25 17:23:27,EEST,3,T1,22,success,"{"total":22,"location_name":"T1 Shopping Mall","location_id":3}"
2026-07-25 17:23:27,EEST,9,Mustika,19,success,"{"total":19,"location_name":"Mustika","location_id":9}"
2026-07-25 17:23:27,EEST,10,Suur-Paala,7,success,"{"total":7,"location_name":"Suur-Paala","location_id":10}"
2026-07-25 17:25:28,EEST,1,Hipodroom,5,success,"{"total":5,"location_name":"Hipodroom","location_id":1}"
2026-07-25 17:25:28,EEST,3,T1,21,success,"{"total":21,"location_name":"T1 Shopping Mall","location_id":3}"
2026-07-25 17:25:28,EEST,9,Mustika,21,success,"{"total":21,"location_name":"Mustika","location_id":9}"
2026-07-25 17:25:28,EEST,10,Suur-Paala,6,success,"{"total":6,"location_name":"Suur-Paala","location_id":10}"
2026-07-25 17:27:28,EEST,1,Hipodroom,5,success,"{"total":5,"location_name":"Hipodroom","location_id":1}"
2026-07-25 17:27:28,EEST,3,T1,21,success,"{"total":21,"location_name":"T1 Shopping Mall","location_id":3}"
2026-07-25 17:27:28,EEST,9,Mustika,21,success,"{"total":21,"location_name":"Mustika","location_id":9}"
2026-07-25 17:27:28,EEST,10,Suur-Paala,6,success,"{"total":6,"location_name":"Suur-Paala","location_id":10}"
2026-07-25 17:29:29,EEST,1,Hipodroom,5,success,"{"total":5,"location_name":"Hipodroom","location_id":1}"
2026-07-25 17:29:29,EEST,3,T1,21,success,"{"total":21,"location_name":"T1 Shopping Mall","location_id":3}"
2026-07-25 17:29:29,EEST,9,Mustika,21,success,"{"total":21,"location_name":"Mustika","location_id":9}"
2026-07-25 17:29:29,EEST,10,Suur-Paala,6,success,"{"total":6,"location_name":"Suur-Paala","location_id":10}"
2026-07-25 17:31:29,EEST,1,Hipodroom,5,success,"{"total":5,"location_name":"Hipodroom","location_id":1}"
2026-07-25 17:31:29,EEST,3,T1,22,success,"{"total":22,"location_name":"T1 Shopping Mall","location_id":3}"
2026-07-25 17:31:29,EEST,9,Mustika,23,success,"{"total":23,"location_name":"Mustika","location_id":9}"
2026-07-25 17:31:29,EEST,10,Suur-Paala,3,success,"{"total":3,"location_name":"Suur-Paala","location_id":10}"
2026-07-25 17:33:30,EEST,1,Hipodroom,5,success,"{"total":5,"location_name":"Hipodroom","location_id":1}"
2026-07-25 17:33:30,EEST,3,T1,22,success,"{"total":22,"location_name":"T1 Shopping Mall","location_id":3}"
2026-07-25 17:33:30,EEST,9,Mustika,23,success,"{"total":23,"location_name":"Mustika","location_id":9}"
2026-07-25 17:33:30,EEST,10,Suur-Paala,3,success,"{"total":3,"location_name":"Suur-Paala","location_id":10}"
2026-07-25 17:35:31,EEST,1,Hipodroom,5,success,"{"total":5,"location_name":"Hipodroom","location_id":1}"
2026-07-25 17:35:31,EEST,3,T1,22,success,"{"total":22,"location_name":"T1 Shopping Mall","location_id":3}"
2026-07-25 17:35:31,EEST,9,Mustika,23,success,"{"total":23,"location_name":"Mustika","location_id":9}"
2026-07-25 17:35:31,EEST,10,Suur-Paala,3,success,"{"total":3,"location_name":"Suur-Paala","location_id":10}"
2026-07-25 17:37:31,EEST,1,Hipodroom,5,success,"{"total":5,"location_name":"Hipodroom","location_id":1}"
2026-07-25 17:37:31,EEST,3,T1,22,success,"{"total":22,"location_name":"T1 Shopping Mall","location_id":3}"
2026-07-25 17:37:31,EEST,9,Mustika,23,success,"{"total":23,"location_name":"Mustika","location_id":9}"
2026-07-25 17:37:31,EEST,10,Suur-Paala,3,success,"{"total":3,"location_name":"Suur-Paala","location_id":10}"
2026-07-25 17:39:32,EEST,1,Hipodroom,5,success,"{"total":5,"location_name":"Hipodroom","location_id":1}"
2026-07-25 17:39:32,EEST,3,T1,22,success,"{"total":22,"location_name":"T1 Shopping Mall","location_id":3}"
2026-07-25 17:39:32,EEST,9,Mustika,23,success,"{"total":23,"location_name":"Mustika","location_id":9}"
2026-07-25 17:39:32,EEST,10,Suur-Paala,3,success,"{"total":3,"location_name":"Suur-Paala","location_id":10}"
2026-07-25 17:41:33,EEST,1,Hipodroom,5,success,"{"total":5,"location_name":"Hipodroom","location_id":1}"
2026-07-25 17:41:33,EEST,3,T1,22,success,"{"total":22,"location_name":"T1 Shopping Mall","location_id":3}"
2026-07-25 17:41:33,EEST,9,Mustika,23,success,"{"total":23,"location_name":"Mustika","location_id":9}"
2026-07-25 17:41:33,EEST,10,Suur-Paala,3,success,"{"total":3,"location_name":"Suur-Paala","location_id":10}"
2026-07-25 17:43:33,EEST,1,Hipodroom,6,success,"{"total":6,"location_name":"Hipodroom","location_id":1}"
2026-07-25 17:43:33,EEST,3,T1,22,success,"{"total":22,"location_name":"T1 Shopping Mall","location_id":3}"
2026-07-25 17:43:33,EEST,9,Mustika,23,success,"{"total":23,"location_name":"Mustika","location_id":9}"
2026-07-25 17:43:33,EEST,10,Suur-Paala,3,success,"{"total":3,"location_name":"Suur-Paala","location_id":10}"
2026-07-25 17:45:34,EEST,1,Hipodroom,6,success,"{"total":6,"location_name":"Hipodroom","location_id":1}"
2026-07-25 17:45:34,EEST,3,T1,22,success,"{"total":22,"location_name":"T1 Shopping Mall","location_id":3}"
2026-07-25 17:45:34,EEST,9,Mustika,23,success,"{"total":23,"location_name":"Mustika","location_id":9}"
2026-07-25 17:45:34,EEST,10,Suur-Paala,3,success,"{"total":3,"location_name":"Suur-Paala","location_id":10}"
2026-07-25 17:47:34,EEST,1,Hipodroom,6,success,"{"total":6,"location_name":"Hipodroom","location_id":1}"
2026-07-25 17:47:34,EEST,3,T1,22,success,"{"total":22,"location_name":"T1 Shopping Mall","location_id":3}"
2026-07-25 17:47:34,EEST,9,Mustika,23,success,"{"total":23,"location_name":"Mustika","location_id":9}"
2026-07-25 17:47:34,EEST,10,Suur-Paala,3,success,"{"total":3,"location_name":"Suur-Paala","location_id":10}"
2026-07-25 17:49:35,EEST,1,Hipodroom,6,success,"{"total":6,"location_name":"Hipodroom","location_id":1}"
2026-07-25 17:49:35,EEST,3,T1,22,success,"{"total":22,"location_name":"T1 Shopping Mall","location_id":3}"
2026-07-25 17:49:35,EEST,9,Mustika,23,success,"{"total":23,"location_name":"Mustika","location_id":9}"
2026-07-25 17:49:35,EEST,10,Suur-Paala,3,success,"{"total":3,"location_name":"Suur-Paala","location_id":10}"
2026-07-25 17:51:36,EEST,1,Hipodroom,6,success,"{"total":6,"location_name":"Hipodroom","location_id":1}"
2026-07-25 17:51:36,EEST,3,T1,22,success,"{"total":22,"location_name":"T1 Shopping Mall","location_id":3}"
2026-07-25 17:51:36,EEST,9,Mustika,23,success,"{"total":23,"location_name":"Mustika","location_id":9}"
2026-07-25 17:51:36,EEST,10,Suur-Paala,3,success,"{"total":3,"location_name":"Suur-Paala","location_id":10}"
2026-07-25 17:53:36,EEST,1,Hipodroom,6,success,"{"total":6,"location_name":"Hipodroom","location_id":1}"
2026-07-25 17:53:36,EEST,3,T1,22,success,"{"total":22,"location_name":"T1 Shopping Mall","location_id":3}"
2026-07-25 17:53:36,EEST,9,Mustika,23,success,"{"total":23,"location_name":"Mustika","location_id":9}"
2026-07-25 17:53:36,EEST,10,Suur-Paala,3,success,"{"total":3,"location_name":"Suur-Paala","location_id":10}"
2026-07-25 17:55:37,EEST,1,Hipodroom,6,success,"{"total":6,"location_name":"Hipodroom","location_id":1}"
2026-07-25 17:55:37,EEST,3,T1,20,success,"{"total":20,"location_name":"T1 Shopping Mall","location_id":3}"
2026-07-25 17:55:37,EEST,9,Mustika,23,success,"{"total":23,"location_name":"Mustika","location_id":9}"
2026-07-25 17:55:37,EEST,10,Suur-Paala,2,success,"{"total":2,"location_name":"Suur-Paala","location_id":10}"
2026-07-25 17:57:37,EEST,1,Hipodroom,6,success,"{"total":6,"location_name":"Hipodroom","location_id":1}"
2026-07-25 17:57:37,EEST,3,T1,20,success,"{"total":20,"location_name":"T1 Shopping Mall","location_id":3}"
2026-07-25 17:57:37,EEST,9,Mustika,23,success,"{"total":23,"location_name":"Mustika","location_id":9}"
2026-07-25 17:57:37,EEST,10,Suur-Paala,2,success,"{"total":2,"location_name":"Suur-Paala","location_id":10}"
2026-07-25 17:59:38,EEST,1,Hipodroom,6,success,"{"total":6,"location_name":"Hipodroom","location_id":1}"
2026-07-25 17:59:38,EEST,3,T1,20,success,"{"total":20,"location_name":"T1 Shopping Mall","location_id":3}"
2026-07-25 17:59:38,EEST,9,Mustika,23,success,"{"total":23,"location_name":"Mustika","location_id":9}"
2026-07-25 17:59:38,EEST,10,Suur-Paala,2,success,"{"total":2,"location_name":"Suur-Paala","location_id":10}"
2026-07-25 18:01:39,EEST,1,Hipodroom,6,success,"{"total":6,"location_name":"Hipodroom","location_id":1}"
2026-07-25 18:01:39,EEST,3,T1,20,success,"{"total":20,"location_name":"T1 Shopping Mall","location_id":3}"
2026-07-25 18:01:39,EEST,9,Mustika,23,success,"{"total":23,"location_name":"Mustika","location_id":9}"
2026-07-25 18:01:39,EEST,10,Suur-Paala,2,success,"{"total":2,"location_name":"Suur-Paala","location_id":10}"
2026-07-25 18:03:39,EEST,1,Hipodroom,6,success,"{"total":6,"location_name":"Hipodroom","location_id":1}"
2026-07-25 18:03:39,EEST,3,T1,20,success,"{"total":20,"location_name":"T1 Shopping Mall","location_id":3}"
2026-07-25 18:03:39,EEST,9,Mustika,23,success,"{"total":23,"location_name":"Mustika","location_id":9}"
2026-07-25 18:03:39,EEST,10,Suur-Paala,2,success,"{"total":2,"location_name":"Suur-Paala","location_id":10}"
2026-07-25 18:05:40,EEST,1,Hipodroom,6,success,"{"total":6,"location_name":"Hipodroom","location_id":1}"
2026-07-25 18:05:40,EEST,3,T1,20,success,"{"total":20,"location_name":"T1 Shopping Mall","location_id":3}"
2026-07-25 18:05:40,EEST,9,Mustika,23,success,"{"total":23,"location_name":"Mustika","location_id":9}"
2026-07-25 18:05:40,EEST,10,Suur-Paala,2,success,"{"total":2,"location_name":"Suur-Paala","location_id":10}"
2026-07-25 18:07:40,EEST,1,Hipodroom,6,success,"{"total":6,"location_name":"Hipodroom","location_id":1}"
2026-07-25 18:07:40,EEST,3,T1,20,success,"{"total":20,"location_name":"T1 Shopping Mall","location_id":3}"
2026-07-25 18:07:40,EEST,9,Mustika,18,success,"{"total":18,"location_name":"Mustika","location_id":9}"
2026-07-25 18:07:40,EEST,10,Suur-Paala,1,success,"{"total":1,"location_name":"Suur-Paala","location_id":10}"
2026-07-25 18:09:41,EEST,1,Hipodroom,6,success,"{"total":6,"location_name":"Hipodroom","location_id":1}"
2026-07-25 18:09:41,EEST,3,T1,20,success,"{"total":20,"location_name":"T1 Shopping Mall","location_id":3}"
2026-07-25 18:09:41,EEST,9,Mustika,18,success,"{"total":18,"location_name":"Mustika","location_id":9}"
2026-07-25 18:09:41,EEST,10,Suur-Paala,1,success,"{"total":1,"location_name":"Suur-Paala","location_id":10}"
2026-07-25 18:11:42,EEST,1,Hipodroom,6,success,"{"total":6,"location_name":"Hipodroom","location_id":1}"
2026-07-25 18:11:42,EEST,3,T1,20,success,"{"total":20,"location_name":"T1 Shopping Mall","location_id":3}"
2026-07-25 18:11:42,EEST,9,Mustika,18,success,"{"total":18,"location_name":"Mustika","location_id":9}"
2026-07-25 18:11:42,EEST,10,Suur-Paala,1,success,"{"total":1,"location_name":"Suur-Paala","location_id":10}"
2026-07-25 18:13:42,EEST,1,Hipodroom,6,success,"{"total":6,"location_name":"Hipodroom","location_id":1}"
2026-07-25 18:13:42,EEST,3,T1,20,success,"{"total":20,"location_name":"T1 Shopping Mall","location_id":3}"
2026-07-25 18:13:42,EEST,9,Mustika,19,success,"{"total":19,"location_name":"Mustika","location_id":9}"
2026-07-25 18:13:42,EEST,10,Suur-Paala,1,success,"{"total":1,"location_name":"Suur-Paala","location_id":10}"
2026-07-25 18:15:43,EEST,1,Hipodroom,6,success,"{"total":6,"location_name":"Hipodroom","location_id":1}"
2026-07-25 18:15:43,EEST,3,T1,20,success,"{"total":20,"location_name":"T1 Shopping Mall","location_id":3}"
2026-07-25 18:15:43,EEST,9,Mustika,19,success,"{"total":19,"location_name":"Mustika","location_id":9}"
2026-07-25 18:15:43,EEST,10,Suur-Paala,1,success,"{"total":1,"location_name":"Suur-Paala","location_id":10}"
2026-07-25 18:17:44,EEST,1,Hipodroom,6,success,"{"total":6,"location_name":"Hipodroom","location_id":1}"
2026-07-25 18:17:44,EEST,3,T1,20,success,"{"total":20,"location_name":"T1 Shopping Mall","location_id":3}"
2026-07-25 18:17:44,EEST,9,Mustika,19,success,"{"total":19,"location_name":"Mustika","location_id":9}"
2026-07-25 18:17:44,EEST,10,Suur-Paala,1,success,"{"total":1,"location_name":"Suur-Paala","location_id":10}"
2026-07-25 18:19:44,EEST,1,Hipodroom,6,success,"{"total":6,"location_name":"Hipodroom","location_id":1}"
2026-07-25 18:19:44,EEST,3,T1,21,success,"{"total":21,"location_name":"T1 Shopping Mall","location_id":3}"
2026-07-25 18:19:44,EEST,9,Mustika,22,success,"{"total":22,"location_name":"Mustika","location_id":9}"
2026-07-25 18:19:44,EEST,10,Suur-Paala,1,success,"{"total":1,"location_name":"Suur-Paala","location_id":10}"
2026-07-25 18:21:45,EEST,1,Hipodroom,6,success,"{"total":6,"location_name":"Hipodroom","location_id":1}"
2026-07-25 18:21:45,EEST,3,T1,21,success,"{"total":21,"location_name":"T1 Shopping Mall","location_id":3}"
2026-07-25 18:21:45,EEST,9,Mustika,22,success,"{"total":22,"location_name":"Mustika","location_id":9}"
2026-07-25 18:21:45,EEST,10,Suur-Paala,1,success,"{"total":1,"location_name":"Suur-Paala","location_id":10}"
2026-07-25 18:23:46,EEST,1,Hipodroom,6,success,"{"total":6,"location_name":"Hipodroom","location_id":1}"
2026-07-25 18:23:46,EEST,3,T1,21,success,"{"total":21,"location_name":"T1 Shopping Mall","location_id":3}"
2026-07-25 18:23:46,EEST,9,Mustika,22,success,"{"total":22,"location_name":"Mustika","location_id":9}"
2026-07-25 18:23:46,EEST,10,Suur-Paala,1,success,"{"total":1,"location_name":"Suur-Paala","location_id":10}"
2026-07-25 18:25:46,EEST,1,Hipodroom,6,success,"{"total":6,"location_name":"Hipodroom","location_id":1}"
2026-07-25 18:25:46,EEST,3,T1,20,success,"{"total":20,"location_name":"T1 Shopping Mall","location_id":3}"
2026-07-25 18:25:46,EEST,9,Mustika,21,success,"{"total":21,"location_name":"Mustika","location_id":9}"
2026-07-25 18:25:46,EEST,10,Suur-Paala,1,success,"{"total":1,"location_name":"Suur-Paala","location_id":10}"
2026-07-25 18:27:47,EEST,1,Hipodroom,6,success,"{"total":6,"location_name":"Hipodroom","location_id":1}"
2026-07-25 18:27:47,EEST,3,T1,20,success,"{"total":20,"location_name":"T1 Shopping Mall","location_id":3}"
2026-07-25 18:27:47,EEST,9,Mustika,21,success,"{"total":21,"location_name":"Mustika","location_id":9}"
2026-07-25 18:27:47,EEST,10,Suur-Paala,1,success,"{"total":1,"location_name":"Suur-Paala","location_id":10}"
2026-07-25 18:29:48,EEST,1,Hipodroom,6,success,"{"total":6,"location_name":"Hipodroom","location_id":1}"
2026-07-25 18:29:48,EEST,3,T1,20,success,"{"total":20,"location_name":"T1 Shopping Mall","location_id":3}"
2026-07-25 18:29:48,EEST,9,Mustika,21,success,"{"total":21,"location_name":"Mustika","location_id":9}"
2026-07-25 18:29:48,EEST,10,Suur-Paala,1,success,"{"total":1,"location_name":"Suur-Paala","location_id":10}"
2026-07-25 18:31:48,EEST,1,Hipodroom,6,success,"{"total":6,"location_name":"Hipodroom","location_id":1}"
2026-07-25 18:31:48,EEST,3,T1,19,success,"{"total":19,"location_name":"T1 Shopping Mall","location_id":3}"
2026-07-25 18:31:48,EEST,9,Mustika,21,success,"{"total":21,"location_name":"Mustika","location_id":9}"
2026-07-25 18:31:48,EEST,10,Suur-Paala,1,success,"{"total":1,"location_name":"Suur-Paala","location_id":10}"
2026-07-25 18:33:49,EEST,1,Hipodroom,6,success,"{"total":6,"location_name":"Hipodroom","location_id":1}"
2026-07-25 18:33:49,EEST,3,T1,19,success,"{"total":19,"location_name":"T1 Shopping Mall","location_id":3}"
2026-07-25 18:33:49,EEST,9,Mustika,21,success,"{"total":21,"location_name":"Mustika","location_id":9}"
2026-07-25 18:33:49,EEST,10,Suur-Paala,1,success,"{"total":1,"location_name":"Suur-Paala","location_id":10}"
2026-07-25 18:35:49,EEST,1,Hipodroom,6,success,"{"total":6,"location_name":"Hipodroom","location_id":1}"
2026-07-25 18:35:49,EEST,3,T1,19,success,"{"total":19,"location_name":"T1 Shopping Mall","location_id":3}"
2026-07-25 18:35:49,EEST,9,Mustika,21,success,"{"total":21,"location_name":"Mustika","location_id":9}"
2026-07-25 18:35:49,EEST,10,Suur-Paala,1,success,"{"total":1,"location_name":"Suur-Paala","location_id":10}"
2026-07-25 18:37:50,EEST,1,Hipodroom,6,success,"{"total":6,"location_name":"Hipodroom","location_id":1}"
2026-07-25 18:37:50,EEST,3,T1,18,success,"{"total":18,"location_name":"T1 Shopping Mall","location_id":3}"
2026-07-25 18:37:50,EEST,9,Mustika,19,success,"{"total":19,"location_name":"Mustika","location_id":9}"
2026-07-25 18:37:50,EEST,10,Suur-Paala,2,success,"{"total":2,"location_name":"Suur-Paala","location_id":10}"
2026-07-25 18:39:51,EEST,1,Hipodroom,6,success,"{"total":6,"location_name":"Hipodroom","location_id":1}"
2026-07-25 18:39:51,EEST,3,T1,18,success,"{"total":18,"location_name":"T1 Shopping Mall","location_id":3}"
2026-07-25 18:39:51,EEST,9,Mustika,19,success,"{"total":19,"location_name":"Mustika","location_id":9}"
2026-07-25 18:39:51,EEST,10,Suur-Paala,2,success,"{"total":2,"location_name":"Suur-Paala","location_id":10}"
2026-07-25 18:41:52,EEST,1,Hipodroom,6,success,"{"total":6,"location_name":"Hipodroom","location_id":1}"
2026-07-25 18:41:52,EEST,3,T1,18,success,"{"total":18,"location_name":"T1 Shopping Mall","location_id":3}"
2026-07-25 18:41:52,EEST,9,Mustika,19,success,"{"total":19,"location_name":"Mustika","location_id":9}"
2026-07-25 18:41:52,EEST,10,Suur-Paala,2,success,"{"total":2,"location_name":"Suur-Paala","location_id":10}"
2026-07-25 18:43:53,EEST,1,Hipodroom,6,success,"{"total":6,"location_name":"Hipodroom","location_id":1}"
2026-07-25 18:43:53,EEST,3,T1,20,success,"{"total":20,"location_name":"T1 Shopping Mall","location_id":3}"
2026-07-25 18:43:53,EEST,9,Mustika,18,success,"{"total":18,"location_name":"Mustika","location_id":9}"
2026-07-25 18:43:53,EEST,10,Suur-Paala,2,success,"{"total":2,"location_name":"Suur-Paala","location_id":10}"
2026-07-25 18:45:54,EEST,1,Hipodroom,6,success,"{"total":6,"location_name":"Hipodroom","location_id":1}"
2026-07-25 18:45:54,EEST,3,T1,20,success,"{"total":20,"location_name":"T1 Shopping Mall","location_id":3}"
2026-07-25 18:45:54,EEST,9,Mustika,18,success,"{"total":18,"location_name":"Mustika","location_id":9}"
2026-07-25 18:45:54,EEST,10,Suur-Paala,2,success,"{"total":2,"location_name":"Suur-Paala","location_id":10}"
2026-07-25 18:47:54,EEST,1,Hipodroom,5,success,"{"total":5,"location_name":"Hipodroom","location_id":1}"
2026-07-25 18:47:54,EEST,3,T1,20,success,"{"total":20,"location_name":"T1 Shopping Mall","location_id":3}"
2026-07-25 18:47:54,EEST,9,Mustika,18,success,"{"total":18,"location_name":"Mustika","location_id":9}"
2026-07-25 18:47:54,EEST,10,Suur-Paala,2,success,"{"total":2,"location_name":"Suur-Paala","location_id":10}"
2026-07-25 18:49:55,EEST,1,Hipodroom,5,success,"{"total":5,"location_name":"Hipodroom","location_id":1}"
2026-07-25 18:49:55,EEST,3,T1,19,success,"{"total":19,"location_name":"T1 Shopping Mall","location_id":3}"
2026-07-25 18:49:55,EEST,9,Mustika,18,success,"{"total":18,"location_name":"Mustika","location_id":9}"
2026-07-25 18:49:55,EEST,10,Suur-Paala,2,success,"{"total":2,"location_name":"Suur-Paala","location_id":10}"
2026-07-25 18:51:56,EEST,1,Hipodroom,5,success,"{"total":5,"location_name":"Hipodroom","location_id":1}"
2026-07-25 18:51:56,EEST,3,T1,19,success,"{"total":19,"location_name":"T1 Shopping Mall","location_id":3}"
2026-07-25 18:51:56,EEST,9,Mustika,18,success,"{"total":18,"location_name":"Mustika","location_id":9}"
2026-07-25 18:51:56,EEST,10,Suur-Paala,2,success,"{"total":2,"location_name":"Suur-Paala","location_id":10}"
2026-07-25 18:53:56,EEST,1,Hipodroom,5,success,"{"total":5,"location_name":"Hipodroom","location_id":1}"
2026-07-25 18:53:56,EEST,3,T1,19,success,"{"total":19,"location_name":"T1 Shopping Mall","location_id":3}"
2026-07-25 18:53:56,EEST,9,Mustika,18,success,"{"total":18,"location_name":"Mustika","location_id":9}"
2026-07-25 18:53:56,EEST,10,Suur-Paala,2,success,"{"total":2,"location_name":"Suur-Paala","location_id":10}"
2026-07-25 18:55:57,EEST,1,Hipodroom,5,success,"{"total":5,"location_name":"Hipodroom","location_id":1}"
2026-07-25 18:55:57,EEST,3,T1,17,success,"{"total":17,"location_name":"T1 Shopping Mall","location_id":3}"
2026-07-25 18:55:57,EEST,9,Mustika,18,success,"{"total":18,"location_name":"Mustika","location_id":9}"
2026-07-25 18:55:57,EEST,10,Suur-Paala,2,success,"{"total":2,"location_name":"Suur-Paala","location_id":10}"
2026-07-25 18:57:58,EEST,1,Hipodroom,5,success,"{"total":5,"location_name":"Hipodroom","location_id":1}"
2026-07-25 18:57:58,EEST,3,T1,17,success,"{"total":17,"location_name":"T1 Shopping Mall","location_id":3}"
2026-07-25 18:57:58,EEST,9,Mustika,18,success,"{"total":18,"location_name":"Mustika","location_id":9}"
2026-07-25 18:57:58,EEST,10,Suur-Paala,2,success,"{"total":2,"location_name":"Suur-Paala","location_id":10}"
2026-07-25 18:59:58,EEST,1,Hipodroom,5,success,"{"total":5,"location_name":"Hipodroom","location_id":1}"
2026-07-25 18:59:58,EEST,3,T1,17,success,"{"total":17,"location_name":"T1 Shopping Mall","location_id":3}"
2026-07-25 18:59:58,EEST,9,Mustika,18,success,"{"total":18,"location_name":"Mustika","location_id":9}"
2026-07-25 18:59:58,EEST,10,Suur-Paala,2,success,"{"total":2,"location_name":"Suur-Paala","location_id":10}"
2026-07-25 19:01:59,EEST,1,Hipodroom,5,success,"{"total":5,"location_name":"Hipodroom","location_id":1}"
2026-07-25 19:01:59,EEST,3,T1,17,success,"{"total":17,"location_name":"T1 Shopping Mall","location_id":3}"
2026-07-25 19:01:59,EEST,9,Mustika,16,success,"{"total":16,"location_name":"Mustika","location_id":9}"
2026-07-25 19:01:59,EEST,10,Suur-Paala,3,success,"{"total":3,"location_name":"Suur-Paala","location_id":10}"
2026-07-25 19:04:00,EEST,1,Hipodroom,5,success,"{"total":5,"location_name":"Hipodroom","location_id":1}"
2026-07-25 19:04:00,EEST,3,T1,17,success,"{"total":17,"location_name":"T1 Shopping Mall","location_id":3}"
2026-07-25 19:04:00,EEST,9,Mustika,16,success,"{"total":16,"location_name":"Mustika","location_id":9}"
2026-07-25 19:04:00,EEST,10,Suur-Paala,3,success,"{"total":3,"location_name":"Suur-Paala","location_id":10}"
2026-07-25 19:06:00,EEST,1,Hipodroom,6,success,"{"total":6,"location_name":"Hipodroom","location_id":1}"
2026-07-25 19:06:00,EEST,3,T1,17,success,"{"total":17,"location_name":"T1 Shopping Mall","location_id":3}"
2026-07-25 19:06:00,EEST,9,Mustika,16,success,"{"total":16,"location_name":"Mustika","location_id":9}"
2026-07-25 19:06:00,EEST,10,Suur-Paala,3,success,"{"total":3,"location_name":"Suur-Paala","location_id":10}"
2026-07-25 19:08:01,EEST,1,Hipodroom,6,success,"{"total":6,"location_name":"Hipodroom","location_id":1}"
2026-07-25 19:08:01,EEST,3,T1,16,success,"{"total":16,"location_name":"T1 Shopping Mall","location_id":3}"
2026-07-25 19:08:01,EEST,9,Mustika,14,success,"{"total":14,"location_name":"Mustika","location_id":9}"
2026-07-25 19:08:01,EEST,10,Suur-Paala,5,success,"{"total":5,"location_name":"Suur-Paala","location_id":10}"
2026-07-25 19:10:02,EEST,1,Hipodroom,6,success,"{"total":6,"location_name":"Hipodroom","location_id":1}"
2026-07-25 19:10:02,EEST,3,T1,16,success,"{"total":16,"location_name":"T1 Shopping Mall","location_id":3}"
2026-07-25 19:10:02,EEST,9,Mustika,14,success,"{"total":14,"location_name":"Mustika","location_id":9}"
2026-07-25 19:10:02,EEST,10,Suur-Paala,5,success,"{"total":5,"location_name":"Suur-Paala","location_id":10}"
2026-07-25 19:12:02,EEST,1,Hipodroom,6,success,"{"total":6,"location_name":"Hipodroom","location_id":1}"
2026-07-25 19:12:02,EEST,3,T1,16,success,"{"total":16,"location_name":"T1 Shopping Mall","location_id":3}"
2026-07-25 19:12:02,EEST,9,Mustika,14,success,"{"total":14,"location_name":"Mustika","location_id":9}"
2026-07-25 19:12:02,EEST,10,Suur-Paala,5,success,"{"total":5,"location_name":"Suur-Paala","location_id":10}"
2026-07-25 19:14:03,EEST,1,Hipodroom,6,success,"{"total":6,"location_name":"Hipodroom","location_id":1}"
2026-07-25 19:14:03,EEST,3,T1,17,success,"{"total":17,"location_name":"T1 Shopping Mall","location_id":3}"
2026-07-25 19:14:03,EEST,9,Mustika,14,success,"{"total":14,"location_name":"Mustika","location_id":9}"
2026-07-25 19:14:03,EEST,10,Suur-Paala,5,success,"{"total":5,"location_name":"Suur-Paala","location_id":10}"
2026-07-25 19:16:03,EEST,1,Hipodroom,6,success,"{"total":6,"location_name":"Hipodroom","location_id":1}"
2026-07-25 19:16:03,EEST,3,T1,17,success,"{"total":17,"location_name":"T1 Shopping Mall","location_id":3}"
2026-07-25 19:16:03,EEST,9,Mustika,14,success,"{"total":14,"location_name":"Mustika","location_id":9}"
2026-07-25 19:16:03,EEST,10,Suur-Paala,5,success,"{"total":5,"location_name":"Suur-Paala","location_id":10}"
2026-07-25 19:18:04,EEST,1,Hipodroom,5,success,"{"total":5,"location_name":"Hipodroom","location_id":1}"
2026-07-25 19:18:04,EEST,3,T1,17,success,"{"total":17,"location_name":"T1 Shopping Mall","location_id":3}"
2026-07-25 19:18:04,EEST,9,Mustika,14,success,"{"total":14,"location_name":"Mustika","location_id":9}"
2026-07-25 19:18:04,EEST,10,Suur-Paala,5,success,"{"total":5,"location_name":"Suur-Paala","location_id":10}"
2026-07-25 19:20:05,EEST,1,Hipodroom,5,success,"{"total":5,"location_name":"Hipodroom","location_id":1}"
2026-07-25 19:20:05,EEST,3,T1,15,success,"{"total":15,"location_name":"T1 Shopping Mall","location_id":3}"
2026-07-25 19:20:05,EEST,9,Mustika,14,success,"{"total":14,"location_name":"Mustika","location_id":9}"
2026-07-25 19:20:05,EEST,10,Suur-Paala,4,success,"{"total":4,"location_name":"Suur-Paala","location_id":10}"
2026-07-25 19:22:05,EEST,1,Hipodroom,5,success,"{"total":5,"location_name":"Hipodroom","location_id":1}"
2026-07-25 19:22:05,EEST,3,T1,15,success,"{"total":15,"location_name":"T1 Shopping Mall","location_id":3}"
2026-07-25 19:22:05,EEST,9,Mustika,14,success,"{"total":14,"location_name":"Mustika","location_id":9}"
2026-07-25 19:22:05,EEST,10,Suur-Paala,4,success,"{"total":4,"location_name":"Suur-Paala","location_id":10}"
2026-07-25 19:24:06,EEST,1,Hipodroom,5,success,"{"total":5,"location_name":"Hipodroom","location_id":1}"
2026-07-25 19:24:06,EEST,3,T1,15,success,"{"total":15,"location_name":"T1 Shopping Mall","location_id":3}"
2026-07-25 19:24:06,EEST,9,Mustika,14,success,"{"total":14,"location_name":"Mustika","location_id":9}"
2026-07-25 19:24:06,EEST,10,Suur-Paala,4,success,"{"total":4,"location_name":"Suur-Paala","location_id":10}"
2026-07-25 19:26:06,EEST,1,Hipodroom,5,success,"{"total":5,"location_name":"Hipodroom","location_id":1}"
2026-07-25 19:26:06,EEST,3,T1,15,success,"{"total":15,"location_name":"T1 Shopping Mall","location_id":3}"
2026-07-25 19:26:06,EEST,9,Mustika,16,success,"{"total":16,"location_name":"Mustika","location_id":9}"
2026-07-25 19:26:06,EEST,10,Suur-Paala,4,success,"{"total":4,"location_name":"Suur-Paala","location_id":10}"
2026-07-25 19:28:07,EEST,1,Hipodroom,5,success,"{"total":5,"location_name":"Hipodroom","location_id":1}"
2026-07-25 19:28:07,EEST,3,T1,15,success,"{"total":15,"location_name":"T1 Shopping Mall","location_id":3}"
2026-07-25 19:28:07,EEST,9,Mustika,16,success,"{"total":16,"location_name":"Mustika","location_id":9}"
2026-07-25 19:28:07,EEST,10,Suur-Paala,4,success,"{"total":4,"location_name":"Suur-Paala","location_id":10}"
2026-07-25 19:30:08,EEST,1,Hipodroom,5,success,"{"total":5,"location_name":"Hipodroom","location_id":1}"
2026-07-25 19:30:08,EEST,3,T1,15,success,"{"total":15,"location_name":"T1 Shopping Mall","location_id":3}"
2026-07-25 19:30:08,EEST,9,Mustika,16,success,"{"total":16,"location_name":"Mustika","location_id":9}"
2026-07-25 19:30:08,EEST,10,Suur-Paala,4,success,"{"total":4,"location_name":"Suur-Paala","location_id":10}"
2026-07-25 19:32:08,EEST,1,Hipodroom,5,success,"{"total":5,"location_name":"Hipodroom","location_id":1}"
2026-07-25 19:32:08,EEST,3,T1,15,success,"{"total":15,"location_name":"T1 Shopping Mall","location_id":3}"
2026-07-25 19:32:08,EEST,9,Mustika,16,success,"{"total":16,"location_name":"Mustika","location_id":9}"
2026-07-25 19:32:08,EEST,10,Suur-Paala,4,success,"{"total":4,"location_name":"Suur-Paala","location_id":10}"
2026-07-25 19:34:09,EEST,1,Hipodroom,5,success,"{"total":5,"location_name":"Hipodroom","location_id":1}"
2026-07-25 19:34:09,EEST,3,T1,15,success,"{"total":15,"location_name":"T1 Shopping Mall","location_id":3}"
2026-07-25 19:34:09,EEST,9,Mustika,16,success,"{"total":16,"location_name":"Mustika","location_id":9}"
2026-07-25 19:34:09,EEST,10,Suur-Paala,4,success,"{"total":4,"location_name":"Suur-Paala","location_id":10}"
2026-07-25 19:36:09,EEST,1,Hipodroom,5,success,"{"total":5,"location_name":"Hipodroom","location_id":1}"
2026-07-25 19:36:09,EEST,3,T1,15,success,"{"total":15,"location_name":"T1 Shopping Mall","location_id":3}"
2026-07-25 19:36:09,EEST,9,Mustika,16,success,"{"total":16,"location_name":"Mustika","location_id":9}"
2026-07-25 19:36:09,EEST,10,Suur-Paala,4,success,"{"total":4,"location_name":"Suur-Paala","location_id":10}"
2026-07-25 19:38:10,EEST,1,Hipodroom,5,success,"{"total":5,"location_name":"Hipodroom","location_id":1}"
2026-07-25 19:38:10,EEST,3,T1,11,success,"{"total":11,"location_name":"T1 Shopping Mall","location_id":3}"
2026-07-25 19:38:10,EEST,9,Mustika,15,success,"{"total":15,"location_name":"Mustika","location_id":9}"
2026-07-25 19:38:10,EEST,10,Suur-Paala,4,success,"{"total":4,"location_name":"Suur-Paala","location_id":10}"
2026-07-25 19:40:11,EEST,1,Hipodroom,5,success,"{"total":5,"location_name":"Hipodroom","location_id":1}"
2026-07-25 19:40:11,EEST,3,T1,11,success,"{"total":11,"location_name":"T1 Shopping Mall","location_id":3}"
2026-07-25 19:40:11,EEST,9,Mustika,15,success,"{"total":15,"location_name":"Mustika","location_id":9}"
2026-07-25 19:40:11,EEST,10,Suur-Paala,4,success,"{"total":4,"location_name":"Suur-Paala","location_id":10}"
2026-07-25 19:42:11,EEST,1,Hipodroom,5,success,"{"total":5,"location_name":"Hipodroom","location_id":1}"
2026-07-25 19:42:11,EEST,3,T1,11,success,"{"total":11,"location_name":"T1 Shopping Mall","location_id":3}"
2026-07-25 19:42:11,EEST,9,Mustika,15,success,"{"total":15,"location_name":"Mustika","location_id":9}"
2026-07-25 19:42:11,EEST,10,Suur-Paala,4,success,"{"total":4,"location_name":"Suur-Paala","location_id":10}"
2026-07-25 19:44:12,EEST,1,Hipodroom,5,success,"{"total":5,"location_name":"Hipodroom","location_id":1}"
2026-07-25 19:44:12,EEST,3,T1,11,success,"{"total":11,"location_name":"T1 Shopping Mall","location_id":3}"
2026-07-25 19:44:12,EEST,9,Mustika,15,success,"{"total":15,"location_name":"Mustika","location_id":9}"
2026-07-25 19:44:12,EEST,10,Suur-Paala,4,success,"{"total":4,"location_name":"Suur-Paala","location_id":10}"
2026-07-25 19:46:13,EEST,1,Hipodroom,5,success,"{"total":5,"location_name":"Hipodroom","location_id":1}"
2026-07-25 19:46:13,EEST,3,T1,11,success,"{"total":11,"location_name":"T1 Shopping Mall","location_id":3}"
2026-07-25 19:46:13,EEST,9,Mustika,15,success,"{"total":15,"location_name":"Mustika","location_id":9}"
2026-07-25 19:46:13,EEST,10,Suur-Paala,4,success,"{"total":4,"location_name":"Suur-Paala","location_id":10}"
2026-07-25 19:48:13,EEST,1,Hipodroom,6,success,"{"total":6,"location_name":"Hipodroom","location_id":1}"
2026-07-25 19:48:13,EEST,3,T1,11,success,"{"total":11,"location_name":"T1 Shopping Mall","location_id":3}"
2026-07-25 19:48:13,EEST,9,Mustika,15,success,"{"total":15,"location_name":"Mustika","location_id":9}"
2026-07-25 19:48:13,EEST,10,Suur-Paala,4,success,"{"total":4,"location_name":"Suur-Paala","location_id":10}"
2026-07-25 19:50:14,EEST,1,Hipodroom,6,success,"{"total":6,"location_name":"Hipodroom","location_id":1}"
2026-07-25 19:50:14,EEST,3,T1,10,success,"{"total":10,"location_name":"T1 Shopping Mall","location_id":3}"
2026-07-25 19:50:14,EEST,9,Mustika,14,success,"{"total":14,"location_name":"Mustika","location_id":9}"
2026-07-25 19:50:14,EEST,10,Suur-Paala,4,success,"{"total":4,"location_name":"Suur-Paala","location_id":10}"
2026-07-25 19:52:14,EEST,1,Hipodroom,6,success,"{"total":6,"location_name":"Hipodroom","location_id":1}"
2026-07-25 19:52:14,EEST,3,T1,10,success,"{"total":10,"location_name":"T1 Shopping Mall","location_id":3}"
2026-07-25 19:52:14,EEST,9,Mustika,14,success,"{"total":14,"location_name":"Mustika","location_id":9}"
2026-07-25 19:52:14,EEST,10,Suur-Paala,4,success,"{"total":4,"location_name":"Suur-Paala","location_id":10}"
2026-07-25 19:54:15,EEST,1,Hipodroom,6,success,"{"total":6,"location_name":"Hipodroom","location_id":1}"
2026-07-25 19:54:15,EEST,3,T1,10,success,"{"total":10,"location_name":"T1 Shopping Mall","location_id":3}"
2026-07-25 19:54:15,EEST,9,Mustika,14,success,"{"total":14,"location_name":"Mustika","location_id":9}"
2026-07-25 19:54:15,EEST,10,Suur-Paala,4,success,"{"total":4,"location_name":"Suur-Paala","location_id":10}"
2026-07-25 19:56:15,EEST,1,Hipodroom,6,success,"{"total":6,"location_name":"Hipodroom","location_id":1}"
2026-07-25 19:56:15,EEST,3,T1,6,success,"{"total":6,"location_name":"T1 Shopping Mall","location_id":3}"
2026-07-25 19:56:15,EEST,9,Mustika,14,success,"{"total":14,"location_name":"Mustika","location_id":9}"
2026-07-25 19:56:15,EEST,10,Suur-Paala,4,success,"{"total":4,"location_name":"Suur-Paala","location_id":10}"
2026-07-25 19:58:16,EEST,1,Hipodroom,6,success,"{"total":6,"location_name":"Hipodroom","location_id":1}"
2026-07-25 19:58:16,EEST,3,T1,6,success,"{"total":6,"location_name":"T1 Shopping Mall","location_id":3}"
2026-07-25 19:58:16,EEST,9,Mustika,14,success,"{"total":14,"location_name":"Mustika","location_id":9}"
2026-07-25 19:58:16,EEST,10,Suur-Paala,4,success,"{"total":4,"location_name":"Suur-Paala","location_id":10}"
2026-07-25 20:00:17,EEST,1,Hipodroom,6,success,"{"total":6,"location_name":"Hipodroom","location_id":1}"
2026-07-25 20:00:17,EEST,3,T1,6,success,"{"total":6,"location_name":"T1 Shopping Mall","location_id":3}"
2026-07-25 20:00:17,EEST,9,Mustika,14,success,"{"total":14,"location_name":"Mustika","location_id":9}"
2026-07-25 20:00:17,EEST,10,Suur-Paala,4,success,"{"total":4,"location_name":"Suur-Paala","location_id":10}"
2026-07-25 20:02:17,EEST,1,Hipodroom,6,success,"{"total":6,"location_name":"Hipodroom","location_id":1}"
2026-07-25 20:02:17,EEST,3,T1,9,success,"{"total":9,"location_name":"T1 Shopping Mall","location_id":3}"
2026-07-25 20:02:17,EEST,9,Mustika,14,success,"{"total":14,"location_name":"Mustika","location_id":9}"
2026-07-25 20:02:17,EEST,10,Suur-Paala,5,success,"{"total":5,"location_name":"Suur-Paala","location_id":10}"
2026-07-25 20:04:18,EEST,1,Hipodroom,6,success,"{"total":6,"location_name":"Hipodroom","location_id":1}"
2026-07-25 20:04:18,EEST,3,T1,9,success,"{"total":9,"location_name":"T1 Shopping Mall","location_id":3}"
2026-07-25 20:04:18,EEST,9,Mustika,14,success,"{"total":14,"location_name":"Mustika","location_id":9}"
2026-07-25 20:04:18,EEST,10,Suur-Paala,5,success,"{"total":5,"location_name":"Suur-Paala","location_id":10}"
2026-07-25 20:06:19,EEST,1,Hipodroom,6,success,"{"total":6,"location_name":"Hipodroom","location_id":1}"
2026-07-25 20:06:19,EEST,3,T1,9,success,"{"total":9,"location_name":"T1 Shopping Mall","location_id":3}"
2026-07-25 20:06:19,EEST,9,Mustika,14,success,"{"total":14,"location_name":"Mustika","location_id":9}"
2026-07-25 20:06:19,EEST,10,Suur-Paala,5,success,"{"total":5,"location_name":"Suur-Paala","location_id":10}"
2026-07-25 20:08:19,EEST,1,Hipodroom,6,success,"{"total":6,"location_name":"Hipodroom","location_id":1}"
2026-07-25 20:08:19,EEST,3,T1,9,success,"{"total":9,"location_name":"T1 Shopping Mall","location_id":3}"
2026-07-25 20:08:19,EEST,9,Mustika,14,success,"{"total":14,"location_name":"Mustika","location_id":9}"
2026-07-25 20:08:19,EEST,10,Suur-Paala,5,success,"{"total":5,"location_name":"Suur-Paala","location_id":10}"
2026-07-25 20:10:20,EEST,1,Hipodroom,6,success,"{"total":6,"location_name":"Hipodroom","location_id":1}"
2026-07-25 20:10:20,EEST,3,T1,9,success,"{"total":9,"location_name":"T1 Shopping Mall","location_id":3}"
2026-07-25 20:10:20,EEST,9,Mustika,14,success,"{"total":14,"location_name":"Mustika","location_id":9}"
2026-07-25 20:10:20,EEST,10,Suur-Paala,5,success,"{"total":5,"location_name":"Suur-Paala","location_id":10}"
2026-07-25 20:12:21,EEST,1,Hipodroom,5,success,"{"total":5,"location_name":"Hipodroom","location_id":1}"
2026-07-25 20:12:21,EEST,3,T1,9,success,"{"total":9,"location_name":"T1 Shopping Mall","location_id":3}"
2026-07-25 20:12:21,EEST,9,Mustika,14,success,"{"total":14,"location_name":"Mustika","location_id":9}"
2026-07-25 20:12:21,EEST,10,Suur-Paala,5,success,"{"total":5,"location_name":"Suur-Paala","location_id":10}"
2026-07-25 20:14:22,EEST,1,Hipodroom,5,success,"{"total":5,"location_name":"Hipodroom","location_id":1}"
2026-07-25 20:14:22,EEST,3,T1,9,success,"{"total":9,"location_name":"T1 Shopping Mall","location_id":3}"
2026-07-25 20:14:22,EEST,9,Mustika,13,success,"{"total":13,"location_name":"Mustika","location_id":9}"
2026-07-25 20:14:22,EEST,10,Suur-Paala,5,success,"{"total":5,"location_name":"Suur-Paala","location_id":10}"
2026-07-25 20:16:22,EEST,1,Hipodroom,5,success,"{"total":5,"location_name":"Hipodroom","location_id":1}"
2026-07-25 20:16:22,EEST,3,T1,9,success,"{"total":9,"location_name":"T1 Shopping Mall","location_id":3}"
2026-07-25 20:16:22,EEST,9,Mustika,13,success,"{"total":13,"location_name":"Mustika","location_id":9}"
2026-07-25 20:16:22,EEST,10,Suur-Paala,5,success,"{"total":5,"location_name":"Suur-Paala","location_id":10}"
2026-07-25 20:18:23,EEST,1,Hipodroom,5,success,"{"total":5,"location_name":"Hipodroom","location_id":1}"
2026-07-25 20:18:23,EEST,3,T1,9,success,"{"total":9,"location_name":"T1 Shopping Mall","location_id":3}"
2026-07-25 20:18:23,EEST,9,Mustika,13,success,"{"total":13,"location_name":"Mustika","location_id":9}"
2026-07-25 20:18:23,EEST,10,Suur-Paala,5,success,"{"total":5,"location_name":"Suur-Paala","location_id":10}"
2026-07-25 20:20:24,EEST,1,Hipodroom,5,success,"{"total":5,"location_name":"Hipodroom","location_id":1}"
2026-07-25 20:20:24,EEST,3,T1,9,success,"{"total":9,"location_name":"T1 Shopping Mall","location_id":3}"
2026-07-25 20:20:24,EEST,9,Mustika,13,success,"{"total":13,"location_name":"Mustika","location_id":9}"
2026-07-25 20:20:24,EEST,10,Suur-Paala,5,success,"{"total":5,"location_name":"Suur-Paala","location_id":10}"
2026-07-25 20:22:24,EEST,1,Hipodroom,5,success,"{"total":5,"location_name":"Hipodroom","location_id":1}"
2026-07-25 20:22:24,EEST,3,T1,9,success,"{"total":9,"location_name":"T1 Shopping Mall","location_id":3}"
2026-07-25 20:22:24,EEST,9,Mustika,13,success,"{"total":13,"location_name":"Mustika","location_id":9}"
2026-07-25 20:22:24,EEST,10,Suur-Paala,5,success,"{"total":5,"location_name":"Suur-Paala","location_id":10}"
2026-07-25 20:24:25,EEST,1,Hipodroom,8,success,"{"total":8,"location_name":"Hipodroom","location_id":1}"
2026-07-25 20:24:25,EEST,3,T1,10,success,"{"total":10,"location_name":"T1 Shopping Mall","location_id":3}"
2026-07-25 20:24:25,EEST,9,Mustika,13,success,"{"total":13,"location_name":"Mustika","location_id":9}"
2026-07-25 20:24:25,EEST,10,Suur-Paala,5,success,"{"total":5,"location_name":"Suur-Paala","location_id":10}"
2026-07-25 20:26:25,EEST,1,Hipodroom,8,success,"{"total":8,"location_name":"Hipodroom","location_id":1}"
2026-07-25 20:26:25,EEST,3,T1,10,success,"{"total":10,"location_name":"T1 Shopping Mall","location_id":3}"
2026-07-25 20:26:25,EEST,9,Mustika,13,success,"{"total":13,"location_name":"Mustika","location_id":9}"
2026-07-25 20:26:25,EEST,10,Suur-Paala,5,success,"{"total":5,"location_name":"Suur-Paala","location_id":10}"
2026-07-25 20:28:26,EEST,1,Hipodroom,8,success,"{"total":8,"location_name":"Hipodroom","location_id":1}"
2026-07-25 20:28:26,EEST,3,T1,10,success,"{"total":10,"location_name":"T1 Shopping Mall","location_id":3}"
2026-07-25 20:28:26,EEST,9,Mustika,13,success,"{"total":13,"location_name":"Mustika","location_id":9}"
2026-07-25 20:28:26,EEST,10,Suur-Paala,5,success,"{"total":5,"location_name":"Suur-Paala","location_id":10}"
2026-07-25 20:30:27,EEST,1,Hipodroom,8,success,"{"total":8,"location_name":"Hipodroom","location_id":1}"
2026-07-25 20:30:27,EEST,3,T1,9,success,"{"total":9,"location_name":"T1 Shopping Mall","location_id":3}"
2026-07-25 20:30:27,EEST,9,Mustika,11,success,"{"total":11,"location_name":"Mustika","location_id":9}"
2026-07-25 20:30:27,EEST,10,Suur-Paala,5,success,"{"total":5,"location_name":"Suur-Paala","location_id":10}"
2026-07-25 20:32:28,EEST,1,Hipodroom,8,success,"{"total":8,"location_name":"Hipodroom","location_id":1}"
2026-07-25 20:32:28,EEST,3,T1,9,success,"{"total":9,"location_name":"T1 Shopping Mall","location_id":3}"
2026-07-25 20:32:28,EEST,9,Mustika,11,success,"{"total":11,"location_name":"Mustika","location_id":9}"
2026-07-25 20:32:28,EEST,10,Suur-Paala,5,success,"{"total":5,"location_name":"Suur-Paala","location_id":10}"
2026-07-25 20:34:28,EEST,1,Hipodroom,8,success,"{"total":8,"location_name":"Hipodroom","location_id":1}"
2026-07-25 20:34:28,EEST,3,T1,9,success,"{"total":9,"location_name":"T1 Shopping Mall","location_id":3}"
2026-07-25 20:34:28,EEST,9,Mustika,11,success,"{"total":11,"location_name":"Mustika","location_id":9}"
2026-07-25 20:34:28,EEST,10,Suur-Paala,5,success,"{"total":5,"location_name":"Suur-Paala","location_id":10}"
2026-07-25 20:36:29,EEST,1,Hipodroom,8,success,"{"total":8,"location_name":"Hipodroom","location_id":1}"
2026-07-25 20:36:29,EEST,3,T1,9,success,"{"total":9,"location_name":"T1 Shopping Mall","location_id":3}"
2026-07-25 20:36:29,EEST,9,Mustika,11,success,"{"total":11,"location_name":"Mustika","location_id":9}"
2026-07-25 20:36:29,EEST,10,Suur-Paala,5,success,"{"total":5,"location_name":"Suur-Paala","location_id":10}"
2026-07-25 20:38:30,EEST,1,Hipodroom,8,success,"{"total":8,"location_name":"Hipodroom","location_id":1}"
2026-07-25 20:38:30,EEST,3,T1,9,success,"{"total":9,"location_name":"T1 Shopping Mall","location_id":3}"
2026-07-25 20:38:30,EEST,9,Mustika,11,success,"{"total":11,"location_name":"Mustika","location_id":9}"
2026-07-25 20:38:30,EEST,10,Suur-Paala,5,success,"{"total":5,"location_name":"Suur-Paala","location_id":10}"
2026-07-25 20:40:30,EEST,1,Hipodroom,8,success,"{"total":8,"location_name":"Hipodroom","location_id":1}"
2026-07-25 20:40:30,EEST,3,T1,9,success,"{"total":9,"location_name":"T1 Shopping Mall","location_id":3}"
2026-07-25 20:40:30,EEST,9,Mustika,11,success,"{"total":11,"location_name":"Mustika","location_id":9}"
2026-07-25 20:40:30,EEST,10,Suur-Paala,5,success,"{"total":5,"location_name":"Suur-Paala","location_id":10}"
2026-07-25 20:42:31,EEST,1,Hipodroom,7,success,"{"total":7,"location_name":"Hipodroom","location_id":1}"
2026-07-25 20:42:31,EEST,3,T1,10,success,"{"total":10,"location_name":"T1 Shopping Mall","location_id":3}"
2026-07-25 20:42:31,EEST,9,Mustika,11,success,"{"total":11,"location_name":"Mustika","location_id":9}"
2026-07-25 20:42:31,EEST,10,Suur-Paala,5,success,"{"total":5,"location_name":"Suur-Paala","location_id":10}"
2026-07-25 20:44:31,EEST,1,Hipodroom,7,success,"{"total":7,"location_name":"Hipodroom","location_id":1}"
2026-07-25 20:44:31,EEST,3,T1,10,success,"{"total":10,"location_name":"T1 Shopping Mall","location_id":3}"
2026-07-25 20:44:31,EEST,9,Mustika,11,success,"{"total":11,"location_name":"Mustika","location_id":9}"
2026-07-25 20:44:31,EEST,10,Suur-Paala,5,success,"{"total":5,"location_name":"Suur-Paala","location_id":10}"
2026-07-25 20:46:32,EEST,1,Hipodroom,7,success,"{"total":7,"location_name":"Hipodroom","location_id":1}"
2026-07-25 20:46:32,EEST,3,T1,10,success,"{"total":10,"location_name":"T1 Shopping Mall","location_id":3}"
2026-07-25 20:46:32,EEST,9,Mustika,11,success,"{"total":11,"location_name":"Mustika","location_id":9}"
2026-07-25 20:46:32,EEST,10,Suur-Paala,5,success,"{"total":5,"location_name":"Suur-Paala","location_id":10}"
2026-07-25 20:48:33,EEST,1,Hipodroom,7,success,"{"total":7,"location_name":"Hipodroom","location_id":1}"
2026-07-25 20:48:33,EEST,3,T1,10,success,"{"total":10,"location_name":"T1 Shopping Mall","location_id":3}"
2026-07-25 20:48:33,EEST,9,Mustika,11,success,"{"total":11,"location_name":"Mustika","location_id":9}"
2026-07-25 20:48:33,EEST,10,Suur-Paala,5,success,"{"total":5,"location_name":"Suur-Paala","location_id":10}"
2026-07-25 20:50:33,EEST,1,Hipodroom,7,success,"{"total":7,"location_name":"Hipodroom","location_id":1}"
2026-07-25 20:50:33,EEST,3,T1,10,success,"{"total":10,"location_name":"T1 Shopping Mall","location_id":3}"
2026-07-25 20:50:33,EEST,9,Mustika,11,success,"{"total":11,"location_name":"Mustika","location_id":9}"
2026-07-25 20:50:33,EEST,10,Suur-Paala,5,success,"{"total":5,"location_name":"Suur-Paala","location_id":10}"
2026-07-25 20:52:34,EEST,1,Hipodroom,7,success,"{"total":7,"location_name":"Hipodroom","location_id":1}"
2026-07-25 20:52:34,EEST,3,T1,10,success,"{"total":10,"location_name":"T1 Shopping Mall","location_id":3}"
2026-07-25 20:52:34,EEST,9,Mustika,11,success,"{"total":11,"location_name":"Mustika","location_id":9}"
2026-07-25 20:52:34,EEST,10,Suur-Paala,5,success,"{"total":5,"location_name":"Suur-Paala","location_id":10}"
2026-07-25 20:54:34,EEST,1,Hipodroom,7,success,"{"total":7,"location_name":"Hipodroom","location_id":1}"
2026-07-25 20:54:34,EEST,3,T1,10,success,"{"total":10,"location_name":"T1 Shopping Mall","location_id":3}"
2026-07-25 20:54:34,EEST,9,Mustika,11,success,"{"total":11,"location_name":"Mustika","location_id":9}"
2026-07-25 20:54:34,EEST,10,Suur-Paala,5,success,"{"total":5,"location_name":"Suur-Paala","location_id":10}"
2026-07-25 20:56:35,EEST,1,Hipodroom,7,success,"{"total":7,"location_name":"Hipodroom","location_id":1}"
2026-07-25 20:56:35,EEST,3,T1,10,success,"{"total":10,"location_name":"T1 Shopping Mall","location_id":3}"
2026-07-25 20:56:35,EEST,9,Mustika,11,success,"{"total":11,"location_name":"Mustika","location_id":9}"
2026-07-25 20:56:35,EEST,10,Suur-Paala,5,success,"{"total":5,"location_name":"Suur-Paala","location_id":10}"
2026-07-25 20:58:36,EEST,1,Hipodroom,7,success,"{"total":7,"location_name":"Hipodroom","location_id":1}"
2026-07-25 20:58:36,EEST,3,T1,10,success,"{"total":10,"location_name":"T1 Shopping Mall","location_id":3}"
2026-07-25 20:58:36,EEST,9,Mustika,11,success,"{"total":11,"location_name":"Mustika","location_id":9}"
2026-07-25 20:58:36,EEST,10,Suur-Paala,5,success,"{"total":5,"location_name":"Suur-Paala","location_id":10}"
2026-07-25 21:00:36,EEST,1,Hipodroom,7,success,"{"total":7,"location_name":"Hipodroom","location_id":1}"
2026-07-25 21:00:36,EEST,3,T1,10,success,"{"total":10,"location_name":"T1 Shopping Mall","location_id":3}"
2026-07-25 21:00:36,EEST,9,Mustika,11,success,"{"total":11,"location_name":"Mustika","location_id":9}"
2026-07-25 21:00:36,EEST,10,Suur-Paala,5,success,"{"total":5,"location_name":"Suur-Paala","location_id":10}"
2026-07-25 21:02:37,EEST,1,Hipodroom,7,success,"{"total":7,"location_name":"Hipodroom","location_id":1}"
2026-07-25 21:02:37,EEST,3,T1,10,success,"{"total":10,"location_name":"T1 Shopping Mall","location_id":3}"
2026-07-25 21:02:37,EEST,9,Mustika,11,success,"{"total":11,"location_name":"Mustika","location_id":9}"
2026-07-25 21:02:37,EEST,10,Suur-Paala,5,success,"{"total":5,"location_name":"Suur-Paala","location_id":10}"
2026-07-25 21:04:37,EEST,1,Hipodroom,7,success,"{"total":7,"location_name":"Hipodroom","location_id":1}"
2026-07-25 21:04:37,EEST,3,T1,10,success,"{"total":10,"location_name":"T1 Shopping Mall","location_id":3}"
2026-07-25 21:04:37,EEST,9,Mustika,11,success,"{"total":11,"location_name":"Mustika","location_id":9}"
2026-07-25 21:04:37,EEST,10,Suur-Paala,5,success,"{"total":5,"location_name":"Suur-Paala","location_id":10}"
2026-07-25 21:06:38,EEST,1,Hipodroom,6,success,"{"total":6,"location_name":"Hipodroom","location_id":1}"
2026-07-25 21:06:38,EEST,3,T1,10,success,"{"total":10,"location_name":"T1 Shopping Mall","location_id":3}"
2026-07-25 21:06:38,EEST,9,Mustika,11,success,"{"total":11,"location_name":"Mustika","location_id":9}"
2026-07-25 21:06:38,EEST,10,Suur-Paala,5,success,"{"total":5,"location_name":"Suur-Paala","location_id":10}"
2026-07-25 21:08:38,EEST,1,Hipodroom,6,success,"{"total":6,"location_name":"Hipodroom","location_id":1}"
2026-07-25 21:08:38,EEST,3,T1,10,success,"{"total":10,"location_name":"T1 Shopping Mall","location_id":3}"
2026-07-25 21:08:38,EEST,9,Mustika,11,success,"{"total":11,"location_name":"Mustika","location_id":9}"
2026-07-25 21:08:38,EEST,10,Suur-Paala,5,success,"{"total":5,"location_name":"Suur-Paala","location_id":10}"
2026-07-25 21:10:39,EEST,1,Hipodroom,6,success,"{"total":6,"location_name":"Hipodroom","location_id":1}"
2026-07-25 21:10:39,EEST,3,T1,10,success,"{"total":10,"location_name":"T1 Shopping Mall","location_id":3}"
2026-07-25 21:10:39,EEST,9,Mustika,11,success,"{"total":11,"location_name":"Mustika","location_id":9}"
2026-07-25 21:10:39,EEST,10,Suur-Paala,5,success,"{"total":5,"location_name":"Suur-Paala","location_id":10}"
2026-07-25 21:12:39,EEST,1,Hipodroom,6,success,"{"total":6,"location_name":"Hipodroom","location_id":1}"
2026-07-25 21:12:39,EEST,3,T1,10,success,"{"total":10,"location_name":"T1 Shopping Mall","location_id":3}"
2026-07-25 21:12:39,EEST,9,Mustika,10,success,"{"total":10,"location_name":"Mustika","location_id":9}"
2026-07-25 21:12:39,EEST,10,Suur-Paala,5,success,"{"total":5,"location_name":"Suur-Paala","location_id":10}"
2026-07-25 21:14:40,EEST,1,Hipodroom,6,success,"{"total":6,"location_name":"Hipodroom","location_id":1}"
2026-07-25 21:14:40,EEST,3,T1,10,success,"{"total":10,"location_name":"T1 Shopping Mall","location_id":3}"
2026-07-25 21:14:40,EEST,9,Mustika,10,success,"{"total":10,"location_name":"Mustika","location_id":9}"
2026-07-25 21:14:40,EEST,10,Suur-Paala,5,success,"{"total":5,"location_name":"Suur-Paala","location_id":10}"
2026-07-25 21:16:40,EEST,1,Hipodroom,6,success,"{"total":6,"location_name":"Hipodroom","location_id":1}"
2026-07-25 21:16:40,EEST,3,T1,10,success,"{"total":10,"location_name":"T1 Shopping Mall","location_id":3}"
2026-07-25 21:16:40,EEST,9,Mustika,10,success,"{"total":10,"location_name":"Mustika","location_id":9}"
2026-07-25 21:16:40,EEST,10,Suur-Paala,5,success,"{"total":5,"location_name":"Suur-Paala","location_id":10}"
2026-07-25 21:18:41,EEST,1,Hipodroom,6,success,"{"total":6,"location_name":"Hipodroom","location_id":1}"
2026-07-25 21:18:41,EEST,3,T1,9,success,"{"total":9,"location_name":"T1 Shopping Mall","location_id":3}"
2026-07-25 21:18:41,EEST,9,Mustika,7,success,"{"total":7,"location_name":"Mustika","location_id":9}"
2026-07-25 21:18:41,EEST,10,Suur-Paala,5,success,"{"total":5,"location_name":"Suur-Paala","location_id":10}"
2026-07-25 21:20:42,EEST,1,Hipodroom,6,success,"{"total":6,"location_name":"Hipodroom","location_id":1}"
2026-07-25 21:20:42,EEST,3,T1,9,success,"{"total":9,"location_name":"T1 Shopping Mall","location_id":3}"
2026-07-25 21:20:42,EEST,9,Mustika,7,success,"{"total":7,"location_name":"Mustika","location_id":9}"
2026-07-25 21:20:42,EEST,10,Suur-Paala,5,success,"{"total":5,"location_name":"Suur-Paala","location_id":10}"
2026-07-25 21:22:42,EEST,1,Hipodroom,6,success,"{"total":6,"location_name":"Hipodroom","location_id":1}"
2026-07-25 21:22:42,EEST,3,T1,9,success,"{"total":9,"location_name":"T1 Shopping Mall","location_id":3}"
2026-07-25 21:22:42,EEST,9,Mustika,7,success,"{"total":7,"location_name":"Mustika","location_id":9}"
2026-07-25 21:22:42,EEST,10,Suur-Paala,5,success,"{"total":5,"location_name":"Suur-Paala","location_id":10}"
2026-07-25 21:24:43,EEST,1,Hipodroom,6,success,"{"total":6,"location_name":"Hipodroom","location_id":1}"
2026-07-25 21:24:43,EEST,3,T1,9,success,"{"total":9,"location_name":"T1 Shopping Mall","location_id":3}"
2026-07-25 21:24:43,EEST,9,Mustika,7,success,"{"total":7,"location_name":"Mustika","location_id":9}"
2026-07-25 21:24:43,EEST,10,Suur-Paala,5,success,"{"total":5,"location_name":"Suur-Paala","location_id":10}"
2026-07-25 21:26:43,EEST,1,Hipodroom,6,success,"{"total":6,"location_name":"Hipodroom","location_id":1}"
2026-07-25 21:26:43,EEST,3,T1,9,success,"{"total":9,"location_name":"T1 Shopping Mall","location_id":3}"
2026-07-25 21:26:43,EEST,9,Mustika,7,success,"{"total":7,"location_name":"Mustika","location_id":9}"
2026-07-25 21:26:43,EEST,10,Suur-Paala,5,success,"{"total":5,"location_name":"Suur-Paala","location_id":10}"
2026-07-25 21:28:44,EEST,1,Hipodroom,6,success,"{"total":6,"location_name":"Hipodroom","location_id":1}"
2026-07-25 21:28:44,EEST,3,T1,9,success,"{"total":9,"location_name":"T1 Shopping Mall","location_id":3}"
2026-07-25 21:28:44,EEST,9,Mustika,7,success,"{"total":7,"location_name":"Mustika","location_id":9}"
2026-07-25 21:28:44,EEST,10,Suur-Paala,5,success,"{"total":5,"location_name":"Suur-Paala","location_id":10}"
2026-07-25 21:30:45,EEST,1,Hipodroom,6,success,"{"total":6,"location_name":"Hipodroom","location_id":1}"
2026-07-25 21:30:45,EEST,3,T1,9,success,"{"total":9,"location_name":"T1 Shopping Mall","location_id":3}"
2026-07-25 21:30:45,EEST,9,Mustika,7,success,"{"total":7,"location_name":"Mustika","location_id":9}"
2026-07-25 21:30:45,EEST,10,Suur-Paala,5,success,"{"total":5,"location_name":"Suur-Paala","location_id":10}"
2026-07-25 21:32:45,EEST,1,Hipodroom,6,success,"{"total":6,"location_name":"Hipodroom","location_id":1}"
2026-07-25 21:32:45,EEST,3,T1,9,success,"{"total":9,"location_name":"T1 Shopping Mall","location_id":3}"
2026-07-25 21:32:45,EEST,9,Mustika,7,success,"{"total":7,"location_name":"Mustika","location_id":9}"
2026-07-25 21:32:45,EEST,10,Suur-Paala,5,success,"{"total":5,"location_name":"Suur-Paala","location_id":10}"
2026-07-25 21:34:46,EEST,1,Hipodroom,6,success,"{"total":6,"location_name":"Hipodroom","location_id":1}"
2026-07-25 21:34:46,EEST,3,T1,9,success,"{"total":9,"location_name":"T1 Shopping Mall","location_id":3}"
2026-07-25 21:34:46,EEST,9,Mustika,7,success,"{"total":7,"location_name":"Mustika","location_id":9}"
2026-07-25 21:34:46,EEST,10,Suur-Paala,5,success,"{"total":5,"location_name":"Suur-Paala","location_id":10}"
2026-07-25 21:36:46,EEST,1,Hipodroom,6,success,"{"total":6,"location_name":"Hipodroom","location_id":1}"
2026-07-25 21:36:46,EEST,3,T1,8,success,"{"total":8,"location_name":"T1 Shopping Mall","location_id":3}"
2026-07-25 21:36:46,EEST,9,Mustika,7,success,"{"total":7,"location_name":"Mustika","location_id":9}"
2026-07-25 21:36:46,EEST,10,Suur-Paala,5,success,"{"total":5,"location_name":"Suur-Paala","location_id":10}"
2026-07-25 21:38:47,EEST,1,Hipodroom,6,success,"{"total":6,"location_name":"Hipodroom","location_id":1}"
2026-07-25 21:38:47,EEST,3,T1,8,success,"{"total":8,"location_name":"T1 Shopping Mall","location_id":3}"
2026-07-25 21:38:47,EEST,9,Mustika,7,success,"{"total":7,"location_name":"Mustika","location_id":9}"
2026-07-25 21:38:47,EEST,10,Suur-Paala,4,success,"{"total":4,"location_name":"Suur-Paala","location_id":10}"
2026-07-25 21:40:47,EEST,1,Hipodroom,6,success,"{"total":6,"location_name":"Hipodroom","location_id":1}"
2026-07-25 21:40:47,EEST,3,T1,8,success,"{"total":8,"location_name":"T1 Shopping Mall","location_id":3}"
2026-07-25 21:40:47,EEST,9,Mustika,7,success,"{"total":7,"location_name":"Mustika","location_id":9}"
2026-07-25 21:40:47,EEST,10,Suur-Paala,4,success,"{"total":4,"location_name":"Suur-Paala","location_id":10}"
2026-07-25 21:42:48,EEST,1,Hipodroom,6,success,"{"total":6,"location_name":"Hipodroom","location_id":1}"
2026-07-25 21:42:48,EEST,3,T1,7,success,"{"total":7,"location_name":"T1 Shopping Mall","location_id":3}"
2026-07-25 21:42:48,EEST,9,Mustika,7,success,"{"total":7,"location_name":"Mustika","location_id":9}"
2026-07-25 21:42:48,EEST,10,Suur-Paala,4,success,"{"total":4,"location_name":"Suur-Paala","location_id":10}"
2026-07-25 21:44:49,EEST,1,Hipodroom,6,success,"{"total":6,"location_name":"Hipodroom","location_id":1}"
2026-07-25 21:44:49,EEST,3,T1,7,success,"{"total":7,"location_name":"T1 Shopping Mall","location_id":3}"
2026-07-25 21:44:49,EEST,9,Mustika,7,success,"{"total":7,"location_name":"Mustika","location_id":9}"
2026-07-25 21:44:49,EEST,10,Suur-Paala,4,success,"{"total":4,"location_name":"Suur-Paala","location_id":10}"
2026-07-25 21:46:49,EEST,1,Hipodroom,6,success,"{"total":6,"location_name":"Hipodroom","location_id":1}"
2026-07-25 21:46:49,EEST,3,T1,7,success,"{"total":7,"location_name":"T1 Shopping Mall","location_id":3}"
2026-07-25 21:46:49,EEST,9,Mustika,7,success,"{"total":7,"location_name":"Mustika","location_id":9}"
2026-07-25 21:46:49,EEST,10,Suur-Paala,4,success,"{"total":4,"location_name":"Suur-Paala","location_id":10}"
2026-07-25 21:48:50,EEST,1,Hipodroom,6,success,"{"total":6,"location_name":"Hipodroom","location_id":1}"
2026-07-25 21:48:50,EEST,3,T1,7,success,"{"total":7,"location_name":"T1 Shopping Mall","location_id":3}"
2026-07-25 21:48:50,EEST,9,Mustika,7,success,"{"total":7,"location_name":"Mustika","location_id":9}"
2026-07-25 21:48:50,EEST,10,Suur-Paala,4,success,"{"total":4,"location_name":"Suur-Paala","location_id":10}"
2026-07-25 21:50:50,EEST,1,Hipodroom,6,success,"{"total":6,"location_name":"Hipodroom","location_id":1}"
2026-07-25 21:50:50,EEST,3,T1,7,success,"{"total":7,"location_name":"T1 Shopping Mall","location_id":3}"
2026-07-25 21:50:50,EEST,9,Mustika,7,success,"{"total":7,"location_name":"Mustika","location_id":9}"
2026-07-25 21:50:50,EEST,10,Suur-Paala,4,success,"{"total":4,"location_name":"Suur-Paala","location_id":10}"
2026-07-25 21:52:51,EEST,1,Hipodroom,6,success,"{"total":6,"location_name":"Hipodroom","location_id":1}"
2026-07-25 21:52:51,EEST,3,T1,7,success,"{"total":7,"location_name":"T1 Shopping Mall","location_id":3}"
2026-07-25 21:52:51,EEST,9,Mustika,7,success,"{"total":7,"location_name":"Mustika","location_id":9}"
2026-07-25 21:52:51,EEST,10,Suur-Paala,4,success,"{"total":4,"location_name":"Suur-Paala","location_id":10}"
2026-07-25 21:54:52,EEST,1,Hipodroom,6,success,"{"total":6,"location_name":"Hipodroom","location_id":1}"
2026-07-25 21:54:52,EEST,3,T1,7,success,"{"total":7,"location_name":"T1 Shopping Mall","location_id":3}"
2026-07-25 21:54:52,EEST,9,Mustika,7,success,"{"total":7,"location_name":"Mustika","location_id":9}"
2026-07-25 21:54:52,EEST,10,Suur-Paala,4,success,"{"total":4,"location_name":"Suur-Paala","location_id":10}"
2026-07-25 21:56:52,EEST,1,Hipodroom,6,success,"{"total":6,"location_name":"Hipodroom","location_id":1}"
2026-07-25 21:56:52,EEST,3,T1,7,success,"{"total":7,"location_name":"T1 Shopping Mall","location_id":3}"
2026-07-25 21:56:52,EEST,9,Mustika,7,success,"{"total":7,"location_name":"Mustika","location_id":9}"
2026-07-25 21:56:52,EEST,10,Suur-Paala,4,success,"{"total":4,"location_name":"Suur-Paala","location_id":10}"
2026-07-25 21:58:53,EEST,1,Hipodroom,6,success,"{"total":6,"location_name":"Hipodroom","location_id":1}"
2026-07-25 21:58:53,EEST,3,T1,7,success,"{"total":7,"location_name":"T1 Shopping Mall","location_id":3}"
2026-07-25 21:58:53,EEST,9,Mustika,7,success,"{"total":7,"location_name":"Mustika","location_id":9}"
2026-07-25 21:58:53,EEST,10,Suur-Paala,4,success,"{"total":4,"location_name":"Suur-Paala","location_id":10}"
2026-07-25 22:00:53,EEST,1,Hipodroom,5,success,"{"total":5,"location_name":"Hipodroom","location_id":1}"
2026-07-25 22:00:53,EEST,3,T1,7,success,"{"total":7,"location_name":"T1 Shopping Mall","location_id":3}"
2026-07-25 22:00:53,EEST,9,Mustika,7,success,"{"total":7,"location_name":"Mustika","location_id":9}"
2026-07-25 22:00:53,EEST,10,Suur-Paala,4,success,"{"total":4,"location_name":"Suur-Paala","location_id":10}"
2026-07-25 22:02:54,EEST,1,Hipodroom,5,success,"{"total":5,"location_name":"Hipodroom","location_id":1}"
2026-07-25 22:02:54,EEST,3,T1,7,success,"{"total":7,"location_name":"T1 Shopping Mall","location_id":3}"
2026-07-25 22:02:54,EEST,9,Mustika,7,success,"{"total":7,"location_name":"Mustika","location_id":9}"
2026-07-25 22:02:54,EEST,10,Suur-Paala,3,success,"{"total":3,"location_name":"Suur-Paala","location_id":10}"
2026-07-25 22:04:55,EEST,1,Hipodroom,5,success,"{"total":5,"location_name":"Hipodroom","location_id":1}"
2026-07-25 22:04:55,EEST,3,T1,7,success,"{"total":7,"location_name":"T1 Shopping Mall","location_id":3}"
2026-07-25 22:04:55,EEST,9,Mustika,7,success,"{"total":7,"location_name":"Mustika","location_id":9}"
2026-07-25 22:04:55,EEST,10,Suur-Paala,3,success,"{"total":3,"location_name":"Suur-Paala","location_id":10}"
2026-07-25 22:06:55,EEST,1,Hipodroom,5,success,"{"total":5,"location_name":"Hipodroom","location_id":1}"
2026-07-25 22:06:55,EEST,3,T1,7,success,"{"total":7,"location_name":"T1 Shopping Mall","location_id":3}"
2026-07-25 22:06:55,EEST,9,Mustika,7,success,"{"total":7,"location_name":"Mustika","location_id":9}"
2026-07-25 22:06:55,EEST,10,Suur-Paala,3,success,"{"total":3,"location_name":"Suur-Paala","location_id":10}"
2026-07-25 22:08:56,EEST,1,Hipodroom,5,success,"{"total":5,"location_name":"Hipodroom","location_id":1}"
2026-07-25 22:08:56,EEST,3,T1,7,success,"{"total":7,"location_name":"T1 Shopping Mall","location_id":3}"
2026-07-25 22:08:56,EEST,9,Mustika,7,success,"{"total":7,"location_name":"Mustika","location_id":9}"
2026-07-25 22:08:56,EEST,10,Suur-Paala,1,success,"{"total":1,"location_name":"Suur-Paala","location_id":10}"
2026-07-25 22:10:56,EEST,1,Hipodroom,5,success,"{"total":5,"location_name":"Hipodroom","location_id":1}"
2026-07-25 22:10:56,EEST,3,T1,7,success,"{"total":7,"location_name":"T1 Shopping Mall","location_id":3}"
2026-07-25 22:10:56,EEST,9,Mustika,7,success,"{"total":7,"location_name":"Mustika","location_id":9}"
2026-07-25 22:10:56,EEST,10,Suur-Paala,1,success,"{"total":1,"location_name":"Suur-Paala","location_id":10}"
2026-07-25 22:12:57,EEST,1,Hipodroom,5,success,"{"total":5,"location_name":"Hipodroom","location_id":1}"
2026-07-25 22:12:57,EEST,3,T1,7,success,"{"total":7,"location_name":"T1 Shopping Mall","location_id":3}"
2026-07-25 22:12:57,EEST,9,Mustika,7,success,"{"total":7,"location_name":"Mustika","location_id":9}"
2026-07-25 22:12:57,EEST,10,Suur-Paala,1,success,"{"total":1,"location_name":"Suur-Paala","location_id":10}"
2026-07-25 22:14:57,EEST,1,Hipodroom,5,success,"{"total":5,"location_name":"Hipodroom","location_id":1}"
2026-07-25 22:14:57,EEST,3,T1,7,success,"{"total":7,"location_name":"T1 Shopping Mall","location_id":3}"
2026-07-25 22:14:57,EEST,9,Mustika,7,success,"{"total":7,"location_name":"Mustika","location_id":9}"
2026-07-25 22:14:57,EEST,10,Suur-Paala,1,success,"{"total":1,"location_name":"Suur-Paala","location_id":10}"
2026-07-25 22:16:59,EEST,1,Hipodroom,5,success,"{"total":5,"location_name":"Hipodroom","location_id":1}"
2026-07-25 22:16:59,EEST,3,T1,7,success,"{"total":7,"location_name":"T1 Shopping Mall","location_id":3}"
2026-07-25 22:16:59,EEST,9,Mustika,7,success,"{"total":7,"location_name":"Mustika","location_id":9}"
2026-07-25 22:16:59,EEST,10,Suur-Paala,1,success,"{"total":1,"location_name":"Suur-Paala","location_id":10}"
2026-07-25 22:18:59,EEST,1,Hipodroom,5,success,"{"total":5,"location_name":"Hipodroom","location_id":1}"
2026-07-25 22:18:59,EEST,3,T1,7,success,"{"total":7,"location_name":"T1 Shopping Mall","location_id":3}"
2026-07-25 22:18:59,EEST,9,Mustika,6,success,"{"total":6,"location_name":"Mustika","location_id":9}"
2026-07-25 22:18:59,EEST,10,Suur-Paala,1,success,"{"total":1,"location_name":"Suur-Paala","location_id":10}"
2026-07-25 22:21:00,EEST,1,Hipodroom,5,success,"{"total":5,"location_name":"Hipodroom","location_id":1}"
2026-07-25 22:21:00,EEST,3,T1,7,success,"{"total":7,"location_name":"T1 Shopping Mall","location_id":3}"
2026-07-25 22:21:00,EEST,9,Mustika,6,success,"{"total":6,"location_name":"Mustika","location_id":9}"
2026-07-25 22:21:00,EEST,10,Suur-Paala,1,success,"{"total":1,"location_name":"Suur-Paala","location_id":10}"
2026-07-25 22:23:00,EEST,1,Hipodroom,5,success,"{"total":5,"location_name":"Hipodroom","location_id":1}"
2026-07-25 22:23:00,EEST,3,T1,7,success,"{"total":7,"location_name":"T1 Shopping Mall","location_id":3}"
2026-07-25 22:23:00,EEST,9,Mustika,6,success,"{"total":6,"location_name":"Mustika","location_id":9}"
2026-07-25 22:23:00,EEST,10,Suur-Paala,1,success,"{"total":1,"location_name":"Suur-Paala","location_id":10}"
2026-07-25 22:25:01,EEST,1,Hipodroom,5,success,"{"total":5,"location_name":"Hipodroom","location_id":1}"
2026-07-25 22:25:01,EEST,3,T1,7,success,"{"total":7,"location_name":"T1 Shopping Mall","location_id":3}"
2026-07-25 22:25:01,EEST,9,Mustika,4,success,"{"total":4,"location_name":"Mustika","location_id":9}"
2026-07-25 22:25:01,EEST,10,Suur-Paala,1,success,"{"total":1,"location_name":"Suur-Paala","location_id":10}"
2026-07-25 22:27:02,EEST,1,Hipodroom,5,success,"{"total":5,"location_name":"Hipodroom","location_id":1}"
2026-07-25 22:27:02,EEST,3,T1,7,success,"{"total":7,"location_name":"T1 Shopping Mall","location_id":3}"
2026-07-25 22:27:02,EEST,9,Mustika,4,success,"{"total":4,"location_name":"Mustika","location_id":9}"
2026-07-25 22:27:02,EEST,10,Suur-Paala,1,success,"{"total":1,"location_name":"Suur-Paala","location_id":10}"
2026-07-25 22:29:02,EEST,1,Hipodroom,5,success,"{"total":5,"location_name":"Hipodroom","location_id":1}"
2026-07-25 22:29:02,EEST,3,T1,7,success,"{"total":7,"location_name":"T1 Shopping Mall","location_id":3}"
2026-07-25 22:29:02,EEST,9,Mustika,4,success,"{"total":4,"location_name":"Mustika","location_id":9}"
2026-07-25 22:29:02,EEST,10,Suur-Paala,1,success,"{"total":1,"location_name":"Suur-Paala","location_id":10}"
2026-07-25 22:31:03,EEST,1,Hipodroom,5,success,"{"total":5,"location_name":"Hipodroom","location_id":1}"
2026-07-25 22:31:03,EEST,3,T1,7,success,"{"total":7,"location_name":"T1 Shopping Mall","location_id":3}"
2026-07-25 22:31:03,EEST,9,Mustika,4,success,"{"total":4,"location_name":"Mustika","location_id":9}"
2026-07-25 22:31:03,EEST,10,Suur-Paala,1,success,"{"total":1,"location_name":"Suur-Paala","location_id":10}"
2026-07-25 22:33:03,EEST,1,Hipodroom,5,success,"{"total":5,"location_name":"Hipodroom","location_id":1}"
2026-07-25 22:33:03,EEST,3,T1,7,success,"{"total":7,"location_name":"T1 Shopping Mall","location_id":3}"
2026-07-25 22:33:03,EEST,9,Mustika,4,success,"{"total":4,"location_name":"Mustika","location_id":9}"
2026-07-25 22:33:03,EEST,10,Suur-Paala,1,success,"{"total":1,"location_name":"Suur-Paala","location_id":10}"
2026-07-25 22:35:04,EEST,1,Hipodroom,5,success,"{"total":5,"location_name":"Hipodroom","location_id":1}"
2026-07-25 22:35:04,EEST,3,T1,7,success,"{"total":7,"location_name":"T1 Shopping Mall","location_id":3}"
2026-07-25 22:35:04,EEST,9,Mustika,4,success,"{"total":4,"location_name":"Mustika","location_id":9}"
2026-07-25 22:35:04,EEST,10,Suur-Paala,1,success,"{"total":1,"location_name":"Suur-Paala","location_id":10}"
2026-07-25 22:37:05,EEST,1,Hipodroom,5,success,"{"total":5,"location_name":"Hipodroom","location_id":1}"
2026-07-25 22:37:05,EEST,3,T1,7,success,"{"total":7,"location_name":"T1 Shopping Mall","location_id":3}"
2026-07-25 22:37:05,EEST,9,Mustika,4,success,"{"total":4,"location_name":"Mustika","location_id":9}"
2026-07-25 22:37:05,EEST,10,Suur-Paala,1,success,"{"total":1,"location_name":"Suur-Paala","location_id":10}"
2026-07-25 22:39:05,EEST,1,Hipodroom,5,success,"{"total":5,"location_name":"Hipodroom","location_id":1}"
2026-07-25 22:39:05,EEST,3,T1,7,success,"{"total":7,"location_name":"T1 Shopping Mall","location_id":3}"
2026-07-25 22:39:05,EEST,9,Mustika,4,success,"{"total":4,"location_name":"Mustika","location_id":9}"
2026-07-25 22:39:05,EEST,10,Suur-Paala,1,success,"{"total":1,"location_name":"Suur-Paala","location_id":10}"
2026-07-25 22:41:06,EEST,1,Hipodroom,5,success,"{"total":5,"location_name":"Hipodroom","location_id":1}"
2026-07-25 22:41:06,EEST,3,T1,7,success,"{"total":7,"location_name":"T1 Shopping Mall","location_id":3}"
2026-07-25 22:41:06,EEST,9,Mustika,4,success,"{"total":4,"location_name":"Mustika","location_id":9}"
2026-07-25 22:41:06,EEST,10,Suur-Paala,1,success,"{"total":1,"location_name":"Suur-Paala","location_id":10}"
2026-07-25 22:43:06,EEST,1,Hipodroom,6,success,"{"total":6,"location_name":"Hipodroom","location_id":1}"
2026-07-25 22:43:06,EEST,3,T1,7,success,"{"total":7,"location_name":"T1 Shopping Mall","location_id":3}"
2026-07-25 22:43:06,EEST,9,Mustika,4,success,"{"total":4,"location_name":"Mustika","location_id":9}"
2026-07-25 22:43:06,EEST,10,Suur-Paala,1,success,"{"total":1,"location_name":"Suur-Paala","location_id":10}"
2026-07-25 22:45:07,EEST,1,Hipodroom,6,success,"{"total":6,"location_name":"Hipodroom","location_id":1}"
2026-07-25 22:45:07,EEST,3,T1,7,success,"{"total":7,"location_name":"T1 Shopping Mall","location_id":3}"
2026-07-25 22:45:07,EEST,9,Mustika,4,success,"{"total":4,"location_name":"Mustika","location_id":9}"
2026-07-25 22:45:07,EEST,10,Suur-Paala,1,success,"{"total":1,"location_name":"Suur-Paala","location_id":10}"
2026-07-25 22:47:08,EEST,1,Hipodroom,6,success,"{"total":6,"location_name":"Hipodroom","location_id":1}"
2026-07-25 22:47:08,EEST,3,T1,7,success,"{"total":7,"location_name":"T1 Shopping Mall","location_id":3}"
2026-07-25 22:47:08,EEST,9,Mustika,4,success,"{"total":4,"location_name":"Mustika","location_id":9}"
2026-07-25 22:47:08,EEST,10,Suur-Paala,1,success,"{"total":1,"location_name":"Suur-Paala","location_id":10}"
2026-07-25 22:49:09,EEST,1,Hipodroom,5,success,"{"total":5,"location_name":"Hipodroom","location_id":1}"
2026-07-25 22:49:09,EEST,3,T1,8,success,"{"total":8,"location_name":"T1 Shopping Mall","location_id":3}"
2026-07-25 22:49:09,EEST,9,Mustika,4,success,"{"total":4,"location_name":"Mustika","location_id":9}"
2026-07-25 22:49:09,EEST,10,Suur-Paala,1,success,"{"total":1,"location_name":"Suur-Paala","location_id":10}"
2026-07-25 22:51:09,EEST,1,Hipodroom,5,success,"{"total":5,"location_name":"Hipodroom","location_id":1}"
2026-07-25 22:51:09,EEST,3,T1,8,success,"{"total":8,"location_name":"T1 Shopping Mall","location_id":3}"
2026-07-25 22:51:09,EEST,9,Mustika,4,success,"{"total":4,"location_name":"Mustika","location_id":9}"
2026-07-25 22:51:09,EEST,10,Suur-Paala,1,success,"{"total":1,"location_name":"Suur-Paala","location_id":10}"
2026-07-25 22:53:10,EEST,1,Hipodroom,5,success,"{"total":5,"location_name":"Hipodroom","location_id":1}"
2026-07-25 22:53:10,EEST,3,T1,8,success,"{"total":8,"location_name":"T1 Shopping Mall","location_id":3}"
2026-07-25 22:53:10,EEST,9,Mustika,4,success,"{"total":4,"location_name":"Mustika","location_id":9}"
2026-07-25 22:53:10,EEST,10,Suur-Paala,1,success,"{"total":1,"location_name":"Suur-Paala","location_id":10}"
2026-07-25 22:55:10,EEST,1,Hipodroom,5,success,"{"total":5,"location_name":"Hipodroom","location_id":1}"
2026-07-25 22:55:10,EEST,3,T1,9,success,"{"total":9,"location_name":"T1 Shopping Mall","location_id":3}"
2026-07-25 22:55:10,EEST,9,Mustika,3,success,"{"total":3,"location_name":"Mustika","location_id":9}"
2026-07-25 22:55:10,EEST,10,Suur-Paala,1,success,"{"total":1,"location_name":"Suur-Paala","location_id":10}"
2026-07-25 22:57:11,EEST,1,Hipodroom,5,success,"{"total":5,"location_name":"Hipodroom","location_id":1}"
2026-07-25 22:57:11,EEST,3,T1,9,success,"{"total":9,"location_name":"T1 Shopping Mall","location_id":3}"
2026-07-25 22:57:11,EEST,9,Mustika,3,success,"{"total":3,"location_name":"Mustika","location_id":9}"
2026-07-25 22:57:11,EEST,10,Suur-Paala,1,success,"{"total":1,"location_name":"Suur-Paala","location_id":10}"
2026-07-25 22:59:12,EEST,1,Hipodroom,5,success,"{"total":5,"location_name":"Hipodroom","location_id":1}"
2026-07-25 22:59:12,EEST,3,T1,9,success,"{"total":9,"location_name":"T1 Shopping Mall","location_id":3}"
2026-07-25 22:59:12,EEST,9,Mustika,3,success,"{"total":3,"location_name":"Mustika","location_id":9}"
2026-07-25 22:59:12,EEST,10,Suur-Paala,1,success,"{"total":1,"location_name":"Suur-Paala","location_id":10}"
2026-07-25 23:01:12,EEST,1,Hipodroom,4,success,"{"total":4,"location_name":"Hipodroom","location_id":1}"
2026-07-25 23:01:12,EEST,3,T1,6,success,"{"total":6,"location_name":"T1 Shopping Mall","location_id":3}"
2026-07-25 23:01:12,EEST,9,Mustika,2,success,"{"total":2,"location_name":"Mustika","location_id":9}"
2026-07-25 23:01:12,EEST,10,Suur-Paala,1,success,"{"total":1,"location_name":"Suur-Paala","location_id":10}"
2026-07-25 23:03:13,EEST,1,Hipodroom,4,success,"{"total":4,"location_name":"Hipodroom","location_id":1}"
2026-07-25 23:03:13,EEST,3,T1,6,success,"{"total":6,"location_name":"T1 Shopping Mall","location_id":3}"
2026-07-25 23:03:13,EEST,9,Mustika,2,success,"{"total":2,"location_name":"Mustika","location_id":9}"
2026-07-25 23:03:13,EEST,10,Suur-Paala,0,success,"{"total":0,"location_name":"Suur-Paala","location_id":10}"
2026-07-25 23:05:14,EEST,1,Hipodroom,4,success,"{"total":4,"location_name":"Hipodroom","location_id":1}"
2026-07-25 23:05:14,EEST,3,T1,6,success,"{"total":6,"location_name":"T1 Shopping Mall","location_id":3}"
2026-07-25 23:05:14,EEST,9,Mustika,2,success,"{"total":2,"location_name":"Mustika","location_id":9}"
2026-07-25 23:05:14,EEST,10,Suur-Paala,0,success,"{"total":0,"location_name":"Suur-Paala","location_id":10}"
2026-07-25 23:07:14,EEST,1,Hipodroom,4,success,"{"total":4,"location_name":"Hipodroom","location_id":1}"
2026-07-25 23:07:14,EEST,3,T1,6,success,"{"total":6,"location_name":"T1 Shopping Mall","location_id":3}"
2026-07-25 23:07:14,EEST,9,Mustika,2,success,"{"total":2,"location_name":"Mustika","location_id":9}"
2026-07-25 23:07:14,EEST,10,Suur-Paala,0,success,"{"total":0,"location_name":"Suur-Paala","location_id":10}"
2026-07-25 23:09:15,EEST,1,Hipodroom,4,success,"{"total":4,"location_name":"Hipodroom","location_id":1}"
2026-07-25 23:09:15,EEST,3,T1,6,success,"{"total":6,"location_name":"T1 Shopping Mall","location_id":3}"
2026-07-25 23:09:15,EEST,9,Mustika,2,success,"{"total":2,"location_name":"Mustika","location_id":9}"
2026-07-25 23:09:15,EEST,10,Suur-Paala,0,success,"{"total":0,"location_name":"Suur-Paala","location_id":10}"
2026-07-25 23:11:16,EEST,1,Hipodroom,4,success,"{"total":4,"location_name":"Hipodroom","location_id":1}"
2026-07-25 23:11:16,EEST,3,T1,6,success,"{"total":6,"location_name":"T1 Shopping Mall","location_id":3}"
2026-07-25 23:11:16,EEST,9,Mustika,2,success,"{"total":2,"location_name":"Mustika","location_id":9}"
2026-07-25 23:11:16,EEST,10,Suur-Paala,0,success,"{"total":0,"location_name":"Suur-Paala","location_id":10}"
2026-07-25 23:13:16,EEST,1,Hipodroom,4,success,"{"total":4,"location_name":"Hipodroom","location_id":1}"
2026-07-25 23:13:16,EEST,3,T1,6,success,"{"total":6,"location_name":"T1 Shopping Mall","location_id":3}"
2026-07-25 23:13:16,EEST,9,Mustika,2,success,"{"total":2,"location_name":"Mustika","location_id":9}"
2026-07-25 23:13:16,EEST,10,Suur-Paala,0,success,"{"total":0,"location_name":"Suur-Paala","location_id":10}"
2026-07-25 23:15:17,EEST,1,Hipodroom,4,success,"{"total":4,"location_name":"Hipodroom","location_id":1}"
2026-07-25 23:15:17,EEST,3,T1,6,success,"{"total":6,"location_name":"T1 Shopping Mall","location_id":3}"
2026-07-25 23:15:17,EEST,9,Mustika,2,success,"{"total":2,"location_name":"Mustika","location_id":9}"
2026-07-25 23:15:17,EEST,10,Suur-Paala,0,success,"{"total":0,"location_name":"Suur-Paala","location_id":10}"
2026-07-25 23:17:18,EEST,1,Hipodroom,4,success,"{"total":4,"location_name":"Hipodroom","location_id":1}"
2026-07-25 23:17:18,EEST,3,T1,6,success,"{"total":6,"location_name":"T1 Shopping Mall","location_id":3}"
2026-07-25 23:17:18,EEST,9,Mustika,2,success,"{"total":2,"location_name":"Mustika","location_id":9}"
2026-07-25 23:17:18,EEST,10,Suur-Paala,0,success,"{"total":0,"location_name":"Suur-Paala","location_id":10}"
2026-07-25 23:19:18,EEST,1,Hipodroom,4,success,"{"total":4,"location_name":"Hipodroom","location_id":1}"
2026-07-25 23:19:18,EEST,3,T1,6,success,"{"total":6,"location_name":"T1 Shopping Mall","location_id":3}"
2026-07-25 23:19:18,EEST,9,Mustika,2,success,"{"total":2,"location_name":"Mustika","location_id":9}"
2026-07-25 23:19:18,EEST,10,Suur-Paala,0,success,"{"total":0,"location_name":"Suur-Paala","location_id":10}"
2026-07-25 23:21:19,EEST,1,Hipodroom,4,success,"{"total":4,"location_name":"Hipodroom","location_id":1}"
2026-07-25 23:21:19,EEST,3,T1,6,success,"{"total":6,"location_name":"T1 Shopping Mall","location_id":3}"
2026-07-25 23:21:19,EEST,9,Mustika,2,success,"{"total":2,"location_name":"Mustika","location_id":9}"
2026-07-25 23:21:19,EEST,10,Suur-Paala,0,success,"{"total":0,"location_name":"Suur-Paala","location_id":10}"
2026-07-25 23:23:20,EEST,1,Hipodroom,4,success,"{"total":4,"location_name":"Hipodroom","location_id":1}"
2026-07-25 23:23:20,EEST,3,T1,6,success,"{"total":6,"location_name":"T1 Shopping Mall","location_id":3}"
2026-07-25 23:23:20,EEST,9,Mustika,2,success,"{"total":2,"location_name":"Mustika","location_id":9}"
2026-07-25 23:23:20,EEST,10,Suur-Paala,0,success,"{"total":0,"location_name":"Suur-Paala","location_id":10}"
2026-07-25 23:25:20,EEST,1,Hipodroom,1,success,"{"total":1,"location_name":"Hipodroom","location_id":1}"
2026-07-25 23:25:20,EEST,3,T1,5,success,"{"total":5,"location_name":"T1 Shopping Mall","location_id":3}"
2026-07-25 23:25:20,EEST,9,Mustika,0,success,"{"total":0,"location_name":"Mustika","location_id":9}"
2026-07-25 23:25:20,EEST,10,Suur-Paala,0,success,"{"total":0,"location_name":"Suur-Paala","location_id":10}"
2026-07-25 23:27:21,EEST,1,Hipodroom,1,success,"{"total":1,"location_name":"Hipodroom","location_id":1}"
2026-07-25 23:27:21,EEST,3,T1,5,success,"{"total":5,"location_name":"T1 Shopping Mall","location_id":3}"
2026-07-25 23:27:21,EEST,9,Mustika,0,success,"{"total":0,"location_name":"Mustika","location_id":9}"
2026-07-25 23:27:21,EEST,10,Suur-Paala,0,success,"{"total":0,"location_name":"Suur-Paala","location_id":10}"
2026-07-25 23:29:22,EEST,1,Hipodroom,1,success,"{"total":1,"location_name":"Hipodroom","location_id":1}"
2026-07-25 23:29:22,EEST,3,T1,5,success,"{"total":5,"location_name":"T1 Shopping Mall","location_id":3}"
2026-07-25 23:29:22,EEST,9,Mustika,0,success,"{"total":0,"location_name":"Mustika","location_id":9}"
2026-07-25 23:29:22,EEST,10,Suur-Paala,0,success,"{"total":0,"location_name":"Suur-Paala","location_id":10}"
2026-07-25 23:31:22,EEST,1,Hipodroom,1,success,"{"total":1,"location_name":"Hipodroom","location_id":1}"
2026-07-25 23:31:22,EEST,3,T1,5,success,"{"total":5,"location_name":"T1 Shopping Mall","location_id":3}"
2026-07-25 23:31:22,EEST,9,Mustika,0,success,"{"total":0,"location_name":"Mustika","location_id":9}"
2026-07-25 23:31:22,EEST,10,Suur-Paala,0,success,"{"total":0,"location_name":"Suur-Paala","location_id":10}"
2026-07-25 23:33:23,EEST,1,Hipodroom,1,success,"{"total":1,"location_name":"Hipodroom","location_id":1}"
2026-07-25 23:33:23,EEST,3,T1,5,success,"{"total":5,"location_name":"T1 Shopping Mall","location_id":3}"
2026-07-25 23:33:23,EEST,9,Mustika,0,success,"{"total":0,"location_name":"Mustika","location_id":9}"
2026-07-25 23:33:23,EEST,10,Suur-Paala,0,success,"{"total":0,"location_name":"Suur-Paala","location_id":10}"
2026-07-25 23:35:24,EEST,1,Hipodroom,1,success,"{"total":1,"location_name":"Hipodroom","location_id":1}"
2026-07-25 23:35:24,EEST,3,T1,5,success,"{"total":5,"location_name":"T1 Shopping Mall","location_id":3}"
2026-07-25 23:35:24,EEST,9,Mustika,0,success,"{"total":0,"location_name":"Mustika","location_id":9}"
2026-07-25 23:35:24,EEST,10,Suur-Paala,0,success,"{"total":0,"location_name":"Suur-Paala","location_id":10}"
2026-07-25 23:37:24,EEST,1,Hipodroom,1,success,"{"total":1,"location_name":"Hipodroom","location_id":1}"
2026-07-25 23:37:24,EEST,3,T1,4,success,"{"total":4,"location_name":"T1 Shopping Mall","location_id":3}"
2026-07-25 23:37:24,EEST,9,Mustika,0,success,"{"total":0,"location_name":"Mustika","location_id":9}"
2026-07-25 23:37:24,EEST,10,Suur-Paala,0,success,"{"total":0,"location_name":"Suur-Paala","location_id":10}"
2026-07-25 23:39:25,EEST,1,Hipodroom,1,success,"{"total":1,"location_name":"Hipodroom","location_id":1}"
2026-07-25 23:39:25,EEST,3,T1,4,success,"{"total":4,"location_name":"T1 Shopping Mall","location_id":3}"
2026-07-25 23:39:25,EEST,9,Mustika,0,success,"{"total":0,"location_name":"Mustika","location_id":9}"
2026-07-25 23:39:25,EEST,10,Suur-Paala,0,success,"{"total":0,"location_name":"Suur-Paala","location_id":10}"
2026-07-25 23:41:26,EEST,1,Hipodroom,1,success,"{"total":1,"location_name":"Hipodroom","location_id":1}"
2026-07-25 23:41:26,EEST,3,T1,4,success,"{"total":4,"location_name":"T1 Shopping Mall","location_id":3}"
2026-07-25 23:41:26,EEST,9,Mustika,0,success,"{"total":0,"location_name":"Mustika","location_id":9}"
2026-07-25 23:41:26,EEST,10,Suur-Paala,0,success,"{"total":0,"location_name":"Suur-Paala","location_id":10}"
2026-07-25 23:43:26,EEST,1,Hipodroom,1,success,"{"total":1,"location_name":"Hipodroom","location_id":1}"
2026-07-25 23:43:26,EEST,3,T1,4,success,"{"total":4,"location_name":"T1 Shopping Mall","location_id":3}"
2026-07-25 23:43:26,EEST,9,Mustika,0,success,"{"total":0,"location_name":"Mustika","location_id":9}"
2026-07-25 23:43:26,EEST,10,Suur-Paala,0,success,"{"total":0,"location_name":"Suur-Paala","location_id":10}"
2026-07-25 23:45:27,EEST,1,Hipodroom,1,success,"{"total":1,"location_name":"Hipodroom","location_id":1}"
2026-07-25 23:45:27,EEST,3,T1,4,success,"{"total":4,"location_name":"T1 Shopping Mall","location_id":3}"
2026-07-25 23:45:27,EEST,9,Mustika,0,success,"{"total":0,"location_name":"Mustika","location_id":9}"
2026-07-25 23:45:27,EEST,10,Suur-Paala,0,success,"{"total":0,"location_name":"Suur-Paala","location_id":10}"
2026-07-25 23:47:28,EEST,1,Hipodroom,1,success,"{"total":1,"location_name":"Hipodroom","location_id":1}"
2026-07-25 23:47:28,EEST,3,T1,4,success,"{"total":4,"location_name":"T1 Shopping Mall","location_id":3}"
2026-07-25 23:47:28,EEST,9,Mustika,0,success,"{"total":0,"location_name":"Mustika","location_id":9}"
2026-07-25 23:47:28,EEST,10,Suur-Paala,0,success,"{"total":0,"location_name":"Suur-Paala","location_id":10}"
2026-07-25 23:49:28,EEST,1,Hipodroom,1,success,"{"total":1,"location_name":"Hipodroom","location_id":1}"
2026-07-25 23:49:28,EEST,3,T1,5,success,"{"total":5,"location_name":"T1 Shopping Mall","location_id":3}"
2026-07-25 23:49:28,EEST,9,Mustika,0,success,"{"total":0,"location_name":"Mustika","location_id":9}"
2026-07-25 23:49:28,EEST,10,Suur-Paala,0,success,"{"total":0,"location_name":"Suur-Paala","location_id":10}"
2026-07-25 23:51:29,EEST,1,Hipodroom,1,success,"{"total":1,"location_name":"Hipodroom","location_id":1}"
2026-07-25 23:51:29,EEST,3,T1,5,success,"{"total":5,"location_name":"T1 Shopping Mall","location_id":3}"
2026-07-25 23:51:29,EEST,9,Mustika,0,success,"{"total":0,"location_name":"Mustika","location_id":9}"
2026-07-25 23:51:29,EEST,10,Suur-Paala,0,success,"{"total":0,"location_name":"Suur-Paala","location_id":10}"
2026-07-25 23:53:29,EEST,1,Hipodroom,1,success,"{"total":1,"location_name":"Hipodroom","location_id":1}"
2026-07-25 23:53:29,EEST,3,T1,5,success,"{"total":5,"location_name":"T1 Shopping Mall","location_id":3}"
2026-07-25 23:53:29,EEST,9,Mustika,0,success,"{"total":0,"location_name":"Mustika","location_id":9}"
2026-07-25 23:53:29,EEST,10,Suur-Paala,0,success,"{"total":0,"location_name":"Suur-Paala","location_id":10}"
2026-07-25 23:55:30,EEST,1,Hipodroom,1,success,"{"total":1,"location_name":"Hipodroom","location_id":1}"
2026-07-25 23:55:30,EEST,3,T1,5,success,"{"total":5,"location_name":"T1 Shopping Mall","location_id":3}"
2026-07-25 23:55:30,EEST,9,Mustika,0,success,"{"total":0,"location_name":"Mustika","location_id":9}"
2026-07-25 23:55:30,EEST,10,Suur-Paala,0,success,"{"total":0,"location_name":"Suur-Paala","location_id":10}"
2026-07-25 23:57:31,EEST,1,Hipodroom,1,success,"{"total":1,"location_name":"Hipodroom","location_id":1}"
2026-07-25 23:57:31,EEST,3,T1,5,success,"{"total":5,"location_name":"T1 Shopping Mall","location_id":3}"
2026-07-25 23:57:31,EEST,9,Mustika,0,success,"{"total":0,"location_name":"Mustika","location_id":9}"
2026-07-25 23:57:31,EEST,10,Suur-Paala,1,success,"{"total":1,"location_name":"Suur-Paala","location_id":10}"
2026-07-25 23:59:31,EEST,1,Hipodroom,1,success,"{"total":1,"location_name":"Hipodroom","location_id":1}"
2026-07-25 23:59:31,EEST,3,T1,5,success,"{"total":5,"location_name":"T1 Shopping Mall","location_id":3}"
2026-07-25 23:59:31,EEST,9,Mustika,0,success,"{"total":0,"location_name":"Mustika","location_id":9}"
2026-07-25 23:59:31,EEST,10,Suur-Paala,1,success,"{"total":1,"location_name":"Suur-Paala","location_id":10}"
