timestamp,timezone,location_id,location_name,user_count,status,response
2026-07-31 00:00:53,EEST,1,Hipodroom,5,success,"{"total":5,"location_name":"Hipodroom","location_id":1}"
2026-07-31 00:00:53,EEST,3,T1,7,success,"{"total":7,"location_name":"T1 Shopping Mall","location_id":3}"
2026-07-31 00:00:53,EEST,9,Mustika,2,success,"{"total":2,"location_name":"Mustika","location_id":9}"
2026-07-31 00:00:53,EEST,10,Suur-Paala,1,success,"{"total":1,"location_name":"Suur-Paala","location_id":10}"
2026-07-31 00:02:54,EEST,1,Hipodroom,5,success,"{"total":5,"location_name":"Hipodroom","location_id":1}"
2026-07-31 00:02:54,EEST,3,T1,7,success,"{"total":7,"location_name":"T1 Shopping Mall","location_id":3}"
2026-07-31 00:02:54,EEST,9,Mustika,2,success,"{"total":2,"location_name":"Mustika","location_id":9}"
2026-07-31 00:02:54,EEST,10,Suur-Paala,0,success,"{"total":0,"location_name":"Suur-Paala","location_id":10}"
2026-07-31 00:04:54,EEST,1,Hipodroom,5,success,"{"total":5,"location_name":"Hipodroom","location_id":1}"
2026-07-31 00:04:54,EEST,3,T1,7,success,"{"total":7,"location_name":"T1 Shopping Mall","location_id":3}"
2026-07-31 00:04:54,EEST,9,Mustika,2,success,"{"total":2,"location_name":"Mustika","location_id":9}"
2026-07-31 00:04:54,EEST,10,Suur-Paala,0,success,"{"total":0,"location_name":"Suur-Paala","location_id":10}"
2026-07-31 00:06:55,EEST,1,Hipodroom,5,success,"{"total":5,"location_name":"Hipodroom","location_id":1}"
2026-07-31 00:06:55,EEST,3,T1,7,success,"{"total":7,"location_name":"T1 Shopping Mall","location_id":3}"
2026-07-31 00:06:55,EEST,9,Mustika,2,success,"{"total":2,"location_name":"Mustika","location_id":9}"
2026-07-31 00:06:55,EEST,10,Suur-Paala,0,success,"{"total":0,"location_name":"Suur-Paala","location_id":10}"
2026-07-31 00:08:56,EEST,1,Hipodroom,5,success,"{"total":5,"location_name":"Hipodroom","location_id":1}"
2026-07-31 00:08:56,EEST,3,T1,7,success,"{"total":7,"location_name":"T1 Shopping Mall","location_id":3}"
2026-07-31 00:08:56,EEST,9,Mustika,2,success,"{"total":2,"location_name":"Mustika","location_id":9}"
2026-07-31 00:08:56,EEST,10,Suur-Paala,0,success,"{"total":0,"location_name":"Suur-Paala","location_id":10}"
2026-07-31 00:10:56,EEST,1,Hipodroom,5,success,"{"total":5,"location_name":"Hipodroom","location_id":1}"
2026-07-31 00:10:56,EEST,3,T1,7,success,"{"total":7,"location_name":"T1 Shopping Mall","location_id":3}"
2026-07-31 00:10:56,EEST,9,Mustika,2,success,"{"total":2,"location_name":"Mustika","location_id":9}"
2026-07-31 00:10:56,EEST,10,Suur-Paala,0,success,"{"total":0,"location_name":"Suur-Paala","location_id":10}"
2026-07-31 00:12:57,EEST,1,Hipodroom,5,success,"{"total":5,"location_name":"Hipodroom","location_id":1}"
2026-07-31 00:12:57,EEST,3,T1,7,success,"{"total":7,"location_name":"T1 Shopping Mall","location_id":3}"
2026-07-31 00:12:57,EEST,9,Mustika,2,success,"{"total":2,"location_name":"Mustika","location_id":9}"
2026-07-31 00:12:57,EEST,10,Suur-Paala,0,success,"{"total":0,"location_name":"Suur-Paala","location_id":10}"
2026-07-31 00:14:58,EEST,1,Hipodroom,5,success,"{"total":5,"location_name":"Hipodroom","location_id":1}"
2026-07-31 00:14:58,EEST,3,T1,7,success,"{"total":7,"location_name":"T1 Shopping Mall","location_id":3}"
2026-07-31 00:14:58,EEST,9,Mustika,2,success,"{"total":2,"location_name":"Mustika","location_id":9}"
2026-07-31 00:14:58,EEST,10,Suur-Paala,0,success,"{"total":0,"location_name":"Suur-Paala","location_id":10}"
2026-07-31 00:16:59,EEST,1,Hipodroom,5,success,"{"total":5,"location_name":"Hipodroom","location_id":1}"
2026-07-31 00:16:59,EEST,3,T1,7,success,"{"total":7,"location_name":"T1 Shopping Mall","location_id":3}"
2026-07-31 00:16:59,EEST,9,Mustika,2,success,"{"total":2,"location_name":"Mustika","location_id":9}"
2026-07-31 00:16:59,EEST,10,Suur-Paala,0,success,"{"total":0,"location_name":"Suur-Paala","location_id":10}"
2026-07-31 00:18:59,EEST,1,Hipodroom,5,success,"{"total":5,"location_name":"Hipodroom","location_id":1}"
2026-07-31 00:18:59,EEST,3,T1,6,success,"{"total":6,"location_name":"T1 Shopping Mall","location_id":3}"
2026-07-31 00:18:59,EEST,9,Mustika,2,success,"{"total":2,"location_name":"Mustika","location_id":9}"
2026-07-31 00:18:59,EEST,10,Suur-Paala,0,success,"{"total":0,"location_name":"Suur-Paala","location_id":10}"
2026-07-31 00:21:00,EEST,1,Hipodroom,5,success,"{"total":5,"location_name":"Hipodroom","location_id":1}"
2026-07-31 00:21:00,EEST,3,T1,6,success,"{"total":6,"location_name":"T1 Shopping Mall","location_id":3}"
2026-07-31 00:21:00,EEST,9,Mustika,2,success,"{"total":2,"location_name":"Mustika","location_id":9}"
2026-07-31 00:21:00,EEST,10,Suur-Paala,0,success,"{"total":0,"location_name":"Suur-Paala","location_id":10}"
2026-07-31 00:23:01,EEST,1,Hipodroom,5,success,"{"total":5,"location_name":"Hipodroom","location_id":1}"
2026-07-31 00:23:01,EEST,3,T1,6,success,"{"total":6,"location_name":"T1 Shopping Mall","location_id":3}"
2026-07-31 00:23:01,EEST,9,Mustika,2,success,"{"total":2,"location_name":"Mustika","location_id":9}"
2026-07-31 00:23:01,EEST,10,Suur-Paala,0,success,"{"total":0,"location_name":"Suur-Paala","location_id":10}"
2026-07-31 00:25:01,EEST,1,Hipodroom,5,success,"{"total":5,"location_name":"Hipodroom","location_id":1}"
2026-07-31 00:25:01,EEST,3,T1,3,success,"{"total":3,"location_name":"T1 Shopping Mall","location_id":3}"
2026-07-31 00:25:01,EEST,9,Mustika,2,success,"{"total":2,"location_name":"Mustika","location_id":9}"
2026-07-31 00:25:01,EEST,10,Suur-Paala,0,success,"{"total":0,"location_name":"Suur-Paala","location_id":10}"
2026-07-31 00:27:02,EEST,1,Hipodroom,5,success,"{"total":5,"location_name":"Hipodroom","location_id":1}"
2026-07-31 00:27:02,EEST,3,T1,3,success,"{"total":3,"location_name":"T1 Shopping Mall","location_id":3}"
2026-07-31 00:27:02,EEST,9,Mustika,2,success,"{"total":2,"location_name":"Mustika","location_id":9}"
2026-07-31 00:27:02,EEST,10,Suur-Paala,0,success,"{"total":0,"location_name":"Suur-Paala","location_id":10}"
2026-07-31 00:29:03,EEST,1,Hipodroom,5,success,"{"total":5,"location_name":"Hipodroom","location_id":1}"
2026-07-31 00:29:03,EEST,3,T1,3,success,"{"total":3,"location_name":"T1 Shopping Mall","location_id":3}"
2026-07-31 00:29:03,EEST,9,Mustika,2,success,"{"total":2,"location_name":"Mustika","location_id":9}"
2026-07-31 00:29:03,EEST,10,Suur-Paala,0,success,"{"total":0,"location_name":"Suur-Paala","location_id":10}"
2026-07-31 00:31:03,EEST,1,Hipodroom,2,success,"{"total":2,"location_name":"Hipodroom","location_id":1}"
2026-07-31 00:31:03,EEST,3,T1,3,success,"{"total":3,"location_name":"T1 Shopping Mall","location_id":3}"
2026-07-31 00:31:03,EEST,9,Mustika,2,success,"{"total":2,"location_name":"Mustika","location_id":9}"
2026-07-31 00:31:03,EEST,10,Suur-Paala,0,success,"{"total":0,"location_name":"Suur-Paala","location_id":10}"
2026-07-31 00:33:04,EEST,1,Hipodroom,2,success,"{"total":2,"location_name":"Hipodroom","location_id":1}"
2026-07-31 00:33:04,EEST,3,T1,3,success,"{"total":3,"location_name":"T1 Shopping Mall","location_id":3}"
2026-07-31 00:33:04,EEST,9,Mustika,2,success,"{"total":2,"location_name":"Mustika","location_id":9}"
2026-07-31 00:33:04,EEST,10,Suur-Paala,0,success,"{"total":0,"location_name":"Suur-Paala","location_id":10}"
2026-07-31 00:35:04,EEST,1,Hipodroom,2,success,"{"total":2,"location_name":"Hipodroom","location_id":1}"
2026-07-31 00:35:04,EEST,3,T1,3,success,"{"total":3,"location_name":"T1 Shopping Mall","location_id":3}"
2026-07-31 00:35:04,EEST,9,Mustika,2,success,"{"total":2,"location_name":"Mustika","location_id":9}"
2026-07-31 00:35:04,EEST,10,Suur-Paala,0,success,"{"total":0,"location_name":"Suur-Paala","location_id":10}"
2026-07-31 00:37:05,EEST,1,Hipodroom,1,success,"{"total":1,"location_name":"Hipodroom","location_id":1}"
2026-07-31 00:37:05,EEST,3,T1,3,success,"{"total":3,"location_name":"T1 Shopping Mall","location_id":3}"
2026-07-31 00:37:05,EEST,9,Mustika,0,success,"{"total":0,"location_name":"Mustika","location_id":9}"
2026-07-31 00:37:05,EEST,10,Suur-Paala,0,success,"{"total":0,"location_name":"Suur-Paala","location_id":10}"
2026-07-31 00:39:07,EEST,1,Hipodroom,1,success,"{"total":1,"location_name":"Hipodroom","location_id":1}"
2026-07-31 00:39:07,EEST,3,T1,3,success,"{"total":3,"location_name":"T1 Shopping Mall","location_id":3}"
2026-07-31 00:39:07,EEST,9,Mustika,0,success,"{"total":0,"location_name":"Mustika","location_id":9}"
2026-07-31 00:39:07,EEST,10,Suur-Paala,0,success,"{"total":0,"location_name":"Suur-Paala","location_id":10}"
2026-07-31 00:41:08,EEST,1,Hipodroom,1,success,"{"total":1,"location_name":"Hipodroom","location_id":1}"
2026-07-31 00:41:08,EEST,3,T1,3,success,"{"total":3,"location_name":"T1 Shopping Mall","location_id":3}"
2026-07-31 00:41:08,EEST,9,Mustika,0,success,"{"total":0,"location_name":"Mustika","location_id":9}"
2026-07-31 00:41:08,EEST,10,Suur-Paala,0,success,"{"total":0,"location_name":"Suur-Paala","location_id":10}"
2026-07-31 00:43:08,EEST,1,Hipodroom,1,success,"{"total":1,"location_name":"Hipodroom","location_id":1}"
2026-07-31 00:43:08,EEST,3,T1,2,success,"{"total":2,"location_name":"T1 Shopping Mall","location_id":3}"
2026-07-31 00:43:08,EEST,9,Mustika,0,success,"{"total":0,"location_name":"Mustika","location_id":9}"
2026-07-31 00:43:08,EEST,10,Suur-Paala,0,success,"{"total":0,"location_name":"Suur-Paala","location_id":10}"
2026-07-31 00:45:09,EEST,1,Hipodroom,1,success,"{"total":1,"location_name":"Hipodroom","location_id":1}"
2026-07-31 00:45:09,EEST,3,T1,2,success,"{"total":2,"location_name":"T1 Shopping Mall","location_id":3}"
2026-07-31 00:45:09,EEST,9,Mustika,0,success,"{"total":0,"location_name":"Mustika","location_id":9}"
2026-07-31 00:45:09,EEST,10,Suur-Paala,0,success,"{"total":0,"location_name":"Suur-Paala","location_id":10}"
2026-07-31 00:47:10,EEST,1,Hipodroom,1,success,"{"total":1,"location_name":"Hipodroom","location_id":1}"
2026-07-31 00:47:10,EEST,3,T1,2,success,"{"total":2,"location_name":"T1 Shopping Mall","location_id":3}"
2026-07-31 00:47:10,EEST,9,Mustika,0,success,"{"total":0,"location_name":"Mustika","location_id":9}"
2026-07-31 00:47:10,EEST,10,Suur-Paala,0,success,"{"total":0,"location_name":"Suur-Paala","location_id":10}"
2026-07-31 00:49:11,EEST,1,Hipodroom,1,success,"{"total":1,"location_name":"Hipodroom","location_id":1}"
2026-07-31 00:49:11,EEST,3,T1,2,success,"{"total":2,"location_name":"T1 Shopping Mall","location_id":3}"
2026-07-31 00:49:11,EEST,9,Mustika,0,success,"{"total":0,"location_name":"Mustika","location_id":9}"
2026-07-31 00:49:11,EEST,10,Suur-Paala,0,success,"{"total":0,"location_name":"Suur-Paala","location_id":10}"
2026-07-31 00:51:12,EEST,1,Hipodroom,1,success,"{"total":1,"location_name":"Hipodroom","location_id":1}"
2026-07-31 00:51:12,EEST,3,T1,2,success,"{"total":2,"location_name":"T1 Shopping Mall","location_id":3}"
2026-07-31 00:51:12,EEST,9,Mustika,0,success,"{"total":0,"location_name":"Mustika","location_id":9}"
2026-07-31 00:51:12,EEST,10,Suur-Paala,0,success,"{"total":0,"location_name":"Suur-Paala","location_id":10}"
2026-07-31 00:53:12,EEST,1,Hipodroom,1,success,"{"total":1,"location_name":"Hipodroom","location_id":1}"
2026-07-31 00:53:12,EEST,3,T1,2,success,"{"total":2,"location_name":"T1 Shopping Mall","location_id":3}"
2026-07-31 00:53:12,EEST,9,Mustika,0,success,"{"total":0,"location_name":"Mustika","location_id":9}"
2026-07-31 00:53:12,EEST,10,Suur-Paala,0,success,"{"total":0,"location_name":"Suur-Paala","location_id":10}"
2026-07-31 00:55:13,EEST,1,Hipodroom,1,success,"{"total":1,"location_name":"Hipodroom","location_id":1}"
2026-07-31 00:55:13,EEST,3,T1,2,success,"{"total":2,"location_name":"T1 Shopping Mall","location_id":3}"
2026-07-31 00:55:13,EEST,9,Mustika,0,success,"{"total":0,"location_name":"Mustika","location_id":9}"
2026-07-31 00:55:13,EEST,10,Suur-Paala,0,success,"{"total":0,"location_name":"Suur-Paala","location_id":10}"
2026-07-31 00:57:14,EEST,1,Hipodroom,1,success,"{"total":1,"location_name":"Hipodroom","location_id":1}"
2026-07-31 00:57:14,EEST,3,T1,2,success,"{"total":2,"location_name":"T1 Shopping Mall","location_id":3}"
2026-07-31 00:57:14,EEST,9,Mustika,0,success,"{"total":0,"location_name":"Mustika","location_id":9}"
2026-07-31 00:57:14,EEST,10,Suur-Paala,0,success,"{"total":0,"location_name":"Suur-Paala","location_id":10}"
2026-07-31 00:59:14,EEST,1,Hipodroom,1,success,"{"total":1,"location_name":"Hipodroom","location_id":1}"
2026-07-31 00:59:14,EEST,3,T1,2,success,"{"total":2,"location_name":"T1 Shopping Mall","location_id":3}"
2026-07-31 00:59:14,EEST,9,Mustika,0,success,"{"total":0,"location_name":"Mustika","location_id":9}"
2026-07-31 00:59:14,EEST,10,Suur-Paala,0,success,"{"total":0,"location_name":"Suur-Paala","location_id":10}"
2026-07-31 01:01:15,EEST,1,Hipodroom,1,success,"{"total":1,"location_name":"Hipodroom","location_id":1}"
2026-07-31 01:01:15,EEST,3,T1,2,success,"{"total":2,"location_name":"T1 Shopping Mall","location_id":3}"
2026-07-31 01:01:15,EEST,9,Mustika,0,success,"{"total":0,"location_name":"Mustika","location_id":9}"
2026-07-31 01:01:15,EEST,10,Suur-Paala,0,success,"{"total":0,"location_name":"Suur-Paala","location_id":10}"
2026-07-31 01:03:16,EEST,1,Hipodroom,1,success,"{"total":1,"location_name":"Hipodroom","location_id":1}"
2026-07-31 01:03:16,EEST,3,T1,2,success,"{"total":2,"location_name":"T1 Shopping Mall","location_id":3}"
2026-07-31 01:03:16,EEST,9,Mustika,0,success,"{"total":0,"location_name":"Mustika","location_id":9}"
2026-07-31 01:03:16,EEST,10,Suur-Paala,0,success,"{"total":0,"location_name":"Suur-Paala","location_id":10}"
2026-07-31 01:05:17,EEST,1,Hipodroom,1,success,"{"total":1,"location_name":"Hipodroom","location_id":1}"
2026-07-31 01:05:17,EEST,3,T1,2,success,"{"total":2,"location_name":"T1 Shopping Mall","location_id":3}"
2026-07-31 01:05:17,EEST,9,Mustika,0,success,"{"total":0,"location_name":"Mustika","location_id":9}"
2026-07-31 01:05:17,EEST,10,Suur-Paala,0,success,"{"total":0,"location_name":"Suur-Paala","location_id":10}"
2026-07-31 01:07:17,EEST,1,Hipodroom,1,success,"{"total":1,"location_name":"Hipodroom","location_id":1}"
2026-07-31 01:07:17,EEST,3,T1,2,success,"{"total":2,"location_name":"T1 Shopping Mall","location_id":3}"
2026-07-31 01:07:17,EEST,9,Mustika,0,success,"{"total":0,"location_name":"Mustika","location_id":9}"
2026-07-31 01:07:17,EEST,10,Suur-Paala,0,success,"{"total":0,"location_name":"Suur-Paala","location_id":10}"
2026-07-31 01:09:18,EEST,1,Hipodroom,1,success,"{"total":1,"location_name":"Hipodroom","location_id":1}"
2026-07-31 01:09:18,EEST,3,T1,2,success,"{"total":2,"location_name":"T1 Shopping Mall","location_id":3}"
2026-07-31 01:09:18,EEST,9,Mustika,0,success,"{"total":0,"location_name":"Mustika","location_id":9}"
2026-07-31 01:09:18,EEST,10,Suur-Paala,0,success,"{"total":0,"location_name":"Suur-Paala","location_id":10}"
2026-07-31 01:11:19,EEST,1,Hipodroom,1,success,"{"total":1,"location_name":"Hipodroom","location_id":1}"
2026-07-31 01:11:19,EEST,3,T1,2,success,"{"total":2,"location_name":"T1 Shopping Mall","location_id":3}"
2026-07-31 01:11:19,EEST,9,Mustika,0,success,"{"total":0,"location_name":"Mustika","location_id":9}"
2026-07-31 01:11:19,EEST,10,Suur-Paala,0,success,"{"total":0,"location_name":"Suur-Paala","location_id":10}"
2026-07-31 01:13:19,EEST,1,Hipodroom,1,success,"{"total":1,"location_name":"Hipodroom","location_id":1}"
2026-07-31 01:13:19,EEST,3,T1,2,success,"{"total":2,"location_name":"T1 Shopping Mall","location_id":3}"
2026-07-31 01:13:19,EEST,9,Mustika,0,success,"{"total":0,"location_name":"Mustika","location_id":9}"
2026-07-31 01:13:19,EEST,10,Suur-Paala,0,success,"{"total":0,"location_name":"Suur-Paala","location_id":10}"
2026-07-31 01:15:20,EEST,1,Hipodroom,1,success,"{"total":1,"location_name":"Hipodroom","location_id":1}"
2026-07-31 01:15:20,EEST,3,T1,2,success,"{"total":2,"location_name":"T1 Shopping Mall","location_id":3}"
2026-07-31 01:15:20,EEST,9,Mustika,0,success,"{"total":0,"location_name":"Mustika","location_id":9}"
2026-07-31 01:15:20,EEST,10,Suur-Paala,0,success,"{"total":0,"location_name":"Suur-Paala","location_id":10}"
2026-07-31 01:17:21,EEST,1,Hipodroom,1,success,"{"total":1,"location_name":"Hipodroom","location_id":1}"
2026-07-31 01:17:21,EEST,3,T1,2,success,"{"total":2,"location_name":"T1 Shopping Mall","location_id":3}"
2026-07-31 01:17:21,EEST,9,Mustika,0,success,"{"total":0,"location_name":"Mustika","location_id":9}"
2026-07-31 01:17:21,EEST,10,Suur-Paala,0,success,"{"total":0,"location_name":"Suur-Paala","location_id":10}"
2026-07-31 01:19:21,EEST,1,Hipodroom,1,success,"{"total":1,"location_name":"Hipodroom","location_id":1}"
2026-07-31 01:19:21,EEST,3,T1,2,success,"{"total":2,"location_name":"T1 Shopping Mall","location_id":3}"
2026-07-31 01:19:21,EEST,9,Mustika,0,success,"{"total":0,"location_name":"Mustika","location_id":9}"
2026-07-31 01:19:21,EEST,10,Suur-Paala,0,success,"{"total":0,"location_name":"Suur-Paala","location_id":10}"
2026-07-31 01:21:22,EEST,1,Hipodroom,1,success,"{"total":1,"location_name":"Hipodroom","location_id":1}"
2026-07-31 01:21:22,EEST,3,T1,2,success,"{"total":2,"location_name":"T1 Shopping Mall","location_id":3}"
2026-07-31 01:21:22,EEST,9,Mustika,0,success,"{"total":0,"location_name":"Mustika","location_id":9}"
2026-07-31 01:21:22,EEST,10,Suur-Paala,0,success,"{"total":0,"location_name":"Suur-Paala","location_id":10}"
2026-07-31 01:23:23,EEST,1,Hipodroom,1,success,"{"total":1,"location_name":"Hipodroom","location_id":1}"
2026-07-31 01:23:23,EEST,3,T1,2,success,"{"total":2,"location_name":"T1 Shopping Mall","location_id":3}"
2026-07-31 01:23:23,EEST,9,Mustika,0,success,"{"total":0,"location_name":"Mustika","location_id":9}"
2026-07-31 01:23:23,EEST,10,Suur-Paala,0,success,"{"total":0,"location_name":"Suur-Paala","location_id":10}"
2026-07-31 01:25:24,EEST,1,Hipodroom,1,success,"{"total":1,"location_name":"Hipodroom","location_id":1}"
2026-07-31 01:25:24,EEST,3,T1,1,success,"{"total":1,"location_name":"T1 Shopping Mall","location_id":3}"
2026-07-31 01:25:24,EEST,9,Mustika,0,success,"{"total":0,"location_name":"Mustika","location_id":9}"
2026-07-31 01:25:24,EEST,10,Suur-Paala,0,success,"{"total":0,"location_name":"Suur-Paala","location_id":10}"
2026-07-31 01:27:24,EEST,1,Hipodroom,1,success,"{"total":1,"location_name":"Hipodroom","location_id":1}"
2026-07-31 01:27:24,EEST,3,T1,1,success,"{"total":1,"location_name":"T1 Shopping Mall","location_id":3}"
2026-07-31 01:27:24,EEST,9,Mustika,0,success,"{"total":0,"location_name":"Mustika","location_id":9}"
2026-07-31 01:27:24,EEST,10,Suur-Paala,0,success,"{"total":0,"location_name":"Suur-Paala","location_id":10}"
2026-07-31 01:29:25,EEST,1,Hipodroom,1,success,"{"total":1,"location_name":"Hipodroom","location_id":1}"
2026-07-31 01:29:25,EEST,3,T1,1,success,"{"total":1,"location_name":"T1 Shopping Mall","location_id":3}"
2026-07-31 01:29:25,EEST,9,Mustika,0,success,"{"total":0,"location_name":"Mustika","location_id":9}"
2026-07-31 01:29:25,EEST,10,Suur-Paala,0,success,"{"total":0,"location_name":"Suur-Paala","location_id":10}"
2026-07-31 01:31:26,EEST,1,Hipodroom,1,success,"{"total":1,"location_name":"Hipodroom","location_id":1}"
2026-07-31 01:31:26,EEST,3,T1,1,success,"{"total":1,"location_name":"T1 Shopping Mall","location_id":3}"
2026-07-31 01:31:26,EEST,9,Mustika,0,success,"{"total":0,"location_name":"Mustika","location_id":9}"
2026-07-31 01:31:26,EEST,10,Suur-Paala,0,success,"{"total":0,"location_name":"Suur-Paala","location_id":10}"
2026-07-31 01:33:27,EEST,1,Hipodroom,1,success,"{"total":1,"location_name":"Hipodroom","location_id":1}"
2026-07-31 01:33:27,EEST,3,T1,1,success,"{"total":1,"location_name":"T1 Shopping Mall","location_id":3}"
2026-07-31 01:33:27,EEST,9,Mustika,0,success,"{"total":0,"location_name":"Mustika","location_id":9}"
2026-07-31 01:33:27,EEST,10,Suur-Paala,0,success,"{"total":0,"location_name":"Suur-Paala","location_id":10}"
2026-07-31 01:35:27,EEST,1,Hipodroom,1,success,"{"total":1,"location_name":"Hipodroom","location_id":1}"
2026-07-31 01:35:27,EEST,3,T1,1,success,"{"total":1,"location_name":"T1 Shopping Mall","location_id":3}"
2026-07-31 01:35:27,EEST,9,Mustika,0,success,"{"total":0,"location_name":"Mustika","location_id":9}"
2026-07-31 01:35:27,EEST,10,Suur-Paala,0,success,"{"total":0,"location_name":"Suur-Paala","location_id":10}"
2026-07-31 01:37:28,EEST,1,Hipodroom,1,success,"{"total":1,"location_name":"Hipodroom","location_id":1}"
2026-07-31 01:37:28,EEST,3,T1,1,success,"{"total":1,"location_name":"T1 Shopping Mall","location_id":3}"
2026-07-31 01:37:28,EEST,9,Mustika,0,success,"{"total":0,"location_name":"Mustika","location_id":9}"
2026-07-31 01:37:28,EEST,10,Suur-Paala,0,success,"{"total":0,"location_name":"Suur-Paala","location_id":10}"
2026-07-31 01:39:29,EEST,1,Hipodroom,1,success,"{"total":1,"location_name":"Hipodroom","location_id":1}"
2026-07-31 01:39:29,EEST,3,T1,1,success,"{"total":1,"location_name":"T1 Shopping Mall","location_id":3}"
2026-07-31 01:39:29,EEST,9,Mustika,0,success,"{"total":0,"location_name":"Mustika","location_id":9}"
2026-07-31 01:39:29,EEST,10,Suur-Paala,0,success,"{"total":0,"location_name":"Suur-Paala","location_id":10}"
2026-07-31 01:41:29,EEST,1,Hipodroom,1,success,"{"total":1,"location_name":"Hipodroom","location_id":1}"
2026-07-31 01:41:29,EEST,3,T1,1,success,"{"total":1,"location_name":"T1 Shopping Mall","location_id":3}"
2026-07-31 01:41:29,EEST,9,Mustika,0,success,"{"total":0,"location_name":"Mustika","location_id":9}"
2026-07-31 01:41:29,EEST,10,Suur-Paala,0,success,"{"total":0,"location_name":"Suur-Paala","location_id":10}"
2026-07-31 01:43:30,EEST,1,Hipodroom,1,success,"{"total":1,"location_name":"Hipodroom","location_id":1}"
2026-07-31 01:43:30,EEST,3,T1,1,success,"{"total":1,"location_name":"T1 Shopping Mall","location_id":3}"
2026-07-31 01:43:30,EEST,9,Mustika,0,success,"{"total":0,"location_name":"Mustika","location_id":9}"
2026-07-31 01:43:30,EEST,10,Suur-Paala,0,success,"{"total":0,"location_name":"Suur-Paala","location_id":10}"
2026-07-31 01:45:31,EEST,1,Hipodroom,1,success,"{"total":1,"location_name":"Hipodroom","location_id":1}"
2026-07-31 01:45:31,EEST,3,T1,1,success,"{"total":1,"location_name":"T1 Shopping Mall","location_id":3}"
2026-07-31 01:45:31,EEST,9,Mustika,0,success,"{"total":0,"location_name":"Mustika","location_id":9}"
2026-07-31 01:45:31,EEST,10,Suur-Paala,0,success,"{"total":0,"location_name":"Suur-Paala","location_id":10}"
2026-07-31 01:47:32,EEST,1,Hipodroom,1,success,"{"total":1,"location_name":"Hipodroom","location_id":1}"
2026-07-31 01:47:32,EEST,3,T1,1,success,"{"total":1,"location_name":"T1 Shopping Mall","location_id":3}"
2026-07-31 01:47:32,EEST,9,Mustika,0,success,"{"total":0,"location_name":"Mustika","location_id":9}"
2026-07-31 01:47:32,EEST,10,Suur-Paala,0,success,"{"total":0,"location_name":"Suur-Paala","location_id":10}"
2026-07-31 01:49:32,EEST,1,Hipodroom,1,success,"{"total":1,"location_name":"Hipodroom","location_id":1}"
2026-07-31 01:49:32,EEST,3,T1,0,success,"{"total":0,"location_name":"T1 Shopping Mall","location_id":3}"
2026-07-31 01:49:32,EEST,9,Mustika,0,success,"{"total":0,"location_name":"Mustika","location_id":9}"
2026-07-31 01:49:32,EEST,10,Suur-Paala,0,success,"{"total":0,"location_name":"Suur-Paala","location_id":10}"
2026-07-31 01:51:33,EEST,1,Hipodroom,1,success,"{"total":1,"location_name":"Hipodroom","location_id":1}"
2026-07-31 01:51:33,EEST,3,T1,0,success,"{"total":0,"location_name":"T1 Shopping Mall","location_id":3}"
2026-07-31 01:51:33,EEST,9,Mustika,0,success,"{"total":0,"location_name":"Mustika","location_id":9}"
2026-07-31 01:51:33,EEST,10,Suur-Paala,0,success,"{"total":0,"location_name":"Suur-Paala","location_id":10}"
2026-07-31 01:53:34,EEST,1,Hipodroom,1,success,"{"total":1,"location_name":"Hipodroom","location_id":1}"
2026-07-31 01:53:34,EEST,3,T1,0,success,"{"total":0,"location_name":"T1 Shopping Mall","location_id":3}"
2026-07-31 01:53:34,EEST,9,Mustika,0,success,"{"total":0,"location_name":"Mustika","location_id":9}"
2026-07-31 01:53:34,EEST,10,Suur-Paala,0,success,"{"total":0,"location_name":"Suur-Paala","location_id":10}"
2026-07-31 01:55:35,EEST,1,Hipodroom,1,success,"{"total":1,"location_name":"Hipodroom","location_id":1}"
2026-07-31 01:55:35,EEST,3,T1,0,success,"{"total":0,"location_name":"T1 Shopping Mall","location_id":3}"
2026-07-31 01:55:35,EEST,9,Mustika,0,success,"{"total":0,"location_name":"Mustika","location_id":9}"
2026-07-31 01:55:35,EEST,10,Suur-Paala,0,success,"{"total":0,"location_name":"Suur-Paala","location_id":10}"
2026-07-31 01:57:35,EEST,1,Hipodroom,1,success,"{"total":1,"location_name":"Hipodroom","location_id":1}"
2026-07-31 01:57:35,EEST,3,T1,0,success,"{"total":0,"location_name":"T1 Shopping Mall","location_id":3}"
2026-07-31 01:57:35,EEST,9,Mustika,0,success,"{"total":0,"location_name":"Mustika","location_id":9}"
2026-07-31 01:57:35,EEST,10,Suur-Paala,0,success,"{"total":0,"location_name":"Suur-Paala","location_id":10}"
2026-07-31 01:59:36,EEST,1,Hipodroom,1,success,"{"total":1,"location_name":"Hipodroom","location_id":1}"
2026-07-31 01:59:36,EEST,3,T1,0,success,"{"total":0,"location_name":"T1 Shopping Mall","location_id":3}"
2026-07-31 01:59:36,EEST,9,Mustika,0,success,"{"total":0,"location_name":"Mustika","location_id":9}"
2026-07-31 01:59:36,EEST,10,Suur-Paala,0,success,"{"total":0,"location_name":"Suur-Paala","location_id":10}"
2026-07-31 02:01:37,EEST,1,Hipodroom,1,success,"{"total":1,"location_name":"Hipodroom","location_id":1}"
2026-07-31 02:01:37,EEST,3,T1,0,success,"{"total":0,"location_name":"T1 Shopping Mall","location_id":3}"
2026-07-31 02:01:37,EEST,9,Mustika,0,success,"{"total":0,"location_name":"Mustika","location_id":9}"
2026-07-31 02:01:37,EEST,10,Suur-Paala,0,success,"{"total":0,"location_name":"Suur-Paala","location_id":10}"
2026-07-31 02:03:38,EEST,1,Hipodroom,1,success,"{"total":1,"location_name":"Hipodroom","location_id":1}"
2026-07-31 02:03:38,EEST,3,T1,0,success,"{"total":0,"location_name":"T1 Shopping Mall","location_id":3}"
2026-07-31 02:03:38,EEST,9,Mustika,0,success,"{"total":0,"location_name":"Mustika","location_id":9}"
2026-07-31 02:03:38,EEST,10,Suur-Paala,0,success,"{"total":0,"location_name":"Suur-Paala","location_id":10}"
2026-07-31 02:05:38,EEST,1,Hipodroom,1,success,"{"total":1,"location_name":"Hipodroom","location_id":1}"
2026-07-31 02:05:38,EEST,3,T1,0,success,"{"total":0,"location_name":"T1 Shopping Mall","location_id":3}"
2026-07-31 02:05:38,EEST,9,Mustika,0,success,"{"total":0,"location_name":"Mustika","location_id":9}"
2026-07-31 02:05:38,EEST,10,Suur-Paala,0,success,"{"total":0,"location_name":"Suur-Paala","location_id":10}"
2026-07-31 02:07:39,EEST,1,Hipodroom,1,success,"{"total":1,"location_name":"Hipodroom","location_id":1}"
2026-07-31 02:07:39,EEST,3,T1,0,success,"{"total":0,"location_name":"T1 Shopping Mall","location_id":3}"
2026-07-31 02:07:39,EEST,9,Mustika,0,success,"{"total":0,"location_name":"Mustika","location_id":9}"
2026-07-31 02:07:39,EEST,10,Suur-Paala,0,success,"{"total":0,"location_name":"Suur-Paala","location_id":10}"
2026-07-31 02:09:40,EEST,1,Hipodroom,1,success,"{"total":1,"location_name":"Hipodroom","location_id":1}"
2026-07-31 02:09:40,EEST,3,T1,0,success,"{"total":0,"location_name":"T1 Shopping Mall","location_id":3}"
2026-07-31 02:09:40,EEST,9,Mustika,0,success,"{"total":0,"location_name":"Mustika","location_id":9}"
2026-07-31 02:09:40,EEST,10,Suur-Paala,0,success,"{"total":0,"location_name":"Suur-Paala","location_id":10}"
2026-07-31 02:11:41,EEST,1,Hipodroom,1,success,"{"total":1,"location_name":"Hipodroom","location_id":1}"
2026-07-31 02:11:41,EEST,3,T1,0,success,"{"total":0,"location_name":"T1 Shopping Mall","location_id":3}"
2026-07-31 02:11:41,EEST,9,Mustika,0,success,"{"total":0,"location_name":"Mustika","location_id":9}"
2026-07-31 02:11:41,EEST,10,Suur-Paala,0,success,"{"total":0,"location_name":"Suur-Paala","location_id":10}"
2026-07-31 02:13:41,EEST,1,Hipodroom,1,success,"{"total":1,"location_name":"Hipodroom","location_id":1}"
2026-07-31 02:13:41,EEST,3,T1,0,success,"{"total":0,"location_name":"T1 Shopping Mall","location_id":3}"
2026-07-31 02:13:41,EEST,9,Mustika,0,success,"{"total":0,"location_name":"Mustika","location_id":9}"
2026-07-31 02:13:41,EEST,10,Suur-Paala,0,success,"{"total":0,"location_name":"Suur-Paala","location_id":10}"
2026-07-31 02:15:42,EEST,1,Hipodroom,1,success,"{"total":1,"location_name":"Hipodroom","location_id":1}"
2026-07-31 02:15:42,EEST,3,T1,0,success,"{"total":0,"location_name":"T1 Shopping Mall","location_id":3}"
2026-07-31 02:15:42,EEST,9,Mustika,0,success,"{"total":0,"location_name":"Mustika","location_id":9}"
2026-07-31 02:15:42,EEST,10,Suur-Paala,0,success,"{"total":0,"location_name":"Suur-Paala","location_id":10}"
2026-07-31 02:17:43,EEST,1,Hipodroom,1,success,"{"total":1,"location_name":"Hipodroom","location_id":1}"
2026-07-31 02:17:43,EEST,3,T1,0,success,"{"total":0,"location_name":"T1 Shopping Mall","location_id":3}"
2026-07-31 02:17:43,EEST,9,Mustika,0,success,"{"total":0,"location_name":"Mustika","location_id":9}"
2026-07-31 02:17:43,EEST,10,Suur-Paala,0,success,"{"total":0,"location_name":"Suur-Paala","location_id":10}"
2026-07-31 02:19:44,EEST,1,Hipodroom,1,success,"{"total":1,"location_name":"Hipodroom","location_id":1}"
2026-07-31 02:19:44,EEST,3,T1,0,success,"{"total":0,"location_name":"T1 Shopping Mall","location_id":3}"
2026-07-31 02:19:44,EEST,9,Mustika,0,success,"{"total":0,"location_name":"Mustika","location_id":9}"
2026-07-31 02:19:44,EEST,10,Suur-Paala,0,success,"{"total":0,"location_name":"Suur-Paala","location_id":10}"
2026-07-31 02:21:44,EEST,1,Hipodroom,1,success,"{"total":1,"location_name":"Hipodroom","location_id":1}"
2026-07-31 02:21:44,EEST,3,T1,0,success,"{"total":0,"location_name":"T1 Shopping Mall","location_id":3}"
2026-07-31 02:21:44,EEST,9,Mustika,0,success,"{"total":0,"location_name":"Mustika","location_id":9}"
2026-07-31 02:21:44,EEST,10,Suur-Paala,0,success,"{"total":0,"location_name":"Suur-Paala","location_id":10}"
2026-07-31 02:23:45,EEST,1,Hipodroom,1,success,"{"total":1,"location_name":"Hipodroom","location_id":1}"
2026-07-31 02:23:45,EEST,3,T1,0,success,"{"total":0,"location_name":"T1 Shopping Mall","location_id":3}"
2026-07-31 02:23:45,EEST,9,Mustika,0,success,"{"total":0,"location_name":"Mustika","location_id":9}"
2026-07-31 02:23:45,EEST,10,Suur-Paala,0,success,"{"total":0,"location_name":"Suur-Paala","location_id":10}"
2026-07-31 02:25:46,EEST,1,Hipodroom,1,success,"{"total":1,"location_name":"Hipodroom","location_id":1}"
2026-07-31 02:25:46,EEST,3,T1,0,success,"{"total":0,"location_name":"T1 Shopping Mall","location_id":3}"
2026-07-31 02:25:46,EEST,9,Mustika,0,success,"{"total":0,"location_name":"Mustika","location_id":9}"
2026-07-31 02:25:46,EEST,10,Suur-Paala,0,success,"{"total":0,"location_name":"Suur-Paala","location_id":10}"
2026-07-31 02:27:47,EEST,1,Hipodroom,1,success,"{"total":1,"location_name":"Hipodroom","location_id":1}"
2026-07-31 02:27:47,EEST,3,T1,0,success,"{"total":0,"location_name":"T1 Shopping Mall","location_id":3}"
2026-07-31 02:27:47,EEST,9,Mustika,0,success,"{"total":0,"location_name":"Mustika","location_id":9}"
2026-07-31 02:27:47,EEST,10,Suur-Paala,0,success,"{"total":0,"location_name":"Suur-Paala","location_id":10}"
2026-07-31 02:29:48,EEST,1,Hipodroom,1,success,"{"total":1,"location_name":"Hipodroom","location_id":1}"
2026-07-31 02:29:48,EEST,3,T1,0,success,"{"total":0,"location_name":"T1 Shopping Mall","location_id":3}"
2026-07-31 02:29:48,EEST,9,Mustika,0,success,"{"total":0,"location_name":"Mustika","location_id":9}"
2026-07-31 02:29:48,EEST,10,Suur-Paala,0,success,"{"total":0,"location_name":"Suur-Paala","location_id":10}"
2026-07-31 02:31:48,EEST,1,Hipodroom,1,success,"{"total":1,"location_name":"Hipodroom","location_id":1}"
2026-07-31 02:31:48,EEST,3,T1,0,success,"{"total":0,"location_name":"T1 Shopping Mall","location_id":3}"
2026-07-31 02:31:48,EEST,9,Mustika,0,success,"{"total":0,"location_name":"Mustika","location_id":9}"
2026-07-31 02:31:48,EEST,10,Suur-Paala,0,success,"{"total":0,"location_name":"Suur-Paala","location_id":10}"
2026-07-31 02:33:49,EEST,1,Hipodroom,1,success,"{"total":1,"location_name":"Hipodroom","location_id":1}"
2026-07-31 02:33:49,EEST,3,T1,0,success,"{"total":0,"location_name":"T1 Shopping Mall","location_id":3}"
2026-07-31 02:33:49,EEST,9,Mustika,0,success,"{"total":0,"location_name":"Mustika","location_id":9}"
2026-07-31 02:33:49,EEST,10,Suur-Paala,0,success,"{"total":0,"location_name":"Suur-Paala","location_id":10}"
2026-07-31 02:35:50,EEST,1,Hipodroom,1,success,"{"total":1,"location_name":"Hipodroom","location_id":1}"
2026-07-31 02:35:50,EEST,3,T1,0,success,"{"total":0,"location_name":"T1 Shopping Mall","location_id":3}"
2026-07-31 02:35:50,EEST,9,Mustika,0,success,"{"total":0,"location_name":"Mustika","location_id":9}"
2026-07-31 02:35:50,EEST,10,Suur-Paala,0,success,"{"total":0,"location_name":"Suur-Paala","location_id":10}"
2026-07-31 02:37:50,EEST,1,Hipodroom,0,success,"{"total":0,"location_name":"Hipodroom","location_id":1}"
2026-07-31 02:37:50,EEST,3,T1,0,success,"{"total":0,"location_name":"T1 Shopping Mall","location_id":3}"
2026-07-31 02:37:50,EEST,9,Mustika,0,success,"{"total":0,"location_name":"Mustika","location_id":9}"
2026-07-31 02:37:50,EEST,10,Suur-Paala,0,success,"{"total":0,"location_name":"Suur-Paala","location_id":10}"
2026-07-31 02:39:51,EEST,1,Hipodroom,0,success,"{"total":0,"location_name":"Hipodroom","location_id":1}"
2026-07-31 02:39:51,EEST,3,T1,0,success,"{"total":0,"location_name":"T1 Shopping Mall","location_id":3}"
2026-07-31 02:39:51,EEST,9,Mustika,0,success,"{"total":0,"location_name":"Mustika","location_id":9}"
2026-07-31 02:39:51,EEST,10,Suur-Paala,0,success,"{"total":0,"location_name":"Suur-Paala","location_id":10}"
2026-07-31 02:41:52,EEST,1,Hipodroom,0,success,"{"total":0,"location_name":"Hipodroom","location_id":1}"
2026-07-31 02:41:52,EEST,3,T1,0,success,"{"total":0,"location_name":"T1 Shopping Mall","location_id":3}"
2026-07-31 02:41:52,EEST,9,Mustika,0,success,"{"total":0,"location_name":"Mustika","location_id":9}"
2026-07-31 02:41:52,EEST,10,Suur-Paala,0,success,"{"total":0,"location_name":"Suur-Paala","location_id":10}"
2026-07-31 02:43:52,EEST,1,Hipodroom,0,success,"{"total":0,"location_name":"Hipodroom","location_id":1}"
2026-07-31 02:43:52,EEST,3,T1,0,success,"{"total":0,"location_name":"T1 Shopping Mall","location_id":3}"
2026-07-31 02:43:52,EEST,9,Mustika,0,success,"{"total":0,"location_name":"Mustika","location_id":9}"
2026-07-31 02:43:52,EEST,10,Suur-Paala,0,success,"{"total":0,"location_name":"Suur-Paala","location_id":10}"
2026-07-31 02:45:53,EEST,1,Hipodroom,0,success,"{"total":0,"location_name":"Hipodroom","location_id":1}"
2026-07-31 02:45:53,EEST,3,T1,0,success,"{"total":0,"location_name":"T1 Shopping Mall","location_id":3}"
2026-07-31 02:45:53,EEST,9,Mustika,0,success,"{"total":0,"location_name":"Mustika","location_id":9}"
2026-07-31 02:45:53,EEST,10,Suur-Paala,0,success,"{"total":0,"location_name":"Suur-Paala","location_id":10}"
2026-07-31 02:47:54,EEST,1,Hipodroom,0,success,"{"total":0,"location_name":"Hipodroom","location_id":1}"
2026-07-31 02:47:54,EEST,3,T1,0,success,"{"total":0,"location_name":"T1 Shopping Mall","location_id":3}"
2026-07-31 02:47:54,EEST,9,Mustika,0,success,"{"total":0,"location_name":"Mustika","location_id":9}"
2026-07-31 02:47:54,EEST,10,Suur-Paala,0,success,"{"total":0,"location_name":"Suur-Paala","location_id":10}"
2026-07-31 02:49:55,EEST,1,Hipodroom,0,success,"{"total":0,"location_name":"Hipodroom","location_id":1}"
2026-07-31 02:49:55,EEST,3,T1,0,success,"{"total":0,"location_name":"T1 Shopping Mall","location_id":3}"
2026-07-31 02:49:55,EEST,9,Mustika,0,success,"{"total":0,"location_name":"Mustika","location_id":9}"
2026-07-31 02:49:55,EEST,10,Suur-Paala,0,success,"{"total":0,"location_name":"Suur-Paala","location_id":10}"
2026-07-31 02:51:55,EEST,1,Hipodroom,0,success,"{"total":0,"location_name":"Hipodroom","location_id":1}"
2026-07-31 02:51:55,EEST,3,T1,0,success,"{"total":0,"location_name":"T1 Shopping Mall","location_id":3}"
2026-07-31 02:51:55,EEST,9,Mustika,0,success,"{"total":0,"location_name":"Mustika","location_id":9}"
2026-07-31 02:51:55,EEST,10,Suur-Paala,0,success,"{"total":0,"location_name":"Suur-Paala","location_id":10}"
2026-07-31 02:53:56,EEST,1,Hipodroom,0,success,"{"total":0,"location_name":"Hipodroom","location_id":1}"
2026-07-31 02:53:56,EEST,3,T1,0,success,"{"total":0,"location_name":"T1 Shopping Mall","location_id":3}"
2026-07-31 02:53:56,EEST,9,Mustika,0,success,"{"total":0,"location_name":"Mustika","location_id":9}"
2026-07-31 02:53:56,EEST,10,Suur-Paala,0,success,"{"total":0,"location_name":"Suur-Paala","location_id":10}"
2026-07-31 02:55:57,EEST,1,Hipodroom,0,success,"{"total":0,"location_name":"Hipodroom","location_id":1}"
2026-07-31 02:55:57,EEST,3,T1,0,success,"{"total":0,"location_name":"T1 Shopping Mall","location_id":3}"
2026-07-31 02:55:57,EEST,9,Mustika,0,success,"{"total":0,"location_name":"Mustika","location_id":9}"
2026-07-31 02:55:57,EEST,10,Suur-Paala,0,success,"{"total":0,"location_name":"Suur-Paala","location_id":10}"
2026-07-31 02:57:58,EEST,1,Hipodroom,0,success,"{"total":0,"location_name":"Hipodroom","location_id":1}"
2026-07-31 02:57:58,EEST,3,T1,0,success,"{"total":0,"location_name":"T1 Shopping Mall","location_id":3}"
2026-07-31 02:57:58,EEST,9,Mustika,0,success,"{"total":0,"location_name":"Mustika","location_id":9}"
2026-07-31 02:57:58,EEST,10,Suur-Paala,0,success,"{"total":0,"location_name":"Suur-Paala","location_id":10}"
2026-07-31 02:59:58,EEST,1,Hipodroom,0,success,"{"total":0,"location_name":"Hipodroom","location_id":1}"
2026-07-31 02:59:58,EEST,3,T1,0,success,"{"total":0,"location_name":"T1 Shopping Mall","location_id":3}"
2026-07-31 02:59:58,EEST,9,Mustika,0,success,"{"total":0,"location_name":"Mustika","location_id":9}"
2026-07-31 02:59:58,EEST,10,Suur-Paala,0,success,"{"total":0,"location_name":"Suur-Paala","location_id":10}"
2026-07-31 03:01:59,EEST,1,Hipodroom,0,success,"{"total":0,"location_name":"Hipodroom","location_id":1}"
2026-07-31 03:01:59,EEST,3,T1,0,success,"{"total":0,"location_name":"T1 Shopping Mall","location_id":3}"
2026-07-31 03:01:59,EEST,9,Mustika,0,success,"{"total":0,"location_name":"Mustika","location_id":9}"
2026-07-31 03:01:59,EEST,10,Suur-Paala,0,success,"{"total":0,"location_name":"Suur-Paala","location_id":10}"
2026-07-31 03:04:00,EEST,1,Hipodroom,0,success,"{"total":0,"location_name":"Hipodroom","location_id":1}"
2026-07-31 03:04:00,EEST,3,T1,0,success,"{"total":0,"location_name":"T1 Shopping Mall","location_id":3}"
2026-07-31 03:04:00,EEST,9,Mustika,0,success,"{"total":0,"location_name":"Mustika","location_id":9}"
2026-07-31 03:04:00,EEST,10,Suur-Paala,0,success,"{"total":0,"location_name":"Suur-Paala","location_id":10}"
2026-07-31 03:06:01,EEST,1,Hipodroom,0,success,"{"total":0,"location_name":"Hipodroom","location_id":1}"
2026-07-31 03:06:01,EEST,3,T1,0,success,"{"total":0,"location_name":"T1 Shopping Mall","location_id":3}"
2026-07-31 03:06:01,EEST,9,Mustika,0,success,"{"total":0,"location_name":"Mustika","location_id":9}"
2026-07-31 03:06:01,EEST,10,Suur-Paala,0,success,"{"total":0,"location_name":"Suur-Paala","location_id":10}"
2026-07-31 03:08:01,EEST,1,Hipodroom,0,success,"{"total":0,"location_name":"Hipodroom","location_id":1}"
2026-07-31 03:08:01,EEST,3,T1,0,success,"{"total":0,"location_name":"T1 Shopping Mall","location_id":3}"
2026-07-31 03:08:01,EEST,9,Mustika,0,success,"{"total":0,"location_name":"Mustika","location_id":9}"
2026-07-31 03:08:01,EEST,10,Suur-Paala,0,success,"{"total":0,"location_name":"Suur-Paala","location_id":10}"
2026-07-31 03:10:02,EEST,1,Hipodroom,0,success,"{"total":0,"location_name":"Hipodroom","location_id":1}"
2026-07-31 03:10:02,EEST,3,T1,0,success,"{"total":0,"location_name":"T1 Shopping Mall","location_id":3}"
2026-07-31 03:10:02,EEST,9,Mustika,0,success,"{"total":0,"location_name":"Mustika","location_id":9}"
2026-07-31 03:10:02,EEST,10,Suur-Paala,0,success,"{"total":0,"location_name":"Suur-Paala","location_id":10}"
2026-07-31 03:12:03,EEST,1,Hipodroom,0,success,"{"total":0,"location_name":"Hipodroom","location_id":1}"
2026-07-31 03:12:03,EEST,3,T1,0,success,"{"total":0,"location_name":"T1 Shopping Mall","location_id":3}"
2026-07-31 03:12:03,EEST,9,Mustika,0,success,"{"total":0,"location_name":"Mustika","location_id":9}"
2026-07-31 03:12:03,EEST,10,Suur-Paala,0,success,"{"total":0,"location_name":"Suur-Paala","location_id":10}"
2026-07-31 03:14:03,EEST,1,Hipodroom,0,success,"{"total":0,"location_name":"Hipodroom","location_id":1}"
2026-07-31 03:14:03,EEST,3,T1,0,success,"{"total":0,"location_name":"T1 Shopping Mall","location_id":3}"
2026-07-31 03:14:03,EEST,9,Mustika,0,success,"{"total":0,"location_name":"Mustika","location_id":9}"
2026-07-31 03:14:03,EEST,10,Suur-Paala,0,success,"{"total":0,"location_name":"Suur-Paala","location_id":10}"
2026-07-31 03:16:04,EEST,1,Hipodroom,0,success,"{"total":0,"location_name":"Hipodroom","location_id":1}"
2026-07-31 03:16:04,EEST,3,T1,0,success,"{"total":0,"location_name":"T1 Shopping Mall","location_id":3}"
2026-07-31 03:16:04,EEST,9,Mustika,0,success,"{"total":0,"location_name":"Mustika","location_id":9}"
2026-07-31 03:16:04,EEST,10,Suur-Paala,0,success,"{"total":0,"location_name":"Suur-Paala","location_id":10}"
2026-07-31 03:18:04,EEST,1,Hipodroom,0,success,"{"total":0,"location_name":"Hipodroom","location_id":1}"
2026-07-31 03:18:04,EEST,3,T1,0,success,"{"total":0,"location_name":"T1 Shopping Mall","location_id":3}"
2026-07-31 03:18:04,EEST,9,Mustika,0,success,"{"total":0,"location_name":"Mustika","location_id":9}"
2026-07-31 03:18:04,EEST,10,Suur-Paala,0,success,"{"total":0,"location_name":"Suur-Paala","location_id":10}"
2026-07-31 03:20:05,EEST,1,Hipodroom,0,success,"{"total":0,"location_name":"Hipodroom","location_id":1}"
2026-07-31 03:20:05,EEST,3,T1,0,success,"{"total":0,"location_name":"T1 Shopping Mall","location_id":3}"
2026-07-31 03:20:05,EEST,9,Mustika,0,success,"{"total":0,"location_name":"Mustika","location_id":9}"
2026-07-31 03:20:05,EEST,10,Suur-Paala,0,success,"{"total":0,"location_name":"Suur-Paala","location_id":10}"
2026-07-31 03:22:06,EEST,1,Hipodroom,0,success,"{"total":0,"location_name":"Hipodroom","location_id":1}"
2026-07-31 03:22:06,EEST,3,T1,0,success,"{"total":0,"location_name":"T1 Shopping Mall","location_id":3}"
2026-07-31 03:22:06,EEST,9,Mustika,0,success,"{"total":0,"location_name":"Mustika","location_id":9}"
2026-07-31 03:22:06,EEST,10,Suur-Paala,0,success,"{"total":0,"location_name":"Suur-Paala","location_id":10}"
2026-07-31 03:24:06,EEST,1,Hipodroom,0,success,"{"total":0,"location_name":"Hipodroom","location_id":1}"
2026-07-31 03:24:06,EEST,3,T1,0,success,"{"total":0,"location_name":"T1 Shopping Mall","location_id":3}"
2026-07-31 03:24:06,EEST,9,Mustika,0,success,"{"total":0,"location_name":"Mustika","location_id":9}"
2026-07-31 03:24:06,EEST,10,Suur-Paala,0,success,"{"total":0,"location_name":"Suur-Paala","location_id":10}"
2026-07-31 03:26:07,EEST,1,Hipodroom,0,success,"{"total":0,"location_name":"Hipodroom","location_id":1}"
2026-07-31 03:26:07,EEST,3,T1,1,success,"{"total":1,"location_name":"T1 Shopping Mall","location_id":3}"
2026-07-31 03:26:07,EEST,9,Mustika,0,success,"{"total":0,"location_name":"Mustika","location_id":9}"
2026-07-31 03:26:07,EEST,10,Suur-Paala,0,success,"{"total":0,"location_name":"Suur-Paala","location_id":10}"
2026-07-31 03:28:08,EEST,1,Hipodroom,0,success,"{"total":0,"location_name":"Hipodroom","location_id":1}"
2026-07-31 03:28:08,EEST,3,T1,1,success,"{"total":1,"location_name":"T1 Shopping Mall","location_id":3}"
2026-07-31 03:28:08,EEST,9,Mustika,0,success,"{"total":0,"location_name":"Mustika","location_id":9}"
2026-07-31 03:28:08,EEST,10,Suur-Paala,0,success,"{"total":0,"location_name":"Suur-Paala","location_id":10}"
2026-07-31 03:30:08,EEST,1,Hipodroom,0,success,"{"total":0,"location_name":"Hipodroom","location_id":1}"
2026-07-31 03:30:08,EEST,3,T1,1,success,"{"total":1,"location_name":"T1 Shopping Mall","location_id":3}"
2026-07-31 03:30:08,EEST,9,Mustika,0,success,"{"total":0,"location_name":"Mustika","location_id":9}"
2026-07-31 03:30:08,EEST,10,Suur-Paala,0,success,"{"total":0,"location_name":"Suur-Paala","location_id":10}"
2026-07-31 03:32:09,EEST,1,Hipodroom,0,success,"{"total":0,"location_name":"Hipodroom","location_id":1}"
2026-07-31 03:32:09,EEST,3,T1,1,success,"{"total":1,"location_name":"T1 Shopping Mall","location_id":3}"
2026-07-31 03:32:09,EEST,9,Mustika,0,success,"{"total":0,"location_name":"Mustika","location_id":9}"
2026-07-31 03:32:09,EEST,10,Suur-Paala,0,success,"{"total":0,"location_name":"Suur-Paala","location_id":10}"
2026-07-31 03:34:10,EEST,1,Hipodroom,0,success,"{"total":0,"location_name":"Hipodroom","location_id":1}"
2026-07-31 03:34:10,EEST,3,T1,1,success,"{"total":1,"location_name":"T1 Shopping Mall","location_id":3}"
2026-07-31 03:34:10,EEST,9,Mustika,0,success,"{"total":0,"location_name":"Mustika","location_id":9}"
2026-07-31 03:34:10,EEST,10,Suur-Paala,0,success,"{"total":0,"location_name":"Suur-Paala","location_id":10}"
2026-07-31 03:36:11,EEST,1,Hipodroom,0,success,"{"total":0,"location_name":"Hipodroom","location_id":1}"
2026-07-31 03:36:11,EEST,3,T1,1,success,"{"total":1,"location_name":"T1 Shopping Mall","location_id":3}"
2026-07-31 03:36:11,EEST,9,Mustika,0,success,"{"total":0,"location_name":"Mustika","location_id":9}"
2026-07-31 03:36:11,EEST,10,Suur-Paala,0,success,"{"total":0,"location_name":"Suur-Paala","location_id":10}"
2026-07-31 03:38:11,EEST,1,Hipodroom,0,success,"{"total":0,"location_name":"Hipodroom","location_id":1}"
2026-07-31 03:38:11,EEST,3,T1,1,success,"{"total":1,"location_name":"T1 Shopping Mall","location_id":3}"
2026-07-31 03:38:11,EEST,9,Mustika,0,success,"{"total":0,"location_name":"Mustika","location_id":9}"
2026-07-31 03:38:11,EEST,10,Suur-Paala,0,success,"{"total":0,"location_name":"Suur-Paala","location_id":10}"
2026-07-31 03:40:12,EEST,1,Hipodroom,0,success,"{"total":0,"location_name":"Hipodroom","location_id":1}"
2026-07-31 03:40:12,EEST,3,T1,1,success,"{"total":1,"location_name":"T1 Shopping Mall","location_id":3}"
2026-07-31 03:40:12,EEST,9,Mustika,0,success,"{"total":0,"location_name":"Mustika","location_id":9}"
2026-07-31 03:40:12,EEST,10,Suur-Paala,0,success,"{"total":0,"location_name":"Suur-Paala","location_id":10}"
2026-07-31 03:42:13,EEST,1,Hipodroom,0,success,"{"total":0,"location_name":"Hipodroom","location_id":1}"
2026-07-31 03:42:13,EEST,3,T1,1,success,"{"total":1,"location_name":"T1 Shopping Mall","location_id":3}"
2026-07-31 03:42:13,EEST,9,Mustika,0,success,"{"total":0,"location_name":"Mustika","location_id":9}"
2026-07-31 03:42:13,EEST,10,Suur-Paala,0,success,"{"total":0,"location_name":"Suur-Paala","location_id":10}"
2026-07-31 03:44:14,EEST,1,Hipodroom,0,success,"{"total":0,"location_name":"Hipodroom","location_id":1}"
2026-07-31 03:44:14,EEST,3,T1,1,success,"{"total":1,"location_name":"T1 Shopping Mall","location_id":3}"
2026-07-31 03:44:14,EEST,9,Mustika,0,success,"{"total":0,"location_name":"Mustika","location_id":9}"
2026-07-31 03:44:14,EEST,10,Suur-Paala,0,success,"{"total":0,"location_name":"Suur-Paala","location_id":10}"
2026-07-31 03:46:14,EEST,1,Hipodroom,0,success,"{"total":0,"location_name":"Hipodroom","location_id":1}"
2026-07-31 03:46:14,EEST,3,T1,1,success,"{"total":1,"location_name":"T1 Shopping Mall","location_id":3}"
2026-07-31 03:46:14,EEST,9,Mustika,0,success,"{"total":0,"location_name":"Mustika","location_id":9}"
2026-07-31 03:46:14,EEST,10,Suur-Paala,0,success,"{"total":0,"location_name":"Suur-Paala","location_id":10}"
2026-07-31 03:48:15,EEST,1,Hipodroom,0,success,"{"total":0,"location_name":"Hipodroom","location_id":1}"
2026-07-31 03:48:15,EEST,3,T1,1,success,"{"total":1,"location_name":"T1 Shopping Mall","location_id":3}"
2026-07-31 03:48:15,EEST,9,Mustika,0,success,"{"total":0,"location_name":"Mustika","location_id":9}"
2026-07-31 03:48:15,EEST,10,Suur-Paala,0,success,"{"total":0,"location_name":"Suur-Paala","location_id":10}"
2026-07-31 03:50:15,EEST,1,Hipodroom,0,success,"{"total":0,"location_name":"Hipodroom","location_id":1}"
2026-07-31 03:50:15,EEST,3,T1,1,success,"{"total":1,"location_name":"T1 Shopping Mall","location_id":3}"
2026-07-31 03:50:15,EEST,9,Mustika,0,success,"{"total":0,"location_name":"Mustika","location_id":9}"
2026-07-31 03:50:15,EEST,10,Suur-Paala,0,success,"{"total":0,"location_name":"Suur-Paala","location_id":10}"
2026-07-31 03:52:16,EEST,1,Hipodroom,0,success,"{"total":0,"location_name":"Hipodroom","location_id":1}"
2026-07-31 03:52:16,EEST,3,T1,1,success,"{"total":1,"location_name":"T1 Shopping Mall","location_id":3}"
2026-07-31 03:52:16,EEST,9,Mustika,0,success,"{"total":0,"location_name":"Mustika","location_id":9}"
2026-07-31 03:52:16,EEST,10,Suur-Paala,0,success,"{"total":0,"location_name":"Suur-Paala","location_id":10}"
2026-07-31 03:54:17,EEST,1,Hipodroom,0,success,"{"total":0,"location_name":"Hipodroom","location_id":1}"
2026-07-31 03:54:17,EEST,3,T1,1,success,"{"total":1,"location_name":"T1 Shopping Mall","location_id":3}"
2026-07-31 03:54:17,EEST,9,Mustika,0,success,"{"total":0,"location_name":"Mustika","location_id":9}"
2026-07-31 03:54:17,EEST,10,Suur-Paala,0,success,"{"total":0,"location_name":"Suur-Paala","location_id":10}"
2026-07-31 03:56:17,EEST,1,Hipodroom,0,success,"{"total":0,"location_name":"Hipodroom","location_id":1}"
2026-07-31 03:56:17,EEST,3,T1,1,success,"{"total":1,"location_name":"T1 Shopping Mall","location_id":3}"
2026-07-31 03:56:17,EEST,9,Mustika,0,success,"{"total":0,"location_name":"Mustika","location_id":9}"
2026-07-31 03:56:17,EEST,10,Suur-Paala,0,success,"{"total":0,"location_name":"Suur-Paala","location_id":10}"
2026-07-31 03:58:18,EEST,1,Hipodroom,0,success,"{"total":0,"location_name":"Hipodroom","location_id":1}"
2026-07-31 03:58:18,EEST,3,T1,1,success,"{"total":1,"location_name":"T1 Shopping Mall","location_id":3}"
2026-07-31 03:58:18,EEST,9,Mustika,0,success,"{"total":0,"location_name":"Mustika","location_id":9}"
2026-07-31 03:58:18,EEST,10,Suur-Paala,0,success,"{"total":0,"location_name":"Suur-Paala","location_id":10}"
2026-07-31 04:00:19,EEST,1,Hipodroom,0,success,"{"total":0,"location_name":"Hipodroom","location_id":1}"
2026-07-31 04:00:19,EEST,3,T1,1,success,"{"total":1,"location_name":"T1 Shopping Mall","location_id":3}"
2026-07-31 04:00:19,EEST,9,Mustika,0,success,"{"total":0,"location_name":"Mustika","location_id":9}"
2026-07-31 04:00:19,EEST,10,Suur-Paala,0,success,"{"total":0,"location_name":"Suur-Paala","location_id":10}"
2026-07-31 04:02:20,EEST,1,Hipodroom,0,success,"{"total":0,"location_name":"Hipodroom","location_id":1}"
2026-07-31 04:02:20,EEST,3,T1,1,success,"{"total":1,"location_name":"T1 Shopping Mall","location_id":3}"
2026-07-31 04:02:20,EEST,9,Mustika,0,success,"{"total":0,"location_name":"Mustika","location_id":9}"
2026-07-31 04:02:20,EEST,10,Suur-Paala,0,success,"{"total":0,"location_name":"Suur-Paala","location_id":10}"
2026-07-31 04:04:20,EEST,1,Hipodroom,0,success,"{"total":0,"location_name":"Hipodroom","location_id":1}"
2026-07-31 04:04:20,EEST,3,T1,1,success,"{"total":1,"location_name":"T1 Shopping Mall","location_id":3}"
2026-07-31 04:04:20,EEST,9,Mustika,0,success,"{"total":0,"location_name":"Mustika","location_id":9}"
2026-07-31 04:04:20,EEST,10,Suur-Paala,0,success,"{"total":0,"location_name":"Suur-Paala","location_id":10}"
2026-07-31 04:06:21,EEST,1,Hipodroom,0,success,"{"total":0,"location_name":"Hipodroom","location_id":1}"
2026-07-31 04:06:21,EEST,3,T1,1,success,"{"total":1,"location_name":"T1 Shopping Mall","location_id":3}"
2026-07-31 04:06:21,EEST,9,Mustika,0,success,"{"total":0,"location_name":"Mustika","location_id":9}"
2026-07-31 04:06:21,EEST,10,Suur-Paala,0,success,"{"total":0,"location_name":"Suur-Paala","location_id":10}"
2026-07-31 04:08:22,EEST,1,Hipodroom,0,success,"{"total":0,"location_name":"Hipodroom","location_id":1}"
2026-07-31 04:08:22,EEST,3,T1,1,success,"{"total":1,"location_name":"T1 Shopping Mall","location_id":3}"
2026-07-31 04:08:22,EEST,9,Mustika,0,success,"{"total":0,"location_name":"Mustika","location_id":9}"
2026-07-31 04:08:22,EEST,10,Suur-Paala,0,success,"{"total":0,"location_name":"Suur-Paala","location_id":10}"
2026-07-31 04:10:23,EEST,1,Hipodroom,0,success,"{"total":0,"location_name":"Hipodroom","location_id":1}"
2026-07-31 04:10:23,EEST,3,T1,1,success,"{"total":1,"location_name":"T1 Shopping Mall","location_id":3}"
2026-07-31 04:10:23,EEST,9,Mustika,0,success,"{"total":0,"location_name":"Mustika","location_id":9}"
2026-07-31 04:10:23,EEST,10,Suur-Paala,0,success,"{"total":0,"location_name":"Suur-Paala","location_id":10}"
2026-07-31 04:12:23,EEST,1,Hipodroom,0,success,"{"total":0,"location_name":"Hipodroom","location_id":1}"
2026-07-31 04:12:23,EEST,3,T1,1,success,"{"total":1,"location_name":"T1 Shopping Mall","location_id":3}"
2026-07-31 04:12:23,EEST,9,Mustika,0,success,"{"total":0,"location_name":"Mustika","location_id":9}"
2026-07-31 04:12:23,EEST,10,Suur-Paala,0,success,"{"total":0,"location_name":"Suur-Paala","location_id":10}"
2026-07-31 04:14:24,EEST,1,Hipodroom,0,success,"{"total":0,"location_name":"Hipodroom","location_id":1}"
2026-07-31 04:14:24,EEST,3,T1,1,success,"{"total":1,"location_name":"T1 Shopping Mall","location_id":3}"
2026-07-31 04:14:24,EEST,9,Mustika,0,success,"{"total":0,"location_name":"Mustika","location_id":9}"
2026-07-31 04:14:24,EEST,10,Suur-Paala,0,success,"{"total":0,"location_name":"Suur-Paala","location_id":10}"
2026-07-31 04:16:25,EEST,1,Hipodroom,0,success,"{"total":0,"location_name":"Hipodroom","location_id":1}"
2026-07-31 04:16:25,EEST,3,T1,1,success,"{"total":1,"location_name":"T1 Shopping Mall","location_id":3}"
2026-07-31 04:16:25,EEST,9,Mustika,0,success,"{"total":0,"location_name":"Mustika","location_id":9}"
2026-07-31 04:16:25,EEST,10,Suur-Paala,0,success,"{"total":0,"location_name":"Suur-Paala","location_id":10}"
2026-07-31 04:18:25,EEST,1,Hipodroom,0,success,"{"total":0,"location_name":"Hipodroom","location_id":1}"
2026-07-31 04:18:25,EEST,3,T1,1,success,"{"total":1,"location_name":"T1 Shopping Mall","location_id":3}"
2026-07-31 04:18:25,EEST,9,Mustika,0,success,"{"total":0,"location_name":"Mustika","location_id":9}"
2026-07-31 04:18:25,EEST,10,Suur-Paala,0,success,"{"total":0,"location_name":"Suur-Paala","location_id":10}"
2026-07-31 04:20:26,EEST,1,Hipodroom,0,success,"{"total":0,"location_name":"Hipodroom","location_id":1}"
2026-07-31 04:20:26,EEST,3,T1,1,success,"{"total":1,"location_name":"T1 Shopping Mall","location_id":3}"
2026-07-31 04:20:26,EEST,9,Mustika,0,success,"{"total":0,"location_name":"Mustika","location_id":9}"
2026-07-31 04:20:26,EEST,10,Suur-Paala,0,success,"{"total":0,"location_name":"Suur-Paala","location_id":10}"
2026-07-31 04:22:27,EEST,1,Hipodroom,0,success,"{"total":0,"location_name":"Hipodroom","location_id":1}"
2026-07-31 04:22:27,EEST,3,T1,1,success,"{"total":1,"location_name":"T1 Shopping Mall","location_id":3}"
2026-07-31 04:22:27,EEST,9,Mustika,0,success,"{"total":0,"location_name":"Mustika","location_id":9}"
2026-07-31 04:22:27,EEST,10,Suur-Paala,0,success,"{"total":0,"location_name":"Suur-Paala","location_id":10}"
2026-07-31 04:24:27,EEST,1,Hipodroom,0,success,"{"total":0,"location_name":"Hipodroom","location_id":1}"
2026-07-31 04:24:27,EEST,3,T1,1,success,"{"total":1,"location_name":"T1 Shopping Mall","location_id":3}"
2026-07-31 04:24:27,EEST,9,Mustika,0,success,"{"total":0,"location_name":"Mustika","location_id":9}"
2026-07-31 04:24:27,EEST,10,Suur-Paala,0,success,"{"total":0,"location_name":"Suur-Paala","location_id":10}"
2026-07-31 04:26:28,EEST,1,Hipodroom,0,success,"{"total":0,"location_name":"Hipodroom","location_id":1}"
2026-07-31 04:26:28,EEST,3,T1,1,success,"{"total":1,"location_name":"T1 Shopping Mall","location_id":3}"
2026-07-31 04:26:28,EEST,9,Mustika,0,success,"{"total":0,"location_name":"Mustika","location_id":9}"
2026-07-31 04:26:28,EEST,10,Suur-Paala,0,success,"{"total":0,"location_name":"Suur-Paala","location_id":10}"
2026-07-31 04:28:29,EEST,1,Hipodroom,0,success,"{"total":0,"location_name":"Hipodroom","location_id":1}"
2026-07-31 04:28:29,EEST,3,T1,1,success,"{"total":1,"location_name":"T1 Shopping Mall","location_id":3}"
2026-07-31 04:28:29,EEST,9,Mustika,0,success,"{"total":0,"location_name":"Mustika","location_id":9}"
2026-07-31 04:28:29,EEST,10,Suur-Paala,0,success,"{"total":0,"location_name":"Suur-Paala","location_id":10}"
2026-07-31 04:30:29,EEST,1,Hipodroom,0,success,"{"total":0,"location_name":"Hipodroom","location_id":1}"
2026-07-31 04:30:29,EEST,3,T1,1,success,"{"total":1,"location_name":"T1 Shopping Mall","location_id":3}"
2026-07-31 04:30:29,EEST,9,Mustika,0,success,"{"total":0,"location_name":"Mustika","location_id":9}"
2026-07-31 04:30:29,EEST,10,Suur-Paala,0,success,"{"total":0,"location_name":"Suur-Paala","location_id":10}"
2026-07-31 04:32:30,EEST,1,Hipodroom,0,success,"{"total":0,"location_name":"Hipodroom","location_id":1}"
2026-07-31 04:32:30,EEST,3,T1,1,success,"{"total":1,"location_name":"T1 Shopping Mall","location_id":3}"
2026-07-31 04:32:30,EEST,9,Mustika,0,success,"{"total":0,"location_name":"Mustika","location_id":9}"
2026-07-31 04:32:30,EEST,10,Suur-Paala,0,success,"{"total":0,"location_name":"Suur-Paala","location_id":10}"
2026-07-31 04:34:30,EEST,1,Hipodroom,0,success,"{"total":0,"location_name":"Hipodroom","location_id":1}"
2026-07-31 04:34:30,EEST,3,T1,1,success,"{"total":1,"location_name":"T1 Shopping Mall","location_id":3}"
2026-07-31 04:34:30,EEST,9,Mustika,0,success,"{"total":0,"location_name":"Mustika","location_id":9}"
2026-07-31 04:34:30,EEST,10,Suur-Paala,0,success,"{"total":0,"location_name":"Suur-Paala","location_id":10}"
2026-07-31 04:36:31,EEST,1,Hipodroom,0,success,"{"total":0,"location_name":"Hipodroom","location_id":1}"
2026-07-31 04:36:31,EEST,3,T1,1,success,"{"total":1,"location_name":"T1 Shopping Mall","location_id":3}"
2026-07-31 04:36:31,EEST,9,Mustika,0,success,"{"total":0,"location_name":"Mustika","location_id":9}"
2026-07-31 04:36:31,EEST,10,Suur-Paala,0,success,"{"total":0,"location_name":"Suur-Paala","location_id":10}"
2026-07-31 04:38:32,EEST,1,Hipodroom,0,success,"{"total":0,"location_name":"Hipodroom","location_id":1}"
2026-07-31 04:38:32,EEST,3,T1,1,success,"{"total":1,"location_name":"T1 Shopping Mall","location_id":3}"
2026-07-31 04:38:32,EEST,9,Mustika,0,success,"{"total":0,"location_name":"Mustika","location_id":9}"
2026-07-31 04:38:32,EEST,10,Suur-Paala,0,success,"{"total":0,"location_name":"Suur-Paala","location_id":10}"
2026-07-31 04:40:33,EEST,1,Hipodroom,0,success,"{"total":0,"location_name":"Hipodroom","location_id":1}"
2026-07-31 04:40:33,EEST,3,T1,1,success,"{"total":1,"location_name":"T1 Shopping Mall","location_id":3}"
2026-07-31 04:40:33,EEST,9,Mustika,0,success,"{"total":0,"location_name":"Mustika","location_id":9}"
2026-07-31 04:40:33,EEST,10,Suur-Paala,0,success,"{"total":0,"location_name":"Suur-Paala","location_id":10}"
2026-07-31 04:42:33,EEST,1,Hipodroom,0,success,"{"total":0,"location_name":"Hipodroom","location_id":1}"
2026-07-31 04:42:33,EEST,3,T1,1,success,"{"total":1,"location_name":"T1 Shopping Mall","location_id":3}"
2026-07-31 04:42:33,EEST,9,Mustika,0,success,"{"total":0,"location_name":"Mustika","location_id":9}"
2026-07-31 04:42:33,EEST,10,Suur-Paala,0,success,"{"total":0,"location_name":"Suur-Paala","location_id":10}"
2026-07-31 04:44:34,EEST,1,Hipodroom,0,success,"{"total":0,"location_name":"Hipodroom","location_id":1}"
2026-07-31 04:44:34,EEST,3,T1,1,success,"{"total":1,"location_name":"T1 Shopping Mall","location_id":3}"
2026-07-31 04:44:34,EEST,9,Mustika,0,success,"{"total":0,"location_name":"Mustika","location_id":9}"
2026-07-31 04:44:34,EEST,10,Suur-Paala,0,success,"{"total":0,"location_name":"Suur-Paala","location_id":10}"
2026-07-31 04:46:34,EEST,1,Hipodroom,0,success,"{"total":0,"location_name":"Hipodroom","location_id":1}"
2026-07-31 04:46:34,EEST,3,T1,1,success,"{"total":1,"location_name":"T1 Shopping Mall","location_id":3}"
2026-07-31 04:46:34,EEST,9,Mustika,0,success,"{"total":0,"location_name":"Mustika","location_id":9}"
2026-07-31 04:46:34,EEST,10,Suur-Paala,0,success,"{"total":0,"location_name":"Suur-Paala","location_id":10}"
2026-07-31 04:48:35,EEST,1,Hipodroom,0,success,"{"total":0,"location_name":"Hipodroom","location_id":1}"
2026-07-31 04:48:35,EEST,3,T1,1,success,"{"total":1,"location_name":"T1 Shopping Mall","location_id":3}"
2026-07-31 04:48:35,EEST,9,Mustika,0,success,"{"total":0,"location_name":"Mustika","location_id":9}"
2026-07-31 04:48:35,EEST,10,Suur-Paala,0,success,"{"total":0,"location_name":"Suur-Paala","location_id":10}"
2026-07-31 04:50:36,EEST,1,Hipodroom,0,success,"{"total":0,"location_name":"Hipodroom","location_id":1}"
2026-07-31 04:50:36,EEST,3,T1,1,success,"{"total":1,"location_name":"T1 Shopping Mall","location_id":3}"
2026-07-31 04:50:36,EEST,9,Mustika,0,success,"{"total":0,"location_name":"Mustika","location_id":9}"
2026-07-31 04:50:36,EEST,10,Suur-Paala,0,success,"{"total":0,"location_name":"Suur-Paala","location_id":10}"
2026-07-31 04:52:37,EEST,1,Hipodroom,0,success,"{"total":0,"location_name":"Hipodroom","location_id":1}"
2026-07-31 04:52:37,EEST,3,T1,1,success,"{"total":1,"location_name":"T1 Shopping Mall","location_id":3}"
2026-07-31 04:52:37,EEST,9,Mustika,0,success,"{"total":0,"location_name":"Mustika","location_id":9}"
2026-07-31 04:52:37,EEST,10,Suur-Paala,0,success,"{"total":0,"location_name":"Suur-Paala","location_id":10}"
2026-07-31 04:54:37,EEST,1,Hipodroom,0,success,"{"total":0,"location_name":"Hipodroom","location_id":1}"
2026-07-31 04:54:37,EEST,3,T1,1,success,"{"total":1,"location_name":"T1 Shopping Mall","location_id":3}"
2026-07-31 04:54:37,EEST,9,Mustika,0,success,"{"total":0,"location_name":"Mustika","location_id":9}"
2026-07-31 04:54:37,EEST,10,Suur-Paala,0,success,"{"total":0,"location_name":"Suur-Paala","location_id":10}"
2026-07-31 04:56:38,EEST,1,Hipodroom,0,success,"{"total":0,"location_name":"Hipodroom","location_id":1}"
2026-07-31 04:56:38,EEST,3,T1,1,success,"{"total":1,"location_name":"T1 Shopping Mall","location_id":3}"
2026-07-31 04:56:38,EEST,9,Mustika,0,success,"{"total":0,"location_name":"Mustika","location_id":9}"
2026-07-31 04:56:38,EEST,10,Suur-Paala,0,success,"{"total":0,"location_name":"Suur-Paala","location_id":10}"
2026-07-31 04:58:39,EEST,1,Hipodroom,0,success,"{"total":0,"location_name":"Hipodroom","location_id":1}"
2026-07-31 04:58:39,EEST,3,T1,1,success,"{"total":1,"location_name":"T1 Shopping Mall","location_id":3}"
2026-07-31 04:58:39,EEST,9,Mustika,0,success,"{"total":0,"location_name":"Mustika","location_id":9}"
2026-07-31 04:58:39,EEST,10,Suur-Paala,0,success,"{"total":0,"location_name":"Suur-Paala","location_id":10}"
2026-07-31 05:00:39,EEST,1,Hipodroom,0,success,"{"total":0,"location_name":"Hipodroom","location_id":1}"
2026-07-31 05:00:39,EEST,3,T1,1,success,"{"total":1,"location_name":"T1 Shopping Mall","location_id":3}"
2026-07-31 05:00:39,EEST,9,Mustika,0,success,"{"total":0,"location_name":"Mustika","location_id":9}"
2026-07-31 05:00:39,EEST,10,Suur-Paala,0,success,"{"total":0,"location_name":"Suur-Paala","location_id":10}"
2026-07-31 05:02:40,EEST,1,Hipodroom,0,success,"{"total":0,"location_name":"Hipodroom","location_id":1}"
2026-07-31 05:02:40,EEST,3,T1,1,success,"{"total":1,"location_name":"T1 Shopping Mall","location_id":3}"
2026-07-31 05:02:40,EEST,9,Mustika,0,success,"{"total":0,"location_name":"Mustika","location_id":9}"
2026-07-31 05:02:40,EEST,10,Suur-Paala,0,success,"{"total":0,"location_name":"Suur-Paala","location_id":10}"
2026-07-31 05:04:41,EEST,1,Hipodroom,0,success,"{"total":0,"location_name":"Hipodroom","location_id":1}"
2026-07-31 05:04:41,EEST,3,T1,1,success,"{"total":1,"location_name":"T1 Shopping Mall","location_id":3}"
2026-07-31 05:04:41,EEST,9,Mustika,0,success,"{"total":0,"location_name":"Mustika","location_id":9}"
2026-07-31 05:04:41,EEST,10,Suur-Paala,0,success,"{"total":0,"location_name":"Suur-Paala","location_id":10}"
2026-07-31 05:06:41,EEST,1,Hipodroom,0,success,"{"total":0,"location_name":"Hipodroom","location_id":1}"
2026-07-31 05:06:41,EEST,3,T1,1,success,"{"total":1,"location_name":"T1 Shopping Mall","location_id":3}"
2026-07-31 05:06:41,EEST,9,Mustika,0,success,"{"total":0,"location_name":"Mustika","location_id":9}"
2026-07-31 05:06:41,EEST,10,Suur-Paala,0,success,"{"total":0,"location_name":"Suur-Paala","location_id":10}"
2026-07-31 05:08:42,EEST,1,Hipodroom,0,success,"{"total":0,"location_name":"Hipodroom","location_id":1}"
2026-07-31 05:08:42,EEST,3,T1,1,success,"{"total":1,"location_name":"T1 Shopping Mall","location_id":3}"
2026-07-31 05:08:42,EEST,9,Mustika,0,success,"{"total":0,"location_name":"Mustika","location_id":9}"
2026-07-31 05:08:42,EEST,10,Suur-Paala,0,success,"{"total":0,"location_name":"Suur-Paala","location_id":10}"
2026-07-31 05:10:43,EEST,1,Hipodroom,0,success,"{"total":0,"location_name":"Hipodroom","location_id":1}"
2026-07-31 05:10:43,EEST,3,T1,1,success,"{"total":1,"location_name":"T1 Shopping Mall","location_id":3}"
2026-07-31 05:10:43,EEST,9,Mustika,0,success,"{"total":0,"location_name":"Mustika","location_id":9}"
2026-07-31 05:10:43,EEST,10,Suur-Paala,0,success,"{"total":0,"location_name":"Suur-Paala","location_id":10}"
2026-07-31 05:12:44,EEST,1,Hipodroom,0,success,"{"total":0,"location_name":"Hipodroom","location_id":1}"
2026-07-31 05:12:44,EEST,3,T1,1,success,"{"total":1,"location_name":"T1 Shopping Mall","location_id":3}"
2026-07-31 05:12:44,EEST,9,Mustika,0,success,"{"total":0,"location_name":"Mustika","location_id":9}"
2026-07-31 05:12:44,EEST,10,Suur-Paala,0,success,"{"total":0,"location_name":"Suur-Paala","location_id":10}"
2026-07-31 05:14:44,EEST,1,Hipodroom,0,success,"{"total":0,"location_name":"Hipodroom","location_id":1}"
2026-07-31 05:14:44,EEST,3,T1,1,success,"{"total":1,"location_name":"T1 Shopping Mall","location_id":3}"
2026-07-31 05:14:44,EEST,9,Mustika,0,success,"{"total":0,"location_name":"Mustika","location_id":9}"
2026-07-31 05:14:44,EEST,10,Suur-Paala,0,success,"{"total":0,"location_name":"Suur-Paala","location_id":10}"
2026-07-31 05:16:45,EEST,1,Hipodroom,0,success,"{"total":0,"location_name":"Hipodroom","location_id":1}"
2026-07-31 05:16:45,EEST,3,T1,1,success,"{"total":1,"location_name":"T1 Shopping Mall","location_id":3}"
2026-07-31 05:16:45,EEST,9,Mustika,0,success,"{"total":0,"location_name":"Mustika","location_id":9}"
2026-07-31 05:16:45,EEST,10,Suur-Paala,0,success,"{"total":0,"location_name":"Suur-Paala","location_id":10}"
2026-07-31 05:18:46,EEST,1,Hipodroom,0,success,"{"total":0,"location_name":"Hipodroom","location_id":1}"
2026-07-31 05:18:46,EEST,3,T1,1,success,"{"total":1,"location_name":"T1 Shopping Mall","location_id":3}"
2026-07-31 05:18:46,EEST,9,Mustika,0,success,"{"total":0,"location_name":"Mustika","location_id":9}"
2026-07-31 05:18:46,EEST,10,Suur-Paala,0,success,"{"total":0,"location_name":"Suur-Paala","location_id":10}"
2026-07-31 05:20:46,EEST,1,Hipodroom,0,success,"{"total":0,"location_name":"Hipodroom","location_id":1}"
2026-07-31 05:20:46,EEST,3,T1,1,success,"{"total":1,"location_name":"T1 Shopping Mall","location_id":3}"
2026-07-31 05:20:46,EEST,9,Mustika,0,success,"{"total":0,"location_name":"Mustika","location_id":9}"
2026-07-31 05:20:46,EEST,10,Suur-Paala,0,success,"{"total":0,"location_name":"Suur-Paala","location_id":10}"
2026-07-31 05:22:47,EEST,1,Hipodroom,0,success,"{"total":0,"location_name":"Hipodroom","location_id":1}"
2026-07-31 05:22:47,EEST,3,T1,1,success,"{"total":1,"location_name":"T1 Shopping Mall","location_id":3}"
2026-07-31 05:22:47,EEST,9,Mustika,0,success,"{"total":0,"location_name":"Mustika","location_id":9}"
2026-07-31 05:22:47,EEST,10,Suur-Paala,0,success,"{"total":0,"location_name":"Suur-Paala","location_id":10}"
2026-07-31 05:24:48,EEST,1,Hipodroom,0,success,"{"total":0,"location_name":"Hipodroom","location_id":1}"
2026-07-31 05:24:48,EEST,3,T1,1,success,"{"total":1,"location_name":"T1 Shopping Mall","location_id":3}"
2026-07-31 05:24:48,EEST,9,Mustika,0,success,"{"total":0,"location_name":"Mustika","location_id":9}"
2026-07-31 05:24:48,EEST,10,Suur-Paala,0,success,"{"total":0,"location_name":"Suur-Paala","location_id":10}"
2026-07-31 05:26:48,EEST,1,Hipodroom,0,success,"{"total":0,"location_name":"Hipodroom","location_id":1}"
2026-07-31 05:26:48,EEST,3,T1,1,success,"{"total":1,"location_name":"T1 Shopping Mall","location_id":3}"
2026-07-31 05:26:48,EEST,9,Mustika,0,success,"{"total":0,"location_name":"Mustika","location_id":9}"
2026-07-31 05:26:48,EEST,10,Suur-Paala,0,success,"{"total":0,"location_name":"Suur-Paala","location_id":10}"
2026-07-31 05:28:49,EEST,1,Hipodroom,0,success,"{"total":0,"location_name":"Hipodroom","location_id":1}"
2026-07-31 05:28:49,EEST,3,T1,1,success,"{"total":1,"location_name":"T1 Shopping Mall","location_id":3}"
2026-07-31 05:28:49,EEST,9,Mustika,0,success,"{"total":0,"location_name":"Mustika","location_id":9}"
2026-07-31 05:28:49,EEST,10,Suur-Paala,0,success,"{"total":0,"location_name":"Suur-Paala","location_id":10}"
2026-07-31 05:30:50,EEST,1,Hipodroom,0,success,"{"total":0,"location_name":"Hipodroom","location_id":1}"
2026-07-31 05:30:50,EEST,3,T1,1,success,"{"total":1,"location_name":"T1 Shopping Mall","location_id":3}"
2026-07-31 05:30:50,EEST,9,Mustika,0,success,"{"total":0,"location_name":"Mustika","location_id":9}"
2026-07-31 05:30:50,EEST,10,Suur-Paala,0,success,"{"total":0,"location_name":"Suur-Paala","location_id":10}"
2026-07-31 05:32:50,EEST,1,Hipodroom,0,success,"{"total":0,"location_name":"Hipodroom","location_id":1}"
2026-07-31 05:32:50,EEST,3,T1,1,success,"{"total":1,"location_name":"T1 Shopping Mall","location_id":3}"
2026-07-31 05:32:50,EEST,9,Mustika,0,success,"{"total":0,"location_name":"Mustika","location_id":9}"
2026-07-31 05:32:50,EEST,10,Suur-Paala,0,success,"{"total":0,"location_name":"Suur-Paala","location_id":10}"
2026-07-31 05:34:51,EEST,1,Hipodroom,0,success,"{"total":0,"location_name":"Hipodroom","location_id":1}"
2026-07-31 05:34:51,EEST,3,T1,1,success,"{"total":1,"location_name":"T1 Shopping Mall","location_id":3}"
2026-07-31 05:34:51,EEST,9,Mustika,0,success,"{"total":0,"location_name":"Mustika","location_id":9}"
2026-07-31 05:34:51,EEST,10,Suur-Paala,0,success,"{"total":0,"location_name":"Suur-Paala","location_id":10}"
2026-07-31 05:36:51,EEST,1,Hipodroom,0,success,"{"total":0,"location_name":"Hipodroom","location_id":1}"
2026-07-31 05:36:51,EEST,3,T1,1,success,"{"total":1,"location_name":"T1 Shopping Mall","location_id":3}"
2026-07-31 05:36:51,EEST,9,Mustika,0,success,"{"total":0,"location_name":"Mustika","location_id":9}"
2026-07-31 05:36:51,EEST,10,Suur-Paala,0,success,"{"total":0,"location_name":"Suur-Paala","location_id":10}"
2026-07-31 05:38:52,EEST,1,Hipodroom,0,success,"{"total":0,"location_name":"Hipodroom","location_id":1}"
2026-07-31 05:38:52,EEST,3,T1,1,success,"{"total":1,"location_name":"T1 Shopping Mall","location_id":3}"
2026-07-31 05:38:52,EEST,9,Mustika,0,success,"{"total":0,"location_name":"Mustika","location_id":9}"
2026-07-31 05:38:52,EEST,10,Suur-Paala,0,success,"{"total":0,"location_name":"Suur-Paala","location_id":10}"
2026-07-31 05:40:53,EEST,1,Hipodroom,0,success,"{"total":0,"location_name":"Hipodroom","location_id":1}"
2026-07-31 05:40:53,EEST,3,T1,1,success,"{"total":1,"location_name":"T1 Shopping Mall","location_id":3}"
2026-07-31 05:40:53,EEST,9,Mustika,0,success,"{"total":0,"location_name":"Mustika","location_id":9}"
2026-07-31 05:40:53,EEST,10,Suur-Paala,0,success,"{"total":0,"location_name":"Suur-Paala","location_id":10}"
2026-07-31 05:42:54,EEST,1,Hipodroom,0,success,"{"total":0,"location_name":"Hipodroom","location_id":1}"
2026-07-31 05:42:54,EEST,3,T1,1,success,"{"total":1,"location_name":"T1 Shopping Mall","location_id":3}"
2026-07-31 05:42:54,EEST,9,Mustika,0,success,"{"total":0,"location_name":"Mustika","location_id":9}"
2026-07-31 05:42:54,EEST,10,Suur-Paala,0,success,"{"total":0,"location_name":"Suur-Paala","location_id":10}"
2026-07-31 05:44:54,EEST,1,Hipodroom,0,success,"{"total":0,"location_name":"Hipodroom","location_id":1}"
2026-07-31 05:44:54,EEST,3,T1,1,success,"{"total":1,"location_name":"T1 Shopping Mall","location_id":3}"
2026-07-31 05:44:54,EEST,9,Mustika,0,success,"{"total":0,"location_name":"Mustika","location_id":9}"
2026-07-31 05:44:54,EEST,10,Suur-Paala,0,success,"{"total":0,"location_name":"Suur-Paala","location_id":10}"
2026-07-31 05:46:55,EEST,1,Hipodroom,0,success,"{"total":0,"location_name":"Hipodroom","location_id":1}"
2026-07-31 05:46:55,EEST,3,T1,1,success,"{"total":1,"location_name":"T1 Shopping Mall","location_id":3}"
2026-07-31 05:46:55,EEST,9,Mustika,0,success,"{"total":0,"location_name":"Mustika","location_id":9}"
2026-07-31 05:46:55,EEST,10,Suur-Paala,0,success,"{"total":0,"location_name":"Suur-Paala","location_id":10}"
2026-07-31 05:48:56,EEST,1,Hipodroom,0,success,"{"total":0,"location_name":"Hipodroom","location_id":1}"
2026-07-31 05:48:56,EEST,3,T1,1,success,"{"total":1,"location_name":"T1 Shopping Mall","location_id":3}"
2026-07-31 05:48:56,EEST,9,Mustika,0,success,"{"total":0,"location_name":"Mustika","location_id":9}"
2026-07-31 05:48:56,EEST,10,Suur-Paala,0,success,"{"total":0,"location_name":"Suur-Paala","location_id":10}"
2026-07-31 05:50:56,EEST,1,Hipodroom,0,success,"{"total":0,"location_name":"Hipodroom","location_id":1}"
2026-07-31 05:50:56,EEST,3,T1,1,success,"{"total":1,"location_name":"T1 Shopping Mall","location_id":3}"
2026-07-31 05:50:56,EEST,9,Mustika,0,success,"{"total":0,"location_name":"Mustika","location_id":9}"
2026-07-31 05:50:56,EEST,10,Suur-Paala,0,success,"{"total":0,"location_name":"Suur-Paala","location_id":10}"
2026-07-31 05:52:57,EEST,1,Hipodroom,0,success,"{"total":0,"location_name":"Hipodroom","location_id":1}"
2026-07-31 05:52:57,EEST,3,T1,1,success,"{"total":1,"location_name":"T1 Shopping Mall","location_id":3}"
2026-07-31 05:52:57,EEST,9,Mustika,0,success,"{"total":0,"location_name":"Mustika","location_id":9}"
2026-07-31 05:52:57,EEST,10,Suur-Paala,0,success,"{"total":0,"location_name":"Suur-Paala","location_id":10}"
2026-07-31 05:54:58,EEST,1,Hipodroom,0,success,"{"total":0,"location_name":"Hipodroom","location_id":1}"
2026-07-31 05:54:58,EEST,3,T1,1,success,"{"total":1,"location_name":"T1 Shopping Mall","location_id":3}"
2026-07-31 05:54:58,EEST,9,Mustika,0,success,"{"total":0,"location_name":"Mustika","location_id":9}"
2026-07-31 05:54:58,EEST,10,Suur-Paala,0,success,"{"total":0,"location_name":"Suur-Paala","location_id":10}"
2026-07-31 05:56:59,EEST,1,Hipodroom,0,success,"{"total":0,"location_name":"Hipodroom","location_id":1}"
2026-07-31 05:56:59,EEST,3,T1,1,success,"{"total":1,"location_name":"T1 Shopping Mall","location_id":3}"
2026-07-31 05:56:59,EEST,9,Mustika,0,success,"{"total":0,"location_name":"Mustika","location_id":9}"
2026-07-31 05:56:59,EEST,10,Suur-Paala,0,success,"{"total":0,"location_name":"Suur-Paala","location_id":10}"
2026-07-31 05:59:00,EEST,1,Hipodroom,0,success,"{"total":0,"location_name":"Hipodroom","location_id":1}"
2026-07-31 05:59:00,EEST,3,T1,1,success,"{"total":1,"location_name":"T1 Shopping Mall","location_id":3}"
2026-07-31 05:59:00,EEST,9,Mustika,0,success,"{"total":0,"location_name":"Mustika","location_id":9}"
2026-07-31 05:59:00,EEST,10,Suur-Paala,0,success,"{"total":0,"location_name":"Suur-Paala","location_id":10}"
2026-07-31 06:01:00,EEST,1,Hipodroom,0,success,"{"total":0,"location_name":"Hipodroom","location_id":1}"
2026-07-31 06:01:00,EEST,3,T1,1,success,"{"total":1,"location_name":"T1 Shopping Mall","location_id":3}"
2026-07-31 06:01:00,EEST,9,Mustika,0,success,"{"total":0,"location_name":"Mustika","location_id":9}"
2026-07-31 06:01:00,EEST,10,Suur-Paala,0,success,"{"total":0,"location_name":"Suur-Paala","location_id":10}"
2026-07-31 06:03:01,EEST,1,Hipodroom,0,success,"{"total":0,"location_name":"Hipodroom","location_id":1}"
2026-07-31 06:03:01,EEST,3,T1,1,success,"{"total":1,"location_name":"T1 Shopping Mall","location_id":3}"
2026-07-31 06:03:01,EEST,9,Mustika,0,success,"{"total":0,"location_name":"Mustika","location_id":9}"
2026-07-31 06:03:01,EEST,10,Suur-Paala,0,success,"{"total":0,"location_name":"Suur-Paala","location_id":10}"
2026-07-31 06:05:02,EEST,1,Hipodroom,0,success,"{"total":0,"location_name":"Hipodroom","location_id":1}"
2026-07-31 06:05:02,EEST,3,T1,1,success,"{"total":1,"location_name":"T1 Shopping Mall","location_id":3}"
2026-07-31 06:05:02,EEST,9,Mustika,0,success,"{"total":0,"location_name":"Mustika","location_id":9}"
2026-07-31 06:05:02,EEST,10,Suur-Paala,0,success,"{"total":0,"location_name":"Suur-Paala","location_id":10}"
2026-07-31 06:07:02,EEST,1,Hipodroom,0,success,"{"total":0,"location_name":"Hipodroom","location_id":1}"
2026-07-31 06:07:02,EEST,3,T1,1,success,"{"total":1,"location_name":"T1 Shopping Mall","location_id":3}"
2026-07-31 06:07:02,EEST,9,Mustika,0,success,"{"total":0,"location_name":"Mustika","location_id":9}"
2026-07-31 06:07:02,EEST,10,Suur-Paala,0,success,"{"total":0,"location_name":"Suur-Paala","location_id":10}"
2026-07-31 06:09:03,EEST,1,Hipodroom,0,success,"{"total":0,"location_name":"Hipodroom","location_id":1}"
2026-07-31 06:09:03,EEST,3,T1,1,success,"{"total":1,"location_name":"T1 Shopping Mall","location_id":3}"
2026-07-31 06:09:03,EEST,9,Mustika,0,success,"{"total":0,"location_name":"Mustika","location_id":9}"
2026-07-31 06:09:03,EEST,10,Suur-Paala,0,success,"{"total":0,"location_name":"Suur-Paala","location_id":10}"
2026-07-31 06:11:04,EEST,1,Hipodroom,0,success,"{"total":0,"location_name":"Hipodroom","location_id":1}"
2026-07-31 06:11:04,EEST,3,T1,1,success,"{"total":1,"location_name":"T1 Shopping Mall","location_id":3}"
2026-07-31 06:11:04,EEST,9,Mustika,0,success,"{"total":0,"location_name":"Mustika","location_id":9}"
2026-07-31 06:11:04,EEST,10,Suur-Paala,0,success,"{"total":0,"location_name":"Suur-Paala","location_id":10}"
2026-07-31 06:13:04,EEST,1,Hipodroom,0,success,"{"total":0,"location_name":"Hipodroom","location_id":1}"
2026-07-31 06:13:04,EEST,3,T1,1,success,"{"total":1,"location_name":"T1 Shopping Mall","location_id":3}"
2026-07-31 06:13:04,EEST,9,Mustika,0,success,"{"total":0,"location_name":"Mustika","location_id":9}"
2026-07-31 06:13:04,EEST,10,Suur-Paala,0,success,"{"total":0,"location_name":"Suur-Paala","location_id":10}"
2026-07-31 06:15:05,EEST,1,Hipodroom,0,success,"{"total":0,"location_name":"Hipodroom","location_id":1}"
2026-07-31 06:15:05,EEST,3,T1,1,success,"{"total":1,"location_name":"T1 Shopping Mall","location_id":3}"
2026-07-31 06:15:05,EEST,9,Mustika,0,success,"{"total":0,"location_name":"Mustika","location_id":9}"
2026-07-31 06:15:05,EEST,10,Suur-Paala,0,success,"{"total":0,"location_name":"Suur-Paala","location_id":10}"
2026-07-31 06:17:06,EEST,1,Hipodroom,0,success,"{"total":0,"location_name":"Hipodroom","location_id":1}"
2026-07-31 06:17:06,EEST,3,T1,1,success,"{"total":1,"location_name":"T1 Shopping Mall","location_id":3}"
2026-07-31 06:17:06,EEST,9,Mustika,0,success,"{"total":0,"location_name":"Mustika","location_id":9}"
2026-07-31 06:17:06,EEST,10,Suur-Paala,0,success,"{"total":0,"location_name":"Suur-Paala","location_id":10}"
2026-07-31 06:19:06,EEST,1,Hipodroom,0,success,"{"total":0,"location_name":"Hipodroom","location_id":1}"
2026-07-31 06:19:06,EEST,3,T1,1,success,"{"total":1,"location_name":"T1 Shopping Mall","location_id":3}"
2026-07-31 06:19:06,EEST,9,Mustika,0,success,"{"total":0,"location_name":"Mustika","location_id":9}"
2026-07-31 06:19:06,EEST,10,Suur-Paala,0,success,"{"total":0,"location_name":"Suur-Paala","location_id":10}"
2026-07-31 06:21:07,EEST,1,Hipodroom,0,success,"{"total":0,"location_name":"Hipodroom","location_id":1}"
2026-07-31 06:21:07,EEST,3,T1,1,success,"{"total":1,"location_name":"T1 Shopping Mall","location_id":3}"
2026-07-31 06:21:07,EEST,9,Mustika,0,success,"{"total":0,"location_name":"Mustika","location_id":9}"
2026-07-31 06:21:07,EEST,10,Suur-Paala,0,success,"{"total":0,"location_name":"Suur-Paala","location_id":10}"
2026-07-31 06:23:08,EEST,1,Hipodroom,0,success,"{"total":0,"location_name":"Hipodroom","location_id":1}"
2026-07-31 06:23:08,EEST,3,T1,1,success,"{"total":1,"location_name":"T1 Shopping Mall","location_id":3}"
2026-07-31 06:23:08,EEST,9,Mustika,0,success,"{"total":0,"location_name":"Mustika","location_id":9}"
2026-07-31 06:23:08,EEST,10,Suur-Paala,0,success,"{"total":0,"location_name":"Suur-Paala","location_id":10}"
2026-07-31 06:25:08,EEST,1,Hipodroom,0,success,"{"total":0,"location_name":"Hipodroom","location_id":1}"
2026-07-31 06:25:08,EEST,3,T1,0,success,"{"total":0,"location_name":"T1 Shopping Mall","location_id":3}"
2026-07-31 06:25:08,EEST,9,Mustika,0,success,"{"total":0,"location_name":"Mustika","location_id":9}"
2026-07-31 06:25:08,EEST,10,Suur-Paala,0,success,"{"total":0,"location_name":"Suur-Paala","location_id":10}"
2026-07-31 06:27:09,EEST,1,Hipodroom,0,success,"{"total":0,"location_name":"Hipodroom","location_id":1}"
2026-07-31 06:27:09,EEST,3,T1,0,success,"{"total":0,"location_name":"T1 Shopping Mall","location_id":3}"
2026-07-31 06:27:09,EEST,9,Mustika,0,success,"{"total":0,"location_name":"Mustika","location_id":9}"
2026-07-31 06:27:09,EEST,10,Suur-Paala,0,success,"{"total":0,"location_name":"Suur-Paala","location_id":10}"
2026-07-31 06:29:11,EEST,1,Hipodroom,0,success,"{"total":0,"location_name":"Hipodroom","location_id":1}"
2026-07-31 06:29:11,EEST,3,T1,0,success,"{"total":0,"location_name":"T1 Shopping Mall","location_id":3}"
2026-07-31 06:29:11,EEST,9,Mustika,0,success,"{"total":0,"location_name":"Mustika","location_id":9}"
2026-07-31 06:29:11,EEST,10,Suur-Paala,0,success,"{"total":0,"location_name":"Suur-Paala","location_id":10}"
2026-07-31 06:31:11,EEST,1,Hipodroom,0,success,"{"total":0,"location_name":"Hipodroom","location_id":1}"
2026-07-31 06:31:11,EEST,3,T1,0,success,"{"total":0,"location_name":"T1 Shopping Mall","location_id":3}"
2026-07-31 06:31:11,EEST,9,Mustika,0,success,"{"total":0,"location_name":"Mustika","location_id":9}"
2026-07-31 06:31:11,EEST,10,Suur-Paala,0,success,"{"total":0,"location_name":"Suur-Paala","location_id":10}"
2026-07-31 06:33:12,EEST,1,Hipodroom,0,success,"{"total":0,"location_name":"Hipodroom","location_id":1}"
2026-07-31 06:33:12,EEST,3,T1,0,success,"{"total":0,"location_name":"T1 Shopping Mall","location_id":3}"
2026-07-31 06:33:12,EEST,9,Mustika,0,success,"{"total":0,"location_name":"Mustika","location_id":9}"
2026-07-31 06:33:12,EEST,10,Suur-Paala,0,success,"{"total":0,"location_name":"Suur-Paala","location_id":10}"
2026-07-31 06:35:13,EEST,1,Hipodroom,0,success,"{"total":0,"location_name":"Hipodroom","location_id":1}"
2026-07-31 06:35:13,EEST,3,T1,0,success,"{"total":0,"location_name":"T1 Shopping Mall","location_id":3}"
2026-07-31 06:35:13,EEST,9,Mustika,0,success,"{"total":0,"location_name":"Mustika","location_id":9}"
2026-07-31 06:35:13,EEST,10,Suur-Paala,0,success,"{"total":0,"location_name":"Suur-Paala","location_id":10}"
2026-07-31 06:37:14,EEST,1,Hipodroom,0,success,"{"total":0,"location_name":"Hipodroom","location_id":1}"
2026-07-31 06:37:14,EEST,3,T1,0,success,"{"total":0,"location_name":"T1 Shopping Mall","location_id":3}"
2026-07-31 06:37:14,EEST,9,Mustika,0,success,"{"total":0,"location_name":"Mustika","location_id":9}"
2026-07-31 06:37:14,EEST,10,Suur-Paala,0,success,"{"total":0,"location_name":"Suur-Paala","location_id":10}"
2026-07-31 06:39:14,EEST,1,Hipodroom,0,success,"{"total":0,"location_name":"Hipodroom","location_id":1}"
2026-07-31 06:39:14,EEST,3,T1,0,success,"{"total":0,"location_name":"T1 Shopping Mall","location_id":3}"
2026-07-31 06:39:14,EEST,9,Mustika,0,success,"{"total":0,"location_name":"Mustika","location_id":9}"
2026-07-31 06:39:14,EEST,10,Suur-Paala,0,success,"{"total":0,"location_name":"Suur-Paala","location_id":10}"
2026-07-31 06:41:15,EEST,1,Hipodroom,0,success,"{"total":0,"location_name":"Hipodroom","location_id":1}"
2026-07-31 06:41:15,EEST,3,T1,0,success,"{"total":0,"location_name":"T1 Shopping Mall","location_id":3}"
2026-07-31 06:41:15,EEST,9,Mustika,0,success,"{"total":0,"location_name":"Mustika","location_id":9}"
2026-07-31 06:41:15,EEST,10,Suur-Paala,0,success,"{"total":0,"location_name":"Suur-Paala","location_id":10}"
2026-07-31 06:43:16,EEST,1,Hipodroom,0,success,"{"total":0,"location_name":"Hipodroom","location_id":1}"
2026-07-31 06:43:16,EEST,3,T1,0,success,"{"total":0,"location_name":"T1 Shopping Mall","location_id":3}"
2026-07-31 06:43:16,EEST,9,Mustika,0,success,"{"total":0,"location_name":"Mustika","location_id":9}"
2026-07-31 06:43:16,EEST,10,Suur-Paala,0,success,"{"total":0,"location_name":"Suur-Paala","location_id":10}"
2026-07-31 06:45:16,EEST,1,Hipodroom,0,success,"{"total":0,"location_name":"Hipodroom","location_id":1}"
2026-07-31 06:45:16,EEST,3,T1,0,success,"{"total":0,"location_name":"T1 Shopping Mall","location_id":3}"
2026-07-31 06:45:16,EEST,9,Mustika,0,success,"{"total":0,"location_name":"Mustika","location_id":9}"
2026-07-31 06:45:16,EEST,10,Suur-Paala,0,success,"{"total":0,"location_name":"Suur-Paala","location_id":10}"
2026-07-31 06:47:17,EEST,1,Hipodroom,0,success,"{"total":0,"location_name":"Hipodroom","location_id":1}"
2026-07-31 06:47:17,EEST,3,T1,0,success,"{"total":0,"location_name":"T1 Shopping Mall","location_id":3}"
2026-07-31 06:47:17,EEST,9,Mustika,0,success,"{"total":0,"location_name":"Mustika","location_id":9}"
2026-07-31 06:47:17,EEST,10,Suur-Paala,0,success,"{"total":0,"location_name":"Suur-Paala","location_id":10}"
2026-07-31 06:49:18,EEST,1,Hipodroom,0,success,"{"total":0,"location_name":"Hipodroom","location_id":1}"
2026-07-31 06:49:18,EEST,3,T1,0,success,"{"total":0,"location_name":"T1 Shopping Mall","location_id":3}"
2026-07-31 06:49:18,EEST,9,Mustika,0,success,"{"total":0,"location_name":"Mustika","location_id":9}"
2026-07-31 06:49:18,EEST,10,Suur-Paala,0,success,"{"total":0,"location_name":"Suur-Paala","location_id":10}"
2026-07-31 06:51:18,EEST,1,Hipodroom,0,success,"{"total":0,"location_name":"Hipodroom","location_id":1}"
2026-07-31 06:51:18,EEST,3,T1,0,success,"{"total":0,"location_name":"T1 Shopping Mall","location_id":3}"
2026-07-31 06:51:18,EEST,9,Mustika,0,success,"{"total":0,"location_name":"Mustika","location_id":9}"
2026-07-31 06:51:18,EEST,10,Suur-Paala,0,success,"{"total":0,"location_name":"Suur-Paala","location_id":10}"
2026-07-31 06:53:19,EEST,1,Hipodroom,0,success,"{"total":0,"location_name":"Hipodroom","location_id":1}"
2026-07-31 06:53:19,EEST,3,T1,0,success,"{"total":0,"location_name":"T1 Shopping Mall","location_id":3}"
2026-07-31 06:53:19,EEST,9,Mustika,0,success,"{"total":0,"location_name":"Mustika","location_id":9}"
2026-07-31 06:53:19,EEST,10,Suur-Paala,0,success,"{"total":0,"location_name":"Suur-Paala","location_id":10}"
2026-07-31 06:55:20,EEST,1,Hipodroom,0,success,"{"total":0,"location_name":"Hipodroom","location_id":1}"
2026-07-31 06:55:20,EEST,3,T1,0,success,"{"total":0,"location_name":"T1 Shopping Mall","location_id":3}"
2026-07-31 06:55:20,EEST,9,Mustika,0,success,"{"total":0,"location_name":"Mustika","location_id":9}"
2026-07-31 06:55:20,EEST,10,Suur-Paala,0,success,"{"total":0,"location_name":"Suur-Paala","location_id":10}"
2026-07-31 06:57:21,EEST,1,Hipodroom,0,success,"{"total":0,"location_name":"Hipodroom","location_id":1}"
2026-07-31 06:57:21,EEST,3,T1,0,success,"{"total":0,"location_name":"T1 Shopping Mall","location_id":3}"
2026-07-31 06:57:21,EEST,9,Mustika,0,success,"{"total":0,"location_name":"Mustika","location_id":9}"
2026-07-31 06:57:21,EEST,10,Suur-Paala,0,success,"{"total":0,"location_name":"Suur-Paala","location_id":10}"
2026-07-31 06:59:21,EEST,1,Hipodroom,0,success,"{"total":0,"location_name":"Hipodroom","location_id":1}"
2026-07-31 06:59:21,EEST,3,T1,0,success,"{"total":0,"location_name":"T1 Shopping Mall","location_id":3}"
2026-07-31 06:59:21,EEST,9,Mustika,0,success,"{"total":0,"location_name":"Mustika","location_id":9}"
2026-07-31 06:59:21,EEST,10,Suur-Paala,0,success,"{"total":0,"location_name":"Suur-Paala","location_id":10}"
2026-07-31 07:01:22,EEST,1,Hipodroom,0,success,"{"total":0,"location_name":"Hipodroom","location_id":1}"
2026-07-31 07:01:22,EEST,3,T1,0,success,"{"total":0,"location_name":"T1 Shopping Mall","location_id":3}"
2026-07-31 07:01:22,EEST,9,Mustika,0,success,"{"total":0,"location_name":"Mustika","location_id":9}"
2026-07-31 07:01:22,EEST,10,Suur-Paala,0,success,"{"total":0,"location_name":"Suur-Paala","location_id":10}"
2026-07-31 07:03:23,EEST,1,Hipodroom,0,success,"{"total":0,"location_name":"Hipodroom","location_id":1}"
2026-07-31 07:03:23,EEST,3,T1,0,success,"{"total":0,"location_name":"T1 Shopping Mall","location_id":3}"
2026-07-31 07:03:23,EEST,9,Mustika,0,success,"{"total":0,"location_name":"Mustika","location_id":9}"
2026-07-31 07:03:23,EEST,10,Suur-Paala,0,success,"{"total":0,"location_name":"Suur-Paala","location_id":10}"
2026-07-31 07:05:24,EEST,1,Hipodroom,0,success,"{"total":0,"location_name":"Hipodroom","location_id":1}"
2026-07-31 07:05:24,EEST,3,T1,0,success,"{"total":0,"location_name":"T1 Shopping Mall","location_id":3}"
2026-07-31 07:05:24,EEST,9,Mustika,0,success,"{"total":0,"location_name":"Mustika","location_id":9}"
2026-07-31 07:05:24,EEST,10,Suur-Paala,0,success,"{"total":0,"location_name":"Suur-Paala","location_id":10}"
2026-07-31 07:07:24,EEST,1,Hipodroom,0,success,"{"total":0,"location_name":"Hipodroom","location_id":1}"
2026-07-31 07:07:24,EEST,3,T1,0,success,"{"total":0,"location_name":"T1 Shopping Mall","location_id":3}"
2026-07-31 07:07:24,EEST,9,Mustika,0,success,"{"total":0,"location_name":"Mustika","location_id":9}"
2026-07-31 07:07:24,EEST,10,Suur-Paala,0,success,"{"total":0,"location_name":"Suur-Paala","location_id":10}"
2026-07-31 07:09:25,EEST,1,Hipodroom,0,success,"{"total":0,"location_name":"Hipodroom","location_id":1}"
2026-07-31 07:09:25,EEST,3,T1,0,success,"{"total":0,"location_name":"T1 Shopping Mall","location_id":3}"
2026-07-31 07:09:25,EEST,9,Mustika,0,success,"{"total":0,"location_name":"Mustika","location_id":9}"
2026-07-31 07:09:25,EEST,10,Suur-Paala,0,success,"{"total":0,"location_name":"Suur-Paala","location_id":10}"
2026-07-31 07:11:26,EEST,1,Hipodroom,0,success,"{"total":0,"location_name":"Hipodroom","location_id":1}"
2026-07-31 07:11:26,EEST,3,T1,0,success,"{"total":0,"location_name":"T1 Shopping Mall","location_id":3}"
2026-07-31 07:11:26,EEST,9,Mustika,0,success,"{"total":0,"location_name":"Mustika","location_id":9}"
2026-07-31 07:11:26,EEST,10,Suur-Paala,0,success,"{"total":0,"location_name":"Suur-Paala","location_id":10}"
2026-07-31 07:13:26,EEST,1,Hipodroom,0,success,"{"total":0,"location_name":"Hipodroom","location_id":1}"
2026-07-31 07:13:26,EEST,3,T1,0,success,"{"total":0,"location_name":"T1 Shopping Mall","location_id":3}"
2026-07-31 07:13:26,EEST,9,Mustika,0,success,"{"total":0,"location_name":"Mustika","location_id":9}"
2026-07-31 07:13:26,EEST,10,Suur-Paala,0,success,"{"total":0,"location_name":"Suur-Paala","location_id":10}"
2026-07-31 07:15:27,EEST,1,Hipodroom,1,success,"{"total":1,"location_name":"Hipodroom","location_id":1}"
2026-07-31 07:15:27,EEST,3,T1,0,success,"{"total":0,"location_name":"T1 Shopping Mall","location_id":3}"
2026-07-31 07:15:27,EEST,9,Mustika,0,success,"{"total":0,"location_name":"Mustika","location_id":9}"
2026-07-31 07:15:27,EEST,10,Suur-Paala,0,success,"{"total":0,"location_name":"Suur-Paala","location_id":10}"
2026-07-31 07:17:28,EEST,1,Hipodroom,1,success,"{"total":1,"location_name":"Hipodroom","location_id":1}"
2026-07-31 07:17:28,EEST,3,T1,0,success,"{"total":0,"location_name":"T1 Shopping Mall","location_id":3}"
2026-07-31 07:17:28,EEST,9,Mustika,0,success,"{"total":0,"location_name":"Mustika","location_id":9}"
2026-07-31 07:17:28,EEST,10,Suur-Paala,0,success,"{"total":0,"location_name":"Suur-Paala","location_id":10}"
2026-07-31 07:19:28,EEST,1,Hipodroom,1,success,"{"total":1,"location_name":"Hipodroom","location_id":1}"
2026-07-31 07:19:28,EEST,3,T1,0,success,"{"total":0,"location_name":"T1 Shopping Mall","location_id":3}"
2026-07-31 07:19:28,EEST,9,Mustika,0,success,"{"total":0,"location_name":"Mustika","location_id":9}"
2026-07-31 07:19:28,EEST,10,Suur-Paala,0,success,"{"total":0,"location_name":"Suur-Paala","location_id":10}"
2026-07-31 07:21:29,EEST,1,Hipodroom,1,success,"{"total":1,"location_name":"Hipodroom","location_id":1}"
2026-07-31 07:21:29,EEST,3,T1,0,success,"{"total":0,"location_name":"T1 Shopping Mall","location_id":3}"
2026-07-31 07:21:29,EEST,9,Mustika,0,success,"{"total":0,"location_name":"Mustika","location_id":9}"
2026-07-31 07:21:29,EEST,10,Suur-Paala,0,success,"{"total":0,"location_name":"Suur-Paala","location_id":10}"
2026-07-31 07:23:30,EEST,1,Hipodroom,1,success,"{"total":1,"location_name":"Hipodroom","location_id":1}"
2026-07-31 07:23:30,EEST,3,T1,0,success,"{"total":0,"location_name":"T1 Shopping Mall","location_id":3}"
2026-07-31 07:23:30,EEST,9,Mustika,0,success,"{"total":0,"location_name":"Mustika","location_id":9}"
2026-07-31 07:23:30,EEST,10,Suur-Paala,0,success,"{"total":0,"location_name":"Suur-Paala","location_id":10}"
2026-07-31 07:25:30,EEST,1,Hipodroom,1,success,"{"total":1,"location_name":"Hipodroom","location_id":1}"
2026-07-31 07:25:30,EEST,3,T1,0,success,"{"total":0,"location_name":"T1 Shopping Mall","location_id":3}"
2026-07-31 07:25:30,EEST,9,Mustika,0,success,"{"total":0,"location_name":"Mustika","location_id":9}"
2026-07-31 07:25:30,EEST,10,Suur-Paala,0,success,"{"total":0,"location_name":"Suur-Paala","location_id":10}"
2026-07-31 07:27:31,EEST,1,Hipodroom,1,success,"{"total":1,"location_name":"Hipodroom","location_id":1}"
2026-07-31 07:27:31,EEST,3,T1,0,success,"{"total":0,"location_name":"T1 Shopping Mall","location_id":3}"
2026-07-31 07:27:31,EEST,9,Mustika,0,success,"{"total":0,"location_name":"Mustika","location_id":9}"
2026-07-31 07:27:31,EEST,10,Suur-Paala,0,success,"{"total":0,"location_name":"Suur-Paala","location_id":10}"
2026-07-31 07:29:32,EEST,1,Hipodroom,1,success,"{"total":1,"location_name":"Hipodroom","location_id":1}"
2026-07-31 07:29:32,EEST,3,T1,0,success,"{"total":0,"location_name":"T1 Shopping Mall","location_id":3}"
2026-07-31 07:29:32,EEST,9,Mustika,0,success,"{"total":0,"location_name":"Mustika","location_id":9}"
2026-07-31 07:29:32,EEST,10,Suur-Paala,0,success,"{"total":0,"location_name":"Suur-Paala","location_id":10}"
2026-07-31 07:31:32,EEST,1,Hipodroom,1,success,"{"total":1,"location_name":"Hipodroom","location_id":1}"
2026-07-31 07:31:32,EEST,3,T1,0,success,"{"total":0,"location_name":"T1 Shopping Mall","location_id":3}"
2026-07-31 07:31:32,EEST,9,Mustika,0,success,"{"total":0,"location_name":"Mustika","location_id":9}"
2026-07-31 07:31:32,EEST,10,Suur-Paala,0,success,"{"total":0,"location_name":"Suur-Paala","location_id":10}"
2026-07-31 07:33:33,EEST,1,Hipodroom,1,success,"{"total":1,"location_name":"Hipodroom","location_id":1}"
2026-07-31 07:33:33,EEST,3,T1,0,success,"{"total":0,"location_name":"T1 Shopping Mall","location_id":3}"
2026-07-31 07:33:33,EEST,9,Mustika,0,success,"{"total":0,"location_name":"Mustika","location_id":9}"
2026-07-31 07:33:33,EEST,10,Suur-Paala,0,success,"{"total":0,"location_name":"Suur-Paala","location_id":10}"
2026-07-31 07:35:34,EEST,1,Hipodroom,1,success,"{"total":1,"location_name":"Hipodroom","location_id":1}"
2026-07-31 07:35:34,EEST,3,T1,0,success,"{"total":0,"location_name":"T1 Shopping Mall","location_id":3}"
2026-07-31 07:35:34,EEST,9,Mustika,0,success,"{"total":0,"location_name":"Mustika","location_id":9}"
2026-07-31 07:35:34,EEST,10,Suur-Paala,0,success,"{"total":0,"location_name":"Suur-Paala","location_id":10}"
2026-07-31 07:37:34,EEST,1,Hipodroom,1,success,"{"total":1,"location_name":"Hipodroom","location_id":1}"
2026-07-31 07:37:34,EEST,3,T1,0,success,"{"total":0,"location_name":"T1 Shopping Mall","location_id":3}"
2026-07-31 07:37:34,EEST,9,Mustika,0,success,"{"total":0,"location_name":"Mustika","location_id":9}"
2026-07-31 07:37:34,EEST,10,Suur-Paala,0,success,"{"total":0,"location_name":"Suur-Paala","location_id":10}"
2026-07-31 07:39:35,EEST,1,Hipodroom,1,success,"{"total":1,"location_name":"Hipodroom","location_id":1}"
2026-07-31 07:39:35,EEST,3,T1,0,success,"{"total":0,"location_name":"T1 Shopping Mall","location_id":3}"
2026-07-31 07:39:35,EEST,9,Mustika,0,success,"{"total":0,"location_name":"Mustika","location_id":9}"
2026-07-31 07:39:35,EEST,10,Suur-Paala,0,success,"{"total":0,"location_name":"Suur-Paala","location_id":10}"
2026-07-31 07:41:36,EEST,1,Hipodroom,1,success,"{"total":1,"location_name":"Hipodroom","location_id":1}"
2026-07-31 07:41:36,EEST,3,T1,0,success,"{"total":0,"location_name":"T1 Shopping Mall","location_id":3}"
2026-07-31 07:41:36,EEST,9,Mustika,0,success,"{"total":0,"location_name":"Mustika","location_id":9}"
2026-07-31 07:41:36,EEST,10,Suur-Paala,0,success,"{"total":0,"location_name":"Suur-Paala","location_id":10}"
2026-07-31 07:43:36,EEST,1,Hipodroom,1,success,"{"total":1,"location_name":"Hipodroom","location_id":1}"
2026-07-31 07:43:36,EEST,3,T1,0,success,"{"total":0,"location_name":"T1 Shopping Mall","location_id":3}"
2026-07-31 07:43:36,EEST,9,Mustika,0,success,"{"total":0,"location_name":"Mustika","location_id":9}"
2026-07-31 07:43:36,EEST,10,Suur-Paala,0,success,"{"total":0,"location_name":"Suur-Paala","location_id":10}"
2026-07-31 07:45:37,EEST,1,Hipodroom,1,success,"{"total":1,"location_name":"Hipodroom","location_id":1}"
2026-07-31 07:45:37,EEST,3,T1,0,success,"{"total":0,"location_name":"T1 Shopping Mall","location_id":3}"
2026-07-31 07:45:37,EEST,9,Mustika,0,success,"{"total":0,"location_name":"Mustika","location_id":9}"
2026-07-31 07:45:37,EEST,10,Suur-Paala,0,success,"{"total":0,"location_name":"Suur-Paala","location_id":10}"
2026-07-31 07:47:38,EEST,1,Hipodroom,1,success,"{"total":1,"location_name":"Hipodroom","location_id":1}"
2026-07-31 07:47:38,EEST,3,T1,0,success,"{"total":0,"location_name":"T1 Shopping Mall","location_id":3}"
2026-07-31 07:47:38,EEST,9,Mustika,0,success,"{"total":0,"location_name":"Mustika","location_id":9}"
2026-07-31 07:47:38,EEST,10,Suur-Paala,0,success,"{"total":0,"location_name":"Suur-Paala","location_id":10}"
2026-07-31 07:49:38,EEST,1,Hipodroom,1,success,"{"total":1,"location_name":"Hipodroom","location_id":1}"
2026-07-31 07:49:38,EEST,3,T1,0,success,"{"total":0,"location_name":"T1 Shopping Mall","location_id":3}"
2026-07-31 07:49:38,EEST,9,Mustika,0,success,"{"total":0,"location_name":"Mustika","location_id":9}"
2026-07-31 07:49:38,EEST,10,Suur-Paala,0,success,"{"total":0,"location_name":"Suur-Paala","location_id":10}"
2026-07-31 07:51:39,EEST,1,Hipodroom,1,success,"{"total":1,"location_name":"Hipodroom","location_id":1}"
2026-07-31 07:51:39,EEST,3,T1,0,success,"{"total":0,"location_name":"T1 Shopping Mall","location_id":3}"
2026-07-31 07:51:39,EEST,9,Mustika,0,success,"{"total":0,"location_name":"Mustika","location_id":9}"
2026-07-31 07:51:39,EEST,10,Suur-Paala,0,success,"{"total":0,"location_name":"Suur-Paala","location_id":10}"
2026-07-31 07:53:40,EEST,1,Hipodroom,1,success,"{"total":1,"location_name":"Hipodroom","location_id":1}"
2026-07-31 07:53:40,EEST,3,T1,0,success,"{"total":0,"location_name":"T1 Shopping Mall","location_id":3}"
2026-07-31 07:53:40,EEST,9,Mustika,0,success,"{"total":0,"location_name":"Mustika","location_id":9}"
2026-07-31 07:53:40,EEST,10,Suur-Paala,0,success,"{"total":0,"location_name":"Suur-Paala","location_id":10}"
2026-07-31 07:55:40,EEST,1,Hipodroom,1,success,"{"total":1,"location_name":"Hipodroom","location_id":1}"
2026-07-31 07:55:40,EEST,3,T1,0,success,"{"total":0,"location_name":"T1 Shopping Mall","location_id":3}"
2026-07-31 07:55:40,EEST,9,Mustika,0,success,"{"total":0,"location_name":"Mustika","location_id":9}"
2026-07-31 07:55:40,EEST,10,Suur-Paala,0,success,"{"total":0,"location_name":"Suur-Paala","location_id":10}"
2026-07-31 07:57:41,EEST,1,Hipodroom,1,success,"{"total":1,"location_name":"Hipodroom","location_id":1}"
2026-07-31 07:57:41,EEST,3,T1,0,success,"{"total":0,"location_name":"T1 Shopping Mall","location_id":3}"
2026-07-31 07:57:41,EEST,9,Mustika,0,success,"{"total":0,"location_name":"Mustika","location_id":9}"
2026-07-31 07:57:41,EEST,10,Suur-Paala,0,success,"{"total":0,"location_name":"Suur-Paala","location_id":10}"
2026-07-31 07:59:42,EEST,1,Hipodroom,1,success,"{"total":1,"location_name":"Hipodroom","location_id":1}"
2026-07-31 07:59:42,EEST,3,T1,0,success,"{"total":0,"location_name":"T1 Shopping Mall","location_id":3}"
2026-07-31 07:59:42,EEST,9,Mustika,0,success,"{"total":0,"location_name":"Mustika","location_id":9}"
2026-07-31 07:59:42,EEST,10,Suur-Paala,0,success,"{"total":0,"location_name":"Suur-Paala","location_id":10}"
2026-07-31 08:01:43,EEST,1,Hipodroom,1,success,"{"total":1,"location_name":"Hipodroom","location_id":1}"
2026-07-31 08:01:43,EEST,3,T1,0,success,"{"total":0,"location_name":"T1 Shopping Mall","location_id":3}"
2026-07-31 08:01:43,EEST,9,Mustika,0,success,"{"total":0,"location_name":"Mustika","location_id":9}"
2026-07-31 08:01:43,EEST,10,Suur-Paala,0,success,"{"total":0,"location_name":"Suur-Paala","location_id":10}"
2026-07-31 08:03:43,EEST,1,Hipodroom,1,success,"{"total":1,"location_name":"Hipodroom","location_id":1}"
2026-07-31 08:03:43,EEST,3,T1,1,success,"{"total":1,"location_name":"T1 Shopping Mall","location_id":3}"
2026-07-31 08:03:43,EEST,9,Mustika,0,success,"{"total":0,"location_name":"Mustika","location_id":9}"
2026-07-31 08:03:43,EEST,10,Suur-Paala,0,success,"{"total":0,"location_name":"Suur-Paala","location_id":10}"
2026-07-31 08:05:44,EEST,1,Hipodroom,1,success,"{"total":1,"location_name":"Hipodroom","location_id":1}"
2026-07-31 08:05:44,EEST,3,T1,1,success,"{"total":1,"location_name":"T1 Shopping Mall","location_id":3}"
2026-07-31 08:05:44,EEST,9,Mustika,0,success,"{"total":0,"location_name":"Mustika","location_id":9}"
2026-07-31 08:05:44,EEST,10,Suur-Paala,0,success,"{"total":0,"location_name":"Suur-Paala","location_id":10}"
2026-07-31 08:07:45,EEST,1,Hipodroom,1,success,"{"total":1,"location_name":"Hipodroom","location_id":1}"
2026-07-31 08:07:45,EEST,3,T1,1,success,"{"total":1,"location_name":"T1 Shopping Mall","location_id":3}"
2026-07-31 08:07:45,EEST,9,Mustika,0,success,"{"total":0,"location_name":"Mustika","location_id":9}"
2026-07-31 08:07:45,EEST,10,Suur-Paala,0,success,"{"total":0,"location_name":"Suur-Paala","location_id":10}"
2026-07-31 08:09:45,EEST,1,Hipodroom,1,success,"{"total":1,"location_name":"Hipodroom","location_id":1}"
2026-07-31 08:09:45,EEST,3,T1,1,success,"{"total":1,"location_name":"T1 Shopping Mall","location_id":3}"
2026-07-31 08:09:45,EEST,9,Mustika,0,success,"{"total":0,"location_name":"Mustika","location_id":9}"
2026-07-31 08:09:45,EEST,10,Suur-Paala,0,success,"{"total":0,"location_name":"Suur-Paala","location_id":10}"
2026-07-31 08:11:46,EEST,1,Hipodroom,1,success,"{"total":1,"location_name":"Hipodroom","location_id":1}"
2026-07-31 08:11:46,EEST,3,T1,1,success,"{"total":1,"location_name":"T1 Shopping Mall","location_id":3}"
2026-07-31 08:11:46,EEST,9,Mustika,0,success,"{"total":0,"location_name":"Mustika","location_id":9}"
2026-07-31 08:11:46,EEST,10,Suur-Paala,0,success,"{"total":0,"location_name":"Suur-Paala","location_id":10}"
2026-07-31 08:13:47,EEST,1,Hipodroom,1,success,"{"total":1,"location_name":"Hipodroom","location_id":1}"
2026-07-31 08:13:47,EEST,3,T1,1,success,"{"total":1,"location_name":"T1 Shopping Mall","location_id":3}"
2026-07-31 08:13:47,EEST,9,Mustika,0,success,"{"total":0,"location_name":"Mustika","location_id":9}"
2026-07-31 08:13:47,EEST,10,Suur-Paala,0,success,"{"total":0,"location_name":"Suur-Paala","location_id":10}"
2026-07-31 08:15:47,EEST,1,Hipodroom,1,success,"{"total":1,"location_name":"Hipodroom","location_id":1}"
2026-07-31 08:15:47,EEST,3,T1,1,success,"{"total":1,"location_name":"T1 Shopping Mall","location_id":3}"
2026-07-31 08:15:47,EEST,9,Mustika,0,success,"{"total":0,"location_name":"Mustika","location_id":9}"
2026-07-31 08:15:47,EEST,10,Suur-Paala,0,success,"{"total":0,"location_name":"Suur-Paala","location_id":10}"
2026-07-31 08:17:48,EEST,1,Hipodroom,1,success,"{"total":1,"location_name":"Hipodroom","location_id":1}"
2026-07-31 08:17:48,EEST,3,T1,1,success,"{"total":1,"location_name":"T1 Shopping Mall","location_id":3}"
2026-07-31 08:17:48,EEST,9,Mustika,0,success,"{"total":0,"location_name":"Mustika","location_id":9}"
2026-07-31 08:17:48,EEST,10,Suur-Paala,0,success,"{"total":0,"location_name":"Suur-Paala","location_id":10}"
2026-07-31 08:19:49,EEST,1,Hipodroom,1,success,"{"total":1,"location_name":"Hipodroom","location_id":1}"
2026-07-31 08:19:49,EEST,3,T1,1,success,"{"total":1,"location_name":"T1 Shopping Mall","location_id":3}"
2026-07-31 08:19:49,EEST,9,Mustika,0,success,"{"total":0,"location_name":"Mustika","location_id":9}"
2026-07-31 08:19:49,EEST,10,Suur-Paala,0,success,"{"total":0,"location_name":"Suur-Paala","location_id":10}"
2026-07-31 08:21:49,EEST,1,Hipodroom,1,success,"{"total":1,"location_name":"Hipodroom","location_id":1}"
2026-07-31 08:21:49,EEST,3,T1,1,success,"{"total":1,"location_name":"T1 Shopping Mall","location_id":3}"
2026-07-31 08:21:49,EEST,9,Mustika,0,success,"{"total":0,"location_name":"Mustika","location_id":9}"
2026-07-31 08:21:49,EEST,10,Suur-Paala,0,success,"{"total":0,"location_name":"Suur-Paala","location_id":10}"
2026-07-31 08:23:50,EEST,1,Hipodroom,1,success,"{"total":1,"location_name":"Hipodroom","location_id":1}"
2026-07-31 08:23:50,EEST,3,T1,1,success,"{"total":1,"location_name":"T1 Shopping Mall","location_id":3}"
2026-07-31 08:23:50,EEST,9,Mustika,0,success,"{"total":0,"location_name":"Mustika","location_id":9}"
2026-07-31 08:23:50,EEST,10,Suur-Paala,0,success,"{"total":0,"location_name":"Suur-Paala","location_id":10}"
2026-07-31 08:25:51,EEST,1,Hipodroom,1,success,"{"total":1,"location_name":"Hipodroom","location_id":1}"
2026-07-31 08:25:51,EEST,3,T1,1,success,"{"total":1,"location_name":"T1 Shopping Mall","location_id":3}"
2026-07-31 08:25:51,EEST,9,Mustika,0,success,"{"total":0,"location_name":"Mustika","location_id":9}"
2026-07-31 08:25:51,EEST,10,Suur-Paala,0,success,"{"total":0,"location_name":"Suur-Paala","location_id":10}"
2026-07-31 08:27:51,EEST,1,Hipodroom,1,success,"{"total":1,"location_name":"Hipodroom","location_id":1}"
2026-07-31 08:27:51,EEST,3,T1,1,success,"{"total":1,"location_name":"T1 Shopping Mall","location_id":3}"
2026-07-31 08:27:51,EEST,9,Mustika,0,success,"{"total":0,"location_name":"Mustika","location_id":9}"
2026-07-31 08:27:51,EEST,10,Suur-Paala,0,success,"{"total":0,"location_name":"Suur-Paala","location_id":10}"
2026-07-31 08:29:52,EEST,1,Hipodroom,1,success,"{"total":1,"location_name":"Hipodroom","location_id":1}"
2026-07-31 08:29:52,EEST,3,T1,1,success,"{"total":1,"location_name":"T1 Shopping Mall","location_id":3}"
2026-07-31 08:29:52,EEST,9,Mustika,0,success,"{"total":0,"location_name":"Mustika","location_id":9}"
2026-07-31 08:29:52,EEST,10,Suur-Paala,0,success,"{"total":0,"location_name":"Suur-Paala","location_id":10}"
2026-07-31 08:31:53,EEST,1,Hipodroom,1,success,"{"total":1,"location_name":"Hipodroom","location_id":1}"
2026-07-31 08:31:53,EEST,3,T1,1,success,"{"total":1,"location_name":"T1 Shopping Mall","location_id":3}"
2026-07-31 08:31:53,EEST,9,Mustika,0,success,"{"total":0,"location_name":"Mustika","location_id":9}"
2026-07-31 08:31:53,EEST,10,Suur-Paala,0,success,"{"total":0,"location_name":"Suur-Paala","location_id":10}"
2026-07-31 08:33:53,EEST,1,Hipodroom,1,success,"{"total":1,"location_name":"Hipodroom","location_id":1}"
2026-07-31 08:33:53,EEST,3,T1,2,success,"{"total":2,"location_name":"T1 Shopping Mall","location_id":3}"
2026-07-31 08:33:53,EEST,9,Mustika,0,success,"{"total":0,"location_name":"Mustika","location_id":9}"
2026-07-31 08:33:53,EEST,10,Suur-Paala,0,success,"{"total":0,"location_name":"Suur-Paala","location_id":10}"
2026-07-31 08:35:54,EEST,1,Hipodroom,1,success,"{"total":1,"location_name":"Hipodroom","location_id":1}"
2026-07-31 08:35:54,EEST,3,T1,2,success,"{"total":2,"location_name":"T1 Shopping Mall","location_id":3}"
2026-07-31 08:35:54,EEST,9,Mustika,0,success,"{"total":0,"location_name":"Mustika","location_id":9}"
2026-07-31 08:35:54,EEST,10,Suur-Paala,0,success,"{"total":0,"location_name":"Suur-Paala","location_id":10}"
2026-07-31 08:37:55,EEST,1,Hipodroom,1,success,"{"total":1,"location_name":"Hipodroom","location_id":1}"
2026-07-31 08:37:55,EEST,3,T1,2,success,"{"total":2,"location_name":"T1 Shopping Mall","location_id":3}"
2026-07-31 08:37:55,EEST,9,Mustika,0,success,"{"total":0,"location_name":"Mustika","location_id":9}"
2026-07-31 08:37:55,EEST,10,Suur-Paala,0,success,"{"total":0,"location_name":"Suur-Paala","location_id":10}"
2026-07-31 08:39:55,EEST,1,Hipodroom,1,success,"{"total":1,"location_name":"Hipodroom","location_id":1}"
2026-07-31 08:39:55,EEST,3,T1,2,success,"{"total":2,"location_name":"T1 Shopping Mall","location_id":3}"
2026-07-31 08:39:55,EEST,9,Mustika,0,success,"{"total":0,"location_name":"Mustika","location_id":9}"
2026-07-31 08:39:55,EEST,10,Suur-Paala,0,success,"{"total":0,"location_name":"Suur-Paala","location_id":10}"
2026-07-31 08:41:56,EEST,1,Hipodroom,1,success,"{"total":1,"location_name":"Hipodroom","location_id":1}"
2026-07-31 08:41:56,EEST,3,T1,2,success,"{"total":2,"location_name":"T1 Shopping Mall","location_id":3}"
2026-07-31 08:41:56,EEST,9,Mustika,0,success,"{"total":0,"location_name":"Mustika","location_id":9}"
2026-07-31 08:41:56,EEST,10,Suur-Paala,0,success,"{"total":0,"location_name":"Suur-Paala","location_id":10}"
2026-07-31 08:43:57,EEST,1,Hipodroom,1,success,"{"total":1,"location_name":"Hipodroom","location_id":1}"
2026-07-31 08:43:57,EEST,3,T1,2,success,"{"total":2,"location_name":"T1 Shopping Mall","location_id":3}"
2026-07-31 08:43:57,EEST,9,Mustika,0,success,"{"total":0,"location_name":"Mustika","location_id":9}"
2026-07-31 08:43:57,EEST,10,Suur-Paala,0,success,"{"total":0,"location_name":"Suur-Paala","location_id":10}"
2026-07-31 08:45:57,EEST,1,Hipodroom,1,success,"{"total":1,"location_name":"Hipodroom","location_id":1}"
2026-07-31 08:45:57,EEST,3,T1,2,success,"{"total":2,"location_name":"T1 Shopping Mall","location_id":3}"
2026-07-31 08:45:57,EEST,9,Mustika,1,success,"{"total":1,"location_name":"Mustika","location_id":9}"
2026-07-31 08:45:57,EEST,10,Suur-Paala,0,success,"{"total":0,"location_name":"Suur-Paala","location_id":10}"
2026-07-31 08:47:58,EEST,1,Hipodroom,1,success,"{"total":1,"location_name":"Hipodroom","location_id":1}"
2026-07-31 08:47:58,EEST,3,T1,2,success,"{"total":2,"location_name":"T1 Shopping Mall","location_id":3}"
2026-07-31 08:47:58,EEST,9,Mustika,1,success,"{"total":1,"location_name":"Mustika","location_id":9}"
2026-07-31 08:47:58,EEST,10,Suur-Paala,0,success,"{"total":0,"location_name":"Suur-Paala","location_id":10}"
2026-07-31 08:49:59,EEST,1,Hipodroom,1,success,"{"total":1,"location_name":"Hipodroom","location_id":1}"
2026-07-31 08:49:59,EEST,3,T1,2,success,"{"total":2,"location_name":"T1 Shopping Mall","location_id":3}"
2026-07-31 08:49:59,EEST,9,Mustika,1,success,"{"total":1,"location_name":"Mustika","location_id":9}"
2026-07-31 08:49:59,EEST,10,Suur-Paala,0,success,"{"total":0,"location_name":"Suur-Paala","location_id":10}"
2026-07-31 08:52:00,EEST,1,Hipodroom,1,success,"{"total":1,"location_name":"Hipodroom","location_id":1}"
2026-07-31 08:52:00,EEST,3,T1,2,success,"{"total":2,"location_name":"T1 Shopping Mall","location_id":3}"
2026-07-31 08:52:00,EEST,9,Mustika,2,success,"{"total":2,"location_name":"Mustika","location_id":9}"
2026-07-31 08:52:00,EEST,10,Suur-Paala,0,success,"{"total":0,"location_name":"Suur-Paala","location_id":10}"
2026-07-31 08:54:00,EEST,1,Hipodroom,1,success,"{"total":1,"location_name":"Hipodroom","location_id":1}"
2026-07-31 08:54:00,EEST,3,T1,2,success,"{"total":2,"location_name":"T1 Shopping Mall","location_id":3}"
2026-07-31 08:54:00,EEST,9,Mustika,2,success,"{"total":2,"location_name":"Mustika","location_id":9}"
2026-07-31 08:54:00,EEST,10,Suur-Paala,0,success,"{"total":0,"location_name":"Suur-Paala","location_id":10}"
2026-07-31 08:56:01,EEST,1,Hipodroom,1,success,"{"total":1,"location_name":"Hipodroom","location_id":1}"
2026-07-31 08:56:01,EEST,3,T1,2,success,"{"total":2,"location_name":"T1 Shopping Mall","location_id":3}"
2026-07-31 08:56:01,EEST,9,Mustika,2,success,"{"total":2,"location_name":"Mustika","location_id":9}"
2026-07-31 08:56:01,EEST,10,Suur-Paala,0,success,"{"total":0,"location_name":"Suur-Paala","location_id":10}"
2026-07-31 08:58:02,EEST,1,Hipodroom,1,success,"{"total":1,"location_name":"Hipodroom","location_id":1}"
2026-07-31 08:58:02,EEST,3,T1,2,success,"{"total":2,"location_name":"T1 Shopping Mall","location_id":3}"
2026-07-31 08:58:02,EEST,9,Mustika,2,success,"{"total":2,"location_name":"Mustika","location_id":9}"
2026-07-31 08:58:02,EEST,10,Suur-Paala,0,success,"{"total":0,"location_name":"Suur-Paala","location_id":10}"
2026-07-31 09:00:02,EEST,1,Hipodroom,1,success,"{"total":1,"location_name":"Hipodroom","location_id":1}"
2026-07-31 09:00:02,EEST,3,T1,2,success,"{"total":2,"location_name":"T1 Shopping Mall","location_id":3}"
2026-07-31 09:00:02,EEST,9,Mustika,2,success,"{"total":2,"location_name":"Mustika","location_id":9}"
2026-07-31 09:00:02,EEST,10,Suur-Paala,0,success,"{"total":0,"location_name":"Suur-Paala","location_id":10}"
2026-07-31 09:02:03,EEST,1,Hipodroom,1,success,"{"total":1,"location_name":"Hipodroom","location_id":1}"
2026-07-31 09:02:03,EEST,3,T1,2,success,"{"total":2,"location_name":"T1 Shopping Mall","location_id":3}"
2026-07-31 09:02:03,EEST,9,Mustika,2,success,"{"total":2,"location_name":"Mustika","location_id":9}"
2026-07-31 09:02:03,EEST,10,Suur-Paala,0,success,"{"total":0,"location_name":"Suur-Paala","location_id":10}"
2026-07-31 09:04:04,EEST,1,Hipodroom,1,success,"{"total":1,"location_name":"Hipodroom","location_id":1}"
2026-07-31 09:04:04,EEST,3,T1,2,success,"{"total":2,"location_name":"T1 Shopping Mall","location_id":3}"
2026-07-31 09:04:04,EEST,9,Mustika,2,success,"{"total":2,"location_name":"Mustika","location_id":9}"
2026-07-31 09:04:04,EEST,10,Suur-Paala,0,success,"{"total":0,"location_name":"Suur-Paala","location_id":10}"
2026-07-31 09:06:04,EEST,1,Hipodroom,1,success,"{"total":1,"location_name":"Hipodroom","location_id":1}"
2026-07-31 09:06:04,EEST,3,T1,2,success,"{"total":2,"location_name":"T1 Shopping Mall","location_id":3}"
2026-07-31 09:06:04,EEST,9,Mustika,2,success,"{"total":2,"location_name":"Mustika","location_id":9}"
2026-07-31 09:06:04,EEST,10,Suur-Paala,0,success,"{"total":0,"location_name":"Suur-Paala","location_id":10}"
2026-07-31 09:08:05,EEST,1,Hipodroom,1,success,"{"total":1,"location_name":"Hipodroom","location_id":1}"
2026-07-31 09:08:05,EEST,3,T1,2,success,"{"total":2,"location_name":"T1 Shopping Mall","location_id":3}"
2026-07-31 09:08:05,EEST,9,Mustika,2,success,"{"total":2,"location_name":"Mustika","location_id":9}"
2026-07-31 09:08:05,EEST,10,Suur-Paala,0,success,"{"total":0,"location_name":"Suur-Paala","location_id":10}"
2026-07-31 09:10:06,EEST,1,Hipodroom,1,success,"{"total":1,"location_name":"Hipodroom","location_id":1}"
2026-07-31 09:10:06,EEST,3,T1,3,success,"{"total":3,"location_name":"T1 Shopping Mall","location_id":3}"
2026-07-31 09:10:06,EEST,9,Mustika,2,success,"{"total":2,"location_name":"Mustika","location_id":9}"
2026-07-31 09:10:06,EEST,10,Suur-Paala,0,success,"{"total":0,"location_name":"Suur-Paala","location_id":10}"
2026-07-31 09:12:06,EEST,1,Hipodroom,1,success,"{"total":1,"location_name":"Hipodroom","location_id":1}"
2026-07-31 09:12:06,EEST,3,T1,3,success,"{"total":3,"location_name":"T1 Shopping Mall","location_id":3}"
2026-07-31 09:12:06,EEST,9,Mustika,2,success,"{"total":2,"location_name":"Mustika","location_id":9}"
2026-07-31 09:12:06,EEST,10,Suur-Paala,0,success,"{"total":0,"location_name":"Suur-Paala","location_id":10}"
2026-07-31 09:14:07,EEST,1,Hipodroom,1,success,"{"total":1,"location_name":"Hipodroom","location_id":1}"
2026-07-31 09:14:07,EEST,3,T1,3,success,"{"total":3,"location_name":"T1 Shopping Mall","location_id":3}"
2026-07-31 09:14:07,EEST,9,Mustika,2,success,"{"total":2,"location_name":"Mustika","location_id":9}"
2026-07-31 09:14:07,EEST,10,Suur-Paala,0,success,"{"total":0,"location_name":"Suur-Paala","location_id":10}"
2026-07-31 09:16:07,EEST,1,Hipodroom,1,success,"{"total":1,"location_name":"Hipodroom","location_id":1}"
2026-07-31 09:16:07,EEST,3,T1,3,success,"{"total":3,"location_name":"T1 Shopping Mall","location_id":3}"
2026-07-31 09:16:07,EEST,9,Mustika,2,success,"{"total":2,"location_name":"Mustika","location_id":9}"
2026-07-31 09:16:07,EEST,10,Suur-Paala,0,success,"{"total":0,"location_name":"Suur-Paala","location_id":10}"
2026-07-31 09:18:08,EEST,1,Hipodroom,1,success,"{"total":1,"location_name":"Hipodroom","location_id":1}"
2026-07-31 09:18:08,EEST,3,T1,3,success,"{"total":3,"location_name":"T1 Shopping Mall","location_id":3}"
2026-07-31 09:18:08,EEST,9,Mustika,2,success,"{"total":2,"location_name":"Mustika","location_id":9}"
2026-07-31 09:18:08,EEST,10,Suur-Paala,0,success,"{"total":0,"location_name":"Suur-Paala","location_id":10}"
2026-07-31 09:20:09,EEST,1,Hipodroom,1,success,"{"total":1,"location_name":"Hipodroom","location_id":1}"
2026-07-31 09:20:09,EEST,3,T1,3,success,"{"total":3,"location_name":"T1 Shopping Mall","location_id":3}"
2026-07-31 09:20:09,EEST,9,Mustika,2,success,"{"total":2,"location_name":"Mustika","location_id":9}"
2026-07-31 09:20:09,EEST,10,Suur-Paala,0,success,"{"total":0,"location_name":"Suur-Paala","location_id":10}"
2026-07-31 09:22:09,EEST,1,Hipodroom,1,success,"{"total":1,"location_name":"Hipodroom","location_id":1}"
2026-07-31 09:22:09,EEST,3,T1,4,success,"{"total":4,"location_name":"T1 Shopping Mall","location_id":3}"
2026-07-31 09:22:09,EEST,9,Mustika,2,success,"{"total":2,"location_name":"Mustika","location_id":9}"
2026-07-31 09:22:09,EEST,10,Suur-Paala,0,success,"{"total":0,"location_name":"Suur-Paala","location_id":10}"
2026-07-31 09:24:10,EEST,1,Hipodroom,1,success,"{"total":1,"location_name":"Hipodroom","location_id":1}"
2026-07-31 09:24:10,EEST,3,T1,4,success,"{"total":4,"location_name":"T1 Shopping Mall","location_id":3}"
2026-07-31 09:24:10,EEST,9,Mustika,2,success,"{"total":2,"location_name":"Mustika","location_id":9}"
2026-07-31 09:24:10,EEST,10,Suur-Paala,0,success,"{"total":0,"location_name":"Suur-Paala","location_id":10}"
2026-07-31 09:26:10,EEST,1,Hipodroom,1,success,"{"total":1,"location_name":"Hipodroom","location_id":1}"
2026-07-31 09:26:10,EEST,3,T1,4,success,"{"total":4,"location_name":"T1 Shopping Mall","location_id":3}"
2026-07-31 09:26:10,EEST,9,Mustika,2,success,"{"total":2,"location_name":"Mustika","location_id":9}"
2026-07-31 09:26:10,EEST,10,Suur-Paala,0,success,"{"total":0,"location_name":"Suur-Paala","location_id":10}"
2026-07-31 09:28:11,EEST,1,Hipodroom,1,success,"{"total":1,"location_name":"Hipodroom","location_id":1}"
2026-07-31 09:28:11,EEST,3,T1,4,success,"{"total":4,"location_name":"T1 Shopping Mall","location_id":3}"
2026-07-31 09:28:11,EEST,9,Mustika,2,success,"{"total":2,"location_name":"Mustika","location_id":9}"
2026-07-31 09:28:11,EEST,10,Suur-Paala,0,success,"{"total":0,"location_name":"Suur-Paala","location_id":10}"
2026-07-31 09:30:11,EEST,1,Hipodroom,1,success,"{"total":1,"location_name":"Hipodroom","location_id":1}"
2026-07-31 09:30:11,EEST,3,T1,4,success,"{"total":4,"location_name":"T1 Shopping Mall","location_id":3}"
2026-07-31 09:30:11,EEST,9,Mustika,2,success,"{"total":2,"location_name":"Mustika","location_id":9}"
2026-07-31 09:30:11,EEST,10,Suur-Paala,0,success,"{"total":0,"location_name":"Suur-Paala","location_id":10}"
2026-07-31 09:32:12,EEST,1,Hipodroom,1,success,"{"total":1,"location_name":"Hipodroom","location_id":1}"
2026-07-31 09:32:12,EEST,3,T1,4,success,"{"total":4,"location_name":"T1 Shopping Mall","location_id":3}"
2026-07-31 09:32:12,EEST,9,Mustika,2,success,"{"total":2,"location_name":"Mustika","location_id":9}"
2026-07-31 09:32:12,EEST,10,Suur-Paala,0,success,"{"total":0,"location_name":"Suur-Paala","location_id":10}"
2026-07-31 09:34:13,EEST,1,Hipodroom,1,success,"{"total":1,"location_name":"Hipodroom","location_id":1}"
2026-07-31 09:34:13,EEST,3,T1,4,success,"{"total":4,"location_name":"T1 Shopping Mall","location_id":3}"
2026-07-31 09:34:13,EEST,9,Mustika,2,success,"{"total":2,"location_name":"Mustika","location_id":9}"
2026-07-31 09:34:13,EEST,10,Suur-Paala,0,success,"{"total":0,"location_name":"Suur-Paala","location_id":10}"
2026-07-31 09:36:13,EEST,1,Hipodroom,1,success,"{"total":1,"location_name":"Hipodroom","location_id":1}"
2026-07-31 09:36:13,EEST,3,T1,4,success,"{"total":4,"location_name":"T1 Shopping Mall","location_id":3}"
2026-07-31 09:36:13,EEST,9,Mustika,2,success,"{"total":2,"location_name":"Mustika","location_id":9}"
2026-07-31 09:36:13,EEST,10,Suur-Paala,0,success,"{"total":0,"location_name":"Suur-Paala","location_id":10}"
2026-07-31 09:38:14,EEST,1,Hipodroom,1,success,"{"total":1,"location_name":"Hipodroom","location_id":1}"
2026-07-31 09:38:14,EEST,3,T1,4,success,"{"total":4,"location_name":"T1 Shopping Mall","location_id":3}"
2026-07-31 09:38:14,EEST,9,Mustika,2,success,"{"total":2,"location_name":"Mustika","location_id":9}"
2026-07-31 09:38:14,EEST,10,Suur-Paala,0,success,"{"total":0,"location_name":"Suur-Paala","location_id":10}"
2026-07-31 09:40:14,EEST,1,Hipodroom,1,success,"{"total":1,"location_name":"Hipodroom","location_id":1}"
2026-07-31 09:40:14,EEST,3,T1,4,success,"{"total":4,"location_name":"T1 Shopping Mall","location_id":3}"
2026-07-31 09:40:14,EEST,9,Mustika,2,success,"{"total":2,"location_name":"Mustika","location_id":9}"
2026-07-31 09:40:14,EEST,10,Suur-Paala,0,success,"{"total":0,"location_name":"Suur-Paala","location_id":10}"
2026-07-31 09:42:15,EEST,1,Hipodroom,1,success,"{"total":1,"location_name":"Hipodroom","location_id":1}"
2026-07-31 09:42:15,EEST,3,T1,4,success,"{"total":4,"location_name":"T1 Shopping Mall","location_id":3}"
2026-07-31 09:42:15,EEST,9,Mustika,2,success,"{"total":2,"location_name":"Mustika","location_id":9}"
2026-07-31 09:42:15,EEST,10,Suur-Paala,0,success,"{"total":0,"location_name":"Suur-Paala","location_id":10}"
2026-07-31 09:44:15,EEST,1,Hipodroom,1,success,"{"total":1,"location_name":"Hipodroom","location_id":1}"
2026-07-31 09:44:15,EEST,3,T1,4,success,"{"total":4,"location_name":"T1 Shopping Mall","location_id":3}"
2026-07-31 09:44:15,EEST,9,Mustika,2,success,"{"total":2,"location_name":"Mustika","location_id":9}"
2026-07-31 09:44:15,EEST,10,Suur-Paala,0,success,"{"total":0,"location_name":"Suur-Paala","location_id":10}"
2026-07-31 09:46:16,EEST,1,Hipodroom,1,success,"{"total":1,"location_name":"Hipodroom","location_id":1}"
2026-07-31 09:46:16,EEST,3,T1,4,success,"{"total":4,"location_name":"T1 Shopping Mall","location_id":3}"
2026-07-31 09:46:16,EEST,9,Mustika,2,success,"{"total":2,"location_name":"Mustika","location_id":9}"
2026-07-31 09:46:16,EEST,10,Suur-Paala,0,success,"{"total":0,"location_name":"Suur-Paala","location_id":10}"
2026-07-31 09:48:17,EEST,1,Hipodroom,1,success,"{"total":1,"location_name":"Hipodroom","location_id":1}"
2026-07-31 09:48:17,EEST,3,T1,4,success,"{"total":4,"location_name":"T1 Shopping Mall","location_id":3}"
2026-07-31 09:48:17,EEST,9,Mustika,2,success,"{"total":2,"location_name":"Mustika","location_id":9}"
2026-07-31 09:48:17,EEST,10,Suur-Paala,0,success,"{"total":0,"location_name":"Suur-Paala","location_id":10}"
2026-07-31 09:50:17,EEST,1,Hipodroom,1,success,"{"total":1,"location_name":"Hipodroom","location_id":1}"
2026-07-31 09:50:17,EEST,3,T1,4,success,"{"total":4,"location_name":"T1 Shopping Mall","location_id":3}"
2026-07-31 09:50:17,EEST,9,Mustika,2,success,"{"total":2,"location_name":"Mustika","location_id":9}"
2026-07-31 09:50:17,EEST,10,Suur-Paala,0,success,"{"total":0,"location_name":"Suur-Paala","location_id":10}"
2026-07-31 09:52:18,EEST,1,Hipodroom,1,success,"{"total":1,"location_name":"Hipodroom","location_id":1}"
2026-07-31 09:52:18,EEST,3,T1,4,success,"{"total":4,"location_name":"T1 Shopping Mall","location_id":3}"
2026-07-31 09:52:18,EEST,9,Mustika,2,success,"{"total":2,"location_name":"Mustika","location_id":9}"
2026-07-31 09:52:18,EEST,10,Suur-Paala,1,success,"{"total":1,"location_name":"Suur-Paala","location_id":10}"
2026-07-31 09:54:18,EEST,1,Hipodroom,1,success,"{"total":1,"location_name":"Hipodroom","location_id":1}"
2026-07-31 09:54:18,EEST,3,T1,4,success,"{"total":4,"location_name":"T1 Shopping Mall","location_id":3}"
2026-07-31 09:54:18,EEST,9,Mustika,2,success,"{"total":2,"location_name":"Mustika","location_id":9}"
2026-07-31 09:54:18,EEST,10,Suur-Paala,1,success,"{"total":1,"location_name":"Suur-Paala","location_id":10}"
2026-07-31 09:56:19,EEST,1,Hipodroom,1,success,"{"total":1,"location_name":"Hipodroom","location_id":1}"
2026-07-31 09:56:19,EEST,3,T1,4,success,"{"total":4,"location_name":"T1 Shopping Mall","location_id":3}"
2026-07-31 09:56:19,EEST,9,Mustika,2,success,"{"total":2,"location_name":"Mustika","location_id":9}"
2026-07-31 09:56:19,EEST,10,Suur-Paala,1,success,"{"total":1,"location_name":"Suur-Paala","location_id":10}"
2026-07-31 09:58:19,EEST,1,Hipodroom,1,success,"{"total":1,"location_name":"Hipodroom","location_id":1}"
2026-07-31 09:58:19,EEST,3,T1,4,success,"{"total":4,"location_name":"T1 Shopping Mall","location_id":3}"
2026-07-31 09:58:19,EEST,9,Mustika,2,success,"{"total":2,"location_name":"Mustika","location_id":9}"
2026-07-31 09:58:19,EEST,10,Suur-Paala,1,success,"{"total":1,"location_name":"Suur-Paala","location_id":10}"
2026-07-31 10:00:20,EEST,1,Hipodroom,1,success,"{"total":1,"location_name":"Hipodroom","location_id":1}"
2026-07-31 10:00:20,EEST,3,T1,4,success,"{"total":4,"location_name":"T1 Shopping Mall","location_id":3}"
2026-07-31 10:00:20,EEST,9,Mustika,2,success,"{"total":2,"location_name":"Mustika","location_id":9}"
2026-07-31 10:00:20,EEST,10,Suur-Paala,1,success,"{"total":1,"location_name":"Suur-Paala","location_id":10}"
2026-07-31 10:02:21,EEST,1,Hipodroom,1,success,"{"total":1,"location_name":"Hipodroom","location_id":1}"
2026-07-31 10:02:21,EEST,3,T1,4,success,"{"total":4,"location_name":"T1 Shopping Mall","location_id":3}"
2026-07-31 10:02:21,EEST,9,Mustika,2,success,"{"total":2,"location_name":"Mustika","location_id":9}"
2026-07-31 10:02:21,EEST,10,Suur-Paala,1,success,"{"total":1,"location_name":"Suur-Paala","location_id":10}"
2026-07-31 10:04:21,EEST,1,Hipodroom,2,success,"{"total":2,"location_name":"Hipodroom","location_id":1}"
2026-07-31 10:04:21,EEST,3,T1,4,success,"{"total":4,"location_name":"T1 Shopping Mall","location_id":3}"
2026-07-31 10:04:21,EEST,9,Mustika,2,success,"{"total":2,"location_name":"Mustika","location_id":9}"
2026-07-31 10:04:21,EEST,10,Suur-Paala,1,success,"{"total":1,"location_name":"Suur-Paala","location_id":10}"
2026-07-31 10:06:22,EEST,1,Hipodroom,2,success,"{"total":2,"location_name":"Hipodroom","location_id":1}"
2026-07-31 10:06:22,EEST,3,T1,4,success,"{"total":4,"location_name":"T1 Shopping Mall","location_id":3}"
2026-07-31 10:06:22,EEST,9,Mustika,2,success,"{"total":2,"location_name":"Mustika","location_id":9}"
2026-07-31 10:06:22,EEST,10,Suur-Paala,1,success,"{"total":1,"location_name":"Suur-Paala","location_id":10}"
2026-07-31 10:08:23,EEST,1,Hipodroom,2,success,"{"total":2,"location_name":"Hipodroom","location_id":1}"
2026-07-31 10:08:23,EEST,3,T1,4,success,"{"total":4,"location_name":"T1 Shopping Mall","location_id":3}"
2026-07-31 10:08:23,EEST,9,Mustika,2,success,"{"total":2,"location_name":"Mustika","location_id":9}"
2026-07-31 10:08:23,EEST,10,Suur-Paala,1,success,"{"total":1,"location_name":"Suur-Paala","location_id":10}"
2026-07-31 10:10:23,EEST,1,Hipodroom,2,success,"{"total":2,"location_name":"Hipodroom","location_id":1}"
2026-07-31 10:10:23,EEST,3,T1,4,success,"{"total":4,"location_name":"T1 Shopping Mall","location_id":3}"
2026-07-31 10:10:23,EEST,9,Mustika,2,success,"{"total":2,"location_name":"Mustika","location_id":9}"
2026-07-31 10:10:23,EEST,10,Suur-Paala,2,success,"{"total":2,"location_name":"Suur-Paala","location_id":10}"
2026-07-31 10:12:24,EEST,1,Hipodroom,2,success,"{"total":2,"location_name":"Hipodroom","location_id":1}"
2026-07-31 10:12:24,EEST,3,T1,4,success,"{"total":4,"location_name":"T1 Shopping Mall","location_id":3}"
2026-07-31 10:12:24,EEST,9,Mustika,2,success,"{"total":2,"location_name":"Mustika","location_id":9}"
2026-07-31 10:12:24,EEST,10,Suur-Paala,2,success,"{"total":2,"location_name":"Suur-Paala","location_id":10}"
2026-07-31 10:14:25,EEST,1,Hipodroom,2,success,"{"total":2,"location_name":"Hipodroom","location_id":1}"
2026-07-31 10:14:25,EEST,3,T1,4,success,"{"total":4,"location_name":"T1 Shopping Mall","location_id":3}"
2026-07-31 10:14:25,EEST,9,Mustika,2,success,"{"total":2,"location_name":"Mustika","location_id":9}"
2026-07-31 10:14:25,EEST,10,Suur-Paala,2,success,"{"total":2,"location_name":"Suur-Paala","location_id":10}"
2026-07-31 10:16:26,EEST,1,Hipodroom,1,success,"{"total":1,"location_name":"Hipodroom","location_id":1}"
2026-07-31 10:16:26,EEST,3,T1,4,success,"{"total":4,"location_name":"T1 Shopping Mall","location_id":3}"
2026-07-31 10:16:26,EEST,9,Mustika,2,success,"{"total":2,"location_name":"Mustika","location_id":9}"
2026-07-31 10:16:26,EEST,10,Suur-Paala,3,success,"{"total":3,"location_name":"Suur-Paala","location_id":10}"
2026-07-31 10:18:26,EEST,1,Hipodroom,1,success,"{"total":1,"location_name":"Hipodroom","location_id":1}"
2026-07-31 10:18:26,EEST,3,T1,4,success,"{"total":4,"location_name":"T1 Shopping Mall","location_id":3}"
2026-07-31 10:18:26,EEST,9,Mustika,2,success,"{"total":2,"location_name":"Mustika","location_id":9}"
2026-07-31 10:18:26,EEST,10,Suur-Paala,3,success,"{"total":3,"location_name":"Suur-Paala","location_id":10}"
2026-07-31 10:20:27,EEST,1,Hipodroom,1,success,"{"total":1,"location_name":"Hipodroom","location_id":1}"
2026-07-31 10:20:27,EEST,3,T1,4,success,"{"total":4,"location_name":"T1 Shopping Mall","location_id":3}"
2026-07-31 10:20:27,EEST,9,Mustika,2,success,"{"total":2,"location_name":"Mustika","location_id":9}"
2026-07-31 10:20:27,EEST,10,Suur-Paala,3,success,"{"total":3,"location_name":"Suur-Paala","location_id":10}"
2026-07-31 10:22:27,EEST,1,Hipodroom,1,success,"{"total":1,"location_name":"Hipodroom","location_id":1}"
2026-07-31 10:22:27,EEST,3,T1,4,success,"{"total":4,"location_name":"T1 Shopping Mall","location_id":3}"
2026-07-31 10:22:27,EEST,9,Mustika,2,success,"{"total":2,"location_name":"Mustika","location_id":9}"
2026-07-31 10:22:27,EEST,10,Suur-Paala,3,success,"{"total":3,"location_name":"Suur-Paala","location_id":10}"
2026-07-31 10:24:28,EEST,1,Hipodroom,1,success,"{"total":1,"location_name":"Hipodroom","location_id":1}"
2026-07-31 10:24:28,EEST,3,T1,4,success,"{"total":4,"location_name":"T1 Shopping Mall","location_id":3}"
2026-07-31 10:24:28,EEST,9,Mustika,2,success,"{"total":2,"location_name":"Mustika","location_id":9}"
2026-07-31 10:24:28,EEST,10,Suur-Paala,3,success,"{"total":3,"location_name":"Suur-Paala","location_id":10}"
2026-07-31 10:26:29,EEST,1,Hipodroom,1,success,"{"total":1,"location_name":"Hipodroom","location_id":1}"
2026-07-31 10:26:29,EEST,3,T1,4,success,"{"total":4,"location_name":"T1 Shopping Mall","location_id":3}"
2026-07-31 10:26:29,EEST,9,Mustika,2,success,"{"total":2,"location_name":"Mustika","location_id":9}"
2026-07-31 10:26:29,EEST,10,Suur-Paala,3,success,"{"total":3,"location_name":"Suur-Paala","location_id":10}"
2026-07-31 10:28:29,EEST,1,Hipodroom,2,success,"{"total":2,"location_name":"Hipodroom","location_id":1}"
2026-07-31 10:28:29,EEST,3,T1,5,success,"{"total":5,"location_name":"T1 Shopping Mall","location_id":3}"
2026-07-31 10:28:29,EEST,9,Mustika,2,success,"{"total":2,"location_name":"Mustika","location_id":9}"
2026-07-31 10:28:29,EEST,10,Suur-Paala,3,success,"{"total":3,"location_name":"Suur-Paala","location_id":10}"
2026-07-31 10:30:30,EEST,1,Hipodroom,2,success,"{"total":2,"location_name":"Hipodroom","location_id":1}"
2026-07-31 10:30:30,EEST,3,T1,5,success,"{"total":5,"location_name":"T1 Shopping Mall","location_id":3}"
2026-07-31 10:30:30,EEST,9,Mustika,2,success,"{"total":2,"location_name":"Mustika","location_id":9}"
2026-07-31 10:30:30,EEST,10,Suur-Paala,3,success,"{"total":3,"location_name":"Suur-Paala","location_id":10}"
2026-07-31 10:32:31,EEST,1,Hipodroom,2,success,"{"total":2,"location_name":"Hipodroom","location_id":1}"
2026-07-31 10:32:31,EEST,3,T1,5,success,"{"total":5,"location_name":"T1 Shopping Mall","location_id":3}"
2026-07-31 10:32:31,EEST,9,Mustika,2,success,"{"total":2,"location_name":"Mustika","location_id":9}"
2026-07-31 10:32:31,EEST,10,Suur-Paala,3,success,"{"total":3,"location_name":"Suur-Paala","location_id":10}"
2026-07-31 10:34:32,EEST,1,Hipodroom,2,success,"{"total":2,"location_name":"Hipodroom","location_id":1}"
2026-07-31 10:34:32,EEST,3,T1,5,success,"{"total":5,"location_name":"T1 Shopping Mall","location_id":3}"
2026-07-31 10:34:32,EEST,9,Mustika,2,success,"{"total":2,"location_name":"Mustika","location_id":9}"
2026-07-31 10:34:32,EEST,10,Suur-Paala,3,success,"{"total":3,"location_name":"Suur-Paala","location_id":10}"
2026-07-31 10:36:33,EEST,1,Hipodroom,2,success,"{"total":2,"location_name":"Hipodroom","location_id":1}"
2026-07-31 10:36:33,EEST,3,T1,5,success,"{"total":5,"location_name":"T1 Shopping Mall","location_id":3}"
2026-07-31 10:36:33,EEST,9,Mustika,2,success,"{"total":2,"location_name":"Mustika","location_id":9}"
2026-07-31 10:36:33,EEST,10,Suur-Paala,3,success,"{"total":3,"location_name":"Suur-Paala","location_id":10}"
2026-07-31 10:38:33,EEST,1,Hipodroom,2,success,"{"total":2,"location_name":"Hipodroom","location_id":1}"
2026-07-31 10:38:33,EEST,3,T1,5,success,"{"total":5,"location_name":"T1 Shopping Mall","location_id":3}"
2026-07-31 10:38:33,EEST,9,Mustika,2,success,"{"total":2,"location_name":"Mustika","location_id":9}"
2026-07-31 10:38:33,EEST,10,Suur-Paala,3,success,"{"total":3,"location_name":"Suur-Paala","location_id":10}"
2026-07-31 10:40:34,EEST,1,Hipodroom,2,success,"{"total":2,"location_name":"Hipodroom","location_id":1}"
2026-07-31 10:40:34,EEST,3,T1,5,success,"{"total":5,"location_name":"T1 Shopping Mall","location_id":3}"
2026-07-31 10:40:34,EEST,9,Mustika,2,success,"{"total":2,"location_name":"Mustika","location_id":9}"
2026-07-31 10:40:34,EEST,10,Suur-Paala,3,success,"{"total":3,"location_name":"Suur-Paala","location_id":10}"
2026-07-31 10:42:35,EEST,1,Hipodroom,2,success,"{"total":2,"location_name":"Hipodroom","location_id":1}"
2026-07-31 10:42:35,EEST,3,T1,5,success,"{"total":5,"location_name":"T1 Shopping Mall","location_id":3}"
2026-07-31 10:42:35,EEST,9,Mustika,2,success,"{"total":2,"location_name":"Mustika","location_id":9}"
2026-07-31 10:42:35,EEST,10,Suur-Paala,3,success,"{"total":3,"location_name":"Suur-Paala","location_id":10}"
2026-07-31 10:44:36,EEST,1,Hipodroom,2,success,"{"total":2,"location_name":"Hipodroom","location_id":1}"
2026-07-31 10:44:36,EEST,3,T1,5,success,"{"total":5,"location_name":"T1 Shopping Mall","location_id":3}"
2026-07-31 10:44:36,EEST,9,Mustika,2,success,"{"total":2,"location_name":"Mustika","location_id":9}"
2026-07-31 10:44:36,EEST,10,Suur-Paala,3,success,"{"total":3,"location_name":"Suur-Paala","location_id":10}"
2026-07-31 10:46:36,EEST,1,Hipodroom,2,success,"{"total":2,"location_name":"Hipodroom","location_id":1}"
2026-07-31 10:46:36,EEST,3,T1,5,success,"{"total":5,"location_name":"T1 Shopping Mall","location_id":3}"
2026-07-31 10:46:36,EEST,9,Mustika,2,success,"{"total":2,"location_name":"Mustika","location_id":9}"
2026-07-31 10:46:36,EEST,10,Suur-Paala,3,success,"{"total":3,"location_name":"Suur-Paala","location_id":10}"
2026-07-31 10:48:37,EEST,1,Hipodroom,2,success,"{"total":2,"location_name":"Hipodroom","location_id":1}"
2026-07-31 10:48:37,EEST,3,T1,5,success,"{"total":5,"location_name":"T1 Shopping Mall","location_id":3}"
2026-07-31 10:48:37,EEST,9,Mustika,2,success,"{"total":2,"location_name":"Mustika","location_id":9}"
2026-07-31 10:48:37,EEST,10,Suur-Paala,3,success,"{"total":3,"location_name":"Suur-Paala","location_id":10}"
2026-07-31 10:50:38,EEST,1,Hipodroom,2,success,"{"total":2,"location_name":"Hipodroom","location_id":1}"
2026-07-31 10:50:38,EEST,3,T1,5,success,"{"total":5,"location_name":"T1 Shopping Mall","location_id":3}"
2026-07-31 10:50:38,EEST,9,Mustika,2,success,"{"total":2,"location_name":"Mustika","location_id":9}"
2026-07-31 10:50:38,EEST,10,Suur-Paala,3,success,"{"total":3,"location_name":"Suur-Paala","location_id":10}"
2026-07-31 10:52:39,EEST,1,Hipodroom,2,success,"{"total":2,"location_name":"Hipodroom","location_id":1}"
2026-07-31 10:52:39,EEST,3,T1,6,success,"{"total":6,"location_name":"T1 Shopping Mall","location_id":3}"
2026-07-31 10:52:39,EEST,9,Mustika,2,success,"{"total":2,"location_name":"Mustika","location_id":9}"
2026-07-31 10:52:39,EEST,10,Suur-Paala,3,success,"{"total":3,"location_name":"Suur-Paala","location_id":10}"
2026-07-31 10:54:40,EEST,1,Hipodroom,2,success,"{"total":2,"location_name":"Hipodroom","location_id":1}"
2026-07-31 10:54:40,EEST,3,T1,6,success,"{"total":6,"location_name":"T1 Shopping Mall","location_id":3}"
2026-07-31 10:54:40,EEST,9,Mustika,2,success,"{"total":2,"location_name":"Mustika","location_id":9}"
2026-07-31 10:54:40,EEST,10,Suur-Paala,3,success,"{"total":3,"location_name":"Suur-Paala","location_id":10}"
2026-07-31 10:56:40,EEST,1,Hipodroom,2,success,"{"total":2,"location_name":"Hipodroom","location_id":1}"
2026-07-31 10:56:40,EEST,3,T1,6,success,"{"total":6,"location_name":"T1 Shopping Mall","location_id":3}"
2026-07-31 10:56:40,EEST,9,Mustika,2,success,"{"total":2,"location_name":"Mustika","location_id":9}"
2026-07-31 10:56:40,EEST,10,Suur-Paala,3,success,"{"total":3,"location_name":"Suur-Paala","location_id":10}"
2026-07-31 10:58:41,EEST,1,Hipodroom,4,success,"{"total":4,"location_name":"Hipodroom","location_id":1}"
2026-07-31 10:58:41,EEST,3,T1,6,success,"{"total":6,"location_name":"T1 Shopping Mall","location_id":3}"
2026-07-31 10:58:41,EEST,9,Mustika,2,success,"{"total":2,"location_name":"Mustika","location_id":9}"
2026-07-31 10:58:41,EEST,10,Suur-Paala,3,success,"{"total":3,"location_name":"Suur-Paala","location_id":10}"
2026-07-31 11:00:42,EEST,1,Hipodroom,4,success,"{"total":4,"location_name":"Hipodroom","location_id":1}"
2026-07-31 11:00:42,EEST,3,T1,6,success,"{"total":6,"location_name":"T1 Shopping Mall","location_id":3}"
2026-07-31 11:00:42,EEST,9,Mustika,2,success,"{"total":2,"location_name":"Mustika","location_id":9}"
2026-07-31 11:00:42,EEST,10,Suur-Paala,3,success,"{"total":3,"location_name":"Suur-Paala","location_id":10}"
2026-07-31 11:02:43,EEST,1,Hipodroom,4,success,"{"total":4,"location_name":"Hipodroom","location_id":1}"
2026-07-31 11:02:43,EEST,3,T1,6,success,"{"total":6,"location_name":"T1 Shopping Mall","location_id":3}"
2026-07-31 11:02:43,EEST,9,Mustika,2,success,"{"total":2,"location_name":"Mustika","location_id":9}"
2026-07-31 11:02:43,EEST,10,Suur-Paala,3,success,"{"total":3,"location_name":"Suur-Paala","location_id":10}"
2026-07-31 11:04:43,EEST,1,Hipodroom,4,success,"{"total":4,"location_name":"Hipodroom","location_id":1}"
2026-07-31 11:04:43,EEST,3,T1,5,success,"{"total":5,"location_name":"T1 Shopping Mall","location_id":3}"
2026-07-31 11:04:43,EEST,9,Mustika,2,success,"{"total":2,"location_name":"Mustika","location_id":9}"
2026-07-31 11:04:43,EEST,10,Suur-Paala,3,success,"{"total":3,"location_name":"Suur-Paala","location_id":10}"
2026-07-31 11:06:44,EEST,1,Hipodroom,4,success,"{"total":4,"location_name":"Hipodroom","location_id":1}"
2026-07-31 11:06:44,EEST,3,T1,5,success,"{"total":5,"location_name":"T1 Shopping Mall","location_id":3}"
2026-07-31 11:06:44,EEST,9,Mustika,2,success,"{"total":2,"location_name":"Mustika","location_id":9}"
2026-07-31 11:06:44,EEST,10,Suur-Paala,3,success,"{"total":3,"location_name":"Suur-Paala","location_id":10}"
2026-07-31 11:08:45,EEST,1,Hipodroom,4,success,"{"total":4,"location_name":"Hipodroom","location_id":1}"
2026-07-31 11:08:45,EEST,3,T1,5,success,"{"total":5,"location_name":"T1 Shopping Mall","location_id":3}"
2026-07-31 11:08:45,EEST,9,Mustika,2,success,"{"total":2,"location_name":"Mustika","location_id":9}"
2026-07-31 11:08:45,EEST,10,Suur-Paala,3,success,"{"total":3,"location_name":"Suur-Paala","location_id":10}"
2026-07-31 11:10:46,EEST,1,Hipodroom,4,success,"{"total":4,"location_name":"Hipodroom","location_id":1}"
2026-07-31 11:10:46,EEST,3,T1,5,success,"{"total":5,"location_name":"T1 Shopping Mall","location_id":3}"
2026-07-31 11:10:46,EEST,9,Mustika,2,success,"{"total":2,"location_name":"Mustika","location_id":9}"
2026-07-31 11:10:46,EEST,10,Suur-Paala,3,success,"{"total":3,"location_name":"Suur-Paala","location_id":10}"
2026-07-31 11:12:47,EEST,1,Hipodroom,4,success,"{"total":4,"location_name":"Hipodroom","location_id":1}"
2026-07-31 11:12:47,EEST,3,T1,5,success,"{"total":5,"location_name":"T1 Shopping Mall","location_id":3}"
2026-07-31 11:12:47,EEST,9,Mustika,2,success,"{"total":2,"location_name":"Mustika","location_id":9}"
2026-07-31 11:12:47,EEST,10,Suur-Paala,3,success,"{"total":3,"location_name":"Suur-Paala","location_id":10}"
2026-07-31 11:14:47,EEST,1,Hipodroom,4,success,"{"total":4,"location_name":"Hipodroom","location_id":1}"
2026-07-31 11:14:47,EEST,3,T1,5,success,"{"total":5,"location_name":"T1 Shopping Mall","location_id":3}"
2026-07-31 11:14:47,EEST,9,Mustika,2,success,"{"total":2,"location_name":"Mustika","location_id":9}"
2026-07-31 11:14:47,EEST,10,Suur-Paala,3,success,"{"total":3,"location_name":"Suur-Paala","location_id":10}"
2026-07-31 11:16:48,EEST,1,Hipodroom,4,success,"{"total":4,"location_name":"Hipodroom","location_id":1}"
2026-07-31 11:16:48,EEST,3,T1,5,success,"{"total":5,"location_name":"T1 Shopping Mall","location_id":3}"
2026-07-31 11:16:48,EEST,9,Mustika,2,success,"{"total":2,"location_name":"Mustika","location_id":9}"
2026-07-31 11:16:48,EEST,10,Suur-Paala,3,success,"{"total":3,"location_name":"Suur-Paala","location_id":10}"
2026-07-31 11:18:49,EEST,1,Hipodroom,4,success,"{"total":4,"location_name":"Hipodroom","location_id":1}"
2026-07-31 11:18:49,EEST,3,T1,5,success,"{"total":5,"location_name":"T1 Shopping Mall","location_id":3}"
2026-07-31 11:18:49,EEST,9,Mustika,2,success,"{"total":2,"location_name":"Mustika","location_id":9}"
2026-07-31 11:18:49,EEST,10,Suur-Paala,3,success,"{"total":3,"location_name":"Suur-Paala","location_id":10}"
2026-07-31 11:20:50,EEST,1,Hipodroom,4,success,"{"total":4,"location_name":"Hipodroom","location_id":1}"
2026-07-31 11:20:50,EEST,3,T1,5,success,"{"total":5,"location_name":"T1 Shopping Mall","location_id":3}"
2026-07-31 11:20:50,EEST,9,Mustika,2,success,"{"total":2,"location_name":"Mustika","location_id":9}"
2026-07-31 11:20:50,EEST,10,Suur-Paala,3,success,"{"total":3,"location_name":"Suur-Paala","location_id":10}"
2026-07-31 11:22:50,EEST,1,Hipodroom,4,success,"{"total":4,"location_name":"Hipodroom","location_id":1}"
2026-07-31 11:22:50,EEST,3,T1,5,success,"{"total":5,"location_name":"T1 Shopping Mall","location_id":3}"
2026-07-31 11:22:50,EEST,9,Mustika,2,success,"{"total":2,"location_name":"Mustika","location_id":9}"
2026-07-31 11:22:50,EEST,10,Suur-Paala,3,success,"{"total":3,"location_name":"Suur-Paala","location_id":10}"
2026-07-31 11:24:51,EEST,1,Hipodroom,4,success,"{"total":4,"location_name":"Hipodroom","location_id":1}"
2026-07-31 11:24:51,EEST,3,T1,5,success,"{"total":5,"location_name":"T1 Shopping Mall","location_id":3}"
2026-07-31 11:24:51,EEST,9,Mustika,2,success,"{"total":2,"location_name":"Mustika","location_id":9}"
2026-07-31 11:24:51,EEST,10,Suur-Paala,3,success,"{"total":3,"location_name":"Suur-Paala","location_id":10}"
2026-07-31 11:26:52,EEST,1,Hipodroom,4,success,"{"total":4,"location_name":"Hipodroom","location_id":1}"
2026-07-31 11:26:52,EEST,3,T1,5,success,"{"total":5,"location_name":"T1 Shopping Mall","location_id":3}"
2026-07-31 11:26:52,EEST,9,Mustika,2,success,"{"total":2,"location_name":"Mustika","location_id":9}"
2026-07-31 11:26:52,EEST,10,Suur-Paala,3,success,"{"total":3,"location_name":"Suur-Paala","location_id":10}"
2026-07-31 11:28:53,EEST,1,Hipodroom,4,success,"{"total":4,"location_name":"Hipodroom","location_id":1}"
2026-07-31 11:28:53,EEST,3,T1,5,success,"{"total":5,"location_name":"T1 Shopping Mall","location_id":3}"
2026-07-31 11:28:53,EEST,9,Mustika,2,success,"{"total":2,"location_name":"Mustika","location_id":9}"
2026-07-31 11:28:53,EEST,10,Suur-Paala,3,success,"{"total":3,"location_name":"Suur-Paala","location_id":10}"
2026-07-31 11:30:54,EEST,1,Hipodroom,4,success,"{"total":4,"location_name":"Hipodroom","location_id":1}"
2026-07-31 11:30:54,EEST,3,T1,5,success,"{"total":5,"location_name":"T1 Shopping Mall","location_id":3}"
2026-07-31 11:30:54,EEST,9,Mustika,2,success,"{"total":2,"location_name":"Mustika","location_id":9}"
2026-07-31 11:30:54,EEST,10,Suur-Paala,3,success,"{"total":3,"location_name":"Suur-Paala","location_id":10}"
2026-07-31 11:32:54,EEST,1,Hipodroom,4,success,"{"total":4,"location_name":"Hipodroom","location_id":1}"
2026-07-31 11:32:54,EEST,3,T1,5,success,"{"total":5,"location_name":"T1 Shopping Mall","location_id":3}"
2026-07-31 11:32:54,EEST,9,Mustika,2,success,"{"total":2,"location_name":"Mustika","location_id":9}"
2026-07-31 11:32:54,EEST,10,Suur-Paala,3,success,"{"total":3,"location_name":"Suur-Paala","location_id":10}"
2026-07-31 11:34:55,EEST,1,Hipodroom,4,success,"{"total":4,"location_name":"Hipodroom","location_id":1}"
2026-07-31 11:34:55,EEST,3,T1,5,success,"{"total":5,"location_name":"T1 Shopping Mall","location_id":3}"
2026-07-31 11:34:55,EEST,9,Mustika,2,success,"{"total":2,"location_name":"Mustika","location_id":9}"
2026-07-31 11:34:55,EEST,10,Suur-Paala,4,success,"{"total":4,"location_name":"Suur-Paala","location_id":10}"
2026-07-31 11:36:56,EEST,1,Hipodroom,4,success,"{"total":4,"location_name":"Hipodroom","location_id":1}"
2026-07-31 11:36:56,EEST,3,T1,5,success,"{"total":5,"location_name":"T1 Shopping Mall","location_id":3}"
2026-07-31 11:36:56,EEST,9,Mustika,2,success,"{"total":2,"location_name":"Mustika","location_id":9}"
2026-07-31 11:36:56,EEST,10,Suur-Paala,4,success,"{"total":4,"location_name":"Suur-Paala","location_id":10}"
2026-07-31 11:38:57,EEST,1,Hipodroom,4,success,"{"total":4,"location_name":"Hipodroom","location_id":1}"
2026-07-31 11:38:57,EEST,3,T1,5,success,"{"total":5,"location_name":"T1 Shopping Mall","location_id":3}"
2026-07-31 11:38:57,EEST,9,Mustika,2,success,"{"total":2,"location_name":"Mustika","location_id":9}"
2026-07-31 11:38:57,EEST,10,Suur-Paala,4,success,"{"total":4,"location_name":"Suur-Paala","location_id":10}"
2026-07-31 11:40:57,EEST,1,Hipodroom,4,success,"{"total":4,"location_name":"Hipodroom","location_id":1}"
2026-07-31 11:40:57,EEST,3,T1,6,success,"{"total":6,"location_name":"T1 Shopping Mall","location_id":3}"
2026-07-31 11:40:57,EEST,9,Mustika,2,success,"{"total":2,"location_name":"Mustika","location_id":9}"
2026-07-31 11:40:57,EEST,10,Suur-Paala,4,success,"{"total":4,"location_name":"Suur-Paala","location_id":10}"
2026-07-31 11:42:58,EEST,1,Hipodroom,4,success,"{"total":4,"location_name":"Hipodroom","location_id":1}"
2026-07-31 11:42:58,EEST,3,T1,6,success,"{"total":6,"location_name":"T1 Shopping Mall","location_id":3}"
2026-07-31 11:42:58,EEST,9,Mustika,2,success,"{"total":2,"location_name":"Mustika","location_id":9}"
2026-07-31 11:42:58,EEST,10,Suur-Paala,4,success,"{"total":4,"location_name":"Suur-Paala","location_id":10}"
2026-07-31 11:44:59,EEST,1,Hipodroom,4,success,"{"total":4,"location_name":"Hipodroom","location_id":1}"
2026-07-31 11:44:59,EEST,3,T1,6,success,"{"total":6,"location_name":"T1 Shopping Mall","location_id":3}"
2026-07-31 11:44:59,EEST,9,Mustika,2,success,"{"total":2,"location_name":"Mustika","location_id":9}"
2026-07-31 11:44:59,EEST,10,Suur-Paala,4,success,"{"total":4,"location_name":"Suur-Paala","location_id":10}"
2026-07-31 11:47:00,EEST,1,Hipodroom,4,success,"{"total":4,"location_name":"Hipodroom","location_id":1}"
2026-07-31 11:47:00,EEST,3,T1,7,success,"{"total":7,"location_name":"T1 Shopping Mall","location_id":3}"
2026-07-31 11:47:00,EEST,9,Mustika,1,success,"{"total":1,"location_name":"Mustika","location_id":9}"
2026-07-31 11:47:00,EEST,10,Suur-Paala,4,success,"{"total":4,"location_name":"Suur-Paala","location_id":10}"
2026-07-31 11:49:00,EEST,1,Hipodroom,4,success,"{"total":4,"location_name":"Hipodroom","location_id":1}"
2026-07-31 11:49:00,EEST,3,T1,7,success,"{"total":7,"location_name":"T1 Shopping Mall","location_id":3}"
2026-07-31 11:49:00,EEST,9,Mustika,1,success,"{"total":1,"location_name":"Mustika","location_id":9}"
2026-07-31 11:49:00,EEST,10,Suur-Paala,4,success,"{"total":4,"location_name":"Suur-Paala","location_id":10}"
2026-07-31 11:51:01,EEST,1,Hipodroom,4,success,"{"total":4,"location_name":"Hipodroom","location_id":1}"
2026-07-31 11:51:01,EEST,3,T1,7,success,"{"total":7,"location_name":"T1 Shopping Mall","location_id":3}"
2026-07-31 11:51:01,EEST,9,Mustika,1,success,"{"total":1,"location_name":"Mustika","location_id":9}"
2026-07-31 11:51:01,EEST,10,Suur-Paala,4,success,"{"total":4,"location_name":"Suur-Paala","location_id":10}"
2026-07-31 11:53:02,EEST,1,Hipodroom,4,success,"{"total":4,"location_name":"Hipodroom","location_id":1}"
2026-07-31 11:53:02,EEST,3,T1,7,success,"{"total":7,"location_name":"T1 Shopping Mall","location_id":3}"
2026-07-31 11:53:02,EEST,9,Mustika,1,success,"{"total":1,"location_name":"Mustika","location_id":9}"
2026-07-31 11:53:02,EEST,10,Suur-Paala,4,success,"{"total":4,"location_name":"Suur-Paala","location_id":10}"
2026-07-31 11:55:03,EEST,1,Hipodroom,4,success,"{"total":4,"location_name":"Hipodroom","location_id":1}"
2026-07-31 11:55:03,EEST,3,T1,7,success,"{"total":7,"location_name":"T1 Shopping Mall","location_id":3}"
2026-07-31 11:55:03,EEST,9,Mustika,1,success,"{"total":1,"location_name":"Mustika","location_id":9}"
2026-07-31 11:55:03,EEST,10,Suur-Paala,4,success,"{"total":4,"location_name":"Suur-Paala","location_id":10}"
2026-07-31 11:57:03,EEST,1,Hipodroom,4,success,"{"total":4,"location_name":"Hipodroom","location_id":1}"
2026-07-31 11:57:03,EEST,3,T1,7,success,"{"total":7,"location_name":"T1 Shopping Mall","location_id":3}"
2026-07-31 11:57:03,EEST,9,Mustika,1,success,"{"total":1,"location_name":"Mustika","location_id":9}"
2026-07-31 11:57:03,EEST,10,Suur-Paala,4,success,"{"total":4,"location_name":"Suur-Paala","location_id":10}"
2026-07-31 11:59:04,EEST,1,Hipodroom,4,success,"{"total":4,"location_name":"Hipodroom","location_id":1}"
2026-07-31 11:59:04,EEST,3,T1,8,success,"{"total":8,"location_name":"T1 Shopping Mall","location_id":3}"
2026-07-31 11:59:04,EEST,9,Mustika,1,success,"{"total":1,"location_name":"Mustika","location_id":9}"
2026-07-31 11:59:04,EEST,10,Suur-Paala,4,success,"{"total":4,"location_name":"Suur-Paala","location_id":10}"
2026-07-31 12:01:05,EEST,1,Hipodroom,4,success,"{"total":4,"location_name":"Hipodroom","location_id":1}"
2026-07-31 12:01:05,EEST,3,T1,8,success,"{"total":8,"location_name":"T1 Shopping Mall","location_id":3}"
2026-07-31 12:01:05,EEST,9,Mustika,1,success,"{"total":1,"location_name":"Mustika","location_id":9}"
2026-07-31 12:01:05,EEST,10,Suur-Paala,4,success,"{"total":4,"location_name":"Suur-Paala","location_id":10}"
2026-07-31 12:03:06,EEST,1,Hipodroom,4,success,"{"total":4,"location_name":"Hipodroom","location_id":1}"
2026-07-31 12:03:06,EEST,3,T1,8,success,"{"total":8,"location_name":"T1 Shopping Mall","location_id":3}"
2026-07-31 12:03:06,EEST,9,Mustika,1,success,"{"total":1,"location_name":"Mustika","location_id":9}"
2026-07-31 12:03:06,EEST,10,Suur-Paala,4,success,"{"total":4,"location_name":"Suur-Paala","location_id":10}"
2026-07-31 12:05:07,EEST,1,Hipodroom,4,success,"{"total":4,"location_name":"Hipodroom","location_id":1}"
2026-07-31 12:05:07,EEST,3,T1,7,success,"{"total":7,"location_name":"T1 Shopping Mall","location_id":3}"
2026-07-31 12:05:07,EEST,9,Mustika,1,success,"{"total":1,"location_name":"Mustika","location_id":9}"
2026-07-31 12:05:07,EEST,10,Suur-Paala,4,success,"{"total":4,"location_name":"Suur-Paala","location_id":10}"
2026-07-31 12:07:08,EEST,1,Hipodroom,4,success,"{"total":4,"location_name":"Hipodroom","location_id":1}"
2026-07-31 12:07:08,EEST,3,T1,7,success,"{"total":7,"location_name":"T1 Shopping Mall","location_id":3}"
2026-07-31 12:07:08,EEST,9,Mustika,1,success,"{"total":1,"location_name":"Mustika","location_id":9}"
2026-07-31 12:07:08,EEST,10,Suur-Paala,4,success,"{"total":4,"location_name":"Suur-Paala","location_id":10}"
2026-07-31 12:09:08,EEST,1,Hipodroom,4,success,"{"total":4,"location_name":"Hipodroom","location_id":1}"
2026-07-31 12:09:08,EEST,3,T1,8,success,"{"total":8,"location_name":"T1 Shopping Mall","location_id":3}"
2026-07-31 12:09:08,EEST,9,Mustika,1,success,"{"total":1,"location_name":"Mustika","location_id":9}"
2026-07-31 12:09:08,EEST,10,Suur-Paala,4,success,"{"total":4,"location_name":"Suur-Paala","location_id":10}"
2026-07-31 12:11:09,EEST,1,Hipodroom,4,success,"{"total":4,"location_name":"Hipodroom","location_id":1}"
2026-07-31 12:11:09,EEST,3,T1,8,success,"{"total":8,"location_name":"T1 Shopping Mall","location_id":3}"
2026-07-31 12:11:09,EEST,9,Mustika,1,success,"{"total":1,"location_name":"Mustika","location_id":9}"
2026-07-31 12:11:09,EEST,10,Suur-Paala,4,success,"{"total":4,"location_name":"Suur-Paala","location_id":10}"
2026-07-31 12:13:11,EEST,1,Hipodroom,4,success,"{"total":4,"location_name":"Hipodroom","location_id":1}"
2026-07-31 12:13:11,EEST,3,T1,8,success,"{"total":8,"location_name":"T1 Shopping Mall","location_id":3}"
2026-07-31 12:13:11,EEST,9,Mustika,1,success,"{"total":1,"location_name":"Mustika","location_id":9}"
2026-07-31 12:13:11,EEST,10,Suur-Paala,4,success,"{"total":4,"location_name":"Suur-Paala","location_id":10}"
2026-07-31 12:15:11,EEST,1,Hipodroom,4,success,"{"total":4,"location_name":"Hipodroom","location_id":1}"
2026-07-31 12:15:11,EEST,3,T1,9,success,"{"total":9,"location_name":"T1 Shopping Mall","location_id":3}"
2026-07-31 12:15:11,EEST,9,Mustika,1,success,"{"total":1,"location_name":"Mustika","location_id":9}"
2026-07-31 12:15:11,EEST,10,Suur-Paala,4,success,"{"total":4,"location_name":"Suur-Paala","location_id":10}"
2026-07-31 12:17:12,EEST,1,Hipodroom,4,success,"{"total":4,"location_name":"Hipodroom","location_id":1}"
2026-07-31 12:17:12,EEST,3,T1,9,success,"{"total":9,"location_name":"T1 Shopping Mall","location_id":3}"
2026-07-31 12:17:12,EEST,9,Mustika,1,success,"{"total":1,"location_name":"Mustika","location_id":9}"
2026-07-31 12:17:12,EEST,10,Suur-Paala,4,success,"{"total":4,"location_name":"Suur-Paala","location_id":10}"
2026-07-31 12:19:13,EEST,1,Hipodroom,4,success,"{"total":4,"location_name":"Hipodroom","location_id":1}"
2026-07-31 12:19:13,EEST,3,T1,9,success,"{"total":9,"location_name":"T1 Shopping Mall","location_id":3}"
2026-07-31 12:19:13,EEST,9,Mustika,1,success,"{"total":1,"location_name":"Mustika","location_id":9}"
2026-07-31 12:19:13,EEST,10,Suur-Paala,4,success,"{"total":4,"location_name":"Suur-Paala","location_id":10}"
2026-07-31 12:21:14,EEST,1,Hipodroom,4,success,"{"total":4,"location_name":"Hipodroom","location_id":1}"
2026-07-31 12:21:14,EEST,3,T1,8,success,"{"total":8,"location_name":"T1 Shopping Mall","location_id":3}"
2026-07-31 12:21:14,EEST,9,Mustika,1,success,"{"total":1,"location_name":"Mustika","location_id":9}"
2026-07-31 12:21:14,EEST,10,Suur-Paala,4,success,"{"total":4,"location_name":"Suur-Paala","location_id":10}"
2026-07-31 12:23:15,EEST,1,Hipodroom,4,success,"{"total":4,"location_name":"Hipodroom","location_id":1}"
2026-07-31 12:23:15,EEST,3,T1,8,success,"{"total":8,"location_name":"T1 Shopping Mall","location_id":3}"
2026-07-31 12:23:15,EEST,9,Mustika,1,success,"{"total":1,"location_name":"Mustika","location_id":9}"
2026-07-31 12:23:15,EEST,10,Suur-Paala,4,success,"{"total":4,"location_name":"Suur-Paala","location_id":10}"
2026-07-31 12:25:16,EEST,1,Hipodroom,4,success,"{"total":4,"location_name":"Hipodroom","location_id":1}"
2026-07-31 12:25:16,EEST,3,T1,8,success,"{"total":8,"location_name":"T1 Shopping Mall","location_id":3}"
2026-07-31 12:25:16,EEST,9,Mustika,1,success,"{"total":1,"location_name":"Mustika","location_id":9}"
2026-07-31 12:25:16,EEST,10,Suur-Paala,4,success,"{"total":4,"location_name":"Suur-Paala","location_id":10}"
2026-07-31 12:27:16,EEST,1,Hipodroom,4,success,"{"total":4,"location_name":"Hipodroom","location_id":1}"
2026-07-31 12:27:16,EEST,3,T1,8,success,"{"total":8,"location_name":"T1 Shopping Mall","location_id":3}"
2026-07-31 12:27:16,EEST,9,Mustika,1,success,"{"total":1,"location_name":"Mustika","location_id":9}"
2026-07-31 12:27:16,EEST,10,Suur-Paala,4,success,"{"total":4,"location_name":"Suur-Paala","location_id":10}"
2026-07-31 12:29:17,EEST,1,Hipodroom,4,success,"{"total":4,"location_name":"Hipodroom","location_id":1}"
2026-07-31 12:29:17,EEST,3,T1,8,success,"{"total":8,"location_name":"T1 Shopping Mall","location_id":3}"
2026-07-31 12:29:17,EEST,9,Mustika,1,success,"{"total":1,"location_name":"Mustika","location_id":9}"
2026-07-31 12:29:17,EEST,10,Suur-Paala,4,success,"{"total":4,"location_name":"Suur-Paala","location_id":10}"
2026-07-31 12:31:18,EEST,1,Hipodroom,4,success,"{"total":4,"location_name":"Hipodroom","location_id":1}"
2026-07-31 12:31:18,EEST,3,T1,8,success,"{"total":8,"location_name":"T1 Shopping Mall","location_id":3}"
2026-07-31 12:31:18,EEST,9,Mustika,1,success,"{"total":1,"location_name":"Mustika","location_id":9}"
2026-07-31 12:31:18,EEST,10,Suur-Paala,4,success,"{"total":4,"location_name":"Suur-Paala","location_id":10}"
2026-07-31 12:33:19,EEST,1,Hipodroom,4,success,"{"total":4,"location_name":"Hipodroom","location_id":1}"
2026-07-31 12:33:19,EEST,3,T1,9,success,"{"total":9,"location_name":"T1 Shopping Mall","location_id":3}"
2026-07-31 12:33:19,EEST,9,Mustika,1,success,"{"total":1,"location_name":"Mustika","location_id":9}"
2026-07-31 12:33:19,EEST,10,Suur-Paala,4,success,"{"total":4,"location_name":"Suur-Paala","location_id":10}"
2026-07-31 12:35:19,EEST,1,Hipodroom,4,success,"{"total":4,"location_name":"Hipodroom","location_id":1}"
2026-07-31 12:35:19,EEST,3,T1,9,success,"{"total":9,"location_name":"T1 Shopping Mall","location_id":3}"
2026-07-31 12:35:19,EEST,9,Mustika,1,success,"{"total":1,"location_name":"Mustika","location_id":9}"
2026-07-31 12:35:19,EEST,10,Suur-Paala,4,success,"{"total":4,"location_name":"Suur-Paala","location_id":10}"
2026-07-31 12:37:20,EEST,1,Hipodroom,4,success,"{"total":4,"location_name":"Hipodroom","location_id":1}"
2026-07-31 12:37:20,EEST,3,T1,9,success,"{"total":9,"location_name":"T1 Shopping Mall","location_id":3}"
2026-07-31 12:37:20,EEST,9,Mustika,1,success,"{"total":1,"location_name":"Mustika","location_id":9}"
2026-07-31 12:37:20,EEST,10,Suur-Paala,4,success,"{"total":4,"location_name":"Suur-Paala","location_id":10}"
2026-07-31 12:39:20,EEST,1,Hipodroom,5,success,"{"total":5,"location_name":"Hipodroom","location_id":1}"
2026-07-31 12:39:20,EEST,3,T1,11,success,"{"total":11,"location_name":"T1 Shopping Mall","location_id":3}"
2026-07-31 12:39:20,EEST,9,Mustika,1,success,"{"total":1,"location_name":"Mustika","location_id":9}"
2026-07-31 12:39:20,EEST,10,Suur-Paala,4,success,"{"total":4,"location_name":"Suur-Paala","location_id":10}"
2026-07-31 12:41:21,EEST,1,Hipodroom,5,success,"{"total":5,"location_name":"Hipodroom","location_id":1}"
2026-07-31 12:41:21,EEST,3,T1,11,success,"{"total":11,"location_name":"T1 Shopping Mall","location_id":3}"
2026-07-31 12:41:21,EEST,9,Mustika,1,success,"{"total":1,"location_name":"Mustika","location_id":9}"
2026-07-31 12:41:21,EEST,10,Suur-Paala,4,success,"{"total":4,"location_name":"Suur-Paala","location_id":10}"
2026-07-31 12:43:21,EEST,1,Hipodroom,5,success,"{"total":5,"location_name":"Hipodroom","location_id":1}"
2026-07-31 12:43:21,EEST,3,T1,11,success,"{"total":11,"location_name":"T1 Shopping Mall","location_id":3}"
2026-07-31 12:43:21,EEST,9,Mustika,1,success,"{"total":1,"location_name":"Mustika","location_id":9}"
2026-07-31 12:43:21,EEST,10,Suur-Paala,4,success,"{"total":4,"location_name":"Suur-Paala","location_id":10}"
2026-07-31 12:45:23,EEST,1,Hipodroom,5,success,"{"total":5,"location_name":"Hipodroom","location_id":1}"
2026-07-31 12:45:23,EEST,3,T1,11,success,"{"total":11,"location_name":"T1 Shopping Mall","location_id":3}"
2026-07-31 12:45:23,EEST,9,Mustika,1,success,"{"total":1,"location_name":"Mustika","location_id":9}"
2026-07-31 12:45:23,EEST,10,Suur-Paala,4,success,"{"total":4,"location_name":"Suur-Paala","location_id":10}"
2026-07-31 12:47:24,EEST,1,Hipodroom,5,success,"{"total":5,"location_name":"Hipodroom","location_id":1}"
2026-07-31 12:47:24,EEST,3,T1,11,success,"{"total":11,"location_name":"T1 Shopping Mall","location_id":3}"
2026-07-31 12:47:24,EEST,9,Mustika,1,success,"{"total":1,"location_name":"Mustika","location_id":9}"
2026-07-31 12:47:24,EEST,10,Suur-Paala,4,success,"{"total":4,"location_name":"Suur-Paala","location_id":10}"
2026-07-31 12:49:25,EEST,1,Hipodroom,5,success,"{"total":5,"location_name":"Hipodroom","location_id":1}"
2026-07-31 12:49:25,EEST,3,T1,11,success,"{"total":11,"location_name":"T1 Shopping Mall","location_id":3}"
2026-07-31 12:49:25,EEST,9,Mustika,1,success,"{"total":1,"location_name":"Mustika","location_id":9}"
2026-07-31 12:49:25,EEST,10,Suur-Paala,4,success,"{"total":4,"location_name":"Suur-Paala","location_id":10}"
2026-07-31 12:51:25,EEST,1,Hipodroom,5,success,"{"total":5,"location_name":"Hipodroom","location_id":1}"
2026-07-31 12:51:25,EEST,3,T1,11,success,"{"total":11,"location_name":"T1 Shopping Mall","location_id":3}"
2026-07-31 12:51:25,EEST,9,Mustika,1,success,"{"total":1,"location_name":"Mustika","location_id":9}"
2026-07-31 12:51:25,EEST,10,Suur-Paala,4,success,"{"total":4,"location_name":"Suur-Paala","location_id":10}"
2026-07-31 12:53:25,EEST,1,Hipodroom,5,success,"{"total":5,"location_name":"Hipodroom","location_id":1}"
2026-07-31 12:53:25,EEST,3,T1,11,success,"{"total":11,"location_name":"T1 Shopping Mall","location_id":3}"
2026-07-31 12:53:25,EEST,9,Mustika,1,success,"{"total":1,"location_name":"Mustika","location_id":9}"
2026-07-31 12:53:25,EEST,10,Suur-Paala,3,success,"{"total":3,"location_name":"Suur-Paala","location_id":10}"
2026-07-31 12:55:26,EEST,1,Hipodroom,5,success,"{"total":5,"location_name":"Hipodroom","location_id":1}"
2026-07-31 12:55:26,EEST,3,T1,11,success,"{"total":11,"location_name":"T1 Shopping Mall","location_id":3}"
2026-07-31 12:55:26,EEST,9,Mustika,1,success,"{"total":1,"location_name":"Mustika","location_id":9}"
2026-07-31 12:55:26,EEST,10,Suur-Paala,3,success,"{"total":3,"location_name":"Suur-Paala","location_id":10}"
2026-07-31 12:57:26,EEST,1,Hipodroom,4,success,"{"total":4,"location_name":"Hipodroom","location_id":1}"
2026-07-31 12:57:26,EEST,3,T1,11,success,"{"total":11,"location_name":"T1 Shopping Mall","location_id":3}"
2026-07-31 12:57:26,EEST,9,Mustika,1,success,"{"total":1,"location_name":"Mustika","location_id":9}"
2026-07-31 12:57:26,EEST,10,Suur-Paala,3,success,"{"total":3,"location_name":"Suur-Paala","location_id":10}"
2026-07-31 12:59:27,EEST,1,Hipodroom,4,success,"{"total":4,"location_name":"Hipodroom","location_id":1}"
2026-07-31 12:59:27,EEST,3,T1,11,success,"{"total":11,"location_name":"T1 Shopping Mall","location_id":3}"
2026-07-31 12:59:27,EEST,9,Mustika,1,success,"{"total":1,"location_name":"Mustika","location_id":9}"
2026-07-31 12:59:27,EEST,10,Suur-Paala,4,success,"{"total":4,"location_name":"Suur-Paala","location_id":10}"
2026-07-31 13:01:27,EEST,1,Hipodroom,4,success,"{"total":4,"location_name":"Hipodroom","location_id":1}"
2026-07-31 13:01:27,EEST,3,T1,11,success,"{"total":11,"location_name":"T1 Shopping Mall","location_id":3}"
2026-07-31 13:01:27,EEST,9,Mustika,1,success,"{"total":1,"location_name":"Mustika","location_id":9}"
2026-07-31 13:01:27,EEST,10,Suur-Paala,4,success,"{"total":4,"location_name":"Suur-Paala","location_id":10}"
2026-07-31 13:03:28,EEST,1,Hipodroom,4,success,"{"total":4,"location_name":"Hipodroom","location_id":1}"
2026-07-31 13:03:28,EEST,3,T1,12,success,"{"total":12,"location_name":"T1 Shopping Mall","location_id":3}"
2026-07-31 13:03:28,EEST,9,Mustika,1,success,"{"total":1,"location_name":"Mustika","location_id":9}"
2026-07-31 13:03:28,EEST,10,Suur-Paala,4,success,"{"total":4,"location_name":"Suur-Paala","location_id":10}"
2026-07-31 13:05:28,EEST,1,Hipodroom,4,success,"{"total":4,"location_name":"Hipodroom","location_id":1}"
2026-07-31 13:05:28,EEST,3,T1,12,success,"{"total":12,"location_name":"T1 Shopping Mall","location_id":3}"
2026-07-31 13:05:28,EEST,9,Mustika,1,success,"{"total":1,"location_name":"Mustika","location_id":9}"
2026-07-31 13:05:28,EEST,10,Suur-Paala,4,success,"{"total":4,"location_name":"Suur-Paala","location_id":10}"
2026-07-31 13:07:29,EEST,1,Hipodroom,4,success,"{"total":4,"location_name":"Hipodroom","location_id":1}"
2026-07-31 13:07:29,EEST,3,T1,12,success,"{"total":12,"location_name":"T1 Shopping Mall","location_id":3}"
2026-07-31 13:07:29,EEST,9,Mustika,1,success,"{"total":1,"location_name":"Mustika","location_id":9}"
2026-07-31 13:07:29,EEST,10,Suur-Paala,4,success,"{"total":4,"location_name":"Suur-Paala","location_id":10}"
2026-07-31 13:09:29,EEST,1,Hipodroom,4,success,"{"total":4,"location_name":"Hipodroom","location_id":1}"
2026-07-31 13:09:29,EEST,3,T1,13,success,"{"total":13,"location_name":"T1 Shopping Mall","location_id":3}"
2026-07-31 13:09:29,EEST,9,Mustika,1,success,"{"total":1,"location_name":"Mustika","location_id":9}"
2026-07-31 13:09:29,EEST,10,Suur-Paala,4,success,"{"total":4,"location_name":"Suur-Paala","location_id":10}"
2026-07-31 13:11:30,EEST,1,Hipodroom,4,success,"{"total":4,"location_name":"Hipodroom","location_id":1}"
2026-07-31 13:11:30,EEST,3,T1,13,success,"{"total":13,"location_name":"T1 Shopping Mall","location_id":3}"
2026-07-31 13:11:30,EEST,9,Mustika,1,success,"{"total":1,"location_name":"Mustika","location_id":9}"
2026-07-31 13:11:30,EEST,10,Suur-Paala,2,success,"{"total":2,"location_name":"Suur-Paala","location_id":10}"
2026-07-31 13:13:30,EEST,1,Hipodroom,4,success,"{"total":4,"location_name":"Hipodroom","location_id":1}"
2026-07-31 13:13:30,EEST,3,T1,13,success,"{"total":13,"location_name":"T1 Shopping Mall","location_id":3}"
2026-07-31 13:13:30,EEST,9,Mustika,1,success,"{"total":1,"location_name":"Mustika","location_id":9}"
2026-07-31 13:13:30,EEST,10,Suur-Paala,2,success,"{"total":2,"location_name":"Suur-Paala","location_id":10}"
2026-07-31 13:15:31,EEST,1,Hipodroom,4,success,"{"total":4,"location_name":"Hipodroom","location_id":1}"
2026-07-31 13:15:31,EEST,3,T1,13,success,"{"total":13,"location_name":"T1 Shopping Mall","location_id":3}"
2026-07-31 13:15:31,EEST,9,Mustika,1,success,"{"total":1,"location_name":"Mustika","location_id":9}"
2026-07-31 13:15:31,EEST,10,Suur-Paala,2,success,"{"total":2,"location_name":"Suur-Paala","location_id":10}"
2026-07-31 13:17:32,EEST,1,Hipodroom,4,success,"{"total":4,"location_name":"Hipodroom","location_id":1}"
2026-07-31 13:17:32,EEST,3,T1,13,success,"{"total":13,"location_name":"T1 Shopping Mall","location_id":3}"
2026-07-31 13:17:32,EEST,9,Mustika,1,success,"{"total":1,"location_name":"Mustika","location_id":9}"
2026-07-31 13:17:32,EEST,10,Suur-Paala,2,success,"{"total":2,"location_name":"Suur-Paala","location_id":10}"
2026-07-31 13:19:32,EEST,1,Hipodroom,4,success,"{"total":4,"location_name":"Hipodroom","location_id":1}"
2026-07-31 13:19:32,EEST,3,T1,13,success,"{"total":13,"location_name":"T1 Shopping Mall","location_id":3}"
2026-07-31 13:19:32,EEST,9,Mustika,1,success,"{"total":1,"location_name":"Mustika","location_id":9}"
2026-07-31 13:19:32,EEST,10,Suur-Paala,2,success,"{"total":2,"location_name":"Suur-Paala","location_id":10}"
2026-07-31 13:21:33,EEST,1,Hipodroom,4,success,"{"total":4,"location_name":"Hipodroom","location_id":1}"
2026-07-31 13:21:33,EEST,3,T1,13,success,"{"total":13,"location_name":"T1 Shopping Mall","location_id":3}"
2026-07-31 13:21:33,EEST,9,Mustika,1,success,"{"total":1,"location_name":"Mustika","location_id":9}"
2026-07-31 13:21:33,EEST,10,Suur-Paala,2,success,"{"total":2,"location_name":"Suur-Paala","location_id":10}"
2026-07-31 13:23:33,EEST,1,Hipodroom,4,success,"{"total":4,"location_name":"Hipodroom","location_id":1}"
2026-07-31 13:23:33,EEST,3,T1,13,success,"{"total":13,"location_name":"T1 Shopping Mall","location_id":3}"
2026-07-31 13:23:33,EEST,9,Mustika,1,success,"{"total":1,"location_name":"Mustika","location_id":9}"
2026-07-31 13:23:33,EEST,10,Suur-Paala,3,success,"{"total":3,"location_name":"Suur-Paala","location_id":10}"
2026-07-31 13:25:34,EEST,1,Hipodroom,4,success,"{"total":4,"location_name":"Hipodroom","location_id":1}"
2026-07-31 13:25:34,EEST,3,T1,13,success,"{"total":13,"location_name":"T1 Shopping Mall","location_id":3}"
2026-07-31 13:25:34,EEST,9,Mustika,1,success,"{"total":1,"location_name":"Mustika","location_id":9}"
2026-07-31 13:25:34,EEST,10,Suur-Paala,3,success,"{"total":3,"location_name":"Suur-Paala","location_id":10}"
2026-07-31 13:27:34,EEST,1,Hipodroom,3,success,"{"total":3,"location_name":"Hipodroom","location_id":1}"
2026-07-31 13:27:34,EEST,3,T1,12,success,"{"total":12,"location_name":"T1 Shopping Mall","location_id":3}"
2026-07-31 13:27:34,EEST,9,Mustika,4,success,"{"total":4,"location_name":"Mustika","location_id":9}"
2026-07-31 13:27:34,EEST,10,Suur-Paala,3,success,"{"total":3,"location_name":"Suur-Paala","location_id":10}"
2026-07-31 13:29:35,EEST,1,Hipodroom,3,success,"{"total":3,"location_name":"Hipodroom","location_id":1}"
2026-07-31 13:29:35,EEST,3,T1,12,success,"{"total":12,"location_name":"T1 Shopping Mall","location_id":3}"
2026-07-31 13:29:35,EEST,9,Mustika,4,success,"{"total":4,"location_name":"Mustika","location_id":9}"
2026-07-31 13:29:35,EEST,10,Suur-Paala,3,success,"{"total":3,"location_name":"Suur-Paala","location_id":10}"
2026-07-31 13:31:35,EEST,1,Hipodroom,3,success,"{"total":3,"location_name":"Hipodroom","location_id":1}"
2026-07-31 13:31:35,EEST,3,T1,12,success,"{"total":12,"location_name":"T1 Shopping Mall","location_id":3}"
2026-07-31 13:31:35,EEST,9,Mustika,4,success,"{"total":4,"location_name":"Mustika","location_id":9}"
2026-07-31 13:31:35,EEST,10,Suur-Paala,3,success,"{"total":3,"location_name":"Suur-Paala","location_id":10}"
2026-07-31 13:33:36,EEST,1,Hipodroom,3,success,"{"total":3,"location_name":"Hipodroom","location_id":1}"
2026-07-31 13:33:36,EEST,3,T1,12,success,"{"total":12,"location_name":"T1 Shopping Mall","location_id":3}"
2026-07-31 13:33:36,EEST,9,Mustika,4,success,"{"total":4,"location_name":"Mustika","location_id":9}"
2026-07-31 13:33:36,EEST,10,Suur-Paala,3,success,"{"total":3,"location_name":"Suur-Paala","location_id":10}"
2026-07-31 13:35:36,EEST,1,Hipodroom,3,success,"{"total":3,"location_name":"Hipodroom","location_id":1}"
2026-07-31 13:35:36,EEST,3,T1,12,success,"{"total":12,"location_name":"T1 Shopping Mall","location_id":3}"
2026-07-31 13:35:36,EEST,9,Mustika,4,success,"{"total":4,"location_name":"Mustika","location_id":9}"
2026-07-31 13:35:36,EEST,10,Suur-Paala,3,success,"{"total":3,"location_name":"Suur-Paala","location_id":10}"
2026-07-31 13:37:37,EEST,1,Hipodroom,3,success,"{"total":3,"location_name":"Hipodroom","location_id":1}"
2026-07-31 13:37:37,EEST,3,T1,12,success,"{"total":12,"location_name":"T1 Shopping Mall","location_id":3}"
2026-07-31 13:37:37,EEST,9,Mustika,4,success,"{"total":4,"location_name":"Mustika","location_id":9}"
2026-07-31 13:37:37,EEST,10,Suur-Paala,3,success,"{"total":3,"location_name":"Suur-Paala","location_id":10}"
2026-07-31 13:39:37,EEST,1,Hipodroom,3,success,"{"total":3,"location_name":"Hipodroom","location_id":1}"
2026-07-31 13:39:37,EEST,3,T1,12,success,"{"total":12,"location_name":"T1 Shopping Mall","location_id":3}"
2026-07-31 13:39:37,EEST,9,Mustika,5,success,"{"total":5,"location_name":"Mustika","location_id":9}"
2026-07-31 13:39:37,EEST,10,Suur-Paala,3,success,"{"total":3,"location_name":"Suur-Paala","location_id":10}"
2026-07-31 13:41:37,EEST,1,Hipodroom,3,success,"{"total":3,"location_name":"Hipodroom","location_id":1}"
2026-07-31 13:41:37,EEST,3,T1,12,success,"{"total":12,"location_name":"T1 Shopping Mall","location_id":3}"
2026-07-31 13:41:37,EEST,9,Mustika,5,success,"{"total":5,"location_name":"Mustika","location_id":9}"
2026-07-31 13:41:37,EEST,10,Suur-Paala,3,success,"{"total":3,"location_name":"Suur-Paala","location_id":10}"
2026-07-31 13:43:38,EEST,1,Hipodroom,3,success,"{"total":3,"location_name":"Hipodroom","location_id":1}"
2026-07-31 13:43:38,EEST,3,T1,12,success,"{"total":12,"location_name":"T1 Shopping Mall","location_id":3}"
2026-07-31 13:43:38,EEST,9,Mustika,5,success,"{"total":5,"location_name":"Mustika","location_id":9}"
2026-07-31 13:43:38,EEST,10,Suur-Paala,3,success,"{"total":3,"location_name":"Suur-Paala","location_id":10}"
2026-07-31 13:45:38,EEST,1,Hipodroom,3,success,"{"total":3,"location_name":"Hipodroom","location_id":1}"
2026-07-31 13:45:38,EEST,3,T1,12,success,"{"total":12,"location_name":"T1 Shopping Mall","location_id":3}"
2026-07-31 13:45:38,EEST,9,Mustika,5,success,"{"total":5,"location_name":"Mustika","location_id":9}"
2026-07-31 13:45:38,EEST,10,Suur-Paala,3,success,"{"total":3,"location_name":"Suur-Paala","location_id":10}"
2026-07-31 13:47:39,EEST,1,Hipodroom,3,success,"{"total":3,"location_name":"Hipodroom","location_id":1}"
2026-07-31 13:47:39,EEST,3,T1,12,success,"{"total":12,"location_name":"T1 Shopping Mall","location_id":3}"
2026-07-31 13:47:39,EEST,9,Mustika,5,success,"{"total":5,"location_name":"Mustika","location_id":9}"
2026-07-31 13:47:39,EEST,10,Suur-Paala,3,success,"{"total":3,"location_name":"Suur-Paala","location_id":10}"
2026-07-31 13:49:40,EEST,1,Hipodroom,3,success,"{"total":3,"location_name":"Hipodroom","location_id":1}"
2026-07-31 13:49:40,EEST,3,T1,12,success,"{"total":12,"location_name":"T1 Shopping Mall","location_id":3}"
2026-07-31 13:49:40,EEST,9,Mustika,5,success,"{"total":5,"location_name":"Mustika","location_id":9}"
2026-07-31 13:49:40,EEST,10,Suur-Paala,3,success,"{"total":3,"location_name":"Suur-Paala","location_id":10}"
2026-07-31 13:51:40,EEST,1,Hipodroom,3,success,"{"total":3,"location_name":"Hipodroom","location_id":1}"
2026-07-31 13:51:40,EEST,3,T1,11,success,"{"total":11,"location_name":"T1 Shopping Mall","location_id":3}"
2026-07-31 13:51:40,EEST,9,Mustika,5,success,"{"total":5,"location_name":"Mustika","location_id":9}"
2026-07-31 13:51:40,EEST,10,Suur-Paala,3,success,"{"total":3,"location_name":"Suur-Paala","location_id":10}"
2026-07-31 13:53:41,EEST,1,Hipodroom,3,success,"{"total":3,"location_name":"Hipodroom","location_id":1}"
2026-07-31 13:53:41,EEST,3,T1,11,success,"{"total":11,"location_name":"T1 Shopping Mall","location_id":3}"
2026-07-31 13:53:41,EEST,9,Mustika,5,success,"{"total":5,"location_name":"Mustika","location_id":9}"
2026-07-31 13:53:41,EEST,10,Suur-Paala,3,success,"{"total":3,"location_name":"Suur-Paala","location_id":10}"
2026-07-31 13:55:41,EEST,1,Hipodroom,3,success,"{"total":3,"location_name":"Hipodroom","location_id":1}"
2026-07-31 13:55:41,EEST,3,T1,11,success,"{"total":11,"location_name":"T1 Shopping Mall","location_id":3}"
2026-07-31 13:55:41,EEST,9,Mustika,5,success,"{"total":5,"location_name":"Mustika","location_id":9}"
2026-07-31 13:55:41,EEST,10,Suur-Paala,3,success,"{"total":3,"location_name":"Suur-Paala","location_id":10}"
2026-07-31 13:57:42,EEST,1,Hipodroom,2,success,"{"total":2,"location_name":"Hipodroom","location_id":1}"
2026-07-31 13:57:42,EEST,3,T1,11,success,"{"total":11,"location_name":"T1 Shopping Mall","location_id":3}"
2026-07-31 13:57:42,EEST,9,Mustika,5,success,"{"total":5,"location_name":"Mustika","location_id":9}"
2026-07-31 13:57:42,EEST,10,Suur-Paala,3,success,"{"total":3,"location_name":"Suur-Paala","location_id":10}"
2026-07-31 13:59:43,EEST,1,Hipodroom,2,success,"{"total":2,"location_name":"Hipodroom","location_id":1}"
2026-07-31 13:59:43,EEST,3,T1,11,success,"{"total":11,"location_name":"T1 Shopping Mall","location_id":3}"
2026-07-31 13:59:43,EEST,9,Mustika,5,success,"{"total":5,"location_name":"Mustika","location_id":9}"
2026-07-31 13:59:43,EEST,10,Suur-Paala,3,success,"{"total":3,"location_name":"Suur-Paala","location_id":10}"
2026-07-31 14:01:43,EEST,1,Hipodroom,2,success,"{"total":2,"location_name":"Hipodroom","location_id":1}"
2026-07-31 14:01:43,EEST,3,T1,11,success,"{"total":11,"location_name":"T1 Shopping Mall","location_id":3}"
2026-07-31 14:01:43,EEST,9,Mustika,5,success,"{"total":5,"location_name":"Mustika","location_id":9}"
2026-07-31 14:01:43,EEST,10,Suur-Paala,3,success,"{"total":3,"location_name":"Suur-Paala","location_id":10}"
2026-07-31 14:03:44,EEST,1,Hipodroom,2,success,"{"total":2,"location_name":"Hipodroom","location_id":1}"
2026-07-31 14:03:44,EEST,3,T1,12,success,"{"total":12,"location_name":"T1 Shopping Mall","location_id":3}"
2026-07-31 14:03:44,EEST,9,Mustika,5,success,"{"total":5,"location_name":"Mustika","location_id":9}"
2026-07-31 14:03:44,EEST,10,Suur-Paala,3,success,"{"total":3,"location_name":"Suur-Paala","location_id":10}"
2026-07-31 14:05:44,EEST,1,Hipodroom,2,success,"{"total":2,"location_name":"Hipodroom","location_id":1}"
2026-07-31 14:05:44,EEST,3,T1,12,success,"{"total":12,"location_name":"T1 Shopping Mall","location_id":3}"
2026-07-31 14:05:44,EEST,9,Mustika,5,success,"{"total":5,"location_name":"Mustika","location_id":9}"
2026-07-31 14:05:44,EEST,10,Suur-Paala,3,success,"{"total":3,"location_name":"Suur-Paala","location_id":10}"
2026-07-31 14:07:45,EEST,1,Hipodroom,2,success,"{"total":2,"location_name":"Hipodroom","location_id":1}"
2026-07-31 14:07:45,EEST,3,T1,12,success,"{"total":12,"location_name":"T1 Shopping Mall","location_id":3}"
2026-07-31 14:07:45,EEST,9,Mustika,5,success,"{"total":5,"location_name":"Mustika","location_id":9}"
2026-07-31 14:07:45,EEST,10,Suur-Paala,3,success,"{"total":3,"location_name":"Suur-Paala","location_id":10}"
2026-07-31 14:09:45,EEST,1,Hipodroom,3,success,"{"total":3,"location_name":"Hipodroom","location_id":1}"
2026-07-31 14:09:45,EEST,3,T1,14,success,"{"total":14,"location_name":"T1 Shopping Mall","location_id":3}"
2026-07-31 14:09:45,EEST,9,Mustika,5,success,"{"total":5,"location_name":"Mustika","location_id":9}"
2026-07-31 14:09:45,EEST,10,Suur-Paala,3,success,"{"total":3,"location_name":"Suur-Paala","location_id":10}"
2026-07-31 14:11:46,EEST,1,Hipodroom,3,success,"{"total":3,"location_name":"Hipodroom","location_id":1}"
2026-07-31 14:11:46,EEST,3,T1,14,success,"{"total":14,"location_name":"T1 Shopping Mall","location_id":3}"
2026-07-31 14:11:46,EEST,9,Mustika,5,success,"{"total":5,"location_name":"Mustika","location_id":9}"
2026-07-31 14:11:46,EEST,10,Suur-Paala,3,success,"{"total":3,"location_name":"Suur-Paala","location_id":10}"
2026-07-31 14:13:46,EEST,1,Hipodroom,3,success,"{"total":3,"location_name":"Hipodroom","location_id":1}"
2026-07-31 14:13:46,EEST,3,T1,14,success,"{"total":14,"location_name":"T1 Shopping Mall","location_id":3}"
2026-07-31 14:13:46,EEST,9,Mustika,5,success,"{"total":5,"location_name":"Mustika","location_id":9}"
2026-07-31 14:13:46,EEST,10,Suur-Paala,3,success,"{"total":3,"location_name":"Suur-Paala","location_id":10}"
2026-07-31 14:15:47,EEST,1,Hipodroom,3,success,"{"total":3,"location_name":"Hipodroom","location_id":1}"
2026-07-31 14:15:47,EEST,3,T1,15,success,"{"total":15,"location_name":"T1 Shopping Mall","location_id":3}"
2026-07-31 14:15:47,EEST,9,Mustika,6,success,"{"total":6,"location_name":"Mustika","location_id":9}"
2026-07-31 14:15:47,EEST,10,Suur-Paala,3,success,"{"total":3,"location_name":"Suur-Paala","location_id":10}"
2026-07-31 14:17:47,EEST,1,Hipodroom,3,success,"{"total":3,"location_name":"Hipodroom","location_id":1}"
2026-07-31 14:17:47,EEST,3,T1,15,success,"{"total":15,"location_name":"T1 Shopping Mall","location_id":3}"
2026-07-31 14:17:47,EEST,9,Mustika,6,success,"{"total":6,"location_name":"Mustika","location_id":9}"
2026-07-31 14:17:47,EEST,10,Suur-Paala,3,success,"{"total":3,"location_name":"Suur-Paala","location_id":10}"
2026-07-31 14:19:48,EEST,1,Hipodroom,3,success,"{"total":3,"location_name":"Hipodroom","location_id":1}"
2026-07-31 14:19:48,EEST,3,T1,15,success,"{"total":15,"location_name":"T1 Shopping Mall","location_id":3}"
2026-07-31 14:19:48,EEST,9,Mustika,6,success,"{"total":6,"location_name":"Mustika","location_id":9}"
2026-07-31 14:19:48,EEST,10,Suur-Paala,3,success,"{"total":3,"location_name":"Suur-Paala","location_id":10}"
2026-07-31 14:21:48,EEST,1,Hipodroom,3,success,"{"total":3,"location_name":"Hipodroom","location_id":1}"
2026-07-31 14:21:48,EEST,3,T1,15,success,"{"total":15,"location_name":"T1 Shopping Mall","location_id":3}"
2026-07-31 14:21:48,EEST,9,Mustika,6,success,"{"total":6,"location_name":"Mustika","location_id":9}"
2026-07-31 14:21:48,EEST,10,Suur-Paala,3,success,"{"total":3,"location_name":"Suur-Paala","location_id":10}"
2026-07-31 14:23:49,EEST,1,Hipodroom,3,success,"{"total":3,"location_name":"Hipodroom","location_id":1}"
2026-07-31 14:23:49,EEST,3,T1,15,success,"{"total":15,"location_name":"T1 Shopping Mall","location_id":3}"
2026-07-31 14:23:49,EEST,9,Mustika,6,success,"{"total":6,"location_name":"Mustika","location_id":9}"
2026-07-31 14:23:49,EEST,10,Suur-Paala,3,success,"{"total":3,"location_name":"Suur-Paala","location_id":10}"
2026-07-31 14:25:50,EEST,1,Hipodroom,3,success,"{"total":3,"location_name":"Hipodroom","location_id":1}"
2026-07-31 14:25:50,EEST,3,T1,15,success,"{"total":15,"location_name":"T1 Shopping Mall","location_id":3}"
2026-07-31 14:25:50,EEST,9,Mustika,6,success,"{"total":6,"location_name":"Mustika","location_id":9}"
2026-07-31 14:25:50,EEST,10,Suur-Paala,3,success,"{"total":3,"location_name":"Suur-Paala","location_id":10}"
2026-07-31 14:27:50,EEST,1,Hipodroom,3,success,"{"total":3,"location_name":"Hipodroom","location_id":1}"
2026-07-31 14:27:50,EEST,3,T1,15,success,"{"total":15,"location_name":"T1 Shopping Mall","location_id":3}"
2026-07-31 14:27:50,EEST,9,Mustika,6,success,"{"total":6,"location_name":"Mustika","location_id":9}"
2026-07-31 14:27:50,EEST,10,Suur-Paala,3,success,"{"total":3,"location_name":"Suur-Paala","location_id":10}"
2026-07-31 14:29:51,EEST,1,Hipodroom,3,success,"{"total":3,"location_name":"Hipodroom","location_id":1}"
2026-07-31 14:29:51,EEST,3,T1,15,success,"{"total":15,"location_name":"T1 Shopping Mall","location_id":3}"
2026-07-31 14:29:51,EEST,9,Mustika,6,success,"{"total":6,"location_name":"Mustika","location_id":9}"
2026-07-31 14:29:51,EEST,10,Suur-Paala,2,success,"{"total":2,"location_name":"Suur-Paala","location_id":10}"
2026-07-31 14:31:51,EEST,1,Hipodroom,3,success,"{"total":3,"location_name":"Hipodroom","location_id":1}"
2026-07-31 14:31:51,EEST,3,T1,15,success,"{"total":15,"location_name":"T1 Shopping Mall","location_id":3}"
2026-07-31 14:31:51,EEST,9,Mustika,6,success,"{"total":6,"location_name":"Mustika","location_id":9}"
2026-07-31 14:31:51,EEST,10,Suur-Paala,2,success,"{"total":2,"location_name":"Suur-Paala","location_id":10}"
2026-07-31 14:33:52,EEST,1,Hipodroom,3,success,"{"total":3,"location_name":"Hipodroom","location_id":1}"
2026-07-31 14:33:52,EEST,3,T1,15,success,"{"total":15,"location_name":"T1 Shopping Mall","location_id":3}"
2026-07-31 14:33:52,EEST,9,Mustika,6,success,"{"total":6,"location_name":"Mustika","location_id":9}"
2026-07-31 14:33:52,EEST,10,Suur-Paala,2,success,"{"total":2,"location_name":"Suur-Paala","location_id":10}"
2026-07-31 14:35:52,EEST,1,Hipodroom,3,success,"{"total":3,"location_name":"Hipodroom","location_id":1}"
2026-07-31 14:35:52,EEST,3,T1,15,success,"{"total":15,"location_name":"T1 Shopping Mall","location_id":3}"
2026-07-31 14:35:52,EEST,9,Mustika,6,success,"{"total":6,"location_name":"Mustika","location_id":9}"
2026-07-31 14:35:52,EEST,10,Suur-Paala,2,success,"{"total":2,"location_name":"Suur-Paala","location_id":10}"
2026-07-31 14:37:53,EEST,1,Hipodroom,3,success,"{"total":3,"location_name":"Hipodroom","location_id":1}"
2026-07-31 14:37:53,EEST,3,T1,15,success,"{"total":15,"location_name":"T1 Shopping Mall","location_id":3}"
2026-07-31 14:37:53,EEST,9,Mustika,6,success,"{"total":6,"location_name":"Mustika","location_id":9}"
2026-07-31 14:37:53,EEST,10,Suur-Paala,2,success,"{"total":2,"location_name":"Suur-Paala","location_id":10}"
2026-07-31 14:39:54,EEST,1,Hipodroom,3,success,"{"total":3,"location_name":"Hipodroom","location_id":1}"
2026-07-31 14:39:54,EEST,3,T1,14,success,"{"total":14,"location_name":"T1 Shopping Mall","location_id":3}"
2026-07-31 14:39:54,EEST,9,Mustika,6,success,"{"total":6,"location_name":"Mustika","location_id":9}"
2026-07-31 14:39:54,EEST,10,Suur-Paala,2,success,"{"total":2,"location_name":"Suur-Paala","location_id":10}"
2026-07-31 14:41:54,EEST,1,Hipodroom,3,success,"{"total":3,"location_name":"Hipodroom","location_id":1}"
2026-07-31 14:41:54,EEST,3,T1,14,success,"{"total":14,"location_name":"T1 Shopping Mall","location_id":3}"
2026-07-31 14:41:54,EEST,9,Mustika,6,success,"{"total":6,"location_name":"Mustika","location_id":9}"
2026-07-31 14:41:54,EEST,10,Suur-Paala,2,success,"{"total":2,"location_name":"Suur-Paala","location_id":10}"
2026-07-31 14:43:55,EEST,1,Hipodroom,3,success,"{"total":3,"location_name":"Hipodroom","location_id":1}"
2026-07-31 14:43:55,EEST,3,T1,14,success,"{"total":14,"location_name":"T1 Shopping Mall","location_id":3}"
2026-07-31 14:43:55,EEST,9,Mustika,6,success,"{"total":6,"location_name":"Mustika","location_id":9}"
2026-07-31 14:43:55,EEST,10,Suur-Paala,2,success,"{"total":2,"location_name":"Suur-Paala","location_id":10}"
2026-07-31 14:45:56,EEST,1,Hipodroom,3,success,"{"total":3,"location_name":"Hipodroom","location_id":1}"
2026-07-31 14:45:56,EEST,3,T1,13,success,"{"total":13,"location_name":"T1 Shopping Mall","location_id":3}"
2026-07-31 14:45:56,EEST,9,Mustika,7,success,"{"total":7,"location_name":"Mustika","location_id":9}"
2026-07-31 14:45:56,EEST,10,Suur-Paala,2,success,"{"total":2,"location_name":"Suur-Paala","location_id":10}"
2026-07-31 14:47:56,EEST,1,Hipodroom,3,success,"{"total":3,"location_name":"Hipodroom","location_id":1}"
2026-07-31 14:47:56,EEST,3,T1,13,success,"{"total":13,"location_name":"T1 Shopping Mall","location_id":3}"
2026-07-31 14:47:56,EEST,9,Mustika,7,success,"{"total":7,"location_name":"Mustika","location_id":9}"
2026-07-31 14:47:56,EEST,10,Suur-Paala,2,success,"{"total":2,"location_name":"Suur-Paala","location_id":10}"
2026-07-31 14:49:57,EEST,1,Hipodroom,3,success,"{"total":3,"location_name":"Hipodroom","location_id":1}"
2026-07-31 14:49:57,EEST,3,T1,13,success,"{"total":13,"location_name":"T1 Shopping Mall","location_id":3}"
2026-07-31 14:49:57,EEST,9,Mustika,7,success,"{"total":7,"location_name":"Mustika","location_id":9}"
2026-07-31 14:49:57,EEST,10,Suur-Paala,2,success,"{"total":2,"location_name":"Suur-Paala","location_id":10}"
2026-07-31 14:51:57,EEST,1,Hipodroom,3,success,"{"total":3,"location_name":"Hipodroom","location_id":1}"
2026-07-31 14:51:57,EEST,3,T1,12,success,"{"total":12,"location_name":"T1 Shopping Mall","location_id":3}"
2026-07-31 14:51:57,EEST,9,Mustika,6,success,"{"total":6,"location_name":"Mustika","location_id":9}"
2026-07-31 14:51:57,EEST,10,Suur-Paala,2,success,"{"total":2,"location_name":"Suur-Paala","location_id":10}"
2026-07-31 14:53:58,EEST,1,Hipodroom,3,success,"{"total":3,"location_name":"Hipodroom","location_id":1}"
2026-07-31 14:53:58,EEST,3,T1,12,success,"{"total":12,"location_name":"T1 Shopping Mall","location_id":3}"
2026-07-31 14:53:58,EEST,9,Mustika,6,success,"{"total":6,"location_name":"Mustika","location_id":9}"
2026-07-31 14:53:58,EEST,10,Suur-Paala,2,success,"{"total":2,"location_name":"Suur-Paala","location_id":10}"
2026-07-31 14:55:58,EEST,1,Hipodroom,3,success,"{"total":3,"location_name":"Hipodroom","location_id":1}"
2026-07-31 14:55:58,EEST,3,T1,12,success,"{"total":12,"location_name":"T1 Shopping Mall","location_id":3}"
2026-07-31 14:55:58,EEST,9,Mustika,6,success,"{"total":6,"location_name":"Mustika","location_id":9}"
2026-07-31 14:55:58,EEST,10,Suur-Paala,2,success,"{"total":2,"location_name":"Suur-Paala","location_id":10}"
2026-07-31 14:57:59,EEST,1,Hipodroom,3,success,"{"total":3,"location_name":"Hipodroom","location_id":1}"
2026-07-31 14:57:59,EEST,3,T1,12,success,"{"total":12,"location_name":"T1 Shopping Mall","location_id":3}"
2026-07-31 14:57:59,EEST,9,Mustika,6,success,"{"total":6,"location_name":"Mustika","location_id":9}"
2026-07-31 14:57:59,EEST,10,Suur-Paala,2,success,"{"total":2,"location_name":"Suur-Paala","location_id":10}"
2026-07-31 14:59:59,EEST,1,Hipodroom,3,success,"{"total":3,"location_name":"Hipodroom","location_id":1}"
2026-07-31 14:59:59,EEST,3,T1,12,success,"{"total":12,"location_name":"T1 Shopping Mall","location_id":3}"
2026-07-31 14:59:59,EEST,9,Mustika,6,success,"{"total":6,"location_name":"Mustika","location_id":9}"
2026-07-31 14:59:59,EEST,10,Suur-Paala,2,success,"{"total":2,"location_name":"Suur-Paala","location_id":10}"
2026-07-31 15:02:00,EEST,1,Hipodroom,3,success,"{"total":3,"location_name":"Hipodroom","location_id":1}"
2026-07-31 15:02:00,EEST,3,T1,12,success,"{"total":12,"location_name":"T1 Shopping Mall","location_id":3}"
2026-07-31 15:02:00,EEST,9,Mustika,6,success,"{"total":6,"location_name":"Mustika","location_id":9}"
2026-07-31 15:02:00,EEST,10,Suur-Paala,2,success,"{"total":2,"location_name":"Suur-Paala","location_id":10}"
2026-07-31 15:04:00,EEST,1,Hipodroom,3,success,"{"total":3,"location_name":"Hipodroom","location_id":1}"
2026-07-31 15:04:00,EEST,3,T1,14,success,"{"total":14,"location_name":"T1 Shopping Mall","location_id":3}"
2026-07-31 15:04:00,EEST,9,Mustika,9,success,"{"total":9,"location_name":"Mustika","location_id":9}"
2026-07-31 15:04:00,EEST,10,Suur-Paala,2,success,"{"total":2,"location_name":"Suur-Paala","location_id":10}"
2026-07-31 15:06:01,EEST,1,Hipodroom,3,success,"{"total":3,"location_name":"Hipodroom","location_id":1}"
2026-07-31 15:06:01,EEST,3,T1,14,success,"{"total":14,"location_name":"T1 Shopping Mall","location_id":3}"
2026-07-31 15:06:01,EEST,9,Mustika,9,success,"{"total":9,"location_name":"Mustika","location_id":9}"
2026-07-31 15:06:01,EEST,10,Suur-Paala,2,success,"{"total":2,"location_name":"Suur-Paala","location_id":10}"
2026-07-31 15:08:01,EEST,1,Hipodroom,3,success,"{"total":3,"location_name":"Hipodroom","location_id":1}"
2026-07-31 15:08:01,EEST,3,T1,14,success,"{"total":14,"location_name":"T1 Shopping Mall","location_id":3}"
2026-07-31 15:08:01,EEST,9,Mustika,9,success,"{"total":9,"location_name":"Mustika","location_id":9}"
2026-07-31 15:08:01,EEST,10,Suur-Paala,2,success,"{"total":2,"location_name":"Suur-Paala","location_id":10}"
2026-07-31 15:10:02,EEST,1,Hipodroom,3,success,"{"total":3,"location_name":"Hipodroom","location_id":1}"
2026-07-31 15:10:02,EEST,3,T1,13,success,"{"total":13,"location_name":"T1 Shopping Mall","location_id":3}"
2026-07-31 15:10:02,EEST,9,Mustika,9,success,"{"total":9,"location_name":"Mustika","location_id":9}"
2026-07-31 15:10:02,EEST,10,Suur-Paala,2,success,"{"total":2,"location_name":"Suur-Paala","location_id":10}"
2026-07-31 15:12:02,EEST,1,Hipodroom,3,success,"{"total":3,"location_name":"Hipodroom","location_id":1}"
2026-07-31 15:12:02,EEST,3,T1,13,success,"{"total":13,"location_name":"T1 Shopping Mall","location_id":3}"
2026-07-31 15:12:02,EEST,9,Mustika,9,success,"{"total":9,"location_name":"Mustika","location_id":9}"
2026-07-31 15:12:02,EEST,10,Suur-Paala,2,success,"{"total":2,"location_name":"Suur-Paala","location_id":10}"
2026-07-31 15:14:03,EEST,1,Hipodroom,3,success,"{"total":3,"location_name":"Hipodroom","location_id":1}"
2026-07-31 15:14:03,EEST,3,T1,13,success,"{"total":13,"location_name":"T1 Shopping Mall","location_id":3}"
2026-07-31 15:14:03,EEST,9,Mustika,9,success,"{"total":9,"location_name":"Mustika","location_id":9}"
2026-07-31 15:14:03,EEST,10,Suur-Paala,2,success,"{"total":2,"location_name":"Suur-Paala","location_id":10}"
2026-07-31 15:16:03,EEST,1,Hipodroom,5,success,"{"total":5,"location_name":"Hipodroom","location_id":1}"
2026-07-31 15:16:03,EEST,3,T1,12,success,"{"total":12,"location_name":"T1 Shopping Mall","location_id":3}"
2026-07-31 15:16:03,EEST,9,Mustika,11,success,"{"total":11,"location_name":"Mustika","location_id":9}"
2026-07-31 15:16:03,EEST,10,Suur-Paala,2,success,"{"total":2,"location_name":"Suur-Paala","location_id":10}"
2026-07-31 15:18:04,EEST,1,Hipodroom,5,success,"{"total":5,"location_name":"Hipodroom","location_id":1}"
2026-07-31 15:18:04,EEST,3,T1,12,success,"{"total":12,"location_name":"T1 Shopping Mall","location_id":3}"
2026-07-31 15:18:04,EEST,9,Mustika,11,success,"{"total":11,"location_name":"Mustika","location_id":9}"
2026-07-31 15:18:04,EEST,10,Suur-Paala,2,success,"{"total":2,"location_name":"Suur-Paala","location_id":10}"
2026-07-31 15:20:05,EEST,1,Hipodroom,5,success,"{"total":5,"location_name":"Hipodroom","location_id":1}"
2026-07-31 15:20:05,EEST,3,T1,12,success,"{"total":12,"location_name":"T1 Shopping Mall","location_id":3}"
2026-07-31 15:20:05,EEST,9,Mustika,11,success,"{"total":11,"location_name":"Mustika","location_id":9}"
2026-07-31 15:20:05,EEST,10,Suur-Paala,2,success,"{"total":2,"location_name":"Suur-Paala","location_id":10}"
2026-07-31 15:22:05,EEST,1,Hipodroom,5,success,"{"total":5,"location_name":"Hipodroom","location_id":1}"
2026-07-31 15:22:05,EEST,3,T1,13,success,"{"total":13,"location_name":"T1 Shopping Mall","location_id":3}"
2026-07-31 15:22:05,EEST,9,Mustika,11,success,"{"total":11,"location_name":"Mustika","location_id":9}"
2026-07-31 15:22:05,EEST,10,Suur-Paala,2,success,"{"total":2,"location_name":"Suur-Paala","location_id":10}"
2026-07-31 15:24:06,EEST,1,Hipodroom,5,success,"{"total":5,"location_name":"Hipodroom","location_id":1}"
2026-07-31 15:24:06,EEST,3,T1,13,success,"{"total":13,"location_name":"T1 Shopping Mall","location_id":3}"
2026-07-31 15:24:06,EEST,9,Mustika,11,success,"{"total":11,"location_name":"Mustika","location_id":9}"
2026-07-31 15:24:06,EEST,10,Suur-Paala,2,success,"{"total":2,"location_name":"Suur-Paala","location_id":10}"
2026-07-31 15:26:06,EEST,1,Hipodroom,5,success,"{"total":5,"location_name":"Hipodroom","location_id":1}"
2026-07-31 15:26:06,EEST,3,T1,13,success,"{"total":13,"location_name":"T1 Shopping Mall","location_id":3}"
2026-07-31 15:26:06,EEST,9,Mustika,11,success,"{"total":11,"location_name":"Mustika","location_id":9}"
2026-07-31 15:26:06,EEST,10,Suur-Paala,2,success,"{"total":2,"location_name":"Suur-Paala","location_id":10}"
2026-07-31 15:28:07,EEST,1,Hipodroom,5,success,"{"total":5,"location_name":"Hipodroom","location_id":1}"
2026-07-31 15:28:07,EEST,3,T1,13,success,"{"total":13,"location_name":"T1 Shopping Mall","location_id":3}"
2026-07-31 15:28:07,EEST,9,Mustika,11,success,"{"total":11,"location_name":"Mustika","location_id":9}"
2026-07-31 15:28:07,EEST,10,Suur-Paala,2,success,"{"total":2,"location_name":"Suur-Paala","location_id":10}"
2026-07-31 15:30:07,EEST,1,Hipodroom,5,success,"{"total":5,"location_name":"Hipodroom","location_id":1}"
2026-07-31 15:30:07,EEST,3,T1,13,success,"{"total":13,"location_name":"T1 Shopping Mall","location_id":3}"
2026-07-31 15:30:07,EEST,9,Mustika,11,success,"{"total":11,"location_name":"Mustika","location_id":9}"
2026-07-31 15:30:07,EEST,10,Suur-Paala,2,success,"{"total":2,"location_name":"Suur-Paala","location_id":10}"
2026-07-31 15:32:08,EEST,1,Hipodroom,5,success,"{"total":5,"location_name":"Hipodroom","location_id":1}"
2026-07-31 15:32:08,EEST,3,T1,13,success,"{"total":13,"location_name":"T1 Shopping Mall","location_id":3}"
2026-07-31 15:32:08,EEST,9,Mustika,11,success,"{"total":11,"location_name":"Mustika","location_id":9}"
2026-07-31 15:32:08,EEST,10,Suur-Paala,2,success,"{"total":2,"location_name":"Suur-Paala","location_id":10}"
2026-07-31 15:34:08,EEST,1,Hipodroom,4,success,"{"total":4,"location_name":"Hipodroom","location_id":1}"
2026-07-31 15:34:08,EEST,3,T1,10,success,"{"total":10,"location_name":"T1 Shopping Mall","location_id":3}"
2026-07-31 15:34:08,EEST,9,Mustika,12,success,"{"total":12,"location_name":"Mustika","location_id":9}"
2026-07-31 15:34:08,EEST,10,Suur-Paala,2,success,"{"total":2,"location_name":"Suur-Paala","location_id":10}"
2026-07-31 15:36:09,EEST,1,Hipodroom,4,success,"{"total":4,"location_name":"Hipodroom","location_id":1}"
2026-07-31 15:36:09,EEST,3,T1,10,success,"{"total":10,"location_name":"T1 Shopping Mall","location_id":3}"
2026-07-31 15:36:09,EEST,9,Mustika,12,success,"{"total":12,"location_name":"Mustika","location_id":9}"
2026-07-31 15:36:09,EEST,10,Suur-Paala,2,success,"{"total":2,"location_name":"Suur-Paala","location_id":10}"
2026-07-31 15:38:09,EEST,1,Hipodroom,4,success,"{"total":4,"location_name":"Hipodroom","location_id":1}"
2026-07-31 15:38:09,EEST,3,T1,10,success,"{"total":10,"location_name":"T1 Shopping Mall","location_id":3}"
2026-07-31 15:38:09,EEST,9,Mustika,12,success,"{"total":12,"location_name":"Mustika","location_id":9}"
2026-07-31 15:38:09,EEST,10,Suur-Paala,2,success,"{"total":2,"location_name":"Suur-Paala","location_id":10}"
2026-07-31 15:40:10,EEST,1,Hipodroom,4,success,"{"total":4,"location_name":"Hipodroom","location_id":1}"
2026-07-31 15:40:10,EEST,3,T1,10,success,"{"total":10,"location_name":"T1 Shopping Mall","location_id":3}"
2026-07-31 15:40:10,EEST,9,Mustika,12,success,"{"total":12,"location_name":"Mustika","location_id":9}"
2026-07-31 15:40:10,EEST,10,Suur-Paala,2,success,"{"total":2,"location_name":"Suur-Paala","location_id":10}"
2026-07-31 15:42:10,EEST,1,Hipodroom,4,success,"{"total":4,"location_name":"Hipodroom","location_id":1}"
2026-07-31 15:42:10,EEST,3,T1,10,success,"{"total":10,"location_name":"T1 Shopping Mall","location_id":3}"
2026-07-31 15:42:10,EEST,9,Mustika,12,success,"{"total":12,"location_name":"Mustika","location_id":9}"
2026-07-31 15:42:10,EEST,10,Suur-Paala,2,success,"{"total":2,"location_name":"Suur-Paala","location_id":10}"
2026-07-31 15:44:11,EEST,1,Hipodroom,4,success,"{"total":4,"location_name":"Hipodroom","location_id":1}"
2026-07-31 15:44:11,EEST,3,T1,10,success,"{"total":10,"location_name":"T1 Shopping Mall","location_id":3}"
2026-07-31 15:44:11,EEST,9,Mustika,12,success,"{"total":12,"location_name":"Mustika","location_id":9}"
2026-07-31 15:44:11,EEST,10,Suur-Paala,2,success,"{"total":2,"location_name":"Suur-Paala","location_id":10}"
2026-07-31 15:46:11,EEST,1,Hipodroom,4,success,"{"total":4,"location_name":"Hipodroom","location_id":1}"
2026-07-31 15:46:11,EEST,3,T1,10,success,"{"total":10,"location_name":"T1 Shopping Mall","location_id":3}"
2026-07-31 15:46:11,EEST,9,Mustika,13,success,"{"total":13,"location_name":"Mustika","location_id":9}"
2026-07-31 15:46:11,EEST,10,Suur-Paala,2,success,"{"total":2,"location_name":"Suur-Paala","location_id":10}"
2026-07-31 15:48:12,EEST,1,Hipodroom,4,success,"{"total":4,"location_name":"Hipodroom","location_id":1}"
2026-07-31 15:48:12,EEST,3,T1,10,success,"{"total":10,"location_name":"T1 Shopping Mall","location_id":3}"
2026-07-31 15:48:12,EEST,9,Mustika,13,success,"{"total":13,"location_name":"Mustika","location_id":9}"
2026-07-31 15:48:12,EEST,10,Suur-Paala,2,success,"{"total":2,"location_name":"Suur-Paala","location_id":10}"
2026-07-31 15:50:12,EEST,1,Hipodroom,4,success,"{"total":4,"location_name":"Hipodroom","location_id":1}"
2026-07-31 15:50:12,EEST,3,T1,10,success,"{"total":10,"location_name":"T1 Shopping Mall","location_id":3}"
2026-07-31 15:50:12,EEST,9,Mustika,13,success,"{"total":13,"location_name":"Mustika","location_id":9}"
2026-07-31 15:50:12,EEST,10,Suur-Paala,2,success,"{"total":2,"location_name":"Suur-Paala","location_id":10}"
2026-07-31 15:52:13,EEST,1,Hipodroom,5,success,"{"total":5,"location_name":"Hipodroom","location_id":1}"
2026-07-31 15:52:13,EEST,3,T1,10,success,"{"total":10,"location_name":"T1 Shopping Mall","location_id":3}"
2026-07-31 15:52:13,EEST,9,Mustika,13,success,"{"total":13,"location_name":"Mustika","location_id":9}"
2026-07-31 15:52:13,EEST,10,Suur-Paala,2,success,"{"total":2,"location_name":"Suur-Paala","location_id":10}"
2026-07-31 15:54:14,EEST,1,Hipodroom,5,success,"{"total":5,"location_name":"Hipodroom","location_id":1}"
2026-07-31 15:54:14,EEST,3,T1,10,success,"{"total":10,"location_name":"T1 Shopping Mall","location_id":3}"
2026-07-31 15:54:14,EEST,9,Mustika,13,success,"{"total":13,"location_name":"Mustika","location_id":9}"
2026-07-31 15:54:14,EEST,10,Suur-Paala,2,success,"{"total":2,"location_name":"Suur-Paala","location_id":10}"
2026-07-31 15:56:14,EEST,1,Hipodroom,5,success,"{"total":5,"location_name":"Hipodroom","location_id":1}"
2026-07-31 15:56:14,EEST,3,T1,10,success,"{"total":10,"location_name":"T1 Shopping Mall","location_id":3}"
2026-07-31 15:56:14,EEST,9,Mustika,13,success,"{"total":13,"location_name":"Mustika","location_id":9}"
2026-07-31 15:56:14,EEST,10,Suur-Paala,2,success,"{"total":2,"location_name":"Suur-Paala","location_id":10}"
2026-07-31 15:58:15,EEST,1,Hipodroom,5,success,"{"total":5,"location_name":"Hipodroom","location_id":1}"
2026-07-31 15:58:15,EEST,3,T1,11,success,"{"total":11,"location_name":"T1 Shopping Mall","location_id":3}"
2026-07-31 15:58:15,EEST,9,Mustika,14,success,"{"total":14,"location_name":"Mustika","location_id":9}"
2026-07-31 15:58:15,EEST,10,Suur-Paala,2,success,"{"total":2,"location_name":"Suur-Paala","location_id":10}"
2026-07-31 16:00:15,EEST,1,Hipodroom,5,success,"{"total":5,"location_name":"Hipodroom","location_id":1}"
2026-07-31 16:00:15,EEST,3,T1,11,success,"{"total":11,"location_name":"T1 Shopping Mall","location_id":3}"
2026-07-31 16:00:15,EEST,9,Mustika,14,success,"{"total":14,"location_name":"Mustika","location_id":9}"
2026-07-31 16:00:15,EEST,10,Suur-Paala,1,success,"{"total":1,"location_name":"Suur-Paala","location_id":10}"
2026-07-31 16:02:16,EEST,1,Hipodroom,5,success,"{"total":5,"location_name":"Hipodroom","location_id":1}"
2026-07-31 16:02:16,EEST,3,T1,11,success,"{"total":11,"location_name":"T1 Shopping Mall","location_id":3}"
2026-07-31 16:02:16,EEST,9,Mustika,14,success,"{"total":14,"location_name":"Mustika","location_id":9}"
2026-07-31 16:02:16,EEST,10,Suur-Paala,1,success,"{"total":1,"location_name":"Suur-Paala","location_id":10}"
2026-07-31 16:04:16,EEST,1,Hipodroom,5,success,"{"total":5,"location_name":"Hipodroom","location_id":1}"
2026-07-31 16:04:16,EEST,3,T1,10,success,"{"total":10,"location_name":"T1 Shopping Mall","location_id":3}"
2026-07-31 16:04:16,EEST,9,Mustika,16,success,"{"total":16,"location_name":"Mustika","location_id":9}"
2026-07-31 16:04:16,EEST,10,Suur-Paala,1,success,"{"total":1,"location_name":"Suur-Paala","location_id":10}"
2026-07-31 16:06:17,EEST,1,Hipodroom,5,success,"{"total":5,"location_name":"Hipodroom","location_id":1}"
2026-07-31 16:06:17,EEST,3,T1,10,success,"{"total":10,"location_name":"T1 Shopping Mall","location_id":3}"
2026-07-31 16:06:17,EEST,9,Mustika,16,success,"{"total":16,"location_name":"Mustika","location_id":9}"
2026-07-31 16:06:17,EEST,10,Suur-Paala,1,success,"{"total":1,"location_name":"Suur-Paala","location_id":10}"
2026-07-31 16:08:18,EEST,1,Hipodroom,5,success,"{"total":5,"location_name":"Hipodroom","location_id":1}"
2026-07-31 16:08:18,EEST,3,T1,10,success,"{"total":10,"location_name":"T1 Shopping Mall","location_id":3}"
2026-07-31 16:08:18,EEST,9,Mustika,16,success,"{"total":16,"location_name":"Mustika","location_id":9}"
2026-07-31 16:08:18,EEST,10,Suur-Paala,1,success,"{"total":1,"location_name":"Suur-Paala","location_id":10}"
2026-07-31 16:10:19,EEST,1,Hipodroom,5,success,"{"total":5,"location_name":"Hipodroom","location_id":1}"
2026-07-31 16:10:19,EEST,3,T1,11,success,"{"total":11,"location_name":"T1 Shopping Mall","location_id":3}"
2026-07-31 16:10:19,EEST,9,Mustika,18,success,"{"total":18,"location_name":"Mustika","location_id":9}"
2026-07-31 16:10:19,EEST,10,Suur-Paala,1,success,"{"total":1,"location_name":"Suur-Paala","location_id":10}"
2026-07-31 16:12:19,EEST,1,Hipodroom,5,success,"{"total":5,"location_name":"Hipodroom","location_id":1}"
2026-07-31 16:12:19,EEST,3,T1,11,success,"{"total":11,"location_name":"T1 Shopping Mall","location_id":3}"
2026-07-31 16:12:19,EEST,9,Mustika,18,success,"{"total":18,"location_name":"Mustika","location_id":9}"
2026-07-31 16:12:19,EEST,10,Suur-Paala,1,success,"{"total":1,"location_name":"Suur-Paala","location_id":10}"
2026-07-31 16:14:20,EEST,1,Hipodroom,5,success,"{"total":5,"location_name":"Hipodroom","location_id":1}"
2026-07-31 16:14:20,EEST,3,T1,11,success,"{"total":11,"location_name":"T1 Shopping Mall","location_id":3}"
2026-07-31 16:14:20,EEST,9,Mustika,18,success,"{"total":18,"location_name":"Mustika","location_id":9}"
2026-07-31 16:14:20,EEST,10,Suur-Paala,1,success,"{"total":1,"location_name":"Suur-Paala","location_id":10}"
2026-07-31 16:16:20,EEST,1,Hipodroom,5,success,"{"total":5,"location_name":"Hipodroom","location_id":1}"
2026-07-31 16:16:20,EEST,3,T1,12,success,"{"total":12,"location_name":"T1 Shopping Mall","location_id":3}"
2026-07-31 16:16:20,EEST,9,Mustika,18,success,"{"total":18,"location_name":"Mustika","location_id":9}"
2026-07-31 16:16:20,EEST,10,Suur-Paala,1,success,"{"total":1,"location_name":"Suur-Paala","location_id":10}"
2026-07-31 16:18:21,EEST,1,Hipodroom,5,success,"{"total":5,"location_name":"Hipodroom","location_id":1}"
2026-07-31 16:18:21,EEST,3,T1,12,success,"{"total":12,"location_name":"T1 Shopping Mall","location_id":3}"
2026-07-31 16:18:21,EEST,9,Mustika,18,success,"{"total":18,"location_name":"Mustika","location_id":9}"
2026-07-31 16:18:21,EEST,10,Suur-Paala,0,success,"{"total":0,"location_name":"Suur-Paala","location_id":10}"
2026-07-31 16:20:21,EEST,1,Hipodroom,5,success,"{"total":5,"location_name":"Hipodroom","location_id":1}"
2026-07-31 16:20:21,EEST,3,T1,12,success,"{"total":12,"location_name":"T1 Shopping Mall","location_id":3}"
2026-07-31 16:20:21,EEST,9,Mustika,18,success,"{"total":18,"location_name":"Mustika","location_id":9}"
2026-07-31 16:20:21,EEST,10,Suur-Paala,0,success,"{"total":0,"location_name":"Suur-Paala","location_id":10}"
2026-07-31 16:22:22,EEST,1,Hipodroom,5,success,"{"total":5,"location_name":"Hipodroom","location_id":1}"
2026-07-31 16:22:22,EEST,3,T1,12,success,"{"total":12,"location_name":"T1 Shopping Mall","location_id":3}"
2026-07-31 16:22:22,EEST,9,Mustika,18,success,"{"total":18,"location_name":"Mustika","location_id":9}"
2026-07-31 16:22:22,EEST,10,Suur-Paala,0,success,"{"total":0,"location_name":"Suur-Paala","location_id":10}"
2026-07-31 16:24:22,EEST,1,Hipodroom,5,success,"{"total":5,"location_name":"Hipodroom","location_id":1}"
2026-07-31 16:24:22,EEST,3,T1,12,success,"{"total":12,"location_name":"T1 Shopping Mall","location_id":3}"
2026-07-31 16:24:22,EEST,9,Mustika,18,success,"{"total":18,"location_name":"Mustika","location_id":9}"
2026-07-31 16:24:22,EEST,10,Suur-Paala,0,success,"{"total":0,"location_name":"Suur-Paala","location_id":10}"
2026-07-31 16:26:23,EEST,1,Hipodroom,5,success,"{"total":5,"location_name":"Hipodroom","location_id":1}"
2026-07-31 16:26:23,EEST,3,T1,12,success,"{"total":12,"location_name":"T1 Shopping Mall","location_id":3}"
2026-07-31 16:26:23,EEST,9,Mustika,18,success,"{"total":18,"location_name":"Mustika","location_id":9}"
2026-07-31 16:26:23,EEST,10,Suur-Paala,0,success,"{"total":0,"location_name":"Suur-Paala","location_id":10}"
2026-07-31 16:28:24,EEST,1,Hipodroom,5,success,"{"total":5,"location_name":"Hipodroom","location_id":1}"
2026-07-31 16:28:24,EEST,3,T1,12,success,"{"total":12,"location_name":"T1 Shopping Mall","location_id":3}"
2026-07-31 16:28:24,EEST,9,Mustika,15,success,"{"total":15,"location_name":"Mustika","location_id":9}"
2026-07-31 16:28:24,EEST,10,Suur-Paala,0,success,"{"total":0,"location_name":"Suur-Paala","location_id":10}"
2026-07-31 16:30:24,EEST,1,Hipodroom,5,success,"{"total":5,"location_name":"Hipodroom","location_id":1}"
2026-07-31 16:30:24,EEST,3,T1,12,success,"{"total":12,"location_name":"T1 Shopping Mall","location_id":3}"
2026-07-31 16:30:24,EEST,9,Mustika,15,success,"{"total":15,"location_name":"Mustika","location_id":9}"
2026-07-31 16:30:24,EEST,10,Suur-Paala,0,success,"{"total":0,"location_name":"Suur-Paala","location_id":10}"
2026-07-31 16:32:25,EEST,1,Hipodroom,5,success,"{"total":5,"location_name":"Hipodroom","location_id":1}"
2026-07-31 16:32:25,EEST,3,T1,12,success,"{"total":12,"location_name":"T1 Shopping Mall","location_id":3}"
2026-07-31 16:32:25,EEST,9,Mustika,15,success,"{"total":15,"location_name":"Mustika","location_id":9}"
2026-07-31 16:32:25,EEST,10,Suur-Paala,0,success,"{"total":0,"location_name":"Suur-Paala","location_id":10}"
2026-07-31 16:34:26,EEST,1,Hipodroom,6,success,"{"total":6,"location_name":"Hipodroom","location_id":1}"
2026-07-31 16:34:26,EEST,3,T1,12,success,"{"total":12,"location_name":"T1 Shopping Mall","location_id":3}"
2026-07-31 16:34:26,EEST,9,Mustika,14,success,"{"total":14,"location_name":"Mustika","location_id":9}"
2026-07-31 16:34:26,EEST,10,Suur-Paala,0,success,"{"total":0,"location_name":"Suur-Paala","location_id":10}"
2026-07-31 16:36:26,EEST,1,Hipodroom,6,success,"{"total":6,"location_name":"Hipodroom","location_id":1}"
2026-07-31 16:36:26,EEST,3,T1,12,success,"{"total":12,"location_name":"T1 Shopping Mall","location_id":3}"
2026-07-31 16:36:26,EEST,9,Mustika,14,success,"{"total":14,"location_name":"Mustika","location_id":9}"
2026-07-31 16:36:26,EEST,10,Suur-Paala,0,success,"{"total":0,"location_name":"Suur-Paala","location_id":10}"
2026-07-31 16:38:27,EEST,1,Hipodroom,6,success,"{"total":6,"location_name":"Hipodroom","location_id":1}"
2026-07-31 16:38:27,EEST,3,T1,12,success,"{"total":12,"location_name":"T1 Shopping Mall","location_id":3}"
2026-07-31 16:38:27,EEST,9,Mustika,14,success,"{"total":14,"location_name":"Mustika","location_id":9}"
2026-07-31 16:38:27,EEST,10,Suur-Paala,0,success,"{"total":0,"location_name":"Suur-Paala","location_id":10}"
2026-07-31 16:40:27,EEST,1,Hipodroom,6,success,"{"total":6,"location_name":"Hipodroom","location_id":1}"
2026-07-31 16:40:27,EEST,3,T1,12,success,"{"total":12,"location_name":"T1 Shopping Mall","location_id":3}"
2026-07-31 16:40:27,EEST,9,Mustika,15,success,"{"total":15,"location_name":"Mustika","location_id":9}"
2026-07-31 16:40:27,EEST,10,Suur-Paala,0,success,"{"total":0,"location_name":"Suur-Paala","location_id":10}"
2026-07-31 16:42:28,EEST,1,Hipodroom,6,success,"{"total":6,"location_name":"Hipodroom","location_id":1}"
2026-07-31 16:42:28,EEST,3,T1,12,success,"{"total":12,"location_name":"T1 Shopping Mall","location_id":3}"
2026-07-31 16:42:28,EEST,9,Mustika,15,success,"{"total":15,"location_name":"Mustika","location_id":9}"
2026-07-31 16:42:28,EEST,10,Suur-Paala,1,success,"{"total":1,"location_name":"Suur-Paala","location_id":10}"
2026-07-31 16:44:28,EEST,1,Hipodroom,6,success,"{"total":6,"location_name":"Hipodroom","location_id":1}"
2026-07-31 16:44:28,EEST,3,T1,12,success,"{"total":12,"location_name":"T1 Shopping Mall","location_id":3}"
2026-07-31 16:44:28,EEST,9,Mustika,15,success,"{"total":15,"location_name":"Mustika","location_id":9}"
2026-07-31 16:44:28,EEST,10,Suur-Paala,1,success,"{"total":1,"location_name":"Suur-Paala","location_id":10}"
2026-07-31 16:46:29,EEST,1,Hipodroom,6,success,"{"total":6,"location_name":"Hipodroom","location_id":1}"
2026-07-31 16:46:29,EEST,3,T1,12,success,"{"total":12,"location_name":"T1 Shopping Mall","location_id":3}"
2026-07-31 16:46:29,EEST,9,Mustika,18,success,"{"total":18,"location_name":"Mustika","location_id":9}"
2026-07-31 16:46:29,EEST,10,Suur-Paala,1,success,"{"total":1,"location_name":"Suur-Paala","location_id":10}"
2026-07-31 16:48:30,EEST,1,Hipodroom,6,success,"{"total":6,"location_name":"Hipodroom","location_id":1}"
2026-07-31 16:48:30,EEST,3,T1,12,success,"{"total":12,"location_name":"T1 Shopping Mall","location_id":3}"
2026-07-31 16:48:30,EEST,9,Mustika,18,success,"{"total":18,"location_name":"Mustika","location_id":9}"
2026-07-31 16:48:30,EEST,10,Suur-Paala,2,success,"{"total":2,"location_name":"Suur-Paala","location_id":10}"
2026-07-31 16:50:30,EEST,1,Hipodroom,6,success,"{"total":6,"location_name":"Hipodroom","location_id":1}"
2026-07-31 16:50:30,EEST,3,T1,12,success,"{"total":12,"location_name":"T1 Shopping Mall","location_id":3}"
2026-07-31 16:50:30,EEST,9,Mustika,18,success,"{"total":18,"location_name":"Mustika","location_id":9}"
2026-07-31 16:50:30,EEST,10,Suur-Paala,2,success,"{"total":2,"location_name":"Suur-Paala","location_id":10}"
2026-07-31 16:52:31,EEST,1,Hipodroom,7,success,"{"total":7,"location_name":"Hipodroom","location_id":1}"
2026-07-31 16:52:31,EEST,3,T1,13,success,"{"total":13,"location_name":"T1 Shopping Mall","location_id":3}"
2026-07-31 16:52:31,EEST,9,Mustika,20,success,"{"total":20,"location_name":"Mustika","location_id":9}"
2026-07-31 16:52:31,EEST,10,Suur-Paala,2,success,"{"total":2,"location_name":"Suur-Paala","location_id":10}"
2026-07-31 16:54:32,EEST,1,Hipodroom,7,success,"{"total":7,"location_name":"Hipodroom","location_id":1}"
2026-07-31 16:54:32,EEST,3,T1,13,success,"{"total":13,"location_name":"T1 Shopping Mall","location_id":3}"
2026-07-31 16:54:32,EEST,9,Mustika,20,success,"{"total":20,"location_name":"Mustika","location_id":9}"
2026-07-31 16:54:32,EEST,10,Suur-Paala,2,success,"{"total":2,"location_name":"Suur-Paala","location_id":10}"
2026-07-31 16:56:32,EEST,1,Hipodroom,7,success,"{"total":7,"location_name":"Hipodroom","location_id":1}"
2026-07-31 16:56:32,EEST,3,T1,13,success,"{"total":13,"location_name":"T1 Shopping Mall","location_id":3}"
2026-07-31 16:56:32,EEST,9,Mustika,20,success,"{"total":20,"location_name":"Mustika","location_id":9}"
2026-07-31 16:56:32,EEST,10,Suur-Paala,2,success,"{"total":2,"location_name":"Suur-Paala","location_id":10}"
2026-07-31 16:58:33,EEST,1,Hipodroom,6,success,"{"total":6,"location_name":"Hipodroom","location_id":1}"
2026-07-31 16:58:33,EEST,3,T1,13,success,"{"total":13,"location_name":"T1 Shopping Mall","location_id":3}"
2026-07-31 16:58:33,EEST,9,Mustika,23,success,"{"total":23,"location_name":"Mustika","location_id":9}"
2026-07-31 16:58:33,EEST,10,Suur-Paala,2,success,"{"total":2,"location_name":"Suur-Paala","location_id":10}"
2026-07-31 17:00:33,EEST,1,Hipodroom,6,success,"{"total":6,"location_name":"Hipodroom","location_id":1}"
2026-07-31 17:00:33,EEST,3,T1,13,success,"{"total":13,"location_name":"T1 Shopping Mall","location_id":3}"
2026-07-31 17:00:33,EEST,9,Mustika,23,success,"{"total":23,"location_name":"Mustika","location_id":9}"
2026-07-31 17:00:33,EEST,10,Suur-Paala,3,success,"{"total":3,"location_name":"Suur-Paala","location_id":10}"
2026-07-31 17:02:34,EEST,1,Hipodroom,6,success,"{"total":6,"location_name":"Hipodroom","location_id":1}"
2026-07-31 17:02:34,EEST,3,T1,13,success,"{"total":13,"location_name":"T1 Shopping Mall","location_id":3}"
2026-07-31 17:02:34,EEST,9,Mustika,23,success,"{"total":23,"location_name":"Mustika","location_id":9}"
2026-07-31 17:02:34,EEST,10,Suur-Paala,3,success,"{"total":3,"location_name":"Suur-Paala","location_id":10}"
2026-07-31 17:04:35,EEST,1,Hipodroom,7,success,"{"total":7,"location_name":"Hipodroom","location_id":1}"
2026-07-31 17:04:35,EEST,3,T1,14,success,"{"total":14,"location_name":"T1 Shopping Mall","location_id":3}"
2026-07-31 17:04:35,EEST,9,Mustika,23,success,"{"total":23,"location_name":"Mustika","location_id":9}"
2026-07-31 17:04:35,EEST,10,Suur-Paala,3,success,"{"total":3,"location_name":"Suur-Paala","location_id":10}"
2026-07-31 17:06:35,EEST,1,Hipodroom,7,success,"{"total":7,"location_name":"Hipodroom","location_id":1}"
2026-07-31 17:06:35,EEST,3,T1,14,success,"{"total":14,"location_name":"T1 Shopping Mall","location_id":3}"
2026-07-31 17:06:35,EEST,9,Mustika,23,success,"{"total":23,"location_name":"Mustika","location_id":9}"
2026-07-31 17:06:35,EEST,10,Suur-Paala,3,success,"{"total":3,"location_name":"Suur-Paala","location_id":10}"
2026-07-31 17:08:36,EEST,1,Hipodroom,7,success,"{"total":7,"location_name":"Hipodroom","location_id":1}"
2026-07-31 17:08:36,EEST,3,T1,14,success,"{"total":14,"location_name":"T1 Shopping Mall","location_id":3}"
2026-07-31 17:08:36,EEST,9,Mustika,23,success,"{"total":23,"location_name":"Mustika","location_id":9}"
2026-07-31 17:08:36,EEST,10,Suur-Paala,3,success,"{"total":3,"location_name":"Suur-Paala","location_id":10}"
2026-07-31 17:10:36,EEST,1,Hipodroom,7,success,"{"total":7,"location_name":"Hipodroom","location_id":1}"
2026-07-31 17:10:36,EEST,3,T1,15,success,"{"total":15,"location_name":"T1 Shopping Mall","location_id":3}"
2026-07-31 17:10:36,EEST,9,Mustika,25,success,"{"total":25,"location_name":"Mustika","location_id":9}"
2026-07-31 17:10:36,EEST,10,Suur-Paala,3,success,"{"total":3,"location_name":"Suur-Paala","location_id":10}"
2026-07-31 17:12:37,EEST,1,Hipodroom,7,success,"{"total":7,"location_name":"Hipodroom","location_id":1}"
2026-07-31 17:12:37,EEST,3,T1,15,success,"{"total":15,"location_name":"T1 Shopping Mall","location_id":3}"
2026-07-31 17:12:37,EEST,9,Mustika,25,success,"{"total":25,"location_name":"Mustika","location_id":9}"
2026-07-31 17:12:37,EEST,10,Suur-Paala,3,success,"{"total":3,"location_name":"Suur-Paala","location_id":10}"
2026-07-31 17:14:38,EEST,1,Hipodroom,7,success,"{"total":7,"location_name":"Hipodroom","location_id":1}"
2026-07-31 17:14:38,EEST,3,T1,15,success,"{"total":15,"location_name":"T1 Shopping Mall","location_id":3}"
2026-07-31 17:14:38,EEST,9,Mustika,25,success,"{"total":25,"location_name":"Mustika","location_id":9}"
2026-07-31 17:14:38,EEST,10,Suur-Paala,3,success,"{"total":3,"location_name":"Suur-Paala","location_id":10}"
2026-07-31 17:16:38,EEST,1,Hipodroom,8,success,"{"total":8,"location_name":"Hipodroom","location_id":1}"
2026-07-31 17:16:38,EEST,3,T1,16,success,"{"total":16,"location_name":"T1 Shopping Mall","location_id":3}"
2026-07-31 17:16:38,EEST,9,Mustika,25,success,"{"total":25,"location_name":"Mustika","location_id":9}"
2026-07-31 17:16:38,EEST,10,Suur-Paala,3,success,"{"total":3,"location_name":"Suur-Paala","location_id":10}"
2026-07-31 17:18:39,EEST,1,Hipodroom,8,success,"{"total":8,"location_name":"Hipodroom","location_id":1}"
2026-07-31 17:18:39,EEST,3,T1,16,success,"{"total":16,"location_name":"T1 Shopping Mall","location_id":3}"
2026-07-31 17:18:39,EEST,9,Mustika,25,success,"{"total":25,"location_name":"Mustika","location_id":9}"
2026-07-31 17:18:39,EEST,10,Suur-Paala,3,success,"{"total":3,"location_name":"Suur-Paala","location_id":10}"
2026-07-31 17:20:39,EEST,1,Hipodroom,8,success,"{"total":8,"location_name":"Hipodroom","location_id":1}"
2026-07-31 17:20:39,EEST,3,T1,16,success,"{"total":16,"location_name":"T1 Shopping Mall","location_id":3}"
2026-07-31 17:20:39,EEST,9,Mustika,25,success,"{"total":25,"location_name":"Mustika","location_id":9}"
2026-07-31 17:20:39,EEST,10,Suur-Paala,3,success,"{"total":3,"location_name":"Suur-Paala","location_id":10}"
2026-07-31 17:22:40,EEST,1,Hipodroom,8,success,"{"total":8,"location_name":"Hipodroom","location_id":1}"
2026-07-31 17:22:40,EEST,3,T1,18,success,"{"total":18,"location_name":"T1 Shopping Mall","location_id":3}"
2026-07-31 17:22:40,EEST,9,Mustika,25,success,"{"total":25,"location_name":"Mustika","location_id":9}"
2026-07-31 17:22:40,EEST,10,Suur-Paala,3,success,"{"total":3,"location_name":"Suur-Paala","location_id":10}"
2026-07-31 17:24:41,EEST,1,Hipodroom,8,success,"{"total":8,"location_name":"Hipodroom","location_id":1}"
2026-07-31 17:24:41,EEST,3,T1,18,success,"{"total":18,"location_name":"T1 Shopping Mall","location_id":3}"
2026-07-31 17:24:41,EEST,9,Mustika,25,success,"{"total":25,"location_name":"Mustika","location_id":9}"
2026-07-31 17:24:41,EEST,10,Suur-Paala,4,success,"{"total":4,"location_name":"Suur-Paala","location_id":10}"
2026-07-31 17:26:41,EEST,1,Hipodroom,8,success,"{"total":8,"location_name":"Hipodroom","location_id":1}"
2026-07-31 17:26:41,EEST,3,T1,18,success,"{"total":18,"location_name":"T1 Shopping Mall","location_id":3}"
2026-07-31 17:26:41,EEST,9,Mustika,25,success,"{"total":25,"location_name":"Mustika","location_id":9}"
2026-07-31 17:26:41,EEST,10,Suur-Paala,4,success,"{"total":4,"location_name":"Suur-Paala","location_id":10}"
2026-07-31 17:28:42,EEST,1,Hipodroom,8,success,"{"total":8,"location_name":"Hipodroom","location_id":1}"
2026-07-31 17:28:42,EEST,3,T1,18,success,"{"total":18,"location_name":"T1 Shopping Mall","location_id":3}"
2026-07-31 17:28:42,EEST,9,Mustika,25,success,"{"total":25,"location_name":"Mustika","location_id":9}"
2026-07-31 17:28:42,EEST,10,Suur-Paala,4,success,"{"total":4,"location_name":"Suur-Paala","location_id":10}"
2026-07-31 17:30:42,EEST,1,Hipodroom,8,success,"{"total":8,"location_name":"Hipodroom","location_id":1}"
2026-07-31 17:30:42,EEST,3,T1,18,success,"{"total":18,"location_name":"T1 Shopping Mall","location_id":3}"
2026-07-31 17:30:42,EEST,9,Mustika,25,success,"{"total":25,"location_name":"Mustika","location_id":9}"
2026-07-31 17:30:42,EEST,10,Suur-Paala,4,success,"{"total":4,"location_name":"Suur-Paala","location_id":10}"
2026-07-31 17:32:43,EEST,1,Hipodroom,8,success,"{"total":8,"location_name":"Hipodroom","location_id":1}"
2026-07-31 17:32:43,EEST,3,T1,18,success,"{"total":18,"location_name":"T1 Shopping Mall","location_id":3}"
2026-07-31 17:32:43,EEST,9,Mustika,25,success,"{"total":25,"location_name":"Mustika","location_id":9}"
2026-07-31 17:32:43,EEST,10,Suur-Paala,4,success,"{"total":4,"location_name":"Suur-Paala","location_id":10}"
2026-07-31 17:34:44,EEST,1,Hipodroom,8,success,"{"total":8,"location_name":"Hipodroom","location_id":1}"
2026-07-31 17:34:44,EEST,3,T1,19,success,"{"total":19,"location_name":"T1 Shopping Mall","location_id":3}"
2026-07-31 17:34:44,EEST,9,Mustika,25,success,"{"total":25,"location_name":"Mustika","location_id":9}"
2026-07-31 17:34:44,EEST,10,Suur-Paala,4,success,"{"total":4,"location_name":"Suur-Paala","location_id":10}"
2026-07-31 17:36:44,EEST,1,Hipodroom,8,success,"{"total":8,"location_name":"Hipodroom","location_id":1}"
2026-07-31 17:36:44,EEST,3,T1,19,success,"{"total":19,"location_name":"T1 Shopping Mall","location_id":3}"
2026-07-31 17:36:44,EEST,9,Mustika,25,success,"{"total":25,"location_name":"Mustika","location_id":9}"
2026-07-31 17:36:44,EEST,10,Suur-Paala,6,success,"{"total":6,"location_name":"Suur-Paala","location_id":10}"
2026-07-31 17:38:45,EEST,1,Hipodroom,8,success,"{"total":8,"location_name":"Hipodroom","location_id":1}"
2026-07-31 17:38:45,EEST,3,T1,19,success,"{"total":19,"location_name":"T1 Shopping Mall","location_id":3}"
2026-07-31 17:38:45,EEST,9,Mustika,25,success,"{"total":25,"location_name":"Mustika","location_id":9}"
2026-07-31 17:38:45,EEST,10,Suur-Paala,6,success,"{"total":6,"location_name":"Suur-Paala","location_id":10}"
2026-07-31 17:40:45,EEST,1,Hipodroom,8,success,"{"total":8,"location_name":"Hipodroom","location_id":1}"
2026-07-31 17:40:45,EEST,3,T1,21,success,"{"total":21,"location_name":"T1 Shopping Mall","location_id":3}"
2026-07-31 17:40:45,EEST,9,Mustika,25,success,"{"total":25,"location_name":"Mustika","location_id":9}"
2026-07-31 17:40:45,EEST,10,Suur-Paala,6,success,"{"total":6,"location_name":"Suur-Paala","location_id":10}"
2026-07-31 17:42:46,EEST,1,Hipodroom,8,success,"{"total":8,"location_name":"Hipodroom","location_id":1}"
2026-07-31 17:42:46,EEST,3,T1,21,success,"{"total":21,"location_name":"T1 Shopping Mall","location_id":3}"
2026-07-31 17:42:46,EEST,9,Mustika,25,success,"{"total":25,"location_name":"Mustika","location_id":9}"
2026-07-31 17:42:46,EEST,10,Suur-Paala,7,success,"{"total":7,"location_name":"Suur-Paala","location_id":10}"
2026-07-31 17:44:46,EEST,1,Hipodroom,8,success,"{"total":8,"location_name":"Hipodroom","location_id":1}"
2026-07-31 17:44:46,EEST,3,T1,21,success,"{"total":21,"location_name":"T1 Shopping Mall","location_id":3}"
2026-07-31 17:44:46,EEST,9,Mustika,25,success,"{"total":25,"location_name":"Mustika","location_id":9}"
2026-07-31 17:44:46,EEST,10,Suur-Paala,7,success,"{"total":7,"location_name":"Suur-Paala","location_id":10}"
2026-07-31 17:46:47,EEST,1,Hipodroom,8,success,"{"total":8,"location_name":"Hipodroom","location_id":1}"
2026-07-31 17:46:47,EEST,3,T1,21,success,"{"total":21,"location_name":"T1 Shopping Mall","location_id":3}"
2026-07-31 17:46:47,EEST,9,Mustika,24,success,"{"total":24,"location_name":"Mustika","location_id":9}"
2026-07-31 17:46:47,EEST,10,Suur-Paala,7,success,"{"total":7,"location_name":"Suur-Paala","location_id":10}"
2026-07-31 17:48:47,EEST,1,Hipodroom,8,success,"{"total":8,"location_name":"Hipodroom","location_id":1}"
2026-07-31 17:48:47,EEST,3,T1,21,success,"{"total":21,"location_name":"T1 Shopping Mall","location_id":3}"
2026-07-31 17:48:47,EEST,9,Mustika,24,success,"{"total":24,"location_name":"Mustika","location_id":9}"
2026-07-31 17:48:47,EEST,10,Suur-Paala,7,success,"{"total":7,"location_name":"Suur-Paala","location_id":10}"
2026-07-31 17:50:48,EEST,1,Hipodroom,8,success,"{"total":8,"location_name":"Hipodroom","location_id":1}"
2026-07-31 17:50:48,EEST,3,T1,21,success,"{"total":21,"location_name":"T1 Shopping Mall","location_id":3}"
2026-07-31 17:50:48,EEST,9,Mustika,24,success,"{"total":24,"location_name":"Mustika","location_id":9}"
2026-07-31 17:50:48,EEST,10,Suur-Paala,7,success,"{"total":7,"location_name":"Suur-Paala","location_id":10}"
2026-07-31 17:52:49,EEST,1,Hipodroom,8,success,"{"total":8,"location_name":"Hipodroom","location_id":1}"
2026-07-31 17:52:49,EEST,3,T1,21,success,"{"total":21,"location_name":"T1 Shopping Mall","location_id":3}"
2026-07-31 17:52:49,EEST,9,Mustika,25,success,"{"total":25,"location_name":"Mustika","location_id":9}"
2026-07-31 17:52:49,EEST,10,Suur-Paala,7,success,"{"total":7,"location_name":"Suur-Paala","location_id":10}"
2026-07-31 17:54:49,EEST,1,Hipodroom,8,success,"{"total":8,"location_name":"Hipodroom","location_id":1}"
2026-07-31 17:54:49,EEST,3,T1,21,success,"{"total":21,"location_name":"T1 Shopping Mall","location_id":3}"
2026-07-31 17:54:49,EEST,9,Mustika,25,success,"{"total":25,"location_name":"Mustika","location_id":9}"
2026-07-31 17:54:49,EEST,10,Suur-Paala,7,success,"{"total":7,"location_name":"Suur-Paala","location_id":10}"
2026-07-31 17:56:50,EEST,1,Hipodroom,8,success,"{"total":8,"location_name":"Hipodroom","location_id":1}"
2026-07-31 17:56:50,EEST,3,T1,21,success,"{"total":21,"location_name":"T1 Shopping Mall","location_id":3}"
2026-07-31 17:56:50,EEST,9,Mustika,25,success,"{"total":25,"location_name":"Mustika","location_id":9}"
2026-07-31 17:56:50,EEST,10,Suur-Paala,7,success,"{"total":7,"location_name":"Suur-Paala","location_id":10}"
2026-07-31 17:58:50,EEST,1,Hipodroom,8,success,"{"total":8,"location_name":"Hipodroom","location_id":1}"
2026-07-31 17:58:50,EEST,3,T1,20,success,"{"total":20,"location_name":"T1 Shopping Mall","location_id":3}"
2026-07-31 17:58:50,EEST,9,Mustika,26,success,"{"total":26,"location_name":"Mustika","location_id":9}"
2026-07-31 17:58:50,EEST,10,Suur-Paala,7,success,"{"total":7,"location_name":"Suur-Paala","location_id":10}"
2026-07-31 18:00:51,EEST,1,Hipodroom,8,success,"{"total":8,"location_name":"Hipodroom","location_id":1}"
2026-07-31 18:00:51,EEST,3,T1,20,success,"{"total":20,"location_name":"T1 Shopping Mall","location_id":3}"
2026-07-31 18:00:51,EEST,9,Mustika,26,success,"{"total":26,"location_name":"Mustika","location_id":9}"
2026-07-31 18:00:51,EEST,10,Suur-Paala,7,success,"{"total":7,"location_name":"Suur-Paala","location_id":10}"
2026-07-31 18:02:51,EEST,1,Hipodroom,8,success,"{"total":8,"location_name":"Hipodroom","location_id":1}"
2026-07-31 18:02:51,EEST,3,T1,20,success,"{"total":20,"location_name":"T1 Shopping Mall","location_id":3}"
2026-07-31 18:02:51,EEST,9,Mustika,26,success,"{"total":26,"location_name":"Mustika","location_id":9}"
2026-07-31 18:02:51,EEST,10,Suur-Paala,7,success,"{"total":7,"location_name":"Suur-Paala","location_id":10}"
2026-07-31 18:04:52,EEST,1,Hipodroom,8,success,"{"total":8,"location_name":"Hipodroom","location_id":1}"
2026-07-31 18:04:52,EEST,3,T1,20,success,"{"total":20,"location_name":"T1 Shopping Mall","location_id":3}"
2026-07-31 18:04:52,EEST,9,Mustika,24,success,"{"total":24,"location_name":"Mustika","location_id":9}"
2026-07-31 18:04:52,EEST,10,Suur-Paala,7,success,"{"total":7,"location_name":"Suur-Paala","location_id":10}"
2026-07-31 18:06:52,EEST,1,Hipodroom,8,success,"{"total":8,"location_name":"Hipodroom","location_id":1}"
2026-07-31 18:06:52,EEST,3,T1,20,success,"{"total":20,"location_name":"T1 Shopping Mall","location_id":3}"
2026-07-31 18:06:52,EEST,9,Mustika,24,success,"{"total":24,"location_name":"Mustika","location_id":9}"
2026-07-31 18:06:52,EEST,10,Suur-Paala,8,success,"{"total":8,"location_name":"Suur-Paala","location_id":10}"
2026-07-31 18:08:53,EEST,1,Hipodroom,8,success,"{"total":8,"location_name":"Hipodroom","location_id":1}"
2026-07-31 18:08:53,EEST,3,T1,20,success,"{"total":20,"location_name":"T1 Shopping Mall","location_id":3}"
2026-07-31 18:08:53,EEST,9,Mustika,24,success,"{"total":24,"location_name":"Mustika","location_id":9}"
2026-07-31 18:08:53,EEST,10,Suur-Paala,8,success,"{"total":8,"location_name":"Suur-Paala","location_id":10}"
2026-07-31 18:10:53,EEST,1,Hipodroom,8,success,"{"total":8,"location_name":"Hipodroom","location_id":1}"
2026-07-31 18:10:53,EEST,3,T1,20,success,"{"total":20,"location_name":"T1 Shopping Mall","location_id":3}"
2026-07-31 18:10:53,EEST,9,Mustika,24,success,"{"total":24,"location_name":"Mustika","location_id":9}"
2026-07-31 18:10:53,EEST,10,Suur-Paala,8,success,"{"total":8,"location_name":"Suur-Paala","location_id":10}"
2026-07-31 18:12:54,EEST,1,Hipodroom,8,success,"{"total":8,"location_name":"Hipodroom","location_id":1}"
2026-07-31 18:12:54,EEST,3,T1,20,success,"{"total":20,"location_name":"T1 Shopping Mall","location_id":3}"
2026-07-31 18:12:54,EEST,9,Mustika,24,success,"{"total":24,"location_name":"Mustika","location_id":9}"
2026-07-31 18:12:54,EEST,10,Suur-Paala,8,success,"{"total":8,"location_name":"Suur-Paala","location_id":10}"
2026-07-31 18:14:55,EEST,1,Hipodroom,8,success,"{"total":8,"location_name":"Hipodroom","location_id":1}"
2026-07-31 18:14:55,EEST,3,T1,20,success,"{"total":20,"location_name":"T1 Shopping Mall","location_id":3}"
2026-07-31 18:14:55,EEST,9,Mustika,24,success,"{"total":24,"location_name":"Mustika","location_id":9}"
2026-07-31 18:14:55,EEST,10,Suur-Paala,8,success,"{"total":8,"location_name":"Suur-Paala","location_id":10}"
2026-07-31 18:16:55,EEST,1,Hipodroom,6,success,"{"total":6,"location_name":"Hipodroom","location_id":1}"
2026-07-31 18:16:55,EEST,3,T1,20,success,"{"total":20,"location_name":"T1 Shopping Mall","location_id":3}"
2026-07-31 18:16:55,EEST,9,Mustika,22,success,"{"total":22,"location_name":"Mustika","location_id":9}"
2026-07-31 18:16:55,EEST,10,Suur-Paala,8,success,"{"total":8,"location_name":"Suur-Paala","location_id":10}"
2026-07-31 18:18:56,EEST,1,Hipodroom,6,success,"{"total":6,"location_name":"Hipodroom","location_id":1}"
2026-07-31 18:18:56,EEST,3,T1,20,success,"{"total":20,"location_name":"T1 Shopping Mall","location_id":3}"
2026-07-31 18:18:56,EEST,9,Mustika,22,success,"{"total":22,"location_name":"Mustika","location_id":9}"
2026-07-31 18:18:56,EEST,10,Suur-Paala,8,success,"{"total":8,"location_name":"Suur-Paala","location_id":10}"
2026-07-31 18:20:56,EEST,1,Hipodroom,6,success,"{"total":6,"location_name":"Hipodroom","location_id":1}"
2026-07-31 18:20:56,EEST,3,T1,20,success,"{"total":20,"location_name":"T1 Shopping Mall","location_id":3}"
2026-07-31 18:20:56,EEST,9,Mustika,22,success,"{"total":22,"location_name":"Mustika","location_id":9}"
2026-07-31 18:20:56,EEST,10,Suur-Paala,8,success,"{"total":8,"location_name":"Suur-Paala","location_id":10}"
2026-07-31 18:22:57,EEST,1,Hipodroom,6,success,"{"total":6,"location_name":"Hipodroom","location_id":1}"
2026-07-31 18:22:57,EEST,3,T1,19,success,"{"total":19,"location_name":"T1 Shopping Mall","location_id":3}"
2026-07-31 18:22:57,EEST,9,Mustika,26,success,"{"total":26,"location_name":"Mustika","location_id":9}"
2026-07-31 18:22:57,EEST,10,Suur-Paala,8,success,"{"total":8,"location_name":"Suur-Paala","location_id":10}"
2026-07-31 18:24:57,EEST,1,Hipodroom,6,success,"{"total":6,"location_name":"Hipodroom","location_id":1}"
2026-07-31 18:24:57,EEST,3,T1,19,success,"{"total":19,"location_name":"T1 Shopping Mall","location_id":3}"
2026-07-31 18:24:57,EEST,9,Mustika,26,success,"{"total":26,"location_name":"Mustika","location_id":9}"
2026-07-31 18:24:57,EEST,10,Suur-Paala,8,success,"{"total":8,"location_name":"Suur-Paala","location_id":10}"
2026-07-31 18:26:58,EEST,1,Hipodroom,6,success,"{"total":6,"location_name":"Hipodroom","location_id":1}"
2026-07-31 18:26:58,EEST,3,T1,19,success,"{"total":19,"location_name":"T1 Shopping Mall","location_id":3}"
2026-07-31 18:26:58,EEST,9,Mustika,26,success,"{"total":26,"location_name":"Mustika","location_id":9}"
2026-07-31 18:26:58,EEST,10,Suur-Paala,8,success,"{"total":8,"location_name":"Suur-Paala","location_id":10}"
2026-07-31 18:28:58,EEST,1,Hipodroom,6,success,"{"total":6,"location_name":"Hipodroom","location_id":1}"
2026-07-31 18:28:58,EEST,3,T1,19,success,"{"total":19,"location_name":"T1 Shopping Mall","location_id":3}"
2026-07-31 18:28:58,EEST,9,Mustika,28,success,"{"total":28,"location_name":"Mustika","location_id":9}"
2026-07-31 18:28:58,EEST,10,Suur-Paala,8,success,"{"total":8,"location_name":"Suur-Paala","location_id":10}"
2026-07-31 18:30:59,EEST,1,Hipodroom,6,success,"{"total":6,"location_name":"Hipodroom","location_id":1}"
2026-07-31 18:30:59,EEST,3,T1,19,success,"{"total":19,"location_name":"T1 Shopping Mall","location_id":3}"
2026-07-31 18:30:59,EEST,9,Mustika,28,success,"{"total":28,"location_name":"Mustika","location_id":9}"
2026-07-31 18:30:59,EEST,10,Suur-Paala,9,success,"{"total":9,"location_name":"Suur-Paala","location_id":10}"
2026-07-31 18:33:00,EEST,1,Hipodroom,6,success,"{"total":6,"location_name":"Hipodroom","location_id":1}"
2026-07-31 18:33:00,EEST,3,T1,19,success,"{"total":19,"location_name":"T1 Shopping Mall","location_id":3}"
2026-07-31 18:33:00,EEST,9,Mustika,28,success,"{"total":28,"location_name":"Mustika","location_id":9}"
2026-07-31 18:33:00,EEST,10,Suur-Paala,9,success,"{"total":9,"location_name":"Suur-Paala","location_id":10}"
2026-07-31 18:35:00,EEST,1,Hipodroom,8,success,"{"total":8,"location_name":"Hipodroom","location_id":1}"
2026-07-31 18:35:00,EEST,3,T1,19,success,"{"total":19,"location_name":"T1 Shopping Mall","location_id":3}"
2026-07-31 18:35:00,EEST,9,Mustika,27,success,"{"total":27,"location_name":"Mustika","location_id":9}"
2026-07-31 18:35:00,EEST,10,Suur-Paala,9,success,"{"total":9,"location_name":"Suur-Paala","location_id":10}"
2026-07-31 18:37:01,EEST,1,Hipodroom,8,success,"{"total":8,"location_name":"Hipodroom","location_id":1}"
2026-07-31 18:37:01,EEST,3,T1,19,success,"{"total":19,"location_name":"T1 Shopping Mall","location_id":3}"
2026-07-31 18:37:01,EEST,9,Mustika,27,success,"{"total":27,"location_name":"Mustika","location_id":9}"
2026-07-31 18:37:01,EEST,10,Suur-Paala,9,success,"{"total":9,"location_name":"Suur-Paala","location_id":10}"
2026-07-31 18:39:01,EEST,1,Hipodroom,8,success,"{"total":8,"location_name":"Hipodroom","location_id":1}"
2026-07-31 18:39:01,EEST,3,T1,19,success,"{"total":19,"location_name":"T1 Shopping Mall","location_id":3}"
2026-07-31 18:39:01,EEST,9,Mustika,27,success,"{"total":27,"location_name":"Mustika","location_id":9}"
2026-07-31 18:39:01,EEST,10,Suur-Paala,9,success,"{"total":9,"location_name":"Suur-Paala","location_id":10}"
2026-07-31 18:41:02,EEST,1,Hipodroom,8,success,"{"total":8,"location_name":"Hipodroom","location_id":1}"
2026-07-31 18:41:02,EEST,3,T1,21,success,"{"total":21,"location_name":"T1 Shopping Mall","location_id":3}"
2026-07-31 18:41:02,EEST,9,Mustika,29,success,"{"total":29,"location_name":"Mustika","location_id":9}"
2026-07-31 18:41:02,EEST,10,Suur-Paala,9,success,"{"total":9,"location_name":"Suur-Paala","location_id":10}"
2026-07-31 18:43:02,EEST,1,Hipodroom,8,success,"{"total":8,"location_name":"Hipodroom","location_id":1}"
2026-07-31 18:43:02,EEST,3,T1,21,success,"{"total":21,"location_name":"T1 Shopping Mall","location_id":3}"
2026-07-31 18:43:02,EEST,9,Mustika,29,success,"{"total":29,"location_name":"Mustika","location_id":9}"
2026-07-31 18:43:02,EEST,10,Suur-Paala,9,success,"{"total":9,"location_name":"Suur-Paala","location_id":10}"
2026-07-31 18:45:03,EEST,1,Hipodroom,8,success,"{"total":8,"location_name":"Hipodroom","location_id":1}"
2026-07-31 18:45:03,EEST,3,T1,21,success,"{"total":21,"location_name":"T1 Shopping Mall","location_id":3}"
2026-07-31 18:45:03,EEST,9,Mustika,29,success,"{"total":29,"location_name":"Mustika","location_id":9}"
2026-07-31 18:45:03,EEST,10,Suur-Paala,9,success,"{"total":9,"location_name":"Suur-Paala","location_id":10}"
2026-07-31 18:47:03,EEST,1,Hipodroom,8,success,"{"total":8,"location_name":"Hipodroom","location_id":1}"
2026-07-31 18:47:03,EEST,3,T1,23,success,"{"total":23,"location_name":"T1 Shopping Mall","location_id":3}"
2026-07-31 18:47:03,EEST,9,Mustika,28,success,"{"total":28,"location_name":"Mustika","location_id":9}"
2026-07-31 18:47:03,EEST,10,Suur-Paala,9,success,"{"total":9,"location_name":"Suur-Paala","location_id":10}"
2026-07-31 18:49:04,EEST,1,Hipodroom,8,success,"{"total":8,"location_name":"Hipodroom","location_id":1}"
2026-07-31 18:49:04,EEST,3,T1,23,success,"{"total":23,"location_name":"T1 Shopping Mall","location_id":3}"
2026-07-31 18:49:04,EEST,9,Mustika,28,success,"{"total":28,"location_name":"Mustika","location_id":9}"
2026-07-31 18:49:04,EEST,10,Suur-Paala,9,success,"{"total":9,"location_name":"Suur-Paala","location_id":10}"
2026-07-31 18:51:04,EEST,1,Hipodroom,8,success,"{"total":8,"location_name":"Hipodroom","location_id":1}"
2026-07-31 18:51:04,EEST,3,T1,23,success,"{"total":23,"location_name":"T1 Shopping Mall","location_id":3}"
2026-07-31 18:51:04,EEST,9,Mustika,28,success,"{"total":28,"location_name":"Mustika","location_id":9}"
2026-07-31 18:51:04,EEST,10,Suur-Paala,9,success,"{"total":9,"location_name":"Suur-Paala","location_id":10}"
2026-07-31 18:53:05,EEST,1,Hipodroom,8,success,"{"total":8,"location_name":"Hipodroom","location_id":1}"
2026-07-31 18:53:05,EEST,3,T1,23,success,"{"total":23,"location_name":"T1 Shopping Mall","location_id":3}"
2026-07-31 18:53:05,EEST,9,Mustika,28,success,"{"total":28,"location_name":"Mustika","location_id":9}"
2026-07-31 18:53:05,EEST,10,Suur-Paala,9,success,"{"total":9,"location_name":"Suur-Paala","location_id":10}"
2026-07-31 18:55:05,EEST,1,Hipodroom,8,success,"{"total":8,"location_name":"Hipodroom","location_id":1}"
2026-07-31 18:55:05,EEST,3,T1,23,success,"{"total":23,"location_name":"T1 Shopping Mall","location_id":3}"
2026-07-31 18:55:05,EEST,9,Mustika,28,success,"{"total":28,"location_name":"Mustika","location_id":9}"
2026-07-31 18:55:05,EEST,10,Suur-Paala,9,success,"{"total":9,"location_name":"Suur-Paala","location_id":10}"
2026-07-31 18:57:06,EEST,1,Hipodroom,8,success,"{"total":8,"location_name":"Hipodroom","location_id":1}"
2026-07-31 18:57:06,EEST,3,T1,23,success,"{"total":23,"location_name":"T1 Shopping Mall","location_id":3}"
2026-07-31 18:57:06,EEST,9,Mustika,28,success,"{"total":28,"location_name":"Mustika","location_id":9}"
2026-07-31 18:57:06,EEST,10,Suur-Paala,9,success,"{"total":9,"location_name":"Suur-Paala","location_id":10}"
2026-07-31 18:59:06,EEST,1,Hipodroom,8,success,"{"total":8,"location_name":"Hipodroom","location_id":1}"
2026-07-31 18:59:06,EEST,3,T1,23,success,"{"total":23,"location_name":"T1 Shopping Mall","location_id":3}"
2026-07-31 18:59:06,EEST,9,Mustika,27,success,"{"total":27,"location_name":"Mustika","location_id":9}"
2026-07-31 18:59:06,EEST,10,Suur-Paala,9,success,"{"total":9,"location_name":"Suur-Paala","location_id":10}"
2026-07-31 19:01:07,EEST,1,Hipodroom,8,success,"{"total":8,"location_name":"Hipodroom","location_id":1}"
2026-07-31 19:01:07,EEST,3,T1,23,success,"{"total":23,"location_name":"T1 Shopping Mall","location_id":3}"
2026-07-31 19:01:07,EEST,9,Mustika,27,success,"{"total":27,"location_name":"Mustika","location_id":9}"
2026-07-31 19:01:07,EEST,10,Suur-Paala,10,success,"{"total":10,"location_name":"Suur-Paala","location_id":10}"
2026-07-31 19:03:07,EEST,1,Hipodroom,8,success,"{"total":8,"location_name":"Hipodroom","location_id":1}"
2026-07-31 19:03:07,EEST,3,T1,23,success,"{"total":23,"location_name":"T1 Shopping Mall","location_id":3}"
2026-07-31 19:03:07,EEST,9,Mustika,27,success,"{"total":27,"location_name":"Mustika","location_id":9}"
2026-07-31 19:03:07,EEST,10,Suur-Paala,10,success,"{"total":10,"location_name":"Suur-Paala","location_id":10}"
2026-07-31 19:05:08,EEST,1,Hipodroom,9,success,"{"total":9,"location_name":"Hipodroom","location_id":1}"
2026-07-31 19:05:08,EEST,3,T1,23,success,"{"total":23,"location_name":"T1 Shopping Mall","location_id":3}"
2026-07-31 19:05:08,EEST,9,Mustika,28,success,"{"total":28,"location_name":"Mustika","location_id":9}"
2026-07-31 19:05:08,EEST,10,Suur-Paala,10,success,"{"total":10,"location_name":"Suur-Paala","location_id":10}"
2026-07-31 19:07:08,EEST,1,Hipodroom,9,success,"{"total":9,"location_name":"Hipodroom","location_id":1}"
2026-07-31 19:07:08,EEST,3,T1,23,success,"{"total":23,"location_name":"T1 Shopping Mall","location_id":3}"
2026-07-31 19:07:08,EEST,9,Mustika,28,success,"{"total":28,"location_name":"Mustika","location_id":9}"
2026-07-31 19:07:08,EEST,10,Suur-Paala,10,success,"{"total":10,"location_name":"Suur-Paala","location_id":10}"
2026-07-31 19:09:09,EEST,1,Hipodroom,9,success,"{"total":9,"location_name":"Hipodroom","location_id":1}"
2026-07-31 19:09:09,EEST,3,T1,23,success,"{"total":23,"location_name":"T1 Shopping Mall","location_id":3}"
2026-07-31 19:09:09,EEST,9,Mustika,28,success,"{"total":28,"location_name":"Mustika","location_id":9}"
2026-07-31 19:09:09,EEST,10,Suur-Paala,10,success,"{"total":10,"location_name":"Suur-Paala","location_id":10}"
2026-07-31 19:11:09,EEST,1,Hipodroom,9,success,"{"total":9,"location_name":"Hipodroom","location_id":1}"
2026-07-31 19:11:09,EEST,3,T1,24,success,"{"total":24,"location_name":"T1 Shopping Mall","location_id":3}"
2026-07-31 19:11:09,EEST,9,Mustika,26,success,"{"total":26,"location_name":"Mustika","location_id":9}"
2026-07-31 19:11:09,EEST,10,Suur-Paala,10,success,"{"total":10,"location_name":"Suur-Paala","location_id":10}"
2026-07-31 19:13:10,EEST,1,Hipodroom,9,success,"{"total":9,"location_name":"Hipodroom","location_id":1}"
2026-07-31 19:13:10,EEST,3,T1,24,success,"{"total":24,"location_name":"T1 Shopping Mall","location_id":3}"
2026-07-31 19:13:10,EEST,9,Mustika,26,success,"{"total":26,"location_name":"Mustika","location_id":9}"
2026-07-31 19:13:10,EEST,10,Suur-Paala,11,success,"{"total":11,"location_name":"Suur-Paala","location_id":10}"
2026-07-31 19:15:10,EEST,1,Hipodroom,9,success,"{"total":9,"location_name":"Hipodroom","location_id":1}"
2026-07-31 19:15:10,EEST,3,T1,24,success,"{"total":24,"location_name":"T1 Shopping Mall","location_id":3}"
2026-07-31 19:15:10,EEST,9,Mustika,26,success,"{"total":26,"location_name":"Mustika","location_id":9}"
2026-07-31 19:15:10,EEST,10,Suur-Paala,11,success,"{"total":11,"location_name":"Suur-Paala","location_id":10}"
2026-07-31 19:17:11,EEST,1,Hipodroom,10,success,"{"total":10,"location_name":"Hipodroom","location_id":1}"
2026-07-31 19:17:11,EEST,3,T1,23,success,"{"total":23,"location_name":"T1 Shopping Mall","location_id":3}"
2026-07-31 19:17:11,EEST,9,Mustika,26,success,"{"total":26,"location_name":"Mustika","location_id":9}"
2026-07-31 19:17:11,EEST,10,Suur-Paala,11,success,"{"total":11,"location_name":"Suur-Paala","location_id":10}"
2026-07-31 19:19:12,EEST,1,Hipodroom,10,success,"{"total":10,"location_name":"Hipodroom","location_id":1}"
2026-07-31 19:19:12,EEST,3,T1,23,success,"{"total":23,"location_name":"T1 Shopping Mall","location_id":3}"
2026-07-31 19:19:12,EEST,9,Mustika,26,success,"{"total":26,"location_name":"Mustika","location_id":9}"
2026-07-31 19:19:12,EEST,10,Suur-Paala,11,success,"{"total":11,"location_name":"Suur-Paala","location_id":10}"
2026-07-31 19:21:12,EEST,1,Hipodroom,10,success,"{"total":10,"location_name":"Hipodroom","location_id":1}"
2026-07-31 19:21:12,EEST,3,T1,23,success,"{"total":23,"location_name":"T1 Shopping Mall","location_id":3}"
2026-07-31 19:21:12,EEST,9,Mustika,26,success,"{"total":26,"location_name":"Mustika","location_id":9}"
2026-07-31 19:21:12,EEST,10,Suur-Paala,11,success,"{"total":11,"location_name":"Suur-Paala","location_id":10}"
2026-07-31 19:23:13,EEST,1,Hipodroom,12,success,"{"total":12,"location_name":"Hipodroom","location_id":1}"
2026-07-31 19:23:13,EEST,3,T1,24,success,"{"total":24,"location_name":"T1 Shopping Mall","location_id":3}"
2026-07-31 19:23:13,EEST,9,Mustika,30,success,"{"total":30,"location_name":"Mustika","location_id":9}"
2026-07-31 19:23:13,EEST,10,Suur-Paala,11,success,"{"total":11,"location_name":"Suur-Paala","location_id":10}"
2026-07-31 19:25:13,EEST,1,Hipodroom,12,success,"{"total":12,"location_name":"Hipodroom","location_id":1}"
2026-07-31 19:25:13,EEST,3,T1,24,success,"{"total":24,"location_name":"T1 Shopping Mall","location_id":3}"
2026-07-31 19:25:13,EEST,9,Mustika,30,success,"{"total":30,"location_name":"Mustika","location_id":9}"
2026-07-31 19:25:13,EEST,10,Suur-Paala,11,success,"{"total":11,"location_name":"Suur-Paala","location_id":10}"
2026-07-31 19:27:14,EEST,1,Hipodroom,12,success,"{"total":12,"location_name":"Hipodroom","location_id":1}"
2026-07-31 19:27:14,EEST,3,T1,24,success,"{"total":24,"location_name":"T1 Shopping Mall","location_id":3}"
2026-07-31 19:27:14,EEST,9,Mustika,30,success,"{"total":30,"location_name":"Mustika","location_id":9}"
2026-07-31 19:27:14,EEST,10,Suur-Paala,11,success,"{"total":11,"location_name":"Suur-Paala","location_id":10}"
2026-07-31 19:29:14,EEST,1,Hipodroom,12,success,"{"total":12,"location_name":"Hipodroom","location_id":1}"
2026-07-31 19:29:14,EEST,3,T1,24,success,"{"total":24,"location_name":"T1 Shopping Mall","location_id":3}"
2026-07-31 19:29:14,EEST,9,Mustika,31,success,"{"total":31,"location_name":"Mustika","location_id":9}"
2026-07-31 19:29:14,EEST,10,Suur-Paala,11,success,"{"total":11,"location_name":"Suur-Paala","location_id":10}"
2026-07-31 19:31:15,EEST,1,Hipodroom,12,success,"{"total":12,"location_name":"Hipodroom","location_id":1}"
2026-07-31 19:31:15,EEST,3,T1,24,success,"{"total":24,"location_name":"T1 Shopping Mall","location_id":3}"
2026-07-31 19:31:15,EEST,9,Mustika,31,success,"{"total":31,"location_name":"Mustika","location_id":9}"
2026-07-31 19:31:15,EEST,10,Suur-Paala,11,success,"{"total":11,"location_name":"Suur-Paala","location_id":10}"
2026-07-31 19:33:15,EEST,1,Hipodroom,12,success,"{"total":12,"location_name":"Hipodroom","location_id":1}"
2026-07-31 19:33:15,EEST,3,T1,24,success,"{"total":24,"location_name":"T1 Shopping Mall","location_id":3}"
2026-07-31 19:33:15,EEST,9,Mustika,31,success,"{"total":31,"location_name":"Mustika","location_id":9}"
2026-07-31 19:33:15,EEST,10,Suur-Paala,11,success,"{"total":11,"location_name":"Suur-Paala","location_id":10}"
2026-07-31 19:35:16,EEST,1,Hipodroom,11,success,"{"total":11,"location_name":"Hipodroom","location_id":1}"
2026-07-31 19:35:16,EEST,3,T1,24,success,"{"total":24,"location_name":"T1 Shopping Mall","location_id":3}"
2026-07-31 19:35:16,EEST,9,Mustika,32,success,"{"total":32,"location_name":"Mustika","location_id":9}"
2026-07-31 19:35:16,EEST,10,Suur-Paala,11,success,"{"total":11,"location_name":"Suur-Paala","location_id":10}"
2026-07-31 19:37:16,EEST,1,Hipodroom,11,success,"{"total":11,"location_name":"Hipodroom","location_id":1}"
2026-07-31 19:37:16,EEST,3,T1,24,success,"{"total":24,"location_name":"T1 Shopping Mall","location_id":3}"
2026-07-31 19:37:16,EEST,9,Mustika,32,success,"{"total":32,"location_name":"Mustika","location_id":9}"
2026-07-31 19:37:16,EEST,10,Suur-Paala,11,success,"{"total":11,"location_name":"Suur-Paala","location_id":10}"
2026-07-31 19:39:17,EEST,1,Hipodroom,11,success,"{"total":11,"location_name":"Hipodroom","location_id":1}"
2026-07-31 19:39:17,EEST,3,T1,24,success,"{"total":24,"location_name":"T1 Shopping Mall","location_id":3}"
2026-07-31 19:39:17,EEST,9,Mustika,32,success,"{"total":32,"location_name":"Mustika","location_id":9}"
2026-07-31 19:39:17,EEST,10,Suur-Paala,11,success,"{"total":11,"location_name":"Suur-Paala","location_id":10}"
2026-07-31 19:41:17,EEST,1,Hipodroom,11,success,"{"total":11,"location_name":"Hipodroom","location_id":1}"
2026-07-31 19:41:17,EEST,3,T1,24,success,"{"total":24,"location_name":"T1 Shopping Mall","location_id":3}"
2026-07-31 19:41:17,EEST,9,Mustika,31,success,"{"total":31,"location_name":"Mustika","location_id":9}"
2026-07-31 19:41:17,EEST,10,Suur-Paala,11,success,"{"total":11,"location_name":"Suur-Paala","location_id":10}"
2026-07-31 19:43:18,EEST,1,Hipodroom,11,success,"{"total":11,"location_name":"Hipodroom","location_id":1}"
2026-07-31 19:43:18,EEST,3,T1,24,success,"{"total":24,"location_name":"T1 Shopping Mall","location_id":3}"
2026-07-31 19:43:18,EEST,9,Mustika,31,success,"{"total":31,"location_name":"Mustika","location_id":9}"
2026-07-31 19:43:18,EEST,10,Suur-Paala,9,success,"{"total":9,"location_name":"Suur-Paala","location_id":10}"
2026-07-31 19:45:18,EEST,1,Hipodroom,11,success,"{"total":11,"location_name":"Hipodroom","location_id":1}"
2026-07-31 19:45:18,EEST,3,T1,24,success,"{"total":24,"location_name":"T1 Shopping Mall","location_id":3}"
2026-07-31 19:45:18,EEST,9,Mustika,31,success,"{"total":31,"location_name":"Mustika","location_id":9}"
2026-07-31 19:45:18,EEST,10,Suur-Paala,9,success,"{"total":9,"location_name":"Suur-Paala","location_id":10}"
2026-07-31 19:47:19,EEST,1,Hipodroom,11,success,"{"total":11,"location_name":"Hipodroom","location_id":1}"
2026-07-31 19:47:19,EEST,3,T1,24,success,"{"total":24,"location_name":"T1 Shopping Mall","location_id":3}"
2026-07-31 19:47:19,EEST,9,Mustika,28,success,"{"total":28,"location_name":"Mustika","location_id":9}"
2026-07-31 19:47:19,EEST,10,Suur-Paala,9,success,"{"total":9,"location_name":"Suur-Paala","location_id":10}"
2026-07-31 19:49:19,EEST,1,Hipodroom,11,success,"{"total":11,"location_name":"Hipodroom","location_id":1}"
2026-07-31 19:49:19,EEST,3,T1,24,success,"{"total":24,"location_name":"T1 Shopping Mall","location_id":3}"
2026-07-31 19:49:19,EEST,9,Mustika,28,success,"{"total":28,"location_name":"Mustika","location_id":9}"
2026-07-31 19:49:19,EEST,10,Suur-Paala,9,success,"{"total":9,"location_name":"Suur-Paala","location_id":10}"
2026-07-31 19:51:20,EEST,1,Hipodroom,11,success,"{"total":11,"location_name":"Hipodroom","location_id":1}"
2026-07-31 19:51:20,EEST,3,T1,24,success,"{"total":24,"location_name":"T1 Shopping Mall","location_id":3}"
2026-07-31 19:51:20,EEST,9,Mustika,28,success,"{"total":28,"location_name":"Mustika","location_id":9}"
2026-07-31 19:51:20,EEST,10,Suur-Paala,9,success,"{"total":9,"location_name":"Suur-Paala","location_id":10}"
2026-07-31 19:53:20,EEST,1,Hipodroom,11,success,"{"total":11,"location_name":"Hipodroom","location_id":1}"
2026-07-31 19:53:20,EEST,3,T1,24,success,"{"total":24,"location_name":"T1 Shopping Mall","location_id":3}"
2026-07-31 19:53:20,EEST,9,Mustika,26,success,"{"total":26,"location_name":"Mustika","location_id":9}"
2026-07-31 19:53:20,EEST,10,Suur-Paala,9,success,"{"total":9,"location_name":"Suur-Paala","location_id":10}"
2026-07-31 19:55:21,EEST,1,Hipodroom,11,success,"{"total":11,"location_name":"Hipodroom","location_id":1}"
2026-07-31 19:55:21,EEST,3,T1,24,success,"{"total":24,"location_name":"T1 Shopping Mall","location_id":3}"
2026-07-31 19:55:21,EEST,9,Mustika,26,success,"{"total":26,"location_name":"Mustika","location_id":9}"
2026-07-31 19:55:21,EEST,10,Suur-Paala,9,success,"{"total":9,"location_name":"Suur-Paala","location_id":10}"
2026-07-31 19:57:22,EEST,1,Hipodroom,11,success,"{"total":11,"location_name":"Hipodroom","location_id":1}"
2026-07-31 19:57:22,EEST,3,T1,24,success,"{"total":24,"location_name":"T1 Shopping Mall","location_id":3}"
2026-07-31 19:57:22,EEST,9,Mustika,26,success,"{"total":26,"location_name":"Mustika","location_id":9}"
2026-07-31 19:57:22,EEST,10,Suur-Paala,9,success,"{"total":9,"location_name":"Suur-Paala","location_id":10}"
2026-07-31 19:59:22,EEST,1,Hipodroom,10,success,"{"total":10,"location_name":"Hipodroom","location_id":1}"
2026-07-31 19:59:22,EEST,3,T1,24,success,"{"total":24,"location_name":"T1 Shopping Mall","location_id":3}"
2026-07-31 19:59:22,EEST,9,Mustika,23,success,"{"total":23,"location_name":"Mustika","location_id":9}"
2026-07-31 19:59:22,EEST,10,Suur-Paala,9,success,"{"total":9,"location_name":"Suur-Paala","location_id":10}"
2026-07-31 20:01:22,EEST,1,Hipodroom,10,success,"{"total":10,"location_name":"Hipodroom","location_id":1}"
2026-07-31 20:01:22,EEST,3,T1,24,success,"{"total":24,"location_name":"T1 Shopping Mall","location_id":3}"
2026-07-31 20:01:22,EEST,9,Mustika,23,success,"{"total":23,"location_name":"Mustika","location_id":9}"
2026-07-31 20:01:22,EEST,10,Suur-Paala,8,success,"{"total":8,"location_name":"Suur-Paala","location_id":10}"
2026-07-31 20:03:23,EEST,1,Hipodroom,10,success,"{"total":10,"location_name":"Hipodroom","location_id":1}"
2026-07-31 20:03:23,EEST,3,T1,24,success,"{"total":24,"location_name":"T1 Shopping Mall","location_id":3}"
2026-07-31 20:03:23,EEST,9,Mustika,23,success,"{"total":23,"location_name":"Mustika","location_id":9}"
2026-07-31 20:03:23,EEST,10,Suur-Paala,8,success,"{"total":8,"location_name":"Suur-Paala","location_id":10}"
2026-07-31 20:05:24,EEST,1,Hipodroom,9,success,"{"total":9,"location_name":"Hipodroom","location_id":1}"
2026-07-31 20:05:24,EEST,3,T1,22,success,"{"total":22,"location_name":"T1 Shopping Mall","location_id":3}"
2026-07-31 20:05:24,EEST,9,Mustika,23,success,"{"total":23,"location_name":"Mustika","location_id":9}"
2026-07-31 20:05:24,EEST,10,Suur-Paala,8,success,"{"total":8,"location_name":"Suur-Paala","location_id":10}"
2026-07-31 20:07:24,EEST,1,Hipodroom,9,success,"{"total":9,"location_name":"Hipodroom","location_id":1}"
2026-07-31 20:07:24,EEST,3,T1,22,success,"{"total":22,"location_name":"T1 Shopping Mall","location_id":3}"
2026-07-31 20:07:24,EEST,9,Mustika,23,success,"{"total":23,"location_name":"Mustika","location_id":9}"
2026-07-31 20:07:24,EEST,10,Suur-Paala,8,success,"{"total":8,"location_name":"Suur-Paala","location_id":10}"
2026-07-31 20:09:25,EEST,1,Hipodroom,9,success,"{"total":9,"location_name":"Hipodroom","location_id":1}"
2026-07-31 20:09:25,EEST,3,T1,22,success,"{"total":22,"location_name":"T1 Shopping Mall","location_id":3}"
2026-07-31 20:09:25,EEST,9,Mustika,23,success,"{"total":23,"location_name":"Mustika","location_id":9}"
2026-07-31 20:09:25,EEST,10,Suur-Paala,8,success,"{"total":8,"location_name":"Suur-Paala","location_id":10}"
2026-07-31 20:11:25,EEST,1,Hipodroom,10,success,"{"total":10,"location_name":"Hipodroom","location_id":1}"
2026-07-31 20:11:25,EEST,3,T1,20,success,"{"total":20,"location_name":"T1 Shopping Mall","location_id":3}"
2026-07-31 20:11:25,EEST,9,Mustika,21,success,"{"total":21,"location_name":"Mustika","location_id":9}"
2026-07-31 20:11:25,EEST,10,Suur-Paala,8,success,"{"total":8,"location_name":"Suur-Paala","location_id":10}"
2026-07-31 20:13:26,EEST,1,Hipodroom,10,success,"{"total":10,"location_name":"Hipodroom","location_id":1}"
2026-07-31 20:13:26,EEST,3,T1,20,success,"{"total":20,"location_name":"T1 Shopping Mall","location_id":3}"
2026-07-31 20:13:26,EEST,9,Mustika,21,success,"{"total":21,"location_name":"Mustika","location_id":9}"
2026-07-31 20:13:26,EEST,10,Suur-Paala,8,success,"{"total":8,"location_name":"Suur-Paala","location_id":10}"
2026-07-31 20:15:26,EEST,1,Hipodroom,10,success,"{"total":10,"location_name":"Hipodroom","location_id":1}"
2026-07-31 20:15:26,EEST,3,T1,20,success,"{"total":20,"location_name":"T1 Shopping Mall","location_id":3}"
2026-07-31 20:15:26,EEST,9,Mustika,21,success,"{"total":21,"location_name":"Mustika","location_id":9}"
2026-07-31 20:15:26,EEST,10,Suur-Paala,8,success,"{"total":8,"location_name":"Suur-Paala","location_id":10}"
2026-07-31 20:17:27,EEST,1,Hipodroom,9,success,"{"total":9,"location_name":"Hipodroom","location_id":1}"
2026-07-31 20:17:27,EEST,3,T1,19,success,"{"total":19,"location_name":"T1 Shopping Mall","location_id":3}"
2026-07-31 20:17:27,EEST,9,Mustika,20,success,"{"total":20,"location_name":"Mustika","location_id":9}"
2026-07-31 20:17:27,EEST,10,Suur-Paala,8,success,"{"total":8,"location_name":"Suur-Paala","location_id":10}"
2026-07-31 20:19:27,EEST,1,Hipodroom,9,success,"{"total":9,"location_name":"Hipodroom","location_id":1}"
2026-07-31 20:19:27,EEST,3,T1,19,success,"{"total":19,"location_name":"T1 Shopping Mall","location_id":3}"
2026-07-31 20:19:27,EEST,9,Mustika,20,success,"{"total":20,"location_name":"Mustika","location_id":9}"
2026-07-31 20:19:27,EEST,10,Suur-Paala,8,success,"{"total":8,"location_name":"Suur-Paala","location_id":10}"
2026-07-31 20:21:28,EEST,1,Hipodroom,9,success,"{"total":9,"location_name":"Hipodroom","location_id":1}"
2026-07-31 20:21:28,EEST,3,T1,19,success,"{"total":19,"location_name":"T1 Shopping Mall","location_id":3}"
2026-07-31 20:21:28,EEST,9,Mustika,20,success,"{"total":20,"location_name":"Mustika","location_id":9}"
2026-07-31 20:21:28,EEST,10,Suur-Paala,8,success,"{"total":8,"location_name":"Suur-Paala","location_id":10}"
2026-07-31 20:23:28,EEST,1,Hipodroom,10,success,"{"total":10,"location_name":"Hipodroom","location_id":1}"
2026-07-31 20:23:28,EEST,3,T1,16,success,"{"total":16,"location_name":"T1 Shopping Mall","location_id":3}"
2026-07-31 20:23:28,EEST,9,Mustika,20,success,"{"total":20,"location_name":"Mustika","location_id":9}"
2026-07-31 20:23:28,EEST,10,Suur-Paala,8,success,"{"total":8,"location_name":"Suur-Paala","location_id":10}"
2026-07-31 20:25:29,EEST,1,Hipodroom,10,success,"{"total":10,"location_name":"Hipodroom","location_id":1}"
2026-07-31 20:25:29,EEST,3,T1,16,success,"{"total":16,"location_name":"T1 Shopping Mall","location_id":3}"
2026-07-31 20:25:29,EEST,9,Mustika,20,success,"{"total":20,"location_name":"Mustika","location_id":9}"
2026-07-31 20:25:29,EEST,10,Suur-Paala,7,success,"{"total":7,"location_name":"Suur-Paala","location_id":10}"
2026-07-31 20:27:29,EEST,1,Hipodroom,10,success,"{"total":10,"location_name":"Hipodroom","location_id":1}"
2026-07-31 20:27:29,EEST,3,T1,16,success,"{"total":16,"location_name":"T1 Shopping Mall","location_id":3}"
2026-07-31 20:27:29,EEST,9,Mustika,20,success,"{"total":20,"location_name":"Mustika","location_id":9}"
2026-07-31 20:27:29,EEST,10,Suur-Paala,7,success,"{"total":7,"location_name":"Suur-Paala","location_id":10}"
2026-07-31 20:29:30,EEST,1,Hipodroom,10,success,"{"total":10,"location_name":"Hipodroom","location_id":1}"
2026-07-31 20:29:30,EEST,3,T1,16,success,"{"total":16,"location_name":"T1 Shopping Mall","location_id":3}"
2026-07-31 20:29:30,EEST,9,Mustika,21,success,"{"total":21,"location_name":"Mustika","location_id":9}"
2026-07-31 20:29:30,EEST,10,Suur-Paala,7,success,"{"total":7,"location_name":"Suur-Paala","location_id":10}"
2026-07-31 20:31:30,EEST,1,Hipodroom,10,success,"{"total":10,"location_name":"Hipodroom","location_id":1}"
2026-07-31 20:31:30,EEST,3,T1,16,success,"{"total":16,"location_name":"T1 Shopping Mall","location_id":3}"
2026-07-31 20:31:30,EEST,9,Mustika,21,success,"{"total":21,"location_name":"Mustika","location_id":9}"
2026-07-31 20:31:30,EEST,10,Suur-Paala,6,success,"{"total":6,"location_name":"Suur-Paala","location_id":10}"
2026-07-31 20:33:31,EEST,1,Hipodroom,10,success,"{"total":10,"location_name":"Hipodroom","location_id":1}"
2026-07-31 20:33:31,EEST,3,T1,16,success,"{"total":16,"location_name":"T1 Shopping Mall","location_id":3}"
2026-07-31 20:33:31,EEST,9,Mustika,21,success,"{"total":21,"location_name":"Mustika","location_id":9}"
2026-07-31 20:33:31,EEST,10,Suur-Paala,6,success,"{"total":6,"location_name":"Suur-Paala","location_id":10}"
2026-07-31 20:35:31,EEST,1,Hipodroom,10,success,"{"total":10,"location_name":"Hipodroom","location_id":1}"
2026-07-31 20:35:31,EEST,3,T1,16,success,"{"total":16,"location_name":"T1 Shopping Mall","location_id":3}"
2026-07-31 20:35:31,EEST,9,Mustika,21,success,"{"total":21,"location_name":"Mustika","location_id":9}"
2026-07-31 20:35:31,EEST,10,Suur-Paala,6,success,"{"total":6,"location_name":"Suur-Paala","location_id":10}"
2026-07-31 20:37:32,EEST,1,Hipodroom,10,success,"{"total":10,"location_name":"Hipodroom","location_id":1}"
2026-07-31 20:37:32,EEST,3,T1,16,success,"{"total":16,"location_name":"T1 Shopping Mall","location_id":3}"
2026-07-31 20:37:32,EEST,9,Mustika,21,success,"{"total":21,"location_name":"Mustika","location_id":9}"
2026-07-31 20:37:32,EEST,10,Suur-Paala,5,success,"{"total":5,"location_name":"Suur-Paala","location_id":10}"
2026-07-31 20:39:32,EEST,1,Hipodroom,10,success,"{"total":10,"location_name":"Hipodroom","location_id":1}"
2026-07-31 20:39:32,EEST,3,T1,16,success,"{"total":16,"location_name":"T1 Shopping Mall","location_id":3}"
2026-07-31 20:39:32,EEST,9,Mustika,21,success,"{"total":21,"location_name":"Mustika","location_id":9}"
2026-07-31 20:39:32,EEST,10,Suur-Paala,5,success,"{"total":5,"location_name":"Suur-Paala","location_id":10}"
2026-07-31 20:41:33,EEST,1,Hipodroom,10,success,"{"total":10,"location_name":"Hipodroom","location_id":1}"
2026-07-31 20:41:33,EEST,3,T1,14,success,"{"total":14,"location_name":"T1 Shopping Mall","location_id":3}"
2026-07-31 20:41:33,EEST,9,Mustika,22,success,"{"total":22,"location_name":"Mustika","location_id":9}"
2026-07-31 20:41:33,EEST,10,Suur-Paala,5,success,"{"total":5,"location_name":"Suur-Paala","location_id":10}"
2026-07-31 20:43:33,EEST,1,Hipodroom,10,success,"{"total":10,"location_name":"Hipodroom","location_id":1}"
2026-07-31 20:43:33,EEST,3,T1,14,success,"{"total":14,"location_name":"T1 Shopping Mall","location_id":3}"
2026-07-31 20:43:33,EEST,9,Mustika,22,success,"{"total":22,"location_name":"Mustika","location_id":9}"
2026-07-31 20:43:33,EEST,10,Suur-Paala,4,success,"{"total":4,"location_name":"Suur-Paala","location_id":10}"
2026-07-31 20:45:34,EEST,1,Hipodroom,10,success,"{"total":10,"location_name":"Hipodroom","location_id":1}"
2026-07-31 20:45:34,EEST,3,T1,14,success,"{"total":14,"location_name":"T1 Shopping Mall","location_id":3}"
2026-07-31 20:45:34,EEST,9,Mustika,22,success,"{"total":22,"location_name":"Mustika","location_id":9}"
2026-07-31 20:45:34,EEST,10,Suur-Paala,4,success,"{"total":4,"location_name":"Suur-Paala","location_id":10}"
2026-07-31 20:47:35,EEST,1,Hipodroom,10,success,"{"total":10,"location_name":"Hipodroom","location_id":1}"
2026-07-31 20:47:35,EEST,3,T1,15,success,"{"total":15,"location_name":"T1 Shopping Mall","location_id":3}"
2026-07-31 20:47:35,EEST,9,Mustika,21,success,"{"total":21,"location_name":"Mustika","location_id":9}"
2026-07-31 20:47:35,EEST,10,Suur-Paala,4,success,"{"total":4,"location_name":"Suur-Paala","location_id":10}"
2026-07-31 20:49:35,EEST,1,Hipodroom,10,success,"{"total":10,"location_name":"Hipodroom","location_id":1}"
2026-07-31 20:49:35,EEST,3,T1,15,success,"{"total":15,"location_name":"T1 Shopping Mall","location_id":3}"
2026-07-31 20:49:35,EEST,9,Mustika,21,success,"{"total":21,"location_name":"Mustika","location_id":9}"
2026-07-31 20:49:35,EEST,10,Suur-Paala,4,success,"{"total":4,"location_name":"Suur-Paala","location_id":10}"
2026-07-31 20:51:36,EEST,1,Hipodroom,10,success,"{"total":10,"location_name":"Hipodroom","location_id":1}"
2026-07-31 20:51:36,EEST,3,T1,15,success,"{"total":15,"location_name":"T1 Shopping Mall","location_id":3}"
2026-07-31 20:51:36,EEST,9,Mustika,21,success,"{"total":21,"location_name":"Mustika","location_id":9}"
2026-07-31 20:51:36,EEST,10,Suur-Paala,4,success,"{"total":4,"location_name":"Suur-Paala","location_id":10}"
2026-07-31 20:53:36,EEST,1,Hipodroom,10,success,"{"total":10,"location_name":"Hipodroom","location_id":1}"
2026-07-31 20:53:36,EEST,3,T1,15,success,"{"total":15,"location_name":"T1 Shopping Mall","location_id":3}"
2026-07-31 20:53:36,EEST,9,Mustika,21,success,"{"total":21,"location_name":"Mustika","location_id":9}"
2026-07-31 20:53:36,EEST,10,Suur-Paala,4,success,"{"total":4,"location_name":"Suur-Paala","location_id":10}"
2026-07-31 20:55:37,EEST,1,Hipodroom,10,success,"{"total":10,"location_name":"Hipodroom","location_id":1}"
2026-07-31 20:55:37,EEST,3,T1,15,success,"{"total":15,"location_name":"T1 Shopping Mall","location_id":3}"
2026-07-31 20:55:37,EEST,9,Mustika,21,success,"{"total":21,"location_name":"Mustika","location_id":9}"
2026-07-31 20:55:37,EEST,10,Suur-Paala,4,success,"{"total":4,"location_name":"Suur-Paala","location_id":10}"
2026-07-31 20:57:37,EEST,1,Hipodroom,10,success,"{"total":10,"location_name":"Hipodroom","location_id":1}"
2026-07-31 20:57:37,EEST,3,T1,15,success,"{"total":15,"location_name":"T1 Shopping Mall","location_id":3}"
2026-07-31 20:57:37,EEST,9,Mustika,21,success,"{"total":21,"location_name":"Mustika","location_id":9}"
2026-07-31 20:57:37,EEST,10,Suur-Paala,4,success,"{"total":4,"location_name":"Suur-Paala","location_id":10}"
2026-07-31 20:59:38,EEST,1,Hipodroom,10,success,"{"total":10,"location_name":"Hipodroom","location_id":1}"
2026-07-31 20:59:38,EEST,3,T1,15,success,"{"total":15,"location_name":"T1 Shopping Mall","location_id":3}"
2026-07-31 20:59:38,EEST,9,Mustika,19,success,"{"total":19,"location_name":"Mustika","location_id":9}"
2026-07-31 20:59:38,EEST,10,Suur-Paala,4,success,"{"total":4,"location_name":"Suur-Paala","location_id":10}"
2026-07-31 21:01:38,EEST,1,Hipodroom,10,success,"{"total":10,"location_name":"Hipodroom","location_id":1}"
2026-07-31 21:01:38,EEST,3,T1,15,success,"{"total":15,"location_name":"T1 Shopping Mall","location_id":3}"
2026-07-31 21:01:38,EEST,9,Mustika,19,success,"{"total":19,"location_name":"Mustika","location_id":9}"
2026-07-31 21:01:38,EEST,10,Suur-Paala,4,success,"{"total":4,"location_name":"Suur-Paala","location_id":10}"
2026-07-31 21:03:39,EEST,1,Hipodroom,10,success,"{"total":10,"location_name":"Hipodroom","location_id":1}"
2026-07-31 21:03:39,EEST,3,T1,14,success,"{"total":14,"location_name":"T1 Shopping Mall","location_id":3}"
2026-07-31 21:03:39,EEST,9,Mustika,19,success,"{"total":19,"location_name":"Mustika","location_id":9}"
2026-07-31 21:03:39,EEST,10,Suur-Paala,4,success,"{"total":4,"location_name":"Suur-Paala","location_id":10}"
2026-07-31 21:05:40,EEST,1,Hipodroom,10,success,"{"total":10,"location_name":"Hipodroom","location_id":1}"
2026-07-31 21:05:40,EEST,3,T1,14,success,"{"total":14,"location_name":"T1 Shopping Mall","location_id":3}"
2026-07-31 21:05:40,EEST,9,Mustika,19,success,"{"total":19,"location_name":"Mustika","location_id":9}"
2026-07-31 21:05:40,EEST,10,Suur-Paala,4,success,"{"total":4,"location_name":"Suur-Paala","location_id":10}"
2026-07-31 21:07:40,EEST,1,Hipodroom,10,success,"{"total":10,"location_name":"Hipodroom","location_id":1}"
2026-07-31 21:07:40,EEST,3,T1,14,success,"{"total":14,"location_name":"T1 Shopping Mall","location_id":3}"
2026-07-31 21:07:40,EEST,9,Mustika,19,success,"{"total":19,"location_name":"Mustika","location_id":9}"
2026-07-31 21:07:40,EEST,10,Suur-Paala,5,success,"{"total":5,"location_name":"Suur-Paala","location_id":10}"
2026-07-31 21:09:41,EEST,1,Hipodroom,10,success,"{"total":10,"location_name":"Hipodroom","location_id":1}"
2026-07-31 21:09:41,EEST,3,T1,14,success,"{"total":14,"location_name":"T1 Shopping Mall","location_id":3}"
2026-07-31 21:09:41,EEST,9,Mustika,20,success,"{"total":20,"location_name":"Mustika","location_id":9}"
2026-07-31 21:09:41,EEST,10,Suur-Paala,5,success,"{"total":5,"location_name":"Suur-Paala","location_id":10}"
2026-07-31 21:11:41,EEST,1,Hipodroom,10,success,"{"total":10,"location_name":"Hipodroom","location_id":1}"
2026-07-31 21:11:41,EEST,3,T1,14,success,"{"total":14,"location_name":"T1 Shopping Mall","location_id":3}"
2026-07-31 21:11:41,EEST,9,Mustika,20,success,"{"total":20,"location_name":"Mustika","location_id":9}"
2026-07-31 21:11:41,EEST,10,Suur-Paala,5,success,"{"total":5,"location_name":"Suur-Paala","location_id":10}"
2026-07-31 21:13:42,EEST,1,Hipodroom,10,success,"{"total":10,"location_name":"Hipodroom","location_id":1}"
2026-07-31 21:13:42,EEST,3,T1,14,success,"{"total":14,"location_name":"T1 Shopping Mall","location_id":3}"
2026-07-31 21:13:42,EEST,9,Mustika,20,success,"{"total":20,"location_name":"Mustika","location_id":9}"
2026-07-31 21:13:42,EEST,10,Suur-Paala,5,success,"{"total":5,"location_name":"Suur-Paala","location_id":10}"
2026-07-31 21:15:43,EEST,1,Hipodroom,10,success,"{"total":10,"location_name":"Hipodroom","location_id":1}"
2026-07-31 21:15:43,EEST,3,T1,14,success,"{"total":14,"location_name":"T1 Shopping Mall","location_id":3}"
2026-07-31 21:15:43,EEST,9,Mustika,21,success,"{"total":21,"location_name":"Mustika","location_id":9}"
2026-07-31 21:15:43,EEST,10,Suur-Paala,5,success,"{"total":5,"location_name":"Suur-Paala","location_id":10}"
2026-07-31 21:17:43,EEST,1,Hipodroom,10,success,"{"total":10,"location_name":"Hipodroom","location_id":1}"
2026-07-31 21:17:43,EEST,3,T1,14,success,"{"total":14,"location_name":"T1 Shopping Mall","location_id":3}"
2026-07-31 21:17:43,EEST,9,Mustika,21,success,"{"total":21,"location_name":"Mustika","location_id":9}"
2026-07-31 21:17:43,EEST,10,Suur-Paala,5,success,"{"total":5,"location_name":"Suur-Paala","location_id":10}"
2026-07-31 21:19:44,EEST,1,Hipodroom,10,success,"{"total":10,"location_name":"Hipodroom","location_id":1}"
2026-07-31 21:19:44,EEST,3,T1,14,success,"{"total":14,"location_name":"T1 Shopping Mall","location_id":3}"
2026-07-31 21:19:44,EEST,9,Mustika,21,success,"{"total":21,"location_name":"Mustika","location_id":9}"
2026-07-31 21:19:44,EEST,10,Suur-Paala,5,success,"{"total":5,"location_name":"Suur-Paala","location_id":10}"
2026-07-31 21:21:44,EEST,1,Hipodroom,10,success,"{"total":10,"location_name":"Hipodroom","location_id":1}"
2026-07-31 21:21:44,EEST,3,T1,14,success,"{"total":14,"location_name":"T1 Shopping Mall","location_id":3}"
2026-07-31 21:21:44,EEST,9,Mustika,16,success,"{"total":16,"location_name":"Mustika","location_id":9}"
2026-07-31 21:21:44,EEST,10,Suur-Paala,5,success,"{"total":5,"location_name":"Suur-Paala","location_id":10}"
2026-07-31 21:23:45,EEST,1,Hipodroom,10,success,"{"total":10,"location_name":"Hipodroom","location_id":1}"
2026-07-31 21:23:45,EEST,3,T1,14,success,"{"total":14,"location_name":"T1 Shopping Mall","location_id":3}"
2026-07-31 21:23:45,EEST,9,Mustika,16,success,"{"total":16,"location_name":"Mustika","location_id":9}"
2026-07-31 21:23:45,EEST,10,Suur-Paala,5,success,"{"total":5,"location_name":"Suur-Paala","location_id":10}"
2026-07-31 21:25:46,EEST,1,Hipodroom,10,success,"{"total":10,"location_name":"Hipodroom","location_id":1}"
2026-07-31 21:25:46,EEST,3,T1,14,success,"{"total":14,"location_name":"T1 Shopping Mall","location_id":3}"
2026-07-31 21:25:46,EEST,9,Mustika,16,success,"{"total":16,"location_name":"Mustika","location_id":9}"
2026-07-31 21:25:46,EEST,10,Suur-Paala,5,success,"{"total":5,"location_name":"Suur-Paala","location_id":10}"
2026-07-31 21:27:46,EEST,1,Hipodroom,10,success,"{"total":10,"location_name":"Hipodroom","location_id":1}"
2026-07-31 21:27:46,EEST,3,T1,14,success,"{"total":14,"location_name":"T1 Shopping Mall","location_id":3}"
2026-07-31 21:27:46,EEST,9,Mustika,15,success,"{"total":15,"location_name":"Mustika","location_id":9}"
2026-07-31 21:27:46,EEST,10,Suur-Paala,5,success,"{"total":5,"location_name":"Suur-Paala","location_id":10}"
2026-07-31 21:29:47,EEST,1,Hipodroom,10,success,"{"total":10,"location_name":"Hipodroom","location_id":1}"
2026-07-31 21:29:47,EEST,3,T1,14,success,"{"total":14,"location_name":"T1 Shopping Mall","location_id":3}"
2026-07-31 21:29:47,EEST,9,Mustika,15,success,"{"total":15,"location_name":"Mustika","location_id":9}"
2026-07-31 21:29:47,EEST,10,Suur-Paala,5,success,"{"total":5,"location_name":"Suur-Paala","location_id":10}"
2026-07-31 21:31:48,EEST,1,Hipodroom,10,success,"{"total":10,"location_name":"Hipodroom","location_id":1}"
2026-07-31 21:31:48,EEST,3,T1,14,success,"{"total":14,"location_name":"T1 Shopping Mall","location_id":3}"
2026-07-31 21:31:48,EEST,9,Mustika,15,success,"{"total":15,"location_name":"Mustika","location_id":9}"
2026-07-31 21:31:48,EEST,10,Suur-Paala,4,success,"{"total":4,"location_name":"Suur-Paala","location_id":10}"
2026-07-31 21:33:48,EEST,1,Hipodroom,8,success,"{"total":8,"location_name":"Hipodroom","location_id":1}"
2026-07-31 21:33:48,EEST,3,T1,14,success,"{"total":14,"location_name":"T1 Shopping Mall","location_id":3}"
2026-07-31 21:33:48,EEST,9,Mustika,14,success,"{"total":14,"location_name":"Mustika","location_id":9}"
2026-07-31 21:33:48,EEST,10,Suur-Paala,4,success,"{"total":4,"location_name":"Suur-Paala","location_id":10}"
2026-07-31 21:35:49,EEST,1,Hipodroom,8,success,"{"total":8,"location_name":"Hipodroom","location_id":1}"
2026-07-31 21:35:49,EEST,3,T1,14,success,"{"total":14,"location_name":"T1 Shopping Mall","location_id":3}"
2026-07-31 21:35:49,EEST,9,Mustika,14,success,"{"total":14,"location_name":"Mustika","location_id":9}"
2026-07-31 21:35:49,EEST,10,Suur-Paala,4,success,"{"total":4,"location_name":"Suur-Paala","location_id":10}"
2026-07-31 21:37:49,EEST,1,Hipodroom,8,success,"{"total":8,"location_name":"Hipodroom","location_id":1}"
2026-07-31 21:37:49,EEST,3,T1,14,success,"{"total":14,"location_name":"T1 Shopping Mall","location_id":3}"
2026-07-31 21:37:49,EEST,9,Mustika,14,success,"{"total":14,"location_name":"Mustika","location_id":9}"
2026-07-31 21:37:49,EEST,10,Suur-Paala,4,success,"{"total":4,"location_name":"Suur-Paala","location_id":10}"
2026-07-31 21:39:50,EEST,1,Hipodroom,8,success,"{"total":8,"location_name":"Hipodroom","location_id":1}"
2026-07-31 21:39:50,EEST,3,T1,12,success,"{"total":12,"location_name":"T1 Shopping Mall","location_id":3}"
2026-07-31 21:39:50,EEST,9,Mustika,13,success,"{"total":13,"location_name":"Mustika","location_id":9}"
2026-07-31 21:39:50,EEST,10,Suur-Paala,4,success,"{"total":4,"location_name":"Suur-Paala","location_id":10}"
2026-07-31 21:41:50,EEST,1,Hipodroom,8,success,"{"total":8,"location_name":"Hipodroom","location_id":1}"
2026-07-31 21:41:50,EEST,3,T1,12,success,"{"total":12,"location_name":"T1 Shopping Mall","location_id":3}"
2026-07-31 21:41:50,EEST,9,Mustika,13,success,"{"total":13,"location_name":"Mustika","location_id":9}"
2026-07-31 21:41:50,EEST,10,Suur-Paala,4,success,"{"total":4,"location_name":"Suur-Paala","location_id":10}"
2026-07-31 21:43:51,EEST,1,Hipodroom,8,success,"{"total":8,"location_name":"Hipodroom","location_id":1}"
2026-07-31 21:43:51,EEST,3,T1,12,success,"{"total":12,"location_name":"T1 Shopping Mall","location_id":3}"
2026-07-31 21:43:51,EEST,9,Mustika,13,success,"{"total":13,"location_name":"Mustika","location_id":9}"
2026-07-31 21:43:51,EEST,10,Suur-Paala,4,success,"{"total":4,"location_name":"Suur-Paala","location_id":10}"
2026-07-31 21:45:51,EEST,1,Hipodroom,8,success,"{"total":8,"location_name":"Hipodroom","location_id":1}"
2026-07-31 21:45:51,EEST,3,T1,11,success,"{"total":11,"location_name":"T1 Shopping Mall","location_id":3}"
2026-07-31 21:45:51,EEST,9,Mustika,13,success,"{"total":13,"location_name":"Mustika","location_id":9}"
2026-07-31 21:45:51,EEST,10,Suur-Paala,4,success,"{"total":4,"location_name":"Suur-Paala","location_id":10}"
2026-07-31 21:47:52,EEST,1,Hipodroom,8,success,"{"total":8,"location_name":"Hipodroom","location_id":1}"
2026-07-31 21:47:52,EEST,3,T1,11,success,"{"total":11,"location_name":"T1 Shopping Mall","location_id":3}"
2026-07-31 21:47:52,EEST,9,Mustika,13,success,"{"total":13,"location_name":"Mustika","location_id":9}"
2026-07-31 21:47:52,EEST,10,Suur-Paala,4,success,"{"total":4,"location_name":"Suur-Paala","location_id":10}"
2026-07-31 21:49:53,EEST,1,Hipodroom,8,success,"{"total":8,"location_name":"Hipodroom","location_id":1}"
2026-07-31 21:49:53,EEST,3,T1,11,success,"{"total":11,"location_name":"T1 Shopping Mall","location_id":3}"
2026-07-31 21:49:53,EEST,9,Mustika,13,success,"{"total":13,"location_name":"Mustika","location_id":9}"
2026-07-31 21:49:53,EEST,10,Suur-Paala,4,success,"{"total":4,"location_name":"Suur-Paala","location_id":10}"
2026-07-31 21:51:53,EEST,1,Hipodroom,7,success,"{"total":7,"location_name":"Hipodroom","location_id":1}"
2026-07-31 21:51:53,EEST,3,T1,10,success,"{"total":10,"location_name":"T1 Shopping Mall","location_id":3}"
2026-07-31 21:51:53,EEST,9,Mustika,13,success,"{"total":13,"location_name":"Mustika","location_id":9}"
2026-07-31 21:51:53,EEST,10,Suur-Paala,4,success,"{"total":4,"location_name":"Suur-Paala","location_id":10}"
2026-07-31 21:53:54,EEST,1,Hipodroom,7,success,"{"total":7,"location_name":"Hipodroom","location_id":1}"
2026-07-31 21:53:54,EEST,3,T1,10,success,"{"total":10,"location_name":"T1 Shopping Mall","location_id":3}"
2026-07-31 21:53:54,EEST,9,Mustika,13,success,"{"total":13,"location_name":"Mustika","location_id":9}"
2026-07-31 21:53:54,EEST,10,Suur-Paala,4,success,"{"total":4,"location_name":"Suur-Paala","location_id":10}"
2026-07-31 21:55:54,EEST,1,Hipodroom,7,success,"{"total":7,"location_name":"Hipodroom","location_id":1}"
2026-07-31 21:55:54,EEST,3,T1,10,success,"{"total":10,"location_name":"T1 Shopping Mall","location_id":3}"
2026-07-31 21:55:54,EEST,9,Mustika,13,success,"{"total":13,"location_name":"Mustika","location_id":9}"
2026-07-31 21:55:54,EEST,10,Suur-Paala,3,success,"{"total":3,"location_name":"Suur-Paala","location_id":10}"
2026-07-31 21:57:55,EEST,1,Hipodroom,7,success,"{"total":7,"location_name":"Hipodroom","location_id":1}"
2026-07-31 21:57:55,EEST,3,T1,10,success,"{"total":10,"location_name":"T1 Shopping Mall","location_id":3}"
2026-07-31 21:57:55,EEST,9,Mustika,13,success,"{"total":13,"location_name":"Mustika","location_id":9}"
2026-07-31 21:57:55,EEST,10,Suur-Paala,3,success,"{"total":3,"location_name":"Suur-Paala","location_id":10}"
2026-07-31 21:59:55,EEST,1,Hipodroom,7,success,"{"total":7,"location_name":"Hipodroom","location_id":1}"
2026-07-31 21:59:55,EEST,3,T1,10,success,"{"total":10,"location_name":"T1 Shopping Mall","location_id":3}"
2026-07-31 21:59:55,EEST,9,Mustika,13,success,"{"total":13,"location_name":"Mustika","location_id":9}"
2026-07-31 21:59:55,EEST,10,Suur-Paala,3,success,"{"total":3,"location_name":"Suur-Paala","location_id":10}"
2026-07-31 22:01:56,EEST,1,Hipodroom,7,success,"{"total":7,"location_name":"Hipodroom","location_id":1}"
2026-07-31 22:01:56,EEST,3,T1,10,success,"{"total":10,"location_name":"T1 Shopping Mall","location_id":3}"
2026-07-31 22:01:56,EEST,9,Mustika,13,success,"{"total":13,"location_name":"Mustika","location_id":9}"
2026-07-31 22:01:56,EEST,10,Suur-Paala,3,success,"{"total":3,"location_name":"Suur-Paala","location_id":10}"
2026-07-31 22:03:56,EEST,1,Hipodroom,6,success,"{"total":6,"location_name":"Hipodroom","location_id":1}"
2026-07-31 22:03:56,EEST,3,T1,8,success,"{"total":8,"location_name":"T1 Shopping Mall","location_id":3}"
2026-07-31 22:03:56,EEST,9,Mustika,10,success,"{"total":10,"location_name":"Mustika","location_id":9}"
2026-07-31 22:03:56,EEST,10,Suur-Paala,3,success,"{"total":3,"location_name":"Suur-Paala","location_id":10}"
2026-07-31 22:05:57,EEST,1,Hipodroom,6,success,"{"total":6,"location_name":"Hipodroom","location_id":1}"
2026-07-31 22:05:57,EEST,3,T1,8,success,"{"total":8,"location_name":"T1 Shopping Mall","location_id":3}"
2026-07-31 22:05:57,EEST,9,Mustika,10,success,"{"total":10,"location_name":"Mustika","location_id":9}"
2026-07-31 22:05:57,EEST,10,Suur-Paala,3,success,"{"total":3,"location_name":"Suur-Paala","location_id":10}"
2026-07-31 22:07:57,EEST,1,Hipodroom,6,success,"{"total":6,"location_name":"Hipodroom","location_id":1}"
2026-07-31 22:07:57,EEST,3,T1,8,success,"{"total":8,"location_name":"T1 Shopping Mall","location_id":3}"
2026-07-31 22:07:57,EEST,9,Mustika,10,success,"{"total":10,"location_name":"Mustika","location_id":9}"
2026-07-31 22:07:57,EEST,10,Suur-Paala,3,success,"{"total":3,"location_name":"Suur-Paala","location_id":10}"
2026-07-31 22:09:58,EEST,1,Hipodroom,6,success,"{"total":6,"location_name":"Hipodroom","location_id":1}"
2026-07-31 22:09:58,EEST,3,T1,7,success,"{"total":7,"location_name":"T1 Shopping Mall","location_id":3}"
2026-07-31 22:09:58,EEST,9,Mustika,10,success,"{"total":10,"location_name":"Mustika","location_id":9}"
2026-07-31 22:09:58,EEST,10,Suur-Paala,3,success,"{"total":3,"location_name":"Suur-Paala","location_id":10}"
2026-07-31 22:11:59,EEST,1,Hipodroom,6,success,"{"total":6,"location_name":"Hipodroom","location_id":1}"
2026-07-31 22:11:59,EEST,3,T1,7,success,"{"total":7,"location_name":"T1 Shopping Mall","location_id":3}"
2026-07-31 22:11:59,EEST,9,Mustika,10,success,"{"total":10,"location_name":"Mustika","location_id":9}"
2026-07-31 22:11:59,EEST,10,Suur-Paala,3,success,"{"total":3,"location_name":"Suur-Paala","location_id":10}"
2026-07-31 22:13:59,EEST,1,Hipodroom,6,success,"{"total":6,"location_name":"Hipodroom","location_id":1}"
2026-07-31 22:13:59,EEST,3,T1,7,success,"{"total":7,"location_name":"T1 Shopping Mall","location_id":3}"
2026-07-31 22:13:59,EEST,9,Mustika,10,success,"{"total":10,"location_name":"Mustika","location_id":9}"
2026-07-31 22:13:59,EEST,10,Suur-Paala,2,success,"{"total":2,"location_name":"Suur-Paala","location_id":10}"
2026-07-31 22:16:00,EEST,1,Hipodroom,5,success,"{"total":5,"location_name":"Hipodroom","location_id":1}"
2026-07-31 22:16:00,EEST,3,T1,7,success,"{"total":7,"location_name":"T1 Shopping Mall","location_id":3}"
2026-07-31 22:16:00,EEST,9,Mustika,10,success,"{"total":10,"location_name":"Mustika","location_id":9}"
2026-07-31 22:16:00,EEST,10,Suur-Paala,2,success,"{"total":2,"location_name":"Suur-Paala","location_id":10}"
2026-07-31 22:18:00,EEST,1,Hipodroom,5,success,"{"total":5,"location_name":"Hipodroom","location_id":1}"
2026-07-31 22:18:00,EEST,3,T1,7,success,"{"total":7,"location_name":"T1 Shopping Mall","location_id":3}"
2026-07-31 22:18:00,EEST,9,Mustika,10,success,"{"total":10,"location_name":"Mustika","location_id":9}"
2026-07-31 22:18:00,EEST,10,Suur-Paala,2,success,"{"total":2,"location_name":"Suur-Paala","location_id":10}"
2026-07-31 22:20:01,EEST,1,Hipodroom,5,success,"{"total":5,"location_name":"Hipodroom","location_id":1}"
2026-07-31 22:20:01,EEST,3,T1,7,success,"{"total":7,"location_name":"T1 Shopping Mall","location_id":3}"
2026-07-31 22:20:01,EEST,9,Mustika,10,success,"{"total":10,"location_name":"Mustika","location_id":9}"
2026-07-31 22:20:01,EEST,10,Suur-Paala,2,success,"{"total":2,"location_name":"Suur-Paala","location_id":10}"
2026-07-31 22:22:01,EEST,1,Hipodroom,3,success,"{"total":3,"location_name":"Hipodroom","location_id":1}"
2026-07-31 22:22:01,EEST,3,T1,6,success,"{"total":6,"location_name":"T1 Shopping Mall","location_id":3}"
2026-07-31 22:22:01,EEST,9,Mustika,5,success,"{"total":5,"location_name":"Mustika","location_id":9}"
2026-07-31 22:22:01,EEST,10,Suur-Paala,2,success,"{"total":2,"location_name":"Suur-Paala","location_id":10}"
2026-07-31 22:24:02,EEST,1,Hipodroom,3,success,"{"total":3,"location_name":"Hipodroom","location_id":1}"
2026-07-31 22:24:02,EEST,3,T1,6,success,"{"total":6,"location_name":"T1 Shopping Mall","location_id":3}"
2026-07-31 22:24:02,EEST,9,Mustika,5,success,"{"total":5,"location_name":"Mustika","location_id":9}"
2026-07-31 22:24:02,EEST,10,Suur-Paala,2,success,"{"total":2,"location_name":"Suur-Paala","location_id":10}"
2026-07-31 22:26:02,EEST,1,Hipodroom,3,success,"{"total":3,"location_name":"Hipodroom","location_id":1}"
2026-07-31 22:26:02,EEST,3,T1,6,success,"{"total":6,"location_name":"T1 Shopping Mall","location_id":3}"
2026-07-31 22:26:02,EEST,9,Mustika,5,success,"{"total":5,"location_name":"Mustika","location_id":9}"
2026-07-31 22:26:02,EEST,10,Suur-Paala,2,success,"{"total":2,"location_name":"Suur-Paala","location_id":10}"
2026-07-31 22:28:03,EEST,1,Hipodroom,4,success,"{"total":4,"location_name":"Hipodroom","location_id":1}"
2026-07-31 22:28:03,EEST,3,T1,6,success,"{"total":6,"location_name":"T1 Shopping Mall","location_id":3}"
2026-07-31 22:28:03,EEST,9,Mustika,5,success,"{"total":5,"location_name":"Mustika","location_id":9}"
2026-07-31 22:28:03,EEST,10,Suur-Paala,2,success,"{"total":2,"location_name":"Suur-Paala","location_id":10}"
2026-07-31 22:30:03,EEST,1,Hipodroom,4,success,"{"total":4,"location_name":"Hipodroom","location_id":1}"
2026-07-31 22:30:03,EEST,3,T1,6,success,"{"total":6,"location_name":"T1 Shopping Mall","location_id":3}"
2026-07-31 22:30:03,EEST,9,Mustika,5,success,"{"total":5,"location_name":"Mustika","location_id":9}"
2026-07-31 22:30:03,EEST,10,Suur-Paala,2,success,"{"total":2,"location_name":"Suur-Paala","location_id":10}"
2026-07-31 22:32:04,EEST,1,Hipodroom,4,success,"{"total":4,"location_name":"Hipodroom","location_id":1}"
2026-07-31 22:32:04,EEST,3,T1,6,success,"{"total":6,"location_name":"T1 Shopping Mall","location_id":3}"
2026-07-31 22:32:04,EEST,9,Mustika,5,success,"{"total":5,"location_name":"Mustika","location_id":9}"
2026-07-31 22:32:04,EEST,10,Suur-Paala,2,success,"{"total":2,"location_name":"Suur-Paala","location_id":10}"
2026-07-31 22:34:05,EEST,1,Hipodroom,4,success,"{"total":4,"location_name":"Hipodroom","location_id":1}"
2026-07-31 22:34:05,EEST,3,T1,6,success,"{"total":6,"location_name":"T1 Shopping Mall","location_id":3}"
2026-07-31 22:34:05,EEST,9,Mustika,4,success,"{"total":4,"location_name":"Mustika","location_id":9}"
2026-07-31 22:34:05,EEST,10,Suur-Paala,2,success,"{"total":2,"location_name":"Suur-Paala","location_id":10}"
2026-07-31 22:36:05,EEST,1,Hipodroom,4,success,"{"total":4,"location_name":"Hipodroom","location_id":1}"
2026-07-31 22:36:05,EEST,3,T1,6,success,"{"total":6,"location_name":"T1 Shopping Mall","location_id":3}"
2026-07-31 22:36:05,EEST,9,Mustika,4,success,"{"total":4,"location_name":"Mustika","location_id":9}"
2026-07-31 22:36:05,EEST,10,Suur-Paala,2,success,"{"total":2,"location_name":"Suur-Paala","location_id":10}"
2026-07-31 22:38:05,EEST,1,Hipodroom,4,success,"{"total":4,"location_name":"Hipodroom","location_id":1}"
2026-07-31 22:38:05,EEST,3,T1,6,success,"{"total":6,"location_name":"T1 Shopping Mall","location_id":3}"
2026-07-31 22:38:05,EEST,9,Mustika,4,success,"{"total":4,"location_name":"Mustika","location_id":9}"
2026-07-31 22:38:05,EEST,10,Suur-Paala,2,success,"{"total":2,"location_name":"Suur-Paala","location_id":10}"
2026-07-31 22:40:06,EEST,1,Hipodroom,4,success,"{"total":4,"location_name":"Hipodroom","location_id":1}"
2026-07-31 22:40:06,EEST,3,T1,6,success,"{"total":6,"location_name":"T1 Shopping Mall","location_id":3}"
2026-07-31 22:40:06,EEST,9,Mustika,4,success,"{"total":4,"location_name":"Mustika","location_id":9}"
2026-07-31 22:40:06,EEST,10,Suur-Paala,2,success,"{"total":2,"location_name":"Suur-Paala","location_id":10}"
2026-07-31 22:42:07,EEST,1,Hipodroom,4,success,"{"total":4,"location_name":"Hipodroom","location_id":1}"
2026-07-31 22:42:07,EEST,3,T1,6,success,"{"total":6,"location_name":"T1 Shopping Mall","location_id":3}"
2026-07-31 22:42:07,EEST,9,Mustika,4,success,"{"total":4,"location_name":"Mustika","location_id":9}"
2026-07-31 22:42:07,EEST,10,Suur-Paala,2,success,"{"total":2,"location_name":"Suur-Paala","location_id":10}"
2026-07-31 22:44:07,EEST,1,Hipodroom,4,success,"{"total":4,"location_name":"Hipodroom","location_id":1}"
2026-07-31 22:44:07,EEST,3,T1,6,success,"{"total":6,"location_name":"T1 Shopping Mall","location_id":3}"
2026-07-31 22:44:07,EEST,9,Mustika,4,success,"{"total":4,"location_name":"Mustika","location_id":9}"
2026-07-31 22:44:07,EEST,10,Suur-Paala,2,success,"{"total":2,"location_name":"Suur-Paala","location_id":10}"
2026-07-31 22:46:08,EEST,1,Hipodroom,4,success,"{"total":4,"location_name":"Hipodroom","location_id":1}"
2026-07-31 22:46:08,EEST,3,T1,5,success,"{"total":5,"location_name":"T1 Shopping Mall","location_id":3}"
2026-07-31 22:46:08,EEST,9,Mustika,4,success,"{"total":4,"location_name":"Mustika","location_id":9}"
2026-07-31 22:46:08,EEST,10,Suur-Paala,2,success,"{"total":2,"location_name":"Suur-Paala","location_id":10}"
2026-07-31 22:48:09,EEST,1,Hipodroom,4,success,"{"total":4,"location_name":"Hipodroom","location_id":1}"
2026-07-31 22:48:09,EEST,3,T1,5,success,"{"total":5,"location_name":"T1 Shopping Mall","location_id":3}"
2026-07-31 22:48:09,EEST,9,Mustika,4,success,"{"total":4,"location_name":"Mustika","location_id":9}"
2026-07-31 22:48:09,EEST,10,Suur-Paala,2,success,"{"total":2,"location_name":"Suur-Paala","location_id":10}"
2026-07-31 22:50:09,EEST,1,Hipodroom,4,success,"{"total":4,"location_name":"Hipodroom","location_id":1}"
2026-07-31 22:50:09,EEST,3,T1,5,success,"{"total":5,"location_name":"T1 Shopping Mall","location_id":3}"
2026-07-31 22:50:09,EEST,9,Mustika,4,success,"{"total":4,"location_name":"Mustika","location_id":9}"
2026-07-31 22:50:09,EEST,10,Suur-Paala,2,success,"{"total":2,"location_name":"Suur-Paala","location_id":10}"
2026-07-31 22:52:10,EEST,1,Hipodroom,3,success,"{"total":3,"location_name":"Hipodroom","location_id":1}"
2026-07-31 22:52:10,EEST,3,T1,5,success,"{"total":5,"location_name":"T1 Shopping Mall","location_id":3}"
2026-07-31 22:52:10,EEST,9,Mustika,4,success,"{"total":4,"location_name":"Mustika","location_id":9}"
2026-07-31 22:52:10,EEST,10,Suur-Paala,2,success,"{"total":2,"location_name":"Suur-Paala","location_id":10}"
2026-07-31 22:54:11,EEST,1,Hipodroom,3,success,"{"total":3,"location_name":"Hipodroom","location_id":1}"
2026-07-31 22:54:11,EEST,3,T1,5,success,"{"total":5,"location_name":"T1 Shopping Mall","location_id":3}"
2026-07-31 22:54:11,EEST,9,Mustika,4,success,"{"total":4,"location_name":"Mustika","location_id":9}"
2026-07-31 22:54:11,EEST,10,Suur-Paala,2,success,"{"total":2,"location_name":"Suur-Paala","location_id":10}"
2026-07-31 22:56:11,EEST,1,Hipodroom,3,success,"{"total":3,"location_name":"Hipodroom","location_id":1}"
2026-07-31 22:56:11,EEST,3,T1,5,success,"{"total":5,"location_name":"T1 Shopping Mall","location_id":3}"
2026-07-31 22:56:11,EEST,9,Mustika,4,success,"{"total":4,"location_name":"Mustika","location_id":9}"
2026-07-31 22:56:11,EEST,10,Suur-Paala,2,success,"{"total":2,"location_name":"Suur-Paala","location_id":10}"
2026-07-31 22:58:12,EEST,1,Hipodroom,3,success,"{"total":3,"location_name":"Hipodroom","location_id":1}"
2026-07-31 22:58:12,EEST,3,T1,5,success,"{"total":5,"location_name":"T1 Shopping Mall","location_id":3}"
2026-07-31 22:58:12,EEST,9,Mustika,4,success,"{"total":4,"location_name":"Mustika","location_id":9}"
2026-07-31 22:58:12,EEST,10,Suur-Paala,2,success,"{"total":2,"location_name":"Suur-Paala","location_id":10}"
2026-07-31 23:00:12,EEST,1,Hipodroom,3,success,"{"total":3,"location_name":"Hipodroom","location_id":1}"
2026-07-31 23:00:12,EEST,3,T1,5,success,"{"total":5,"location_name":"T1 Shopping Mall","location_id":3}"
2026-07-31 23:00:12,EEST,9,Mustika,4,success,"{"total":4,"location_name":"Mustika","location_id":9}"
2026-07-31 23:00:12,EEST,10,Suur-Paala,2,success,"{"total":2,"location_name":"Suur-Paala","location_id":10}"
2026-07-31 23:02:13,EEST,1,Hipodroom,3,success,"{"total":3,"location_name":"Hipodroom","location_id":1}"
2026-07-31 23:02:13,EEST,3,T1,5,success,"{"total":5,"location_name":"T1 Shopping Mall","location_id":3}"
2026-07-31 23:02:13,EEST,9,Mustika,4,success,"{"total":4,"location_name":"Mustika","location_id":9}"
2026-07-31 23:02:13,EEST,10,Suur-Paala,2,success,"{"total":2,"location_name":"Suur-Paala","location_id":10}"
2026-07-31 23:04:13,EEST,1,Hipodroom,3,success,"{"total":3,"location_name":"Hipodroom","location_id":1}"
2026-07-31 23:04:13,EEST,3,T1,3,success,"{"total":3,"location_name":"T1 Shopping Mall","location_id":3}"
2026-07-31 23:04:13,EEST,9,Mustika,4,success,"{"total":4,"location_name":"Mustika","location_id":9}"
2026-07-31 23:04:13,EEST,10,Suur-Paala,2,success,"{"total":2,"location_name":"Suur-Paala","location_id":10}"
2026-07-31 23:06:14,EEST,1,Hipodroom,3,success,"{"total":3,"location_name":"Hipodroom","location_id":1}"
2026-07-31 23:06:14,EEST,3,T1,3,success,"{"total":3,"location_name":"T1 Shopping Mall","location_id":3}"
2026-07-31 23:06:14,EEST,9,Mustika,4,success,"{"total":4,"location_name":"Mustika","location_id":9}"
2026-07-31 23:06:14,EEST,10,Suur-Paala,2,success,"{"total":2,"location_name":"Suur-Paala","location_id":10}"
2026-07-31 23:08:14,EEST,1,Hipodroom,3,success,"{"total":3,"location_name":"Hipodroom","location_id":1}"
2026-07-31 23:08:14,EEST,3,T1,3,success,"{"total":3,"location_name":"T1 Shopping Mall","location_id":3}"
2026-07-31 23:08:14,EEST,9,Mustika,4,success,"{"total":4,"location_name":"Mustika","location_id":9}"
2026-07-31 23:08:14,EEST,10,Suur-Paala,2,success,"{"total":2,"location_name":"Suur-Paala","location_id":10}"
2026-07-31 23:10:15,EEST,1,Hipodroom,2,success,"{"total":2,"location_name":"Hipodroom","location_id":1}"
2026-07-31 23:10:15,EEST,3,T1,3,success,"{"total":3,"location_name":"T1 Shopping Mall","location_id":3}"
2026-07-31 23:10:15,EEST,9,Mustika,4,success,"{"total":4,"location_name":"Mustika","location_id":9}"
2026-07-31 23:10:15,EEST,10,Suur-Paala,2,success,"{"total":2,"location_name":"Suur-Paala","location_id":10}"
2026-07-31 23:12:15,EEST,1,Hipodroom,2,success,"{"total":2,"location_name":"Hipodroom","location_id":1}"
2026-07-31 23:12:15,EEST,3,T1,3,success,"{"total":3,"location_name":"T1 Shopping Mall","location_id":3}"
2026-07-31 23:12:15,EEST,9,Mustika,4,success,"{"total":4,"location_name":"Mustika","location_id":9}"
2026-07-31 23:12:15,EEST,10,Suur-Paala,2,success,"{"total":2,"location_name":"Suur-Paala","location_id":10}"
2026-07-31 23:14:16,EEST,1,Hipodroom,2,success,"{"total":2,"location_name":"Hipodroom","location_id":1}"
2026-07-31 23:14:16,EEST,3,T1,3,success,"{"total":3,"location_name":"T1 Shopping Mall","location_id":3}"
2026-07-31 23:14:16,EEST,9,Mustika,4,success,"{"total":4,"location_name":"Mustika","location_id":9}"
2026-07-31 23:14:16,EEST,10,Suur-Paala,2,success,"{"total":2,"location_name":"Suur-Paala","location_id":10}"
2026-07-31 23:16:16,EEST,1,Hipodroom,2,success,"{"total":2,"location_name":"Hipodroom","location_id":1}"
2026-07-31 23:16:16,EEST,3,T1,3,success,"{"total":3,"location_name":"T1 Shopping Mall","location_id":3}"
2026-07-31 23:16:16,EEST,9,Mustika,4,success,"{"total":4,"location_name":"Mustika","location_id":9}"
2026-07-31 23:16:16,EEST,10,Suur-Paala,2,success,"{"total":2,"location_name":"Suur-Paala","location_id":10}"
2026-07-31 23:18:17,EEST,1,Hipodroom,2,success,"{"total":2,"location_name":"Hipodroom","location_id":1}"
2026-07-31 23:18:17,EEST,3,T1,3,success,"{"total":3,"location_name":"T1 Shopping Mall","location_id":3}"
2026-07-31 23:18:17,EEST,9,Mustika,4,success,"{"total":4,"location_name":"Mustika","location_id":9}"
2026-07-31 23:18:17,EEST,10,Suur-Paala,2,success,"{"total":2,"location_name":"Suur-Paala","location_id":10}"
2026-07-31 23:20:17,EEST,1,Hipodroom,2,success,"{"total":2,"location_name":"Hipodroom","location_id":1}"
2026-07-31 23:20:17,EEST,3,T1,3,success,"{"total":3,"location_name":"T1 Shopping Mall","location_id":3}"
2026-07-31 23:20:17,EEST,9,Mustika,4,success,"{"total":4,"location_name":"Mustika","location_id":9}"
2026-07-31 23:20:17,EEST,10,Suur-Paala,2,success,"{"total":2,"location_name":"Suur-Paala","location_id":10}"
2026-07-31 23:22:18,EEST,1,Hipodroom,1,success,"{"total":1,"location_name":"Hipodroom","location_id":1}"
2026-07-31 23:22:18,EEST,3,T1,3,success,"{"total":3,"location_name":"T1 Shopping Mall","location_id":3}"
2026-07-31 23:22:18,EEST,9,Mustika,3,success,"{"total":3,"location_name":"Mustika","location_id":9}"
2026-07-31 23:22:18,EEST,10,Suur-Paala,2,success,"{"total":2,"location_name":"Suur-Paala","location_id":10}"
2026-07-31 23:24:19,EEST,1,Hipodroom,1,success,"{"total":1,"location_name":"Hipodroom","location_id":1}"
2026-07-31 23:24:19,EEST,3,T1,3,success,"{"total":3,"location_name":"T1 Shopping Mall","location_id":3}"
2026-07-31 23:24:19,EEST,9,Mustika,3,success,"{"total":3,"location_name":"Mustika","location_id":9}"
2026-07-31 23:24:19,EEST,10,Suur-Paala,2,success,"{"total":2,"location_name":"Suur-Paala","location_id":10}"
2026-07-31 23:26:19,EEST,1,Hipodroom,1,success,"{"total":1,"location_name":"Hipodroom","location_id":1}"
2026-07-31 23:26:19,EEST,3,T1,3,success,"{"total":3,"location_name":"T1 Shopping Mall","location_id":3}"
2026-07-31 23:26:19,EEST,9,Mustika,3,success,"{"total":3,"location_name":"Mustika","location_id":9}"
2026-07-31 23:26:19,EEST,10,Suur-Paala,2,success,"{"total":2,"location_name":"Suur-Paala","location_id":10}"
2026-07-31 23:28:20,EEST,1,Hipodroom,1,success,"{"total":1,"location_name":"Hipodroom","location_id":1}"
2026-07-31 23:28:20,EEST,3,T1,3,success,"{"total":3,"location_name":"T1 Shopping Mall","location_id":3}"
2026-07-31 23:28:20,EEST,9,Mustika,3,success,"{"total":3,"location_name":"Mustika","location_id":9}"
2026-07-31 23:28:20,EEST,10,Suur-Paala,2,success,"{"total":2,"location_name":"Suur-Paala","location_id":10}"
2026-07-31 23:30:20,EEST,1,Hipodroom,1,success,"{"total":1,"location_name":"Hipodroom","location_id":1}"
2026-07-31 23:30:20,EEST,3,T1,3,success,"{"total":3,"location_name":"T1 Shopping Mall","location_id":3}"
2026-07-31 23:30:20,EEST,9,Mustika,3,success,"{"total":3,"location_name":"Mustika","location_id":9}"
2026-07-31 23:30:20,EEST,10,Suur-Paala,2,success,"{"total":2,"location_name":"Suur-Paala","location_id":10}"
2026-07-31 23:32:21,EEST,1,Hipodroom,1,success,"{"total":1,"location_name":"Hipodroom","location_id":1}"
2026-07-31 23:32:21,EEST,3,T1,3,success,"{"total":3,"location_name":"T1 Shopping Mall","location_id":3}"
2026-07-31 23:32:21,EEST,9,Mustika,3,success,"{"total":3,"location_name":"Mustika","location_id":9}"
2026-07-31 23:32:21,EEST,10,Suur-Paala,2,success,"{"total":2,"location_name":"Suur-Paala","location_id":10}"
2026-07-31 23:34:21,EEST,1,Hipodroom,1,success,"{"total":1,"location_name":"Hipodroom","location_id":1}"
2026-07-31 23:34:21,EEST,3,T1,2,success,"{"total":2,"location_name":"T1 Shopping Mall","location_id":3}"
2026-07-31 23:34:21,EEST,9,Mustika,3,success,"{"total":3,"location_name":"Mustika","location_id":9}"
2026-07-31 23:34:21,EEST,10,Suur-Paala,2,success,"{"total":2,"location_name":"Suur-Paala","location_id":10}"
2026-07-31 23:36:22,EEST,1,Hipodroom,1,success,"{"total":1,"location_name":"Hipodroom","location_id":1}"
2026-07-31 23:36:22,EEST,3,T1,2,success,"{"total":2,"location_name":"T1 Shopping Mall","location_id":3}"
2026-07-31 23:36:22,EEST,9,Mustika,3,success,"{"total":3,"location_name":"Mustika","location_id":9}"
2026-07-31 23:36:22,EEST,10,Suur-Paala,2,success,"{"total":2,"location_name":"Suur-Paala","location_id":10}"
2026-07-31 23:38:22,EEST,1,Hipodroom,1,success,"{"total":1,"location_name":"Hipodroom","location_id":1}"
2026-07-31 23:38:22,EEST,3,T1,2,success,"{"total":2,"location_name":"T1 Shopping Mall","location_id":3}"
2026-07-31 23:38:22,EEST,9,Mustika,3,success,"{"total":3,"location_name":"Mustika","location_id":9}"
2026-07-31 23:38:22,EEST,10,Suur-Paala,2,success,"{"total":2,"location_name":"Suur-Paala","location_id":10}"
2026-07-31 23:40:23,EEST,1,Hipodroom,1,success,"{"total":1,"location_name":"Hipodroom","location_id":1}"
2026-07-31 23:40:23,EEST,3,T1,2,success,"{"total":2,"location_name":"T1 Shopping Mall","location_id":3}"
2026-07-31 23:40:23,EEST,9,Mustika,2,success,"{"total":2,"location_name":"Mustika","location_id":9}"
2026-07-31 23:40:23,EEST,10,Suur-Paala,2,success,"{"total":2,"location_name":"Suur-Paala","location_id":10}"
2026-07-31 23:42:24,EEST,1,Hipodroom,1,success,"{"total":1,"location_name":"Hipodroom","location_id":1}"
2026-07-31 23:42:24,EEST,3,T1,2,success,"{"total":2,"location_name":"T1 Shopping Mall","location_id":3}"
2026-07-31 23:42:24,EEST,9,Mustika,2,success,"{"total":2,"location_name":"Mustika","location_id":9}"
2026-07-31 23:42:24,EEST,10,Suur-Paala,2,success,"{"total":2,"location_name":"Suur-Paala","location_id":10}"
2026-07-31 23:44:24,EEST,1,Hipodroom,1,success,"{"total":1,"location_name":"Hipodroom","location_id":1}"
2026-07-31 23:44:24,EEST,3,T1,2,success,"{"total":2,"location_name":"T1 Shopping Mall","location_id":3}"
2026-07-31 23:44:24,EEST,9,Mustika,2,success,"{"total":2,"location_name":"Mustika","location_id":9}"
2026-07-31 23:44:24,EEST,10,Suur-Paala,2,success,"{"total":2,"location_name":"Suur-Paala","location_id":10}"
2026-07-31 23:46:25,EEST,1,Hipodroom,1,success,"{"total":1,"location_name":"Hipodroom","location_id":1}"
2026-07-31 23:46:25,EEST,3,T1,1,success,"{"total":1,"location_name":"T1 Shopping Mall","location_id":3}"
2026-07-31 23:46:25,EEST,9,Mustika,2,success,"{"total":2,"location_name":"Mustika","location_id":9}"
2026-07-31 23:46:25,EEST,10,Suur-Paala,2,success,"{"total":2,"location_name":"Suur-Paala","location_id":10}"
2026-07-31 23:48:25,EEST,1,Hipodroom,1,success,"{"total":1,"location_name":"Hipodroom","location_id":1}"
2026-07-31 23:48:25,EEST,3,T1,1,success,"{"total":1,"location_name":"T1 Shopping Mall","location_id":3}"
2026-07-31 23:48:25,EEST,9,Mustika,2,success,"{"total":2,"location_name":"Mustika","location_id":9}"
2026-07-31 23:48:25,EEST,10,Suur-Paala,2,success,"{"total":2,"location_name":"Suur-Paala","location_id":10}"
2026-07-31 23:50:26,EEST,1,Hipodroom,1,success,"{"total":1,"location_name":"Hipodroom","location_id":1}"
2026-07-31 23:50:26,EEST,3,T1,1,success,"{"total":1,"location_name":"T1 Shopping Mall","location_id":3}"
2026-07-31 23:50:26,EEST,9,Mustika,2,success,"{"total":2,"location_name":"Mustika","location_id":9}"
2026-07-31 23:50:26,EEST,10,Suur-Paala,2,success,"{"total":2,"location_name":"Suur-Paala","location_id":10}"
2026-07-31 23:52:27,EEST,1,Hipodroom,1,success,"{"total":1,"location_name":"Hipodroom","location_id":1}"
2026-07-31 23:52:27,EEST,3,T1,1,success,"{"total":1,"location_name":"T1 Shopping Mall","location_id":3}"
2026-07-31 23:52:27,EEST,9,Mustika,2,success,"{"total":2,"location_name":"Mustika","location_id":9}"
2026-07-31 23:52:27,EEST,10,Suur-Paala,2,success,"{"total":2,"location_name":"Suur-Paala","location_id":10}"
2026-07-31 23:54:27,EEST,1,Hipodroom,1,success,"{"total":1,"location_name":"Hipodroom","location_id":1}"
2026-07-31 23:54:27,EEST,3,T1,1,success,"{"total":1,"location_name":"T1 Shopping Mall","location_id":3}"
2026-07-31 23:54:27,EEST,9,Mustika,2,success,"{"total":2,"location_name":"Mustika","location_id":9}"
2026-07-31 23:54:27,EEST,10,Suur-Paala,2,success,"{"total":2,"location_name":"Suur-Paala","location_id":10}"
2026-07-31 23:56:28,EEST,1,Hipodroom,1,success,"{"total":1,"location_name":"Hipodroom","location_id":1}"
2026-07-31 23:56:28,EEST,3,T1,1,success,"{"total":1,"location_name":"T1 Shopping Mall","location_id":3}"
2026-07-31 23:56:28,EEST,9,Mustika,2,success,"{"total":2,"location_name":"Mustika","location_id":9}"
2026-07-31 23:56:28,EEST,10,Suur-Paala,2,success,"{"total":2,"location_name":"Suur-Paala","location_id":10}"
2026-07-31 23:58:28,EEST,1,Hipodroom,1,success,"{"total":1,"location_name":"Hipodroom","location_id":1}"
2026-07-31 23:58:28,EEST,3,T1,1,success,"{"total":1,"location_name":"T1 Shopping Mall","location_id":3}"
2026-07-31 23:58:28,EEST,9,Mustika,3,success,"{"total":3,"location_name":"Mustika","location_id":9}"
2026-07-31 23:58:28,EEST,10,Suur-Paala,2,success,"{"total":2,"location_name":"Suur-Paala","location_id":10}"
