timestamp,timezone,location_id,location_name,user_count,status,response
2026-09-21 00:00:28,+0300,1,Hipodroom,0,success,"{"total":0,"location_name":"Hipodroom","location_id":1}"
2026-09-21 00:00:28,+0300,3,T1,7,success,"{"total":7,"location_name":"T1 Shopping Mall","location_id":3}"
2026-09-21 00:00:28,+0300,9,Mustika,3,success,"{"total":3,"location_name":"Mustika","location_id":9}"
2026-09-21 00:00:28,+0300,10,Suur-Paala,0,success,"{"total":0,"location_name":"Suur-Paala","location_id":10}"
2026-09-21 00:02:29,+0300,1,Hipodroom,0,success,"{"total":0,"location_name":"Hipodroom","location_id":1}"
2026-09-21 00:02:29,+0300,3,T1,7,success,"{"total":7,"location_name":"T1 Shopping Mall","location_id":3}"
2026-09-21 00:02:29,+0300,9,Mustika,3,success,"{"total":3,"location_name":"Mustika","location_id":9}"
2026-09-21 00:02:29,+0300,10,Suur-Paala,0,success,"{"total":0,"location_name":"Suur-Paala","location_id":10}"
2026-09-21 00:04:29,+0300,1,Hipodroom,0,success,"{"total":0,"location_name":"Hipodroom","location_id":1}"
2026-09-21 00:04:29,+0300,3,T1,7,success,"{"total":7,"location_name":"T1 Shopping Mall","location_id":3}"
2026-09-21 00:04:29,+0300,9,Mustika,3,success,"{"total":3,"location_name":"Mustika","location_id":9}"
2026-09-21 00:04:29,+0300,10,Suur-Paala,0,success,"{"total":0,"location_name":"Suur-Paala","location_id":10}"
2026-09-21 00:06:30,+0300,1,Hipodroom,0,success,"{"total":0,"location_name":"Hipodroom","location_id":1}"
2026-09-21 00:06:30,+0300,3,T1,7,success,"{"total":7,"location_name":"T1 Shopping Mall","location_id":3}"
2026-09-21 00:06:30,+0300,9,Mustika,3,success,"{"total":3,"location_name":"Mustika","location_id":9}"
2026-09-21 00:06:30,+0300,10,Suur-Paala,0,success,"{"total":0,"location_name":"Suur-Paala","location_id":10}"
2026-09-21 00:08:31,+0300,1,Hipodroom,0,success,"{"total":0,"location_name":"Hipodroom","location_id":1}"
2026-09-21 00:08:31,+0300,3,T1,7,success,"{"total":7,"location_name":"T1 Shopping Mall","location_id":3}"
2026-09-21 00:08:31,+0300,9,Mustika,3,success,"{"total":3,"location_name":"Mustika","location_id":9}"
2026-09-21 00:08:31,+0300,10,Suur-Paala,0,success,"{"total":0,"location_name":"Suur-Paala","location_id":10}"
2026-09-21 00:10:32,+0300,1,Hipodroom,0,success,"{"total":0,"location_name":"Hipodroom","location_id":1}"
2026-09-21 00:10:32,+0300,3,T1,7,success,"{"total":7,"location_name":"T1 Shopping Mall","location_id":3}"
2026-09-21 00:10:32,+0300,9,Mustika,3,success,"{"total":3,"location_name":"Mustika","location_id":9}"
2026-09-21 00:10:32,+0300,10,Suur-Paala,0,success,"{"total":0,"location_name":"Suur-Paala","location_id":10}"
2026-09-21 00:12:32,+0300,1,Hipodroom,0,success,"{"total":0,"location_name":"Hipodroom","location_id":1}"
2026-09-21 00:12:32,+0300,3,T1,7,success,"{"total":7,"location_name":"T1 Shopping Mall","location_id":3}"
2026-09-21 00:12:32,+0300,9,Mustika,3,success,"{"total":3,"location_name":"Mustika","location_id":9}"
2026-09-21 00:12:32,+0300,10,Suur-Paala,0,success,"{"total":0,"location_name":"Suur-Paala","location_id":10}"
2026-09-21 00:14:33,+0300,1,Hipodroom,0,success,"{"total":0,"location_name":"Hipodroom","location_id":1}"
2026-09-21 00:14:33,+0300,3,T1,7,success,"{"total":7,"location_name":"T1 Shopping Mall","location_id":3}"
2026-09-21 00:14:33,+0300,9,Mustika,3,success,"{"total":3,"location_name":"Mustika","location_id":9}"
2026-09-21 00:14:33,+0300,10,Suur-Paala,0,success,"{"total":0,"location_name":"Suur-Paala","location_id":10}"
2026-09-21 00:16:34,+0300,1,Hipodroom,0,success,"{"total":0,"location_name":"Hipodroom","location_id":1}"
2026-09-21 00:16:34,+0300,3,T1,7,success,"{"total":7,"location_name":"T1 Shopping Mall","location_id":3}"
2026-09-21 00:16:34,+0300,9,Mustika,3,success,"{"total":3,"location_name":"Mustika","location_id":9}"
2026-09-21 00:16:34,+0300,10,Suur-Paala,0,success,"{"total":0,"location_name":"Suur-Paala","location_id":10}"
2026-09-21 00:18:34,+0300,1,Hipodroom,0,success,"{"total":0,"location_name":"Hipodroom","location_id":1}"
2026-09-21 00:18:34,+0300,3,T1,7,success,"{"total":7,"location_name":"T1 Shopping Mall","location_id":3}"
2026-09-21 00:18:34,+0300,9,Mustika,1,success,"{"total":1,"location_name":"Mustika","location_id":9}"
2026-09-21 00:18:34,+0300,10,Suur-Paala,0,success,"{"total":0,"location_name":"Suur-Paala","location_id":10}"
2026-09-21 00:20:35,+0300,1,Hipodroom,0,success,"{"total":0,"location_name":"Hipodroom","location_id":1}"
2026-09-21 00:20:35,+0300,3,T1,7,success,"{"total":7,"location_name":"T1 Shopping Mall","location_id":3}"
2026-09-21 00:20:35,+0300,9,Mustika,1,success,"{"total":1,"location_name":"Mustika","location_id":9}"
2026-09-21 00:20:35,+0300,10,Suur-Paala,0,success,"{"total":0,"location_name":"Suur-Paala","location_id":10}"
2026-09-21 00:22:36,+0300,1,Hipodroom,0,success,"{"total":0,"location_name":"Hipodroom","location_id":1}"
2026-09-21 00:22:36,+0300,3,T1,7,success,"{"total":7,"location_name":"T1 Shopping Mall","location_id":3}"
2026-09-21 00:22:36,+0300,9,Mustika,1,success,"{"total":1,"location_name":"Mustika","location_id":9}"
2026-09-21 00:22:36,+0300,10,Suur-Paala,0,success,"{"total":0,"location_name":"Suur-Paala","location_id":10}"
2026-09-21 00:24:36,+0300,1,Hipodroom,0,success,"{"total":0,"location_name":"Hipodroom","location_id":1}"
2026-09-21 00:24:36,+0300,3,T1,7,success,"{"total":7,"location_name":"T1 Shopping Mall","location_id":3}"
2026-09-21 00:24:36,+0300,9,Mustika,1,success,"{"total":1,"location_name":"Mustika","location_id":9}"
2026-09-21 00:24:36,+0300,10,Suur-Paala,0,success,"{"total":0,"location_name":"Suur-Paala","location_id":10}"
2026-09-21 00:26:38,+0300,1,Hipodroom,0,success,"{"total":0,"location_name":"Hipodroom","location_id":1}"
2026-09-21 00:26:38,+0300,3,T1,7,success,"{"total":7,"location_name":"T1 Shopping Mall","location_id":3}"
2026-09-21 00:26:38,+0300,9,Mustika,1,success,"{"total":1,"location_name":"Mustika","location_id":9}"
2026-09-21 00:26:38,+0300,10,Suur-Paala,0,success,"{"total":0,"location_name":"Suur-Paala","location_id":10}"
2026-09-21 00:28:38,+0300,1,Hipodroom,0,success,"{"total":0,"location_name":"Hipodroom","location_id":1}"
2026-09-21 00:28:38,+0300,3,T1,7,success,"{"total":7,"location_name":"T1 Shopping Mall","location_id":3}"
2026-09-21 00:28:38,+0300,9,Mustika,1,success,"{"total":1,"location_name":"Mustika","location_id":9}"
2026-09-21 00:28:38,+0300,10,Suur-Paala,0,success,"{"total":0,"location_name":"Suur-Paala","location_id":10}"
2026-09-21 00:30:39,+0300,1,Hipodroom,0,success,"{"total":0,"location_name":"Hipodroom","location_id":1}"
2026-09-21 00:30:39,+0300,3,T1,6,success,"{"total":6,"location_name":"T1 Shopping Mall","location_id":3}"
2026-09-21 00:30:39,+0300,9,Mustika,0,success,"{"total":0,"location_name":"Mustika","location_id":9}"
2026-09-21 00:30:39,+0300,10,Suur-Paala,0,success,"{"total":0,"location_name":"Suur-Paala","location_id":10}"
2026-09-21 00:32:40,+0300,1,Hipodroom,0,success,"{"total":0,"location_name":"Hipodroom","location_id":1}"
2026-09-21 00:32:40,+0300,3,T1,6,success,"{"total":6,"location_name":"T1 Shopping Mall","location_id":3}"
2026-09-21 00:32:40,+0300,9,Mustika,0,success,"{"total":0,"location_name":"Mustika","location_id":9}"
2026-09-21 00:32:40,+0300,10,Suur-Paala,0,success,"{"total":0,"location_name":"Suur-Paala","location_id":10}"
2026-09-21 00:34:40,+0300,1,Hipodroom,0,success,"{"total":0,"location_name":"Hipodroom","location_id":1}"
2026-09-21 00:34:40,+0300,3,T1,6,success,"{"total":6,"location_name":"T1 Shopping Mall","location_id":3}"
2026-09-21 00:34:40,+0300,9,Mustika,0,success,"{"total":0,"location_name":"Mustika","location_id":9}"
2026-09-21 00:34:40,+0300,10,Suur-Paala,0,success,"{"total":0,"location_name":"Suur-Paala","location_id":10}"
2026-09-21 00:36:41,+0300,1,Hipodroom,0,success,"{"total":0,"location_name":"Hipodroom","location_id":1}"
2026-09-21 00:36:41,+0300,3,T1,5,success,"{"total":5,"location_name":"T1 Shopping Mall","location_id":3}"
2026-09-21 00:36:41,+0300,9,Mustika,0,success,"{"total":0,"location_name":"Mustika","location_id":9}"
2026-09-21 00:36:41,+0300,10,Suur-Paala,0,success,"{"total":0,"location_name":"Suur-Paala","location_id":10}"
2026-09-21 00:38:43,+0300,1,Hipodroom,0,success,"{"total":0,"location_name":"Hipodroom","location_id":1}"
2026-09-21 00:38:43,+0300,3,T1,5,success,"{"total":5,"location_name":"T1 Shopping Mall","location_id":3}"
2026-09-21 00:38:43,+0300,9,Mustika,0,success,"{"total":0,"location_name":"Mustika","location_id":9}"
2026-09-21 00:38:43,+0300,10,Suur-Paala,0,success,"{"total":0,"location_name":"Suur-Paala","location_id":10}"
2026-09-21 00:40:45,+0300,1,Hipodroom,0,success,"{"total":0,"location_name":"Hipodroom","location_id":1}"
2026-09-21 00:40:45,+0300,3,T1,5,success,"{"total":5,"location_name":"T1 Shopping Mall","location_id":3}"
2026-09-21 00:40:45,+0300,9,Mustika,0,success,"{"total":0,"location_name":"Mustika","location_id":9}"
2026-09-21 00:40:45,+0300,10,Suur-Paala,0,success,"{"total":0,"location_name":"Suur-Paala","location_id":10}"
2026-09-21 00:42:45,+0300,1,Hipodroom,0,success,"{"total":0,"location_name":"Hipodroom","location_id":1}"
2026-09-21 00:42:45,+0300,3,T1,4,success,"{"total":4,"location_name":"T1 Shopping Mall","location_id":3}"
2026-09-21 00:42:45,+0300,9,Mustika,0,success,"{"total":0,"location_name":"Mustika","location_id":9}"
2026-09-21 00:42:45,+0300,10,Suur-Paala,0,success,"{"total":0,"location_name":"Suur-Paala","location_id":10}"
2026-09-21 00:44:47,+0300,1,Hipodroom,0,success,"{"total":0,"location_name":"Hipodroom","location_id":1}"
2026-09-21 00:44:47,+0300,3,T1,4,success,"{"total":4,"location_name":"T1 Shopping Mall","location_id":3}"
2026-09-21 00:44:47,+0300,9,Mustika,0,success,"{"total":0,"location_name":"Mustika","location_id":9}"
2026-09-21 00:44:47,+0300,10,Suur-Paala,0,success,"{"total":0,"location_name":"Suur-Paala","location_id":10}"
2026-09-21 00:46:47,+0300,1,Hipodroom,0,success,"{"total":0,"location_name":"Hipodroom","location_id":1}"
2026-09-21 00:46:47,+0300,3,T1,4,success,"{"total":4,"location_name":"T1 Shopping Mall","location_id":3}"
2026-09-21 00:46:47,+0300,9,Mustika,0,success,"{"total":0,"location_name":"Mustika","location_id":9}"
2026-09-21 00:46:47,+0300,10,Suur-Paala,0,success,"{"total":0,"location_name":"Suur-Paala","location_id":10}"
2026-09-21 00:48:48,+0300,1,Hipodroom,0,success,"{"total":0,"location_name":"Hipodroom","location_id":1}"
2026-09-21 00:48:48,+0300,3,T1,4,success,"{"total":4,"location_name":"T1 Shopping Mall","location_id":3}"
2026-09-21 00:48:48,+0300,9,Mustika,0,success,"{"total":0,"location_name":"Mustika","location_id":9}"
2026-09-21 00:48:48,+0300,10,Suur-Paala,0,success,"{"total":0,"location_name":"Suur-Paala","location_id":10}"
2026-09-21 00:50:49,+0300,1,Hipodroom,0,success,"{"total":0,"location_name":"Hipodroom","location_id":1}"
2026-09-21 00:50:49,+0300,3,T1,4,success,"{"total":4,"location_name":"T1 Shopping Mall","location_id":3}"
2026-09-21 00:50:49,+0300,9,Mustika,0,success,"{"total":0,"location_name":"Mustika","location_id":9}"
2026-09-21 00:50:49,+0300,10,Suur-Paala,0,success,"{"total":0,"location_name":"Suur-Paala","location_id":10}"
2026-09-21 00:52:51,+0300,1,Hipodroom,0,success,"{"total":0,"location_name":"Hipodroom","location_id":1}"
2026-09-21 00:52:51,+0300,3,T1,4,success,"{"total":4,"location_name":"T1 Shopping Mall","location_id":3}"
2026-09-21 00:52:51,+0300,9,Mustika,0,success,"{"total":0,"location_name":"Mustika","location_id":9}"
2026-09-21 00:52:51,+0300,10,Suur-Paala,0,success,"{"total":0,"location_name":"Suur-Paala","location_id":10}"
2026-09-21 00:54:52,+0300,1,Hipodroom,0,success,"{"total":0,"location_name":"Hipodroom","location_id":1}"
2026-09-21 00:54:52,+0300,3,T1,4,success,"{"total":4,"location_name":"T1 Shopping Mall","location_id":3}"
2026-09-21 00:54:52,+0300,9,Mustika,0,success,"{"total":0,"location_name":"Mustika","location_id":9}"
2026-09-21 00:54:52,+0300,10,Suur-Paala,0,success,"{"total":0,"location_name":"Suur-Paala","location_id":10}"
2026-09-21 00:56:54,+0300,1,Hipodroom,0,success,"{"total":0,"location_name":"Hipodroom","location_id":1}"
2026-09-21 00:56:54,+0300,3,T1,4,success,"{"total":4,"location_name":"T1 Shopping Mall","location_id":3}"
2026-09-21 00:56:54,+0300,9,Mustika,0,success,"{"total":0,"location_name":"Mustika","location_id":9}"
2026-09-21 00:56:54,+0300,10,Suur-Paala,0,success,"{"total":0,"location_name":"Suur-Paala","location_id":10}"
2026-09-21 00:58:54,+0300,1,Hipodroom,0,success,"{"total":0,"location_name":"Hipodroom","location_id":1}"
2026-09-21 00:58:54,+0300,3,T1,4,success,"{"total":4,"location_name":"T1 Shopping Mall","location_id":3}"
2026-09-21 00:58:54,+0300,9,Mustika,0,success,"{"total":0,"location_name":"Mustika","location_id":9}"
2026-09-21 00:58:54,+0300,10,Suur-Paala,0,success,"{"total":0,"location_name":"Suur-Paala","location_id":10}"
2026-09-21 01:00:55,+0300,1,Hipodroom,0,success,"{"total":0,"location_name":"Hipodroom","location_id":1}"
2026-09-21 01:00:55,+0300,3,T1,4,success,"{"total":4,"location_name":"T1 Shopping Mall","location_id":3}"
2026-09-21 01:00:55,+0300,9,Mustika,0,success,"{"total":0,"location_name":"Mustika","location_id":9}"
2026-09-21 01:00:55,+0300,10,Suur-Paala,0,success,"{"total":0,"location_name":"Suur-Paala","location_id":10}"
2026-09-21 01:02:56,+0300,1,Hipodroom,0,success,"{"total":0,"location_name":"Hipodroom","location_id":1}"
2026-09-21 01:02:56,+0300,3,T1,4,success,"{"total":4,"location_name":"T1 Shopping Mall","location_id":3}"
2026-09-21 01:02:56,+0300,9,Mustika,0,success,"{"total":0,"location_name":"Mustika","location_id":9}"
2026-09-21 01:02:56,+0300,10,Suur-Paala,0,success,"{"total":0,"location_name":"Suur-Paala","location_id":10}"
2026-09-21 01:04:57,+0300,1,Hipodroom,0,success,"{"total":0,"location_name":"Hipodroom","location_id":1}"
2026-09-21 01:04:57,+0300,3,T1,4,success,"{"total":4,"location_name":"T1 Shopping Mall","location_id":3}"
2026-09-21 01:04:57,+0300,9,Mustika,0,success,"{"total":0,"location_name":"Mustika","location_id":9}"
2026-09-21 01:04:57,+0300,10,Suur-Paala,0,success,"{"total":0,"location_name":"Suur-Paala","location_id":10}"
2026-09-21 01:06:57,+0300,1,Hipodroom,0,success,"{"total":0,"location_name":"Hipodroom","location_id":1}"
2026-09-21 01:06:57,+0300,3,T1,3,success,"{"total":3,"location_name":"T1 Shopping Mall","location_id":3}"
2026-09-21 01:06:57,+0300,9,Mustika,0,success,"{"total":0,"location_name":"Mustika","location_id":9}"
2026-09-21 01:06:57,+0300,10,Suur-Paala,0,success,"{"total":0,"location_name":"Suur-Paala","location_id":10}"
2026-09-21 01:08:58,+0300,1,Hipodroom,0,success,"{"total":0,"location_name":"Hipodroom","location_id":1}"
2026-09-21 01:08:58,+0300,3,T1,3,success,"{"total":3,"location_name":"T1 Shopping Mall","location_id":3}"
2026-09-21 01:08:58,+0300,9,Mustika,0,success,"{"total":0,"location_name":"Mustika","location_id":9}"
2026-09-21 01:08:58,+0300,10,Suur-Paala,0,success,"{"total":0,"location_name":"Suur-Paala","location_id":10}"
2026-09-21 01:10:59,+0300,1,Hipodroom,0,success,"{"total":0,"location_name":"Hipodroom","location_id":1}"
2026-09-21 01:10:59,+0300,3,T1,3,success,"{"total":3,"location_name":"T1 Shopping Mall","location_id":3}"
2026-09-21 01:10:59,+0300,9,Mustika,0,success,"{"total":0,"location_name":"Mustika","location_id":9}"
2026-09-21 01:10:59,+0300,10,Suur-Paala,0,success,"{"total":0,"location_name":"Suur-Paala","location_id":10}"
2026-09-21 01:13:00,+0300,1,Hipodroom,0,success,"{"total":0,"location_name":"Hipodroom","location_id":1}"
2026-09-21 01:13:00,+0300,3,T1,3,success,"{"total":3,"location_name":"T1 Shopping Mall","location_id":3}"
2026-09-21 01:13:00,+0300,9,Mustika,0,success,"{"total":0,"location_name":"Mustika","location_id":9}"
2026-09-21 01:13:00,+0300,10,Suur-Paala,0,success,"{"total":0,"location_name":"Suur-Paala","location_id":10}"
2026-09-21 01:15:02,+0300,1,Hipodroom,0,success,"{"total":0,"location_name":"Hipodroom","location_id":1}"
2026-09-21 01:15:02,+0300,3,T1,3,success,"{"total":3,"location_name":"T1 Shopping Mall","location_id":3}"
2026-09-21 01:15:02,+0300,9,Mustika,0,success,"{"total":0,"location_name":"Mustika","location_id":9}"
2026-09-21 01:15:02,+0300,10,Suur-Paala,0,success,"{"total":0,"location_name":"Suur-Paala","location_id":10}"
2026-09-21 01:17:02,+0300,1,Hipodroom,0,success,"{"total":0,"location_name":"Hipodroom","location_id":1}"
2026-09-21 01:17:02,+0300,3,T1,3,success,"{"total":3,"location_name":"T1 Shopping Mall","location_id":3}"
2026-09-21 01:17:02,+0300,9,Mustika,0,success,"{"total":0,"location_name":"Mustika","location_id":9}"
2026-09-21 01:17:02,+0300,10,Suur-Paala,0,success,"{"total":0,"location_name":"Suur-Paala","location_id":10}"
2026-09-21 01:19:03,+0300,1,Hipodroom,0,success,"{"total":0,"location_name":"Hipodroom","location_id":1}"
2026-09-21 01:19:03,+0300,3,T1,3,success,"{"total":3,"location_name":"T1 Shopping Mall","location_id":3}"
2026-09-21 01:19:03,+0300,9,Mustika,0,success,"{"total":0,"location_name":"Mustika","location_id":9}"
2026-09-21 01:19:03,+0300,10,Suur-Paala,0,success,"{"total":0,"location_name":"Suur-Paala","location_id":10}"
2026-09-21 01:21:04,+0300,1,Hipodroom,0,success,"{"total":0,"location_name":"Hipodroom","location_id":1}"
2026-09-21 01:21:04,+0300,3,T1,3,success,"{"total":3,"location_name":"T1 Shopping Mall","location_id":3}"
2026-09-21 01:21:04,+0300,9,Mustika,0,success,"{"total":0,"location_name":"Mustika","location_id":9}"
2026-09-21 01:21:04,+0300,10,Suur-Paala,0,success,"{"total":0,"location_name":"Suur-Paala","location_id":10}"
2026-09-21 01:23:05,+0300,1,Hipodroom,0,success,"{"total":0,"location_name":"Hipodroom","location_id":1}"
2026-09-21 01:23:05,+0300,3,T1,3,success,"{"total":3,"location_name":"T1 Shopping Mall","location_id":3}"
2026-09-21 01:23:05,+0300,9,Mustika,0,success,"{"total":0,"location_name":"Mustika","location_id":9}"
2026-09-21 01:23:05,+0300,10,Suur-Paala,0,success,"{"total":0,"location_name":"Suur-Paala","location_id":10}"
2026-09-21 01:25:06,+0300,1,Hipodroom,0,success,"{"total":0,"location_name":"Hipodroom","location_id":1}"
2026-09-21 01:25:06,+0300,3,T1,3,success,"{"total":3,"location_name":"T1 Shopping Mall","location_id":3}"
2026-09-21 01:25:06,+0300,9,Mustika,0,success,"{"total":0,"location_name":"Mustika","location_id":9}"
2026-09-21 01:25:06,+0300,10,Suur-Paala,0,success,"{"total":0,"location_name":"Suur-Paala","location_id":10}"
2026-09-21 01:27:07,+0300,1,Hipodroom,0,success,"{"total":0,"location_name":"Hipodroom","location_id":1}"
2026-09-21 01:27:07,+0300,3,T1,3,success,"{"total":3,"location_name":"T1 Shopping Mall","location_id":3}"
2026-09-21 01:27:07,+0300,9,Mustika,0,success,"{"total":0,"location_name":"Mustika","location_id":9}"
2026-09-21 01:27:07,+0300,10,Suur-Paala,0,success,"{"total":0,"location_name":"Suur-Paala","location_id":10}"
2026-09-21 01:29:08,+0300,1,Hipodroom,0,success,"{"total":0,"location_name":"Hipodroom","location_id":1}"
2026-09-21 01:29:08,+0300,3,T1,3,success,"{"total":3,"location_name":"T1 Shopping Mall","location_id":3}"
2026-09-21 01:29:08,+0300,9,Mustika,0,success,"{"total":0,"location_name":"Mustika","location_id":9}"
2026-09-21 01:29:08,+0300,10,Suur-Paala,0,success,"{"total":0,"location_name":"Suur-Paala","location_id":10}"
2026-09-21 01:31:10,+0300,1,Hipodroom,0,success,"{"total":0,"location_name":"Hipodroom","location_id":1}"
2026-09-21 01:31:10,+0300,3,T1,3,success,"{"total":3,"location_name":"T1 Shopping Mall","location_id":3}"
2026-09-21 01:31:10,+0300,9,Mustika,0,success,"{"total":0,"location_name":"Mustika","location_id":9}"
2026-09-21 01:31:10,+0300,10,Suur-Paala,0,success,"{"total":0,"location_name":"Suur-Paala","location_id":10}"
2026-09-21 01:33:11,+0300,1,Hipodroom,0,success,"{"total":0,"location_name":"Hipodroom","location_id":1}"
2026-09-21 01:33:11,+0300,3,T1,3,success,"{"total":3,"location_name":"T1 Shopping Mall","location_id":3}"
2026-09-21 01:33:11,+0300,9,Mustika,0,success,"{"total":0,"location_name":"Mustika","location_id":9}"
2026-09-21 01:33:11,+0300,10,Suur-Paala,0,success,"{"total":0,"location_name":"Suur-Paala","location_id":10}"
2026-09-21 01:35:12,+0300,1,Hipodroom,0,success,"{"total":0,"location_name":"Hipodroom","location_id":1}"
2026-09-21 01:35:12,+0300,3,T1,3,success,"{"total":3,"location_name":"T1 Shopping Mall","location_id":3}"
2026-09-21 01:35:12,+0300,9,Mustika,0,success,"{"total":0,"location_name":"Mustika","location_id":9}"
2026-09-21 01:35:12,+0300,10,Suur-Paala,0,success,"{"total":0,"location_name":"Suur-Paala","location_id":10}"
2026-09-21 01:37:13,+0300,1,Hipodroom,0,success,"{"total":0,"location_name":"Hipodroom","location_id":1}"
2026-09-21 01:37:13,+0300,3,T1,2,success,"{"total":2,"location_name":"T1 Shopping Mall","location_id":3}"
2026-09-21 01:37:13,+0300,9,Mustika,0,success,"{"total":0,"location_name":"Mustika","location_id":9}"
2026-09-21 01:37:13,+0300,10,Suur-Paala,0,success,"{"total":0,"location_name":"Suur-Paala","location_id":10}"
2026-09-21 01:39:14,+0300,1,Hipodroom,0,success,"{"total":0,"location_name":"Hipodroom","location_id":1}"
2026-09-21 01:39:14,+0300,3,T1,2,success,"{"total":2,"location_name":"T1 Shopping Mall","location_id":3}"
2026-09-21 01:39:14,+0300,9,Mustika,0,success,"{"total":0,"location_name":"Mustika","location_id":9}"
2026-09-21 01:39:14,+0300,10,Suur-Paala,0,success,"{"total":0,"location_name":"Suur-Paala","location_id":10}"
2026-09-21 01:41:15,+0300,1,Hipodroom,0,success,"{"total":0,"location_name":"Hipodroom","location_id":1}"
2026-09-21 01:41:15,+0300,3,T1,2,success,"{"total":2,"location_name":"T1 Shopping Mall","location_id":3}"
2026-09-21 01:41:15,+0300,9,Mustika,0,success,"{"total":0,"location_name":"Mustika","location_id":9}"
2026-09-21 01:41:15,+0300,10,Suur-Paala,0,success,"{"total":0,"location_name":"Suur-Paala","location_id":10}"
2026-09-21 01:43:16,+0300,1,Hipodroom,0,success,"{"total":0,"location_name":"Hipodroom","location_id":1}"
2026-09-21 01:43:16,+0300,3,T1,2,success,"{"total":2,"location_name":"T1 Shopping Mall","location_id":3}"
2026-09-21 01:43:16,+0300,9,Mustika,0,success,"{"total":0,"location_name":"Mustika","location_id":9}"
2026-09-21 01:43:16,+0300,10,Suur-Paala,0,success,"{"total":0,"location_name":"Suur-Paala","location_id":10}"
2026-09-21 01:45:17,+0300,1,Hipodroom,0,success,"{"total":0,"location_name":"Hipodroom","location_id":1}"
2026-09-21 01:45:17,+0300,3,T1,2,success,"{"total":2,"location_name":"T1 Shopping Mall","location_id":3}"
2026-09-21 01:45:17,+0300,9,Mustika,0,success,"{"total":0,"location_name":"Mustika","location_id":9}"
2026-09-21 01:45:17,+0300,10,Suur-Paala,0,success,"{"total":0,"location_name":"Suur-Paala","location_id":10}"
2026-09-21 01:47:18,+0300,1,Hipodroom,0,success,"{"total":0,"location_name":"Hipodroom","location_id":1}"
2026-09-21 01:47:18,+0300,3,T1,2,success,"{"total":2,"location_name":"T1 Shopping Mall","location_id":3}"
2026-09-21 01:47:18,+0300,9,Mustika,0,success,"{"total":0,"location_name":"Mustika","location_id":9}"
2026-09-21 01:47:18,+0300,10,Suur-Paala,0,success,"{"total":0,"location_name":"Suur-Paala","location_id":10}"
2026-09-21 01:49:19,+0300,1,Hipodroom,0,success,"{"total":0,"location_name":"Hipodroom","location_id":1}"
2026-09-21 01:49:19,+0300,3,T1,1,success,"{"total":1,"location_name":"T1 Shopping Mall","location_id":3}"
2026-09-21 01:49:19,+0300,9,Mustika,0,success,"{"total":0,"location_name":"Mustika","location_id":9}"
2026-09-21 01:49:19,+0300,10,Suur-Paala,0,success,"{"total":0,"location_name":"Suur-Paala","location_id":10}"
2026-09-21 01:51:20,+0300,1,Hipodroom,0,success,"{"total":0,"location_name":"Hipodroom","location_id":1}"
2026-09-21 01:51:20,+0300,3,T1,1,success,"{"total":1,"location_name":"T1 Shopping Mall","location_id":3}"
2026-09-21 01:51:20,+0300,9,Mustika,0,success,"{"total":0,"location_name":"Mustika","location_id":9}"
2026-09-21 01:51:20,+0300,10,Suur-Paala,0,success,"{"total":0,"location_name":"Suur-Paala","location_id":10}"
2026-09-21 01:53:21,+0300,1,Hipodroom,0,success,"{"total":0,"location_name":"Hipodroom","location_id":1}"
2026-09-21 01:53:21,+0300,3,T1,1,success,"{"total":1,"location_name":"T1 Shopping Mall","location_id":3}"
2026-09-21 01:53:21,+0300,9,Mustika,0,success,"{"total":0,"location_name":"Mustika","location_id":9}"
2026-09-21 01:53:21,+0300,10,Suur-Paala,0,success,"{"total":0,"location_name":"Suur-Paala","location_id":10}"
2026-09-21 01:55:22,+0300,1,Hipodroom,0,success,"{"total":0,"location_name":"Hipodroom","location_id":1}"
2026-09-21 01:55:22,+0300,3,T1,1,success,"{"total":1,"location_name":"T1 Shopping Mall","location_id":3}"
2026-09-21 01:55:22,+0300,9,Mustika,0,success,"{"total":0,"location_name":"Mustika","location_id":9}"
2026-09-21 01:55:22,+0300,10,Suur-Paala,0,success,"{"total":0,"location_name":"Suur-Paala","location_id":10}"
2026-09-21 01:57:24,+0300,1,Hipodroom,0,success,"{"total":0,"location_name":"Hipodroom","location_id":1}"
2026-09-21 01:57:24,+0300,3,T1,1,success,"{"total":1,"location_name":"T1 Shopping Mall","location_id":3}"
2026-09-21 01:57:24,+0300,9,Mustika,0,success,"{"total":0,"location_name":"Mustika","location_id":9}"
2026-09-21 01:57:24,+0300,10,Suur-Paala,0,success,"{"total":0,"location_name":"Suur-Paala","location_id":10}"
2026-09-21 01:59:24,+0300,1,Hipodroom,0,success,"{"total":0,"location_name":"Hipodroom","location_id":1}"
2026-09-21 01:59:24,+0300,3,T1,1,success,"{"total":1,"location_name":"T1 Shopping Mall","location_id":3}"
2026-09-21 01:59:24,+0300,9,Mustika,0,success,"{"total":0,"location_name":"Mustika","location_id":9}"
2026-09-21 01:59:24,+0300,10,Suur-Paala,0,success,"{"total":0,"location_name":"Suur-Paala","location_id":10}"
2026-09-21 02:01:25,+0300,1,Hipodroom,0,success,"{"total":0,"location_name":"Hipodroom","location_id":1}"
2026-09-21 02:01:25,+0300,3,T1,1,success,"{"total":1,"location_name":"T1 Shopping Mall","location_id":3}"
2026-09-21 02:01:25,+0300,9,Mustika,0,success,"{"total":0,"location_name":"Mustika","location_id":9}"
2026-09-21 02:01:25,+0300,10,Suur-Paala,0,success,"{"total":0,"location_name":"Suur-Paala","location_id":10}"
2026-09-21 02:03:26,+0300,1,Hipodroom,0,success,"{"total":0,"location_name":"Hipodroom","location_id":1}"
2026-09-21 02:03:26,+0300,3,T1,1,success,"{"total":1,"location_name":"T1 Shopping Mall","location_id":3}"
2026-09-21 02:03:26,+0300,9,Mustika,0,success,"{"total":0,"location_name":"Mustika","location_id":9}"
2026-09-21 02:03:26,+0300,10,Suur-Paala,0,success,"{"total":0,"location_name":"Suur-Paala","location_id":10}"
2026-09-21 02:05:26,+0300,1,Hipodroom,0,success,"{"total":0,"location_name":"Hipodroom","location_id":1}"
2026-09-21 02:05:26,+0300,3,T1,1,success,"{"total":1,"location_name":"T1 Shopping Mall","location_id":3}"
2026-09-21 02:05:26,+0300,9,Mustika,0,success,"{"total":0,"location_name":"Mustika","location_id":9}"
2026-09-21 02:05:26,+0300,10,Suur-Paala,0,success,"{"total":0,"location_name":"Suur-Paala","location_id":10}"
2026-09-21 02:07:27,+0300,1,Hipodroom,0,success,"{"total":0,"location_name":"Hipodroom","location_id":1}"
2026-09-21 02:07:27,+0300,3,T1,1,success,"{"total":1,"location_name":"T1 Shopping Mall","location_id":3}"
2026-09-21 02:07:27,+0300,9,Mustika,0,success,"{"total":0,"location_name":"Mustika","location_id":9}"
2026-09-21 02:07:27,+0300,10,Suur-Paala,0,success,"{"total":0,"location_name":"Suur-Paala","location_id":10}"
2026-09-21 02:09:28,+0300,1,Hipodroom,0,success,"{"total":0,"location_name":"Hipodroom","location_id":1}"
2026-09-21 02:09:28,+0300,3,T1,1,success,"{"total":1,"location_name":"T1 Shopping Mall","location_id":3}"
2026-09-21 02:09:28,+0300,9,Mustika,0,success,"{"total":0,"location_name":"Mustika","location_id":9}"
2026-09-21 02:09:28,+0300,10,Suur-Paala,0,success,"{"total":0,"location_name":"Suur-Paala","location_id":10}"
2026-09-21 02:11:29,+0300,1,Hipodroom,0,success,"{"total":0,"location_name":"Hipodroom","location_id":1}"
2026-09-21 02:11:29,+0300,3,T1,1,success,"{"total":1,"location_name":"T1 Shopping Mall","location_id":3}"
2026-09-21 02:11:29,+0300,9,Mustika,0,success,"{"total":0,"location_name":"Mustika","location_id":9}"
2026-09-21 02:11:29,+0300,10,Suur-Paala,0,success,"{"total":0,"location_name":"Suur-Paala","location_id":10}"
2026-09-21 02:13:30,+0300,1,Hipodroom,0,success,"{"total":0,"location_name":"Hipodroom","location_id":1}"
2026-09-21 02:13:30,+0300,3,T1,1,success,"{"total":1,"location_name":"T1 Shopping Mall","location_id":3}"
2026-09-21 02:13:30,+0300,9,Mustika,0,success,"{"total":0,"location_name":"Mustika","location_id":9}"
2026-09-21 02:13:30,+0300,10,Suur-Paala,0,success,"{"total":0,"location_name":"Suur-Paala","location_id":10}"
2026-09-21 02:15:31,+0300,1,Hipodroom,0,success,"{"total":0,"location_name":"Hipodroom","location_id":1}"
2026-09-21 02:15:31,+0300,3,T1,1,success,"{"total":1,"location_name":"T1 Shopping Mall","location_id":3}"
2026-09-21 02:15:31,+0300,9,Mustika,0,success,"{"total":0,"location_name":"Mustika","location_id":9}"
2026-09-21 02:15:31,+0300,10,Suur-Paala,0,success,"{"total":0,"location_name":"Suur-Paala","location_id":10}"
2026-09-21 02:17:31,+0300,1,Hipodroom,0,success,"{"total":0,"location_name":"Hipodroom","location_id":1}"
2026-09-21 02:17:31,+0300,3,T1,1,success,"{"total":1,"location_name":"T1 Shopping Mall","location_id":3}"
2026-09-21 02:17:31,+0300,9,Mustika,0,success,"{"total":0,"location_name":"Mustika","location_id":9}"
2026-09-21 02:17:31,+0300,10,Suur-Paala,0,success,"{"total":0,"location_name":"Suur-Paala","location_id":10}"
2026-09-21 02:19:32,+0300,1,Hipodroom,0,success,"{"total":0,"location_name":"Hipodroom","location_id":1}"
2026-09-21 02:19:32,+0300,3,T1,1,success,"{"total":1,"location_name":"T1 Shopping Mall","location_id":3}"
2026-09-21 02:19:32,+0300,9,Mustika,0,success,"{"total":0,"location_name":"Mustika","location_id":9}"
2026-09-21 02:19:32,+0300,10,Suur-Paala,0,success,"{"total":0,"location_name":"Suur-Paala","location_id":10}"
2026-09-21 02:21:33,+0300,1,Hipodroom,0,success,"{"total":0,"location_name":"Hipodroom","location_id":1}"
2026-09-21 02:21:33,+0300,3,T1,1,success,"{"total":1,"location_name":"T1 Shopping Mall","location_id":3}"
2026-09-21 02:21:33,+0300,9,Mustika,0,success,"{"total":0,"location_name":"Mustika","location_id":9}"
2026-09-21 02:21:33,+0300,10,Suur-Paala,0,success,"{"total":0,"location_name":"Suur-Paala","location_id":10}"
2026-09-21 02:23:34,+0300,1,Hipodroom,0,success,"{"total":0,"location_name":"Hipodroom","location_id":1}"
2026-09-21 02:23:34,+0300,3,T1,1,success,"{"total":1,"location_name":"T1 Shopping Mall","location_id":3}"
2026-09-21 02:23:34,+0300,9,Mustika,0,success,"{"total":0,"location_name":"Mustika","location_id":9}"
2026-09-21 02:23:34,+0300,10,Suur-Paala,0,success,"{"total":0,"location_name":"Suur-Paala","location_id":10}"
2026-09-21 02:25:34,+0300,1,Hipodroom,0,success,"{"total":0,"location_name":"Hipodroom","location_id":1}"
2026-09-21 02:25:34,+0300,3,T1,1,success,"{"total":1,"location_name":"T1 Shopping Mall","location_id":3}"
2026-09-21 02:25:34,+0300,9,Mustika,0,success,"{"total":0,"location_name":"Mustika","location_id":9}"
2026-09-21 02:25:34,+0300,10,Suur-Paala,0,success,"{"total":0,"location_name":"Suur-Paala","location_id":10}"
2026-09-21 02:27:35,+0300,1,Hipodroom,0,success,"{"total":0,"location_name":"Hipodroom","location_id":1}"
2026-09-21 02:27:35,+0300,3,T1,1,success,"{"total":1,"location_name":"T1 Shopping Mall","location_id":3}"
2026-09-21 02:27:35,+0300,9,Mustika,0,success,"{"total":0,"location_name":"Mustika","location_id":9}"
2026-09-21 02:27:35,+0300,10,Suur-Paala,0,success,"{"total":0,"location_name":"Suur-Paala","location_id":10}"
2026-09-21 02:29:37,+0300,1,Hipodroom,0,success,"{"total":0,"location_name":"Hipodroom","location_id":1}"
2026-09-21 02:29:37,+0300,3,T1,1,success,"{"total":1,"location_name":"T1 Shopping Mall","location_id":3}"
2026-09-21 02:29:37,+0300,9,Mustika,0,success,"{"total":0,"location_name":"Mustika","location_id":9}"
2026-09-21 02:29:37,+0300,10,Suur-Paala,0,success,"{"total":0,"location_name":"Suur-Paala","location_id":10}"
2026-09-21 02:31:38,+0300,1,Hipodroom,0,success,"{"total":0,"location_name":"Hipodroom","location_id":1}"
2026-09-21 02:31:38,+0300,3,T1,1,success,"{"total":1,"location_name":"T1 Shopping Mall","location_id":3}"
2026-09-21 02:31:38,+0300,9,Mustika,0,success,"{"total":0,"location_name":"Mustika","location_id":9}"
2026-09-21 02:31:38,+0300,10,Suur-Paala,0,success,"{"total":0,"location_name":"Suur-Paala","location_id":10}"
2026-09-21 02:33:44,+0300,1,Hipodroom,0,success,"{"total":0,"location_name":"Hipodroom","location_id":1}"
2026-09-21 02:33:44,+0300,3,T1,1,success,"{"total":1,"location_name":"T1 Shopping Mall","location_id":3}"
2026-09-21 02:33:44,+0300,9,Mustika,0,success,"{"total":0,"location_name":"Mustika","location_id":9}"
2026-09-21 02:33:44,+0300,10,Suur-Paala,0,success,"{"total":0,"location_name":"Suur-Paala","location_id":10}"
2026-09-21 02:35:45,+0300,1,Hipodroom,0,success,"{"total":0,"location_name":"Hipodroom","location_id":1}"
2026-09-21 02:35:45,+0300,3,T1,1,success,"{"total":1,"location_name":"T1 Shopping Mall","location_id":3}"
2026-09-21 02:35:45,+0300,9,Mustika,0,success,"{"total":0,"location_name":"Mustika","location_id":9}"
2026-09-21 02:35:45,+0300,10,Suur-Paala,0,success,"{"total":0,"location_name":"Suur-Paala","location_id":10}"
2026-09-21 02:37:45,+0300,1,Hipodroom,0,success,"{"total":0,"location_name":"Hipodroom","location_id":1}"
2026-09-21 02:37:45,+0300,3,T1,1,success,"{"total":1,"location_name":"T1 Shopping Mall","location_id":3}"
2026-09-21 02:37:45,+0300,9,Mustika,0,success,"{"total":0,"location_name":"Mustika","location_id":9}"
2026-09-21 02:37:45,+0300,10,Suur-Paala,0,success,"{"total":0,"location_name":"Suur-Paala","location_id":10}"
2026-09-21 02:39:47,+0300,1,Hipodroom,0,success,"{"total":0,"location_name":"Hipodroom","location_id":1}"
2026-09-21 02:39:47,+0300,3,T1,1,success,"{"total":1,"location_name":"T1 Shopping Mall","location_id":3}"
2026-09-21 02:39:47,+0300,9,Mustika,0,success,"{"total":0,"location_name":"Mustika","location_id":9}"
2026-09-21 02:39:47,+0300,10,Suur-Paala,0,success,"{"total":0,"location_name":"Suur-Paala","location_id":10}"
2026-09-21 02:41:48,+0300,1,Hipodroom,0,success,"{"total":0,"location_name":"Hipodroom","location_id":1}"
2026-09-21 02:41:48,+0300,3,T1,1,success,"{"total":1,"location_name":"T1 Shopping Mall","location_id":3}"
2026-09-21 02:41:48,+0300,9,Mustika,0,success,"{"total":0,"location_name":"Mustika","location_id":9}"
2026-09-21 02:41:48,+0300,10,Suur-Paala,0,success,"{"total":0,"location_name":"Suur-Paala","location_id":10}"
2026-09-21 02:43:48,+0300,1,Hipodroom,0,success,"{"total":0,"location_name":"Hipodroom","location_id":1}"
2026-09-21 02:43:48,+0300,3,T1,1,success,"{"total":1,"location_name":"T1 Shopping Mall","location_id":3}"
2026-09-21 02:43:48,+0300,9,Mustika,0,success,"{"total":0,"location_name":"Mustika","location_id":9}"
2026-09-21 02:43:48,+0300,10,Suur-Paala,0,success,"{"total":0,"location_name":"Suur-Paala","location_id":10}"
2026-09-21 02:45:49,+0300,1,Hipodroom,0,success,"{"total":0,"location_name":"Hipodroom","location_id":1}"
2026-09-21 02:45:49,+0300,3,T1,1,success,"{"total":1,"location_name":"T1 Shopping Mall","location_id":3}"
2026-09-21 02:45:49,+0300,9,Mustika,0,success,"{"total":0,"location_name":"Mustika","location_id":9}"
2026-09-21 02:45:49,+0300,10,Suur-Paala,0,success,"{"total":0,"location_name":"Suur-Paala","location_id":10}"
2026-09-21 02:47:50,+0300,1,Hipodroom,0,success,"{"total":0,"location_name":"Hipodroom","location_id":1}"
2026-09-21 02:47:50,+0300,3,T1,1,success,"{"total":1,"location_name":"T1 Shopping Mall","location_id":3}"
2026-09-21 02:47:50,+0300,9,Mustika,0,success,"{"total":0,"location_name":"Mustika","location_id":9}"
2026-09-21 02:47:50,+0300,10,Suur-Paala,0,success,"{"total":0,"location_name":"Suur-Paala","location_id":10}"
2026-09-21 02:49:51,+0300,1,Hipodroom,0,success,"{"total":0,"location_name":"Hipodroom","location_id":1}"
2026-09-21 02:49:51,+0300,3,T1,1,success,"{"total":1,"location_name":"T1 Shopping Mall","location_id":3}"
2026-09-21 02:49:51,+0300,9,Mustika,0,success,"{"total":0,"location_name":"Mustika","location_id":9}"
2026-09-21 02:49:51,+0300,10,Suur-Paala,0,success,"{"total":0,"location_name":"Suur-Paala","location_id":10}"
2026-09-21 02:51:52,+0300,1,Hipodroom,0,success,"{"total":0,"location_name":"Hipodroom","location_id":1}"
2026-09-21 02:51:52,+0300,3,T1,1,success,"{"total":1,"location_name":"T1 Shopping Mall","location_id":3}"
2026-09-21 02:51:52,+0300,9,Mustika,0,success,"{"total":0,"location_name":"Mustika","location_id":9}"
2026-09-21 02:51:52,+0300,10,Suur-Paala,0,success,"{"total":0,"location_name":"Suur-Paala","location_id":10}"
2026-09-21 02:53:53,+0300,1,Hipodroom,0,success,"{"total":0,"location_name":"Hipodroom","location_id":1}"
2026-09-21 02:53:53,+0300,3,T1,1,success,"{"total":1,"location_name":"T1 Shopping Mall","location_id":3}"
2026-09-21 02:53:53,+0300,9,Mustika,0,success,"{"total":0,"location_name":"Mustika","location_id":9}"
2026-09-21 02:53:53,+0300,10,Suur-Paala,0,success,"{"total":0,"location_name":"Suur-Paala","location_id":10}"
2026-09-21 02:55:53,+0300,1,Hipodroom,0,success,"{"total":0,"location_name":"Hipodroom","location_id":1}"
2026-09-21 02:55:53,+0300,3,T1,0,success,"{"total":0,"location_name":"T1 Shopping Mall","location_id":3}"
2026-09-21 02:55:53,+0300,9,Mustika,0,success,"{"total":0,"location_name":"Mustika","location_id":9}"
2026-09-21 02:55:53,+0300,10,Suur-Paala,0,success,"{"total":0,"location_name":"Suur-Paala","location_id":10}"
2026-09-21 02:57:54,+0300,1,Hipodroom,0,success,"{"total":0,"location_name":"Hipodroom","location_id":1}"
2026-09-21 02:57:54,+0300,3,T1,0,success,"{"total":0,"location_name":"T1 Shopping Mall","location_id":3}"
2026-09-21 02:57:54,+0300,9,Mustika,0,success,"{"total":0,"location_name":"Mustika","location_id":9}"
2026-09-21 02:57:54,+0300,10,Suur-Paala,0,success,"{"total":0,"location_name":"Suur-Paala","location_id":10}"
2026-09-21 02:59:55,+0300,1,Hipodroom,0,success,"{"total":0,"location_name":"Hipodroom","location_id":1}"
2026-09-21 02:59:55,+0300,3,T1,0,success,"{"total":0,"location_name":"T1 Shopping Mall","location_id":3}"
2026-09-21 02:59:55,+0300,9,Mustika,0,success,"{"total":0,"location_name":"Mustika","location_id":9}"
2026-09-21 02:59:55,+0300,10,Suur-Paala,0,success,"{"total":0,"location_name":"Suur-Paala","location_id":10}"
2026-09-21 03:01:56,+0300,1,Hipodroom,0,success,"{"total":0,"location_name":"Hipodroom","location_id":1}"
2026-09-21 03:01:56,+0300,3,T1,0,success,"{"total":0,"location_name":"T1 Shopping Mall","location_id":3}"
2026-09-21 03:01:56,+0300,9,Mustika,0,success,"{"total":0,"location_name":"Mustika","location_id":9}"
2026-09-21 03:01:56,+0300,10,Suur-Paala,0,success,"{"total":0,"location_name":"Suur-Paala","location_id":10}"
2026-09-21 03:03:57,+0300,1,Hipodroom,0,success,"{"total":0,"location_name":"Hipodroom","location_id":1}"
2026-09-21 03:03:57,+0300,3,T1,0,success,"{"total":0,"location_name":"T1 Shopping Mall","location_id":3}"
2026-09-21 03:03:57,+0300,9,Mustika,0,success,"{"total":0,"location_name":"Mustika","location_id":9}"
2026-09-21 03:03:57,+0300,10,Suur-Paala,0,success,"{"total":0,"location_name":"Suur-Paala","location_id":10}"
2026-09-21 03:05:58,+0300,1,Hipodroom,0,success,"{"total":0,"location_name":"Hipodroom","location_id":1}"
2026-09-21 03:05:58,+0300,3,T1,0,success,"{"total":0,"location_name":"T1 Shopping Mall","location_id":3}"
2026-09-21 03:05:58,+0300,9,Mustika,0,success,"{"total":0,"location_name":"Mustika","location_id":9}"
2026-09-21 03:05:58,+0300,10,Suur-Paala,0,success,"{"total":0,"location_name":"Suur-Paala","location_id":10}"
2026-09-21 03:07:59,+0300,1,Hipodroom,0,success,"{"total":0,"location_name":"Hipodroom","location_id":1}"
2026-09-21 03:07:59,+0300,3,T1,0,success,"{"total":0,"location_name":"T1 Shopping Mall","location_id":3}"
2026-09-21 03:07:59,+0300,9,Mustika,0,success,"{"total":0,"location_name":"Mustika","location_id":9}"
2026-09-21 03:07:59,+0300,10,Suur-Paala,0,success,"{"total":0,"location_name":"Suur-Paala","location_id":10}"
2026-09-21 03:10:00,+0300,1,Hipodroom,0,success,"{"total":0,"location_name":"Hipodroom","location_id":1}"
2026-09-21 03:10:00,+0300,3,T1,0,success,"{"total":0,"location_name":"T1 Shopping Mall","location_id":3}"
2026-09-21 03:10:00,+0300,9,Mustika,0,success,"{"total":0,"location_name":"Mustika","location_id":9}"
2026-09-21 03:10:00,+0300,10,Suur-Paala,0,success,"{"total":0,"location_name":"Suur-Paala","location_id":10}"
2026-09-21 03:12:01,+0300,1,Hipodroom,0,success,"{"total":0,"location_name":"Hipodroom","location_id":1}"
2026-09-21 03:12:01,+0300,3,T1,0,success,"{"total":0,"location_name":"T1 Shopping Mall","location_id":3}"
2026-09-21 03:12:01,+0300,9,Mustika,0,success,"{"total":0,"location_name":"Mustika","location_id":9}"
2026-09-21 03:12:01,+0300,10,Suur-Paala,0,success,"{"total":0,"location_name":"Suur-Paala","location_id":10}"
2026-09-21 03:14:01,+0300,1,Hipodroom,0,success,"{"total":0,"location_name":"Hipodroom","location_id":1}"
2026-09-21 03:14:01,+0300,3,T1,0,success,"{"total":0,"location_name":"T1 Shopping Mall","location_id":3}"
2026-09-21 03:14:01,+0300,9,Mustika,0,success,"{"total":0,"location_name":"Mustika","location_id":9}"
2026-09-21 03:14:01,+0300,10,Suur-Paala,0,success,"{"total":0,"location_name":"Suur-Paala","location_id":10}"
2026-09-21 03:16:02,+0300,1,Hipodroom,0,success,"{"total":0,"location_name":"Hipodroom","location_id":1}"
2026-09-21 03:16:02,+0300,3,T1,0,success,"{"total":0,"location_name":"T1 Shopping Mall","location_id":3}"
2026-09-21 03:16:02,+0300,9,Mustika,0,success,"{"total":0,"location_name":"Mustika","location_id":9}"
2026-09-21 03:16:02,+0300,10,Suur-Paala,0,success,"{"total":0,"location_name":"Suur-Paala","location_id":10}"
2026-09-21 03:18:02,+0300,1,Hipodroom,0,success,"{"total":0,"location_name":"Hipodroom","location_id":1}"
2026-09-21 03:18:02,+0300,3,T1,0,success,"{"total":0,"location_name":"T1 Shopping Mall","location_id":3}"
2026-09-21 03:18:02,+0300,9,Mustika,0,success,"{"total":0,"location_name":"Mustika","location_id":9}"
2026-09-21 03:18:02,+0300,10,Suur-Paala,0,success,"{"total":0,"location_name":"Suur-Paala","location_id":10}"
2026-09-21 03:20:03,+0300,1,Hipodroom,0,success,"{"total":0,"location_name":"Hipodroom","location_id":1}"
2026-09-21 03:20:03,+0300,3,T1,0,success,"{"total":0,"location_name":"T1 Shopping Mall","location_id":3}"
2026-09-21 03:20:03,+0300,9,Mustika,0,success,"{"total":0,"location_name":"Mustika","location_id":9}"
2026-09-21 03:20:03,+0300,10,Suur-Paala,0,success,"{"total":0,"location_name":"Suur-Paala","location_id":10}"
2026-09-21 03:22:03,+0300,1,Hipodroom,0,success,"{"total":0,"location_name":"Hipodroom","location_id":1}"
2026-09-21 03:22:03,+0300,3,T1,0,success,"{"total":0,"location_name":"T1 Shopping Mall","location_id":3}"
2026-09-21 03:22:03,+0300,9,Mustika,0,success,"{"total":0,"location_name":"Mustika","location_id":9}"
2026-09-21 03:22:03,+0300,10,Suur-Paala,0,success,"{"total":0,"location_name":"Suur-Paala","location_id":10}"
2026-09-21 03:24:04,+0300,1,Hipodroom,0,success,"{"total":0,"location_name":"Hipodroom","location_id":1}"
2026-09-21 03:24:04,+0300,3,T1,0,success,"{"total":0,"location_name":"T1 Shopping Mall","location_id":3}"
2026-09-21 03:24:04,+0300,9,Mustika,0,success,"{"total":0,"location_name":"Mustika","location_id":9}"
2026-09-21 03:24:04,+0300,10,Suur-Paala,0,success,"{"total":0,"location_name":"Suur-Paala","location_id":10}"
2026-09-21 03:26:05,+0300,1,Hipodroom,0,success,"{"total":0,"location_name":"Hipodroom","location_id":1}"
2026-09-21 03:26:05,+0300,3,T1,0,success,"{"total":0,"location_name":"T1 Shopping Mall","location_id":3}"
2026-09-21 03:26:05,+0300,9,Mustika,0,success,"{"total":0,"location_name":"Mustika","location_id":9}"
2026-09-21 03:26:05,+0300,10,Suur-Paala,0,success,"{"total":0,"location_name":"Suur-Paala","location_id":10}"
2026-09-21 03:28:06,+0300,1,Hipodroom,0,success,"{"total":0,"location_name":"Hipodroom","location_id":1}"
2026-09-21 03:28:06,+0300,3,T1,0,success,"{"total":0,"location_name":"T1 Shopping Mall","location_id":3}"
2026-09-21 03:28:06,+0300,9,Mustika,0,success,"{"total":0,"location_name":"Mustika","location_id":9}"
2026-09-21 03:28:06,+0300,10,Suur-Paala,0,success,"{"total":0,"location_name":"Suur-Paala","location_id":10}"
2026-09-21 03:30:07,+0300,1,Hipodroom,0,success,"{"total":0,"location_name":"Hipodroom","location_id":1}"
2026-09-21 03:30:07,+0300,3,T1,0,success,"{"total":0,"location_name":"T1 Shopping Mall","location_id":3}"
2026-09-21 03:30:07,+0300,9,Mustika,0,success,"{"total":0,"location_name":"Mustika","location_id":9}"
2026-09-21 03:30:07,+0300,10,Suur-Paala,0,success,"{"total":0,"location_name":"Suur-Paala","location_id":10}"
2026-09-21 03:32:09,+0300,1,Hipodroom,0,success,"{"total":0,"location_name":"Hipodroom","location_id":1}"
2026-09-21 03:32:09,+0300,3,T1,0,success,"{"total":0,"location_name":"T1 Shopping Mall","location_id":3}"
2026-09-21 03:32:09,+0300,9,Mustika,0,success,"{"total":0,"location_name":"Mustika","location_id":9}"
2026-09-21 03:32:09,+0300,10,Suur-Paala,0,success,"{"total":0,"location_name":"Suur-Paala","location_id":10}"
2026-09-21 03:34:09,+0300,1,Hipodroom,0,success,"{"total":0,"location_name":"Hipodroom","location_id":1}"
2026-09-21 03:34:09,+0300,3,T1,0,success,"{"total":0,"location_name":"T1 Shopping Mall","location_id":3}"
2026-09-21 03:34:09,+0300,9,Mustika,0,success,"{"total":0,"location_name":"Mustika","location_id":9}"
2026-09-21 03:34:09,+0300,10,Suur-Paala,0,success,"{"total":0,"location_name":"Suur-Paala","location_id":10}"
2026-09-21 03:36:10,+0300,1,Hipodroom,0,success,"{"total":0,"location_name":"Hipodroom","location_id":1}"
2026-09-21 03:36:10,+0300,3,T1,0,success,"{"total":0,"location_name":"T1 Shopping Mall","location_id":3}"
2026-09-21 03:36:10,+0300,9,Mustika,0,success,"{"total":0,"location_name":"Mustika","location_id":9}"
2026-09-21 03:36:10,+0300,10,Suur-Paala,0,success,"{"total":0,"location_name":"Suur-Paala","location_id":10}"
2026-09-21 03:38:11,+0300,1,Hipodroom,0,success,"{"total":0,"location_name":"Hipodroom","location_id":1}"
2026-09-21 03:38:11,+0300,3,T1,0,success,"{"total":0,"location_name":"T1 Shopping Mall","location_id":3}"
2026-09-21 03:38:11,+0300,9,Mustika,0,success,"{"total":0,"location_name":"Mustika","location_id":9}"
2026-09-21 03:38:11,+0300,10,Suur-Paala,0,success,"{"total":0,"location_name":"Suur-Paala","location_id":10}"
2026-09-21 03:40:12,+0300,1,Hipodroom,0,success,"{"total":0,"location_name":"Hipodroom","location_id":1}"
2026-09-21 03:40:12,+0300,3,T1,0,success,"{"total":0,"location_name":"T1 Shopping Mall","location_id":3}"
2026-09-21 03:40:12,+0300,9,Mustika,0,success,"{"total":0,"location_name":"Mustika","location_id":9}"
2026-09-21 03:40:12,+0300,10,Suur-Paala,0,success,"{"total":0,"location_name":"Suur-Paala","location_id":10}"
2026-09-21 03:42:12,+0300,1,Hipodroom,0,success,"{"total":0,"location_name":"Hipodroom","location_id":1}"
2026-09-21 03:42:12,+0300,3,T1,0,success,"{"total":0,"location_name":"T1 Shopping Mall","location_id":3}"
2026-09-21 03:42:12,+0300,9,Mustika,0,success,"{"total":0,"location_name":"Mustika","location_id":9}"
2026-09-21 03:42:12,+0300,10,Suur-Paala,0,success,"{"total":0,"location_name":"Suur-Paala","location_id":10}"
2026-09-21 03:44:13,+0300,1,Hipodroom,0,success,"{"total":0,"location_name":"Hipodroom","location_id":1}"
2026-09-21 03:44:13,+0300,3,T1,0,success,"{"total":0,"location_name":"T1 Shopping Mall","location_id":3}"
2026-09-21 03:44:13,+0300,9,Mustika,0,success,"{"total":0,"location_name":"Mustika","location_id":9}"
2026-09-21 03:44:13,+0300,10,Suur-Paala,0,success,"{"total":0,"location_name":"Suur-Paala","location_id":10}"
2026-09-21 03:46:14,+0300,1,Hipodroom,0,success,"{"total":0,"location_name":"Hipodroom","location_id":1}"
2026-09-21 03:46:14,+0300,3,T1,0,success,"{"total":0,"location_name":"T1 Shopping Mall","location_id":3}"
2026-09-21 03:46:14,+0300,9,Mustika,0,success,"{"total":0,"location_name":"Mustika","location_id":9}"
2026-09-21 03:46:14,+0300,10,Suur-Paala,0,success,"{"total":0,"location_name":"Suur-Paala","location_id":10}"
2026-09-21 03:48:14,+0300,1,Hipodroom,0,success,"{"total":0,"location_name":"Hipodroom","location_id":1}"
2026-09-21 03:48:14,+0300,3,T1,0,success,"{"total":0,"location_name":"T1 Shopping Mall","location_id":3}"
2026-09-21 03:48:14,+0300,9,Mustika,0,success,"{"total":0,"location_name":"Mustika","location_id":9}"
2026-09-21 03:48:14,+0300,10,Suur-Paala,0,success,"{"total":0,"location_name":"Suur-Paala","location_id":10}"
2026-09-21 03:50:15,+0300,1,Hipodroom,0,success,"{"total":0,"location_name":"Hipodroom","location_id":1}"
2026-09-21 03:50:15,+0300,3,T1,0,success,"{"total":0,"location_name":"T1 Shopping Mall","location_id":3}"
2026-09-21 03:50:15,+0300,9,Mustika,0,success,"{"total":0,"location_name":"Mustika","location_id":9}"
2026-09-21 03:50:15,+0300,10,Suur-Paala,0,success,"{"total":0,"location_name":"Suur-Paala","location_id":10}"
2026-09-21 03:52:16,+0300,1,Hipodroom,0,success,"{"total":0,"location_name":"Hipodroom","location_id":1}"
2026-09-21 03:52:16,+0300,3,T1,0,success,"{"total":0,"location_name":"T1 Shopping Mall","location_id":3}"
2026-09-21 03:52:16,+0300,9,Mustika,0,success,"{"total":0,"location_name":"Mustika","location_id":9}"
2026-09-21 03:52:16,+0300,10,Suur-Paala,0,success,"{"total":0,"location_name":"Suur-Paala","location_id":10}"
2026-09-21 03:54:16,+0300,1,Hipodroom,0,success,"{"total":0,"location_name":"Hipodroom","location_id":1}"
2026-09-21 03:54:16,+0300,3,T1,0,success,"{"total":0,"location_name":"T1 Shopping Mall","location_id":3}"
2026-09-21 03:54:16,+0300,9,Mustika,0,success,"{"total":0,"location_name":"Mustika","location_id":9}"
2026-09-21 03:54:16,+0300,10,Suur-Paala,0,success,"{"total":0,"location_name":"Suur-Paala","location_id":10}"
2026-09-21 03:56:17,+0300,1,Hipodroom,0,success,"{"total":0,"location_name":"Hipodroom","location_id":1}"
2026-09-21 03:56:17,+0300,3,T1,0,success,"{"total":0,"location_name":"T1 Shopping Mall","location_id":3}"
2026-09-21 03:56:17,+0300,9,Mustika,0,success,"{"total":0,"location_name":"Mustika","location_id":9}"
2026-09-21 03:56:17,+0300,10,Suur-Paala,0,success,"{"total":0,"location_name":"Suur-Paala","location_id":10}"
2026-09-21 03:58:18,+0300,1,Hipodroom,0,success,"{"total":0,"location_name":"Hipodroom","location_id":1}"
2026-09-21 03:58:18,+0300,3,T1,0,success,"{"total":0,"location_name":"T1 Shopping Mall","location_id":3}"
2026-09-21 03:58:18,+0300,9,Mustika,0,success,"{"total":0,"location_name":"Mustika","location_id":9}"
2026-09-21 03:58:18,+0300,10,Suur-Paala,0,success,"{"total":0,"location_name":"Suur-Paala","location_id":10}"
2026-09-21 04:00:19,+0300,1,Hipodroom,0,success,"{"total":0,"location_name":"Hipodroom","location_id":1}"
2026-09-21 04:00:19,+0300,3,T1,0,success,"{"total":0,"location_name":"T1 Shopping Mall","location_id":3}"
2026-09-21 04:00:19,+0300,9,Mustika,0,success,"{"total":0,"location_name":"Mustika","location_id":9}"
2026-09-21 04:00:19,+0300,10,Suur-Paala,0,success,"{"total":0,"location_name":"Suur-Paala","location_id":10}"
2026-09-21 04:02:19,+0300,1,Hipodroom,0,success,"{"total":0,"location_name":"Hipodroom","location_id":1}"
2026-09-21 04:02:19,+0300,3,T1,0,success,"{"total":0,"location_name":"T1 Shopping Mall","location_id":3}"
2026-09-21 04:02:19,+0300,9,Mustika,0,success,"{"total":0,"location_name":"Mustika","location_id":9}"
2026-09-21 04:02:19,+0300,10,Suur-Paala,0,success,"{"total":0,"location_name":"Suur-Paala","location_id":10}"
2026-09-21 04:04:20,+0300,1,Hipodroom,0,success,"{"total":0,"location_name":"Hipodroom","location_id":1}"
2026-09-21 04:04:20,+0300,3,T1,0,success,"{"total":0,"location_name":"T1 Shopping Mall","location_id":3}"
2026-09-21 04:04:20,+0300,9,Mustika,0,success,"{"total":0,"location_name":"Mustika","location_id":9}"
2026-09-21 04:04:20,+0300,10,Suur-Paala,0,success,"{"total":0,"location_name":"Suur-Paala","location_id":10}"
2026-09-21 04:06:21,+0300,1,Hipodroom,0,success,"{"total":0,"location_name":"Hipodroom","location_id":1}"
2026-09-21 04:06:21,+0300,3,T1,0,success,"{"total":0,"location_name":"T1 Shopping Mall","location_id":3}"
2026-09-21 04:06:21,+0300,9,Mustika,0,success,"{"total":0,"location_name":"Mustika","location_id":9}"
2026-09-21 04:06:21,+0300,10,Suur-Paala,0,success,"{"total":0,"location_name":"Suur-Paala","location_id":10}"
2026-09-21 04:08:21,+0300,1,Hipodroom,0,success,"{"total":0,"location_name":"Hipodroom","location_id":1}"
2026-09-21 04:08:21,+0300,3,T1,0,success,"{"total":0,"location_name":"T1 Shopping Mall","location_id":3}"
2026-09-21 04:08:21,+0300,9,Mustika,0,success,"{"total":0,"location_name":"Mustika","location_id":9}"
2026-09-21 04:08:21,+0300,10,Suur-Paala,0,success,"{"total":0,"location_name":"Suur-Paala","location_id":10}"
2026-09-21 04:10:23,+0300,1,Hipodroom,0,success,"{"total":0,"location_name":"Hipodroom","location_id":1}"
2026-09-21 04:10:23,+0300,3,T1,0,success,"{"total":0,"location_name":"T1 Shopping Mall","location_id":3}"
2026-09-21 04:10:23,+0300,9,Mustika,0,success,"{"total":0,"location_name":"Mustika","location_id":9}"
2026-09-21 04:10:23,+0300,10,Suur-Paala,0,success,"{"total":0,"location_name":"Suur-Paala","location_id":10}"
2026-09-21 04:12:23,+0300,1,Hipodroom,0,success,"{"total":0,"location_name":"Hipodroom","location_id":1}"
2026-09-21 04:12:23,+0300,3,T1,0,success,"{"total":0,"location_name":"T1 Shopping Mall","location_id":3}"
2026-09-21 04:12:23,+0300,9,Mustika,0,success,"{"total":0,"location_name":"Mustika","location_id":9}"
2026-09-21 04:12:23,+0300,10,Suur-Paala,0,success,"{"total":0,"location_name":"Suur-Paala","location_id":10}"
2026-09-21 04:14:24,+0300,1,Hipodroom,0,success,"{"total":0,"location_name":"Hipodroom","location_id":1}"
2026-09-21 04:14:24,+0300,3,T1,0,success,"{"total":0,"location_name":"T1 Shopping Mall","location_id":3}"
2026-09-21 04:14:24,+0300,9,Mustika,0,success,"{"total":0,"location_name":"Mustika","location_id":9}"
2026-09-21 04:14:24,+0300,10,Suur-Paala,0,success,"{"total":0,"location_name":"Suur-Paala","location_id":10}"
2026-09-21 04:16:25,+0300,1,Hipodroom,0,success,"{"total":0,"location_name":"Hipodroom","location_id":1}"
2026-09-21 04:16:25,+0300,3,T1,0,success,"{"total":0,"location_name":"T1 Shopping Mall","location_id":3}"
2026-09-21 04:16:25,+0300,9,Mustika,0,success,"{"total":0,"location_name":"Mustika","location_id":9}"
2026-09-21 04:16:25,+0300,10,Suur-Paala,0,success,"{"total":0,"location_name":"Suur-Paala","location_id":10}"
2026-09-21 04:18:25,+0300,1,Hipodroom,0,success,"{"total":0,"location_name":"Hipodroom","location_id":1}"
2026-09-21 04:18:25,+0300,3,T1,0,success,"{"total":0,"location_name":"T1 Shopping Mall","location_id":3}"
2026-09-21 04:18:25,+0300,9,Mustika,0,success,"{"total":0,"location_name":"Mustika","location_id":9}"
2026-09-21 04:18:25,+0300,10,Suur-Paala,0,success,"{"total":0,"location_name":"Suur-Paala","location_id":10}"
2026-09-21 04:20:26,+0300,1,Hipodroom,0,success,"{"total":0,"location_name":"Hipodroom","location_id":1}"
2026-09-21 04:20:26,+0300,3,T1,0,success,"{"total":0,"location_name":"T1 Shopping Mall","location_id":3}"
2026-09-21 04:20:26,+0300,9,Mustika,0,success,"{"total":0,"location_name":"Mustika","location_id":9}"
2026-09-21 04:20:26,+0300,10,Suur-Paala,0,success,"{"total":0,"location_name":"Suur-Paala","location_id":10}"
2026-09-21 04:22:27,+0300,1,Hipodroom,0,success,"{"total":0,"location_name":"Hipodroom","location_id":1}"
2026-09-21 04:22:27,+0300,3,T1,0,success,"{"total":0,"location_name":"T1 Shopping Mall","location_id":3}"
2026-09-21 04:22:27,+0300,9,Mustika,0,success,"{"total":0,"location_name":"Mustika","location_id":9}"
2026-09-21 04:22:27,+0300,10,Suur-Paala,0,success,"{"total":0,"location_name":"Suur-Paala","location_id":10}"
2026-09-21 04:24:28,+0300,1,Hipodroom,0,success,"{"total":0,"location_name":"Hipodroom","location_id":1}"
2026-09-21 04:24:28,+0300,3,T1,0,success,"{"total":0,"location_name":"T1 Shopping Mall","location_id":3}"
2026-09-21 04:24:28,+0300,9,Mustika,0,success,"{"total":0,"location_name":"Mustika","location_id":9}"
2026-09-21 04:24:28,+0300,10,Suur-Paala,0,success,"{"total":0,"location_name":"Suur-Paala","location_id":10}"
2026-09-21 04:26:28,+0300,1,Hipodroom,0,success,"{"total":0,"location_name":"Hipodroom","location_id":1}"
2026-09-21 04:26:28,+0300,3,T1,0,success,"{"total":0,"location_name":"T1 Shopping Mall","location_id":3}"
2026-09-21 04:26:28,+0300,9,Mustika,0,success,"{"total":0,"location_name":"Mustika","location_id":9}"
2026-09-21 04:26:28,+0300,10,Suur-Paala,0,success,"{"total":0,"location_name":"Suur-Paala","location_id":10}"
2026-09-21 04:28:29,+0300,1,Hipodroom,0,success,"{"total":0,"location_name":"Hipodroom","location_id":1}"
2026-09-21 04:28:29,+0300,3,T1,0,success,"{"total":0,"location_name":"T1 Shopping Mall","location_id":3}"
2026-09-21 04:28:29,+0300,9,Mustika,0,success,"{"total":0,"location_name":"Mustika","location_id":9}"
2026-09-21 04:28:29,+0300,10,Suur-Paala,0,success,"{"total":0,"location_name":"Suur-Paala","location_id":10}"
2026-09-21 04:30:29,+0300,1,Hipodroom,0,success,"{"total":0,"location_name":"Hipodroom","location_id":1}"
2026-09-21 04:30:29,+0300,3,T1,0,success,"{"total":0,"location_name":"T1 Shopping Mall","location_id":3}"
2026-09-21 04:30:29,+0300,9,Mustika,0,success,"{"total":0,"location_name":"Mustika","location_id":9}"
2026-09-21 04:30:29,+0300,10,Suur-Paala,0,success,"{"total":0,"location_name":"Suur-Paala","location_id":10}"
2026-09-21 04:32:30,+0300,1,Hipodroom,0,success,"{"total":0,"location_name":"Hipodroom","location_id":1}"
2026-09-21 04:32:30,+0300,3,T1,0,success,"{"total":0,"location_name":"T1 Shopping Mall","location_id":3}"
2026-09-21 04:32:30,+0300,9,Mustika,0,success,"{"total":0,"location_name":"Mustika","location_id":9}"
2026-09-21 04:32:30,+0300,10,Suur-Paala,0,success,"{"total":0,"location_name":"Suur-Paala","location_id":10}"
2026-09-21 04:34:31,+0300,1,Hipodroom,0,success,"{"total":0,"location_name":"Hipodroom","location_id":1}"
2026-09-21 04:34:31,+0300,3,T1,0,success,"{"total":0,"location_name":"T1 Shopping Mall","location_id":3}"
2026-09-21 04:34:31,+0300,9,Mustika,0,success,"{"total":0,"location_name":"Mustika","location_id":9}"
2026-09-21 04:34:31,+0300,10,Suur-Paala,0,success,"{"total":0,"location_name":"Suur-Paala","location_id":10}"
2026-09-21 04:36:31,+0300,1,Hipodroom,0,success,"{"total":0,"location_name":"Hipodroom","location_id":1}"
2026-09-21 04:36:31,+0300,3,T1,0,success,"{"total":0,"location_name":"T1 Shopping Mall","location_id":3}"
2026-09-21 04:36:31,+0300,9,Mustika,0,success,"{"total":0,"location_name":"Mustika","location_id":9}"
2026-09-21 04:36:31,+0300,10,Suur-Paala,0,success,"{"total":0,"location_name":"Suur-Paala","location_id":10}"
2026-09-21 04:38:32,+0300,1,Hipodroom,0,success,"{"total":0,"location_name":"Hipodroom","location_id":1}"
2026-09-21 04:38:32,+0300,3,T1,0,success,"{"total":0,"location_name":"T1 Shopping Mall","location_id":3}"
2026-09-21 04:38:32,+0300,9,Mustika,0,success,"{"total":0,"location_name":"Mustika","location_id":9}"
2026-09-21 04:38:32,+0300,10,Suur-Paala,0,success,"{"total":0,"location_name":"Suur-Paala","location_id":10}"
2026-09-21 04:40:33,+0300,1,Hipodroom,0,success,"{"total":0,"location_name":"Hipodroom","location_id":1}"
2026-09-21 04:40:33,+0300,3,T1,0,success,"{"total":0,"location_name":"T1 Shopping Mall","location_id":3}"
2026-09-21 04:40:33,+0300,9,Mustika,0,success,"{"total":0,"location_name":"Mustika","location_id":9}"
2026-09-21 04:40:33,+0300,10,Suur-Paala,0,success,"{"total":0,"location_name":"Suur-Paala","location_id":10}"
2026-09-21 04:42:33,+0300,1,Hipodroom,0,success,"{"total":0,"location_name":"Hipodroom","location_id":1}"
2026-09-21 04:42:33,+0300,3,T1,0,success,"{"total":0,"location_name":"T1 Shopping Mall","location_id":3}"
2026-09-21 04:42:33,+0300,9,Mustika,0,success,"{"total":0,"location_name":"Mustika","location_id":9}"
2026-09-21 04:42:33,+0300,10,Suur-Paala,0,success,"{"total":0,"location_name":"Suur-Paala","location_id":10}"
2026-09-21 04:44:35,+0300,1,Hipodroom,0,success,"{"total":0,"location_name":"Hipodroom","location_id":1}"
2026-09-21 04:44:35,+0300,3,T1,0,success,"{"total":0,"location_name":"T1 Shopping Mall","location_id":3}"
2026-09-21 04:44:35,+0300,9,Mustika,0,success,"{"total":0,"location_name":"Mustika","location_id":9}"
2026-09-21 04:44:35,+0300,10,Suur-Paala,0,success,"{"total":0,"location_name":"Suur-Paala","location_id":10}"
2026-09-21 04:46:35,+0300,1,Hipodroom,0,success,"{"total":0,"location_name":"Hipodroom","location_id":1}"
2026-09-21 04:46:35,+0300,3,T1,0,success,"{"total":0,"location_name":"T1 Shopping Mall","location_id":3}"
2026-09-21 04:46:35,+0300,9,Mustika,0,success,"{"total":0,"location_name":"Mustika","location_id":9}"
2026-09-21 04:46:35,+0300,10,Suur-Paala,0,success,"{"total":0,"location_name":"Suur-Paala","location_id":10}"
2026-09-21 04:48:36,+0300,1,Hipodroom,0,success,"{"total":0,"location_name":"Hipodroom","location_id":1}"
2026-09-21 04:48:36,+0300,3,T1,0,success,"{"total":0,"location_name":"T1 Shopping Mall","location_id":3}"
2026-09-21 04:48:36,+0300,9,Mustika,0,success,"{"total":0,"location_name":"Mustika","location_id":9}"
2026-09-21 04:48:36,+0300,10,Suur-Paala,0,success,"{"total":0,"location_name":"Suur-Paala","location_id":10}"
2026-09-21 04:50:37,+0300,1,Hipodroom,0,success,"{"total":0,"location_name":"Hipodroom","location_id":1}"
2026-09-21 04:50:37,+0300,3,T1,0,success,"{"total":0,"location_name":"T1 Shopping Mall","location_id":3}"
2026-09-21 04:50:37,+0300,9,Mustika,0,success,"{"total":0,"location_name":"Mustika","location_id":9}"
2026-09-21 04:50:37,+0300,10,Suur-Paala,0,success,"{"total":0,"location_name":"Suur-Paala","location_id":10}"
2026-09-21 04:52:38,+0300,1,Hipodroom,0,success,"{"total":0,"location_name":"Hipodroom","location_id":1}"
2026-09-21 04:52:38,+0300,3,T1,0,success,"{"total":0,"location_name":"T1 Shopping Mall","location_id":3}"
2026-09-21 04:52:38,+0300,9,Mustika,0,success,"{"total":0,"location_name":"Mustika","location_id":9}"
2026-09-21 04:52:38,+0300,10,Suur-Paala,0,success,"{"total":0,"location_name":"Suur-Paala","location_id":10}"
2026-09-21 04:54:38,+0300,1,Hipodroom,0,success,"{"total":0,"location_name":"Hipodroom","location_id":1}"
2026-09-21 04:54:38,+0300,3,T1,0,success,"{"total":0,"location_name":"T1 Shopping Mall","location_id":3}"
2026-09-21 04:54:38,+0300,9,Mustika,0,success,"{"total":0,"location_name":"Mustika","location_id":9}"
2026-09-21 04:54:38,+0300,10,Suur-Paala,0,success,"{"total":0,"location_name":"Suur-Paala","location_id":10}"
2026-09-21 04:56:39,+0300,1,Hipodroom,0,success,"{"total":0,"location_name":"Hipodroom","location_id":1}"
2026-09-21 04:56:39,+0300,3,T1,0,success,"{"total":0,"location_name":"T1 Shopping Mall","location_id":3}"
2026-09-21 04:56:39,+0300,9,Mustika,0,success,"{"total":0,"location_name":"Mustika","location_id":9}"
2026-09-21 04:56:39,+0300,10,Suur-Paala,0,success,"{"total":0,"location_name":"Suur-Paala","location_id":10}"
2026-09-21 04:58:40,+0300,1,Hipodroom,0,success,"{"total":0,"location_name":"Hipodroom","location_id":1}"
2026-09-21 04:58:40,+0300,3,T1,0,success,"{"total":0,"location_name":"T1 Shopping Mall","location_id":3}"
2026-09-21 04:58:40,+0300,9,Mustika,0,success,"{"total":0,"location_name":"Mustika","location_id":9}"
2026-09-21 04:58:40,+0300,10,Suur-Paala,0,success,"{"total":0,"location_name":"Suur-Paala","location_id":10}"
2026-09-21 05:00:40,+0300,1,Hipodroom,0,success,"{"total":0,"location_name":"Hipodroom","location_id":1}"
2026-09-21 05:00:40,+0300,3,T1,0,success,"{"total":0,"location_name":"T1 Shopping Mall","location_id":3}"
2026-09-21 05:00:40,+0300,9,Mustika,0,success,"{"total":0,"location_name":"Mustika","location_id":9}"
2026-09-21 05:00:40,+0300,10,Suur-Paala,0,success,"{"total":0,"location_name":"Suur-Paala","location_id":10}"
2026-09-21 05:02:41,+0300,1,Hipodroom,0,success,"{"total":0,"location_name":"Hipodroom","location_id":1}"
2026-09-21 05:02:41,+0300,3,T1,0,success,"{"total":0,"location_name":"T1 Shopping Mall","location_id":3}"
2026-09-21 05:02:41,+0300,9,Mustika,0,success,"{"total":0,"location_name":"Mustika","location_id":9}"
2026-09-21 05:02:41,+0300,10,Suur-Paala,0,success,"{"total":0,"location_name":"Suur-Paala","location_id":10}"
2026-09-21 05:04:42,+0300,1,Hipodroom,0,success,"{"total":0,"location_name":"Hipodroom","location_id":1}"
2026-09-21 05:04:42,+0300,3,T1,0,success,"{"total":0,"location_name":"T1 Shopping Mall","location_id":3}"
2026-09-21 05:04:42,+0300,9,Mustika,0,success,"{"total":0,"location_name":"Mustika","location_id":9}"
2026-09-21 05:04:42,+0300,10,Suur-Paala,0,success,"{"total":0,"location_name":"Suur-Paala","location_id":10}"
2026-09-21 05:06:43,+0300,1,Hipodroom,0,success,"{"total":0,"location_name":"Hipodroom","location_id":1}"
2026-09-21 05:06:43,+0300,3,T1,0,success,"{"total":0,"location_name":"T1 Shopping Mall","location_id":3}"
2026-09-21 05:06:43,+0300,9,Mustika,0,success,"{"total":0,"location_name":"Mustika","location_id":9}"
2026-09-21 05:06:43,+0300,10,Suur-Paala,0,success,"{"total":0,"location_name":"Suur-Paala","location_id":10}"
2026-09-21 05:08:43,+0300,1,Hipodroom,0,success,"{"total":0,"location_name":"Hipodroom","location_id":1}"
2026-09-21 05:08:43,+0300,3,T1,0,success,"{"total":0,"location_name":"T1 Shopping Mall","location_id":3}"
2026-09-21 05:08:43,+0300,9,Mustika,0,success,"{"total":0,"location_name":"Mustika","location_id":9}"
2026-09-21 05:08:43,+0300,10,Suur-Paala,0,success,"{"total":0,"location_name":"Suur-Paala","location_id":10}"
2026-09-21 05:10:44,+0300,1,Hipodroom,0,success,"{"total":0,"location_name":"Hipodroom","location_id":1}"
2026-09-21 05:10:44,+0300,3,T1,0,success,"{"total":0,"location_name":"T1 Shopping Mall","location_id":3}"
2026-09-21 05:10:44,+0300,9,Mustika,0,success,"{"total":0,"location_name":"Mustika","location_id":9}"
2026-09-21 05:10:44,+0300,10,Suur-Paala,0,success,"{"total":0,"location_name":"Suur-Paala","location_id":10}"
2026-09-21 05:12:45,+0300,1,Hipodroom,0,success,"{"total":0,"location_name":"Hipodroom","location_id":1}"
2026-09-21 05:12:45,+0300,3,T1,0,success,"{"total":0,"location_name":"T1 Shopping Mall","location_id":3}"
2026-09-21 05:12:45,+0300,9,Mustika,0,success,"{"total":0,"location_name":"Mustika","location_id":9}"
2026-09-21 05:12:45,+0300,10,Suur-Paala,0,success,"{"total":0,"location_name":"Suur-Paala","location_id":10}"
2026-09-21 05:14:45,+0300,1,Hipodroom,0,success,"{"total":0,"location_name":"Hipodroom","location_id":1}"
2026-09-21 05:14:45,+0300,3,T1,0,success,"{"total":0,"location_name":"T1 Shopping Mall","location_id":3}"
2026-09-21 05:14:45,+0300,9,Mustika,0,success,"{"total":0,"location_name":"Mustika","location_id":9}"
2026-09-21 05:14:45,+0300,10,Suur-Paala,0,success,"{"total":0,"location_name":"Suur-Paala","location_id":10}"
2026-09-21 05:16:46,+0300,1,Hipodroom,0,success,"{"total":0,"location_name":"Hipodroom","location_id":1}"
2026-09-21 05:16:46,+0300,3,T1,0,success,"{"total":0,"location_name":"T1 Shopping Mall","location_id":3}"
2026-09-21 05:16:46,+0300,9,Mustika,0,success,"{"total":0,"location_name":"Mustika","location_id":9}"
2026-09-21 05:16:46,+0300,10,Suur-Paala,0,success,"{"total":0,"location_name":"Suur-Paala","location_id":10}"
2026-09-21 05:18:47,+0300,1,Hipodroom,0,success,"{"total":0,"location_name":"Hipodroom","location_id":1}"
2026-09-21 05:18:47,+0300,3,T1,0,success,"{"total":0,"location_name":"T1 Shopping Mall","location_id":3}"
2026-09-21 05:18:47,+0300,9,Mustika,0,success,"{"total":0,"location_name":"Mustika","location_id":9}"
2026-09-21 05:18:47,+0300,10,Suur-Paala,0,success,"{"total":0,"location_name":"Suur-Paala","location_id":10}"
2026-09-21 05:20:48,+0300,1,Hipodroom,0,success,"{"total":0,"location_name":"Hipodroom","location_id":1}"
2026-09-21 05:20:48,+0300,3,T1,0,success,"{"total":0,"location_name":"T1 Shopping Mall","location_id":3}"
2026-09-21 05:20:48,+0300,9,Mustika,0,success,"{"total":0,"location_name":"Mustika","location_id":9}"
2026-09-21 05:20:48,+0300,10,Suur-Paala,0,success,"{"total":0,"location_name":"Suur-Paala","location_id":10}"
2026-09-21 05:22:48,+0300,1,Hipodroom,0,success,"{"total":0,"location_name":"Hipodroom","location_id":1}"
2026-09-21 05:22:48,+0300,3,T1,0,success,"{"total":0,"location_name":"T1 Shopping Mall","location_id":3}"
2026-09-21 05:22:48,+0300,9,Mustika,0,success,"{"total":0,"location_name":"Mustika","location_id":9}"
2026-09-21 05:22:48,+0300,10,Suur-Paala,0,success,"{"total":0,"location_name":"Suur-Paala","location_id":10}"
2026-09-21 05:24:49,+0300,1,Hipodroom,0,success,"{"total":0,"location_name":"Hipodroom","location_id":1}"
2026-09-21 05:24:49,+0300,3,T1,0,success,"{"total":0,"location_name":"T1 Shopping Mall","location_id":3}"
2026-09-21 05:24:49,+0300,9,Mustika,0,success,"{"total":0,"location_name":"Mustika","location_id":9}"
2026-09-21 05:24:49,+0300,10,Suur-Paala,0,success,"{"total":0,"location_name":"Suur-Paala","location_id":10}"
2026-09-21 05:26:50,+0300,1,Hipodroom,0,success,"{"total":0,"location_name":"Hipodroom","location_id":1}"
2026-09-21 05:26:50,+0300,3,T1,0,success,"{"total":0,"location_name":"T1 Shopping Mall","location_id":3}"
2026-09-21 05:26:50,+0300,9,Mustika,0,success,"{"total":0,"location_name":"Mustika","location_id":9}"
2026-09-21 05:26:50,+0300,10,Suur-Paala,0,success,"{"total":0,"location_name":"Suur-Paala","location_id":10}"
2026-09-21 05:28:50,+0300,1,Hipodroom,0,success,"{"total":0,"location_name":"Hipodroom","location_id":1}"
2026-09-21 05:28:50,+0300,3,T1,0,success,"{"total":0,"location_name":"T1 Shopping Mall","location_id":3}"
2026-09-21 05:28:50,+0300,9,Mustika,0,success,"{"total":0,"location_name":"Mustika","location_id":9}"
2026-09-21 05:28:50,+0300,10,Suur-Paala,0,success,"{"total":0,"location_name":"Suur-Paala","location_id":10}"
2026-09-21 05:30:51,+0300,1,Hipodroom,0,success,"{"total":0,"location_name":"Hipodroom","location_id":1}"
2026-09-21 05:30:51,+0300,3,T1,0,success,"{"total":0,"location_name":"T1 Shopping Mall","location_id":3}"
2026-09-21 05:30:51,+0300,9,Mustika,0,success,"{"total":0,"location_name":"Mustika","location_id":9}"
2026-09-21 05:30:51,+0300,10,Suur-Paala,0,success,"{"total":0,"location_name":"Suur-Paala","location_id":10}"
2026-09-21 05:32:52,+0300,1,Hipodroom,0,success,"{"total":0,"location_name":"Hipodroom","location_id":1}"
2026-09-21 05:32:52,+0300,3,T1,0,success,"{"total":0,"location_name":"T1 Shopping Mall","location_id":3}"
2026-09-21 05:32:52,+0300,9,Mustika,0,success,"{"total":0,"location_name":"Mustika","location_id":9}"
2026-09-21 05:32:52,+0300,10,Suur-Paala,0,success,"{"total":0,"location_name":"Suur-Paala","location_id":10}"
2026-09-21 05:34:52,+0300,1,Hipodroom,0,success,"{"total":0,"location_name":"Hipodroom","location_id":1}"
2026-09-21 05:34:52,+0300,3,T1,0,success,"{"total":0,"location_name":"T1 Shopping Mall","location_id":3}"
2026-09-21 05:34:52,+0300,9,Mustika,0,success,"{"total":0,"location_name":"Mustika","location_id":9}"
2026-09-21 05:34:52,+0300,10,Suur-Paala,0,success,"{"total":0,"location_name":"Suur-Paala","location_id":10}"
2026-09-21 05:36:53,+0300,1,Hipodroom,0,success,"{"total":0,"location_name":"Hipodroom","location_id":1}"
2026-09-21 05:36:53,+0300,3,T1,0,success,"{"total":0,"location_name":"T1 Shopping Mall","location_id":3}"
2026-09-21 05:36:53,+0300,9,Mustika,0,success,"{"total":0,"location_name":"Mustika","location_id":9}"
2026-09-21 05:36:53,+0300,10,Suur-Paala,0,success,"{"total":0,"location_name":"Suur-Paala","location_id":10}"
2026-09-21 05:38:54,+0300,1,Hipodroom,0,success,"{"total":0,"location_name":"Hipodroom","location_id":1}"
2026-09-21 05:38:54,+0300,3,T1,0,success,"{"total":0,"location_name":"T1 Shopping Mall","location_id":3}"
2026-09-21 05:38:54,+0300,9,Mustika,0,success,"{"total":0,"location_name":"Mustika","location_id":9}"
2026-09-21 05:38:54,+0300,10,Suur-Paala,0,success,"{"total":0,"location_name":"Suur-Paala","location_id":10}"
2026-09-21 05:40:54,+0300,1,Hipodroom,0,success,"{"total":0,"location_name":"Hipodroom","location_id":1}"
2026-09-21 05:40:54,+0300,3,T1,0,success,"{"total":0,"location_name":"T1 Shopping Mall","location_id":3}"
2026-09-21 05:40:54,+0300,9,Mustika,0,success,"{"total":0,"location_name":"Mustika","location_id":9}"
2026-09-21 05:40:54,+0300,10,Suur-Paala,0,success,"{"total":0,"location_name":"Suur-Paala","location_id":10}"
2026-09-21 05:42:55,+0300,1,Hipodroom,0,success,"{"total":0,"location_name":"Hipodroom","location_id":1}"
2026-09-21 05:42:55,+0300,3,T1,0,success,"{"total":0,"location_name":"T1 Shopping Mall","location_id":3}"
2026-09-21 05:42:55,+0300,9,Mustika,0,success,"{"total":0,"location_name":"Mustika","location_id":9}"
2026-09-21 05:42:55,+0300,10,Suur-Paala,0,success,"{"total":0,"location_name":"Suur-Paala","location_id":10}"
2026-09-21 05:44:56,+0300,1,Hipodroom,0,success,"{"total":0,"location_name":"Hipodroom","location_id":1}"
2026-09-21 05:44:56,+0300,3,T1,0,success,"{"total":0,"location_name":"T1 Shopping Mall","location_id":3}"
2026-09-21 05:44:56,+0300,9,Mustika,0,success,"{"total":0,"location_name":"Mustika","location_id":9}"
2026-09-21 05:44:56,+0300,10,Suur-Paala,0,success,"{"total":0,"location_name":"Suur-Paala","location_id":10}"
2026-09-21 05:46:56,+0300,1,Hipodroom,0,success,"{"total":0,"location_name":"Hipodroom","location_id":1}"
2026-09-21 05:46:56,+0300,3,T1,0,success,"{"total":0,"location_name":"T1 Shopping Mall","location_id":3}"
2026-09-21 05:46:56,+0300,9,Mustika,0,success,"{"total":0,"location_name":"Mustika","location_id":9}"
2026-09-21 05:46:56,+0300,10,Suur-Paala,0,success,"{"total":0,"location_name":"Suur-Paala","location_id":10}"
2026-09-21 05:48:57,+0300,1,Hipodroom,0,success,"{"total":0,"location_name":"Hipodroom","location_id":1}"
2026-09-21 05:48:57,+0300,3,T1,0,success,"{"total":0,"location_name":"T1 Shopping Mall","location_id":3}"
2026-09-21 05:48:57,+0300,9,Mustika,0,success,"{"total":0,"location_name":"Mustika","location_id":9}"
2026-09-21 05:48:57,+0300,10,Suur-Paala,0,success,"{"total":0,"location_name":"Suur-Paala","location_id":10}"
2026-09-21 05:50:58,+0300,1,Hipodroom,0,success,"{"total":0,"location_name":"Hipodroom","location_id":1}"
2026-09-21 05:50:58,+0300,3,T1,0,success,"{"total":0,"location_name":"T1 Shopping Mall","location_id":3}"
2026-09-21 05:50:58,+0300,9,Mustika,0,success,"{"total":0,"location_name":"Mustika","location_id":9}"
2026-09-21 05:50:58,+0300,10,Suur-Paala,0,success,"{"total":0,"location_name":"Suur-Paala","location_id":10}"
2026-09-21 05:52:58,+0300,1,Hipodroom,0,success,"{"total":0,"location_name":"Hipodroom","location_id":1}"
2026-09-21 05:52:58,+0300,3,T1,0,success,"{"total":0,"location_name":"T1 Shopping Mall","location_id":3}"
2026-09-21 05:52:58,+0300,9,Mustika,0,success,"{"total":0,"location_name":"Mustika","location_id":9}"
2026-09-21 05:52:58,+0300,10,Suur-Paala,0,success,"{"total":0,"location_name":"Suur-Paala","location_id":10}"
2026-09-21 05:54:59,+0300,1,Hipodroom,0,success,"{"total":0,"location_name":"Hipodroom","location_id":1}"
2026-09-21 05:54:59,+0300,3,T1,0,success,"{"total":0,"location_name":"T1 Shopping Mall","location_id":3}"
2026-09-21 05:54:59,+0300,9,Mustika,0,success,"{"total":0,"location_name":"Mustika","location_id":9}"
2026-09-21 05:54:59,+0300,10,Suur-Paala,0,success,"{"total":0,"location_name":"Suur-Paala","location_id":10}"
2026-09-21 05:56:59,+0300,1,Hipodroom,0,success,"{"total":0,"location_name":"Hipodroom","location_id":1}"
2026-09-21 05:56:59,+0300,3,T1,0,success,"{"total":0,"location_name":"T1 Shopping Mall","location_id":3}"
2026-09-21 05:56:59,+0300,9,Mustika,0,success,"{"total":0,"location_name":"Mustika","location_id":9}"
2026-09-21 05:56:59,+0300,10,Suur-Paala,0,success,"{"total":0,"location_name":"Suur-Paala","location_id":10}"
2026-09-21 05:59:00,+0300,1,Hipodroom,0,success,"{"total":0,"location_name":"Hipodroom","location_id":1}"
2026-09-21 05:59:00,+0300,3,T1,0,success,"{"total":0,"location_name":"T1 Shopping Mall","location_id":3}"
2026-09-21 05:59:00,+0300,9,Mustika,0,success,"{"total":0,"location_name":"Mustika","location_id":9}"
2026-09-21 05:59:00,+0300,10,Suur-Paala,0,success,"{"total":0,"location_name":"Suur-Paala","location_id":10}"
2026-09-21 06:01:01,+0300,1,Hipodroom,0,success,"{"total":0,"location_name":"Hipodroom","location_id":1}"
2026-09-21 06:01:01,+0300,3,T1,0,success,"{"total":0,"location_name":"T1 Shopping Mall","location_id":3}"
2026-09-21 06:01:01,+0300,9,Mustika,0,success,"{"total":0,"location_name":"Mustika","location_id":9}"
2026-09-21 06:01:01,+0300,10,Suur-Paala,0,success,"{"total":0,"location_name":"Suur-Paala","location_id":10}"
2026-09-21 06:03:01,+0300,1,Hipodroom,0,success,"{"total":0,"location_name":"Hipodroom","location_id":1}"
2026-09-21 06:03:01,+0300,3,T1,0,success,"{"total":0,"location_name":"T1 Shopping Mall","location_id":3}"
2026-09-21 06:03:01,+0300,9,Mustika,0,success,"{"total":0,"location_name":"Mustika","location_id":9}"
2026-09-21 06:03:01,+0300,10,Suur-Paala,0,success,"{"total":0,"location_name":"Suur-Paala","location_id":10}"
2026-09-21 06:05:03,+0300,1,Hipodroom,0,success,"{"total":0,"location_name":"Hipodroom","location_id":1}"
2026-09-21 06:05:03,+0300,3,T1,0,success,"{"total":0,"location_name":"T1 Shopping Mall","location_id":3}"
2026-09-21 06:05:03,+0300,9,Mustika,0,success,"{"total":0,"location_name":"Mustika","location_id":9}"
2026-09-21 06:05:03,+0300,10,Suur-Paala,0,success,"{"total":0,"location_name":"Suur-Paala","location_id":10}"
2026-09-21 06:07:04,+0300,1,Hipodroom,0,success,"{"total":0,"location_name":"Hipodroom","location_id":1}"
2026-09-21 06:07:04,+0300,3,T1,1,success,"{"total":1,"location_name":"T1 Shopping Mall","location_id":3}"
2026-09-21 06:07:04,+0300,9,Mustika,0,success,"{"total":0,"location_name":"Mustika","location_id":9}"
2026-09-21 06:07:04,+0300,10,Suur-Paala,0,success,"{"total":0,"location_name":"Suur-Paala","location_id":10}"
2026-09-21 06:09:05,+0300,1,Hipodroom,0,success,"{"total":0,"location_name":"Hipodroom","location_id":1}"
2026-09-21 06:09:05,+0300,3,T1,1,success,"{"total":1,"location_name":"T1 Shopping Mall","location_id":3}"
2026-09-21 06:09:05,+0300,9,Mustika,0,success,"{"total":0,"location_name":"Mustika","location_id":9}"
2026-09-21 06:09:05,+0300,10,Suur-Paala,0,success,"{"total":0,"location_name":"Suur-Paala","location_id":10}"
2026-09-21 06:11:05,+0300,1,Hipodroom,0,success,"{"total":0,"location_name":"Hipodroom","location_id":1}"
2026-09-21 06:11:05,+0300,3,T1,1,success,"{"total":1,"location_name":"T1 Shopping Mall","location_id":3}"
2026-09-21 06:11:05,+0300,9,Mustika,0,success,"{"total":0,"location_name":"Mustika","location_id":9}"
2026-09-21 06:11:05,+0300,10,Suur-Paala,0,success,"{"total":0,"location_name":"Suur-Paala","location_id":10}"
2026-09-21 06:13:06,+0300,1,Hipodroom,0,success,"{"total":0,"location_name":"Hipodroom","location_id":1}"
2026-09-21 06:13:06,+0300,3,T1,2,success,"{"total":2,"location_name":"T1 Shopping Mall","location_id":3}"
2026-09-21 06:13:06,+0300,9,Mustika,0,success,"{"total":0,"location_name":"Mustika","location_id":9}"
2026-09-21 06:13:06,+0300,10,Suur-Paala,0,success,"{"total":0,"location_name":"Suur-Paala","location_id":10}"
2026-09-21 06:15:06,+0300,1,Hipodroom,0,success,"{"total":0,"location_name":"Hipodroom","location_id":1}"
2026-09-21 06:15:06,+0300,3,T1,2,success,"{"total":2,"location_name":"T1 Shopping Mall","location_id":3}"
2026-09-21 06:15:06,+0300,9,Mustika,0,success,"{"total":0,"location_name":"Mustika","location_id":9}"
2026-09-21 06:15:06,+0300,10,Suur-Paala,0,success,"{"total":0,"location_name":"Suur-Paala","location_id":10}"
2026-09-21 06:17:07,+0300,1,Hipodroom,0,success,"{"total":0,"location_name":"Hipodroom","location_id":1}"
2026-09-21 06:17:07,+0300,3,T1,2,success,"{"total":2,"location_name":"T1 Shopping Mall","location_id":3}"
2026-09-21 06:17:07,+0300,9,Mustika,0,success,"{"total":0,"location_name":"Mustika","location_id":9}"
2026-09-21 06:17:07,+0300,10,Suur-Paala,0,success,"{"total":0,"location_name":"Suur-Paala","location_id":10}"
2026-09-21 06:19:08,+0300,1,Hipodroom,0,success,"{"total":0,"location_name":"Hipodroom","location_id":1}"
2026-09-21 06:19:08,+0300,3,T1,2,success,"{"total":2,"location_name":"T1 Shopping Mall","location_id":3}"
2026-09-21 06:19:08,+0300,9,Mustika,0,success,"{"total":0,"location_name":"Mustika","location_id":9}"
2026-09-21 06:19:08,+0300,10,Suur-Paala,0,success,"{"total":0,"location_name":"Suur-Paala","location_id":10}"
2026-09-21 06:21:08,+0300,1,Hipodroom,0,success,"{"total":0,"location_name":"Hipodroom","location_id":1}"
2026-09-21 06:21:08,+0300,3,T1,2,success,"{"total":2,"location_name":"T1 Shopping Mall","location_id":3}"
2026-09-21 06:21:08,+0300,9,Mustika,0,success,"{"total":0,"location_name":"Mustika","location_id":9}"
2026-09-21 06:21:08,+0300,10,Suur-Paala,0,success,"{"total":0,"location_name":"Suur-Paala","location_id":10}"
2026-09-21 06:23:09,+0300,1,Hipodroom,0,success,"{"total":0,"location_name":"Hipodroom","location_id":1}"
2026-09-21 06:23:09,+0300,3,T1,2,success,"{"total":2,"location_name":"T1 Shopping Mall","location_id":3}"
2026-09-21 06:23:09,+0300,9,Mustika,0,success,"{"total":0,"location_name":"Mustika","location_id":9}"
2026-09-21 06:23:09,+0300,10,Suur-Paala,0,success,"{"total":0,"location_name":"Suur-Paala","location_id":10}"
2026-09-21 06:25:10,+0300,1,Hipodroom,0,success,"{"total":0,"location_name":"Hipodroom","location_id":1}"
2026-09-21 06:25:10,+0300,3,T1,2,success,"{"total":2,"location_name":"T1 Shopping Mall","location_id":3}"
2026-09-21 06:25:10,+0300,9,Mustika,0,success,"{"total":0,"location_name":"Mustika","location_id":9}"
2026-09-21 06:25:10,+0300,10,Suur-Paala,0,success,"{"total":0,"location_name":"Suur-Paala","location_id":10}"
2026-09-21 06:27:10,+0300,1,Hipodroom,0,success,"{"total":0,"location_name":"Hipodroom","location_id":1}"
2026-09-21 06:27:10,+0300,3,T1,2,success,"{"total":2,"location_name":"T1 Shopping Mall","location_id":3}"
2026-09-21 06:27:10,+0300,9,Mustika,0,success,"{"total":0,"location_name":"Mustika","location_id":9}"
2026-09-21 06:27:10,+0300,10,Suur-Paala,0,success,"{"total":0,"location_name":"Suur-Paala","location_id":10}"
2026-09-21 06:29:11,+0300,1,Hipodroom,0,success,"{"total":0,"location_name":"Hipodroom","location_id":1}"
2026-09-21 06:29:11,+0300,3,T1,2,success,"{"total":2,"location_name":"T1 Shopping Mall","location_id":3}"
2026-09-21 06:29:11,+0300,9,Mustika,0,success,"{"total":0,"location_name":"Mustika","location_id":9}"
2026-09-21 06:29:11,+0300,10,Suur-Paala,0,success,"{"total":0,"location_name":"Suur-Paala","location_id":10}"
2026-09-21 06:31:13,+0300,1,Hipodroom,0,success,"{"total":0,"location_name":"Hipodroom","location_id":1}"
2026-09-21 06:31:13,+0300,3,T1,2,success,"{"total":2,"location_name":"T1 Shopping Mall","location_id":3}"
2026-09-21 06:31:13,+0300,9,Mustika,0,success,"{"total":0,"location_name":"Mustika","location_id":9}"
2026-09-21 06:31:13,+0300,10,Suur-Paala,0,success,"{"total":0,"location_name":"Suur-Paala","location_id":10}"
2026-09-21 06:33:13,+0300,1,Hipodroom,0,success,"{"total":0,"location_name":"Hipodroom","location_id":1}"
2026-09-21 06:33:13,+0300,3,T1,2,success,"{"total":2,"location_name":"T1 Shopping Mall","location_id":3}"
2026-09-21 06:33:13,+0300,9,Mustika,0,success,"{"total":0,"location_name":"Mustika","location_id":9}"
2026-09-21 06:33:13,+0300,10,Suur-Paala,0,success,"{"total":0,"location_name":"Suur-Paala","location_id":10}"
2026-09-21 06:35:14,+0300,1,Hipodroom,0,success,"{"total":0,"location_name":"Hipodroom","location_id":1}"
2026-09-21 06:35:14,+0300,3,T1,2,success,"{"total":2,"location_name":"T1 Shopping Mall","location_id":3}"
2026-09-21 06:35:14,+0300,9,Mustika,0,success,"{"total":0,"location_name":"Mustika","location_id":9}"
2026-09-21 06:35:14,+0300,10,Suur-Paala,0,success,"{"total":0,"location_name":"Suur-Paala","location_id":10}"
2026-09-21 06:37:15,+0300,1,Hipodroom,0,success,"{"total":0,"location_name":"Hipodroom","location_id":1}"
2026-09-21 06:37:15,+0300,3,T1,2,success,"{"total":2,"location_name":"T1 Shopping Mall","location_id":3}"
2026-09-21 06:37:15,+0300,9,Mustika,0,success,"{"total":0,"location_name":"Mustika","location_id":9}"
2026-09-21 06:37:15,+0300,10,Suur-Paala,0,success,"{"total":0,"location_name":"Suur-Paala","location_id":10}"
2026-09-21 06:39:15,+0300,1,Hipodroom,0,success,"{"total":0,"location_name":"Hipodroom","location_id":1}"
2026-09-21 06:39:15,+0300,3,T1,2,success,"{"total":2,"location_name":"T1 Shopping Mall","location_id":3}"
2026-09-21 06:39:15,+0300,9,Mustika,0,success,"{"total":0,"location_name":"Mustika","location_id":9}"
2026-09-21 06:39:15,+0300,10,Suur-Paala,0,success,"{"total":0,"location_name":"Suur-Paala","location_id":10}"
2026-09-21 06:41:16,+0300,1,Hipodroom,0,success,"{"total":0,"location_name":"Hipodroom","location_id":1}"
2026-09-21 06:41:16,+0300,3,T1,2,success,"{"total":2,"location_name":"T1 Shopping Mall","location_id":3}"
2026-09-21 06:41:16,+0300,9,Mustika,0,success,"{"total":0,"location_name":"Mustika","location_id":9}"
2026-09-21 06:41:16,+0300,10,Suur-Paala,0,success,"{"total":0,"location_name":"Suur-Paala","location_id":10}"
2026-09-21 06:43:17,+0300,1,Hipodroom,0,success,"{"total":0,"location_name":"Hipodroom","location_id":1}"
2026-09-21 06:43:17,+0300,3,T1,2,success,"{"total":2,"location_name":"T1 Shopping Mall","location_id":3}"
2026-09-21 06:43:17,+0300,9,Mustika,0,success,"{"total":0,"location_name":"Mustika","location_id":9}"
2026-09-21 06:43:17,+0300,10,Suur-Paala,0,success,"{"total":0,"location_name":"Suur-Paala","location_id":10}"
2026-09-21 06:45:18,+0300,1,Hipodroom,0,success,"{"total":0,"location_name":"Hipodroom","location_id":1}"
2026-09-21 06:45:18,+0300,3,T1,2,success,"{"total":2,"location_name":"T1 Shopping Mall","location_id":3}"
2026-09-21 06:45:18,+0300,9,Mustika,0,success,"{"total":0,"location_name":"Mustika","location_id":9}"
2026-09-21 06:45:18,+0300,10,Suur-Paala,0,success,"{"total":0,"location_name":"Suur-Paala","location_id":10}"
2026-09-21 06:47:18,+0300,1,Hipodroom,0,success,"{"total":0,"location_name":"Hipodroom","location_id":1}"
2026-09-21 06:47:18,+0300,3,T1,2,success,"{"total":2,"location_name":"T1 Shopping Mall","location_id":3}"
2026-09-21 06:47:18,+0300,9,Mustika,0,success,"{"total":0,"location_name":"Mustika","location_id":9}"
2026-09-21 06:47:18,+0300,10,Suur-Paala,0,success,"{"total":0,"location_name":"Suur-Paala","location_id":10}"
2026-09-21 06:49:19,+0300,1,Hipodroom,0,success,"{"total":0,"location_name":"Hipodroom","location_id":1}"
2026-09-21 06:49:19,+0300,3,T1,2,success,"{"total":2,"location_name":"T1 Shopping Mall","location_id":3}"
2026-09-21 06:49:19,+0300,9,Mustika,0,success,"{"total":0,"location_name":"Mustika","location_id":9}"
2026-09-21 06:49:19,+0300,10,Suur-Paala,0,success,"{"total":0,"location_name":"Suur-Paala","location_id":10}"
2026-09-21 06:51:20,+0300,1,Hipodroom,0,success,"{"total":0,"location_name":"Hipodroom","location_id":1}"
2026-09-21 06:51:20,+0300,3,T1,2,success,"{"total":2,"location_name":"T1 Shopping Mall","location_id":3}"
2026-09-21 06:51:20,+0300,9,Mustika,0,success,"{"total":0,"location_name":"Mustika","location_id":9}"
2026-09-21 06:51:20,+0300,10,Suur-Paala,0,success,"{"total":0,"location_name":"Suur-Paala","location_id":10}"
2026-09-21 06:53:22,+0300,1,Hipodroom,0,success,"{"total":0,"location_name":"Hipodroom","location_id":1}"
2026-09-21 06:53:22,+0300,3,T1,2,success,"{"total":2,"location_name":"T1 Shopping Mall","location_id":3}"
2026-09-21 06:53:22,+0300,9,Mustika,0,success,"{"total":0,"location_name":"Mustika","location_id":9}"
2026-09-21 06:53:22,+0300,10,Suur-Paala,0,success,"{"total":0,"location_name":"Suur-Paala","location_id":10}"
2026-09-21 06:55:22,+0300,1,Hipodroom,0,success,"{"total":0,"location_name":"Hipodroom","location_id":1}"
2026-09-21 06:55:22,+0300,3,T1,2,success,"{"total":2,"location_name":"T1 Shopping Mall","location_id":3}"
2026-09-21 06:55:22,+0300,9,Mustika,0,success,"{"total":0,"location_name":"Mustika","location_id":9}"
2026-09-21 06:55:22,+0300,10,Suur-Paala,0,success,"{"total":0,"location_name":"Suur-Paala","location_id":10}"
2026-09-21 06:57:23,+0300,1,Hipodroom,0,success,"{"total":0,"location_name":"Hipodroom","location_id":1}"
2026-09-21 06:57:23,+0300,3,T1,2,success,"{"total":2,"location_name":"T1 Shopping Mall","location_id":3}"
2026-09-21 06:57:23,+0300,9,Mustika,0,success,"{"total":0,"location_name":"Mustika","location_id":9}"
2026-09-21 06:57:23,+0300,10,Suur-Paala,0,success,"{"total":0,"location_name":"Suur-Paala","location_id":10}"
2026-09-21 06:59:24,+0300,1,Hipodroom,0,success,"{"total":0,"location_name":"Hipodroom","location_id":1}"
2026-09-21 06:59:24,+0300,3,T1,2,success,"{"total":2,"location_name":"T1 Shopping Mall","location_id":3}"
2026-09-21 06:59:24,+0300,9,Mustika,0,success,"{"total":0,"location_name":"Mustika","location_id":9}"
2026-09-21 06:59:24,+0300,10,Suur-Paala,0,success,"{"total":0,"location_name":"Suur-Paala","location_id":10}"
2026-09-21 07:01:24,+0300,1,Hipodroom,0,success,"{"total":0,"location_name":"Hipodroom","location_id":1}"
2026-09-21 07:01:24,+0300,3,T1,2,success,"{"total":2,"location_name":"T1 Shopping Mall","location_id":3}"
2026-09-21 07:01:24,+0300,9,Mustika,0,success,"{"total":0,"location_name":"Mustika","location_id":9}"
2026-09-21 07:01:24,+0300,10,Suur-Paala,0,success,"{"total":0,"location_name":"Suur-Paala","location_id":10}"
2026-09-21 07:03:25,+0300,1,Hipodroom,0,success,"{"total":0,"location_name":"Hipodroom","location_id":1}"
2026-09-21 07:03:25,+0300,3,T1,2,success,"{"total":2,"location_name":"T1 Shopping Mall","location_id":3}"
2026-09-21 07:03:25,+0300,9,Mustika,0,success,"{"total":0,"location_name":"Mustika","location_id":9}"
2026-09-21 07:03:25,+0300,10,Suur-Paala,0,success,"{"total":0,"location_name":"Suur-Paala","location_id":10}"
2026-09-21 07:05:26,+0300,1,Hipodroom,0,success,"{"total":0,"location_name":"Hipodroom","location_id":1}"
2026-09-21 07:05:26,+0300,3,T1,2,success,"{"total":2,"location_name":"T1 Shopping Mall","location_id":3}"
2026-09-21 07:05:26,+0300,9,Mustika,0,success,"{"total":0,"location_name":"Mustika","location_id":9}"
2026-09-21 07:05:26,+0300,10,Suur-Paala,0,success,"{"total":0,"location_name":"Suur-Paala","location_id":10}"
2026-09-21 07:07:27,+0300,1,Hipodroom,0,success,"{"total":0,"location_name":"Hipodroom","location_id":1}"
2026-09-21 07:07:27,+0300,3,T1,2,success,"{"total":2,"location_name":"T1 Shopping Mall","location_id":3}"
2026-09-21 07:07:27,+0300,9,Mustika,0,success,"{"total":0,"location_name":"Mustika","location_id":9}"
2026-09-21 07:07:27,+0300,10,Suur-Paala,0,success,"{"total":0,"location_name":"Suur-Paala","location_id":10}"
2026-09-21 07:09:27,+0300,1,Hipodroom,0,success,"{"total":0,"location_name":"Hipodroom","location_id":1}"
2026-09-21 07:09:27,+0300,3,T1,2,success,"{"total":2,"location_name":"T1 Shopping Mall","location_id":3}"
2026-09-21 07:09:27,+0300,9,Mustika,0,success,"{"total":0,"location_name":"Mustika","location_id":9}"
2026-09-21 07:09:27,+0300,10,Suur-Paala,0,success,"{"total":0,"location_name":"Suur-Paala","location_id":10}"
2026-09-21 07:11:28,+0300,1,Hipodroom,0,success,"{"total":0,"location_name":"Hipodroom","location_id":1}"
2026-09-21 07:11:28,+0300,3,T1,2,success,"{"total":2,"location_name":"T1 Shopping Mall","location_id":3}"
2026-09-21 07:11:28,+0300,9,Mustika,0,success,"{"total":0,"location_name":"Mustika","location_id":9}"
2026-09-21 07:11:28,+0300,10,Suur-Paala,0,success,"{"total":0,"location_name":"Suur-Paala","location_id":10}"
2026-09-21 07:13:28,+0300,1,Hipodroom,0,success,"{"total":0,"location_name":"Hipodroom","location_id":1}"
2026-09-21 07:13:28,+0300,3,T1,2,success,"{"total":2,"location_name":"T1 Shopping Mall","location_id":3}"
2026-09-21 07:13:28,+0300,9,Mustika,0,success,"{"total":0,"location_name":"Mustika","location_id":9}"
2026-09-21 07:13:28,+0300,10,Suur-Paala,0,success,"{"total":0,"location_name":"Suur-Paala","location_id":10}"
2026-09-21 07:15:29,+0300,1,Hipodroom,0,success,"{"total":0,"location_name":"Hipodroom","location_id":1}"
2026-09-21 07:15:29,+0300,3,T1,2,success,"{"total":2,"location_name":"T1 Shopping Mall","location_id":3}"
2026-09-21 07:15:29,+0300,9,Mustika,0,success,"{"total":0,"location_name":"Mustika","location_id":9}"
2026-09-21 07:15:29,+0300,10,Suur-Paala,0,success,"{"total":0,"location_name":"Suur-Paala","location_id":10}"
2026-09-21 07:17:30,+0300,1,Hipodroom,0,success,"{"total":0,"location_name":"Hipodroom","location_id":1}"
2026-09-21 07:17:30,+0300,3,T1,2,success,"{"total":2,"location_name":"T1 Shopping Mall","location_id":3}"
2026-09-21 07:17:30,+0300,9,Mustika,0,success,"{"total":0,"location_name":"Mustika","location_id":9}"
2026-09-21 07:17:30,+0300,10,Suur-Paala,0,success,"{"total":0,"location_name":"Suur-Paala","location_id":10}"
2026-09-21 07:19:30,+0300,1,Hipodroom,0,success,"{"total":0,"location_name":"Hipodroom","location_id":1}"
2026-09-21 07:19:30,+0300,3,T1,2,success,"{"total":2,"location_name":"T1 Shopping Mall","location_id":3}"
2026-09-21 07:19:30,+0300,9,Mustika,0,success,"{"total":0,"location_name":"Mustika","location_id":9}"
2026-09-21 07:19:30,+0300,10,Suur-Paala,0,success,"{"total":0,"location_name":"Suur-Paala","location_id":10}"
2026-09-21 07:21:31,+0300,1,Hipodroom,0,success,"{"total":0,"location_name":"Hipodroom","location_id":1}"
2026-09-21 07:21:31,+0300,3,T1,2,success,"{"total":2,"location_name":"T1 Shopping Mall","location_id":3}"
2026-09-21 07:21:31,+0300,9,Mustika,0,success,"{"total":0,"location_name":"Mustika","location_id":9}"
2026-09-21 07:21:31,+0300,10,Suur-Paala,0,success,"{"total":0,"location_name":"Suur-Paala","location_id":10}"
2026-09-21 07:23:32,+0300,1,Hipodroom,0,success,"{"total":0,"location_name":"Hipodroom","location_id":1}"
2026-09-21 07:23:32,+0300,3,T1,2,success,"{"total":2,"location_name":"T1 Shopping Mall","location_id":3}"
2026-09-21 07:23:32,+0300,9,Mustika,0,success,"{"total":0,"location_name":"Mustika","location_id":9}"
2026-09-21 07:23:32,+0300,10,Suur-Paala,0,success,"{"total":0,"location_name":"Suur-Paala","location_id":10}"
2026-09-21 07:25:32,+0300,1,Hipodroom,0,success,"{"total":0,"location_name":"Hipodroom","location_id":1}"
2026-09-21 07:25:32,+0300,3,T1,2,success,"{"total":2,"location_name":"T1 Shopping Mall","location_id":3}"
2026-09-21 07:25:32,+0300,9,Mustika,0,success,"{"total":0,"location_name":"Mustika","location_id":9}"
2026-09-21 07:25:32,+0300,10,Suur-Paala,0,success,"{"total":0,"location_name":"Suur-Paala","location_id":10}"
2026-09-21 07:27:33,+0300,1,Hipodroom,0,success,"{"total":0,"location_name":"Hipodroom","location_id":1}"
2026-09-21 07:27:33,+0300,3,T1,2,success,"{"total":2,"location_name":"T1 Shopping Mall","location_id":3}"
2026-09-21 07:27:33,+0300,9,Mustika,0,success,"{"total":0,"location_name":"Mustika","location_id":9}"
2026-09-21 07:27:33,+0300,10,Suur-Paala,0,success,"{"total":0,"location_name":"Suur-Paala","location_id":10}"
2026-09-21 07:29:34,+0300,1,Hipodroom,0,success,"{"total":0,"location_name":"Hipodroom","location_id":1}"
2026-09-21 07:29:34,+0300,3,T1,2,success,"{"total":2,"location_name":"T1 Shopping Mall","location_id":3}"
2026-09-21 07:29:34,+0300,9,Mustika,0,success,"{"total":0,"location_name":"Mustika","location_id":9}"
2026-09-21 07:29:34,+0300,10,Suur-Paala,0,success,"{"total":0,"location_name":"Suur-Paala","location_id":10}"
2026-09-21 07:31:34,+0300,1,Hipodroom,0,success,"{"total":0,"location_name":"Hipodroom","location_id":1}"
2026-09-21 07:31:34,+0300,3,T1,2,success,"{"total":2,"location_name":"T1 Shopping Mall","location_id":3}"
2026-09-21 07:31:34,+0300,9,Mustika,0,success,"{"total":0,"location_name":"Mustika","location_id":9}"
2026-09-21 07:31:34,+0300,10,Suur-Paala,0,success,"{"total":0,"location_name":"Suur-Paala","location_id":10}"
2026-09-21 07:33:35,+0300,1,Hipodroom,0,success,"{"total":0,"location_name":"Hipodroom","location_id":1}"
2026-09-21 07:33:35,+0300,3,T1,2,success,"{"total":2,"location_name":"T1 Shopping Mall","location_id":3}"
2026-09-21 07:33:35,+0300,9,Mustika,0,success,"{"total":0,"location_name":"Mustika","location_id":9}"
2026-09-21 07:33:35,+0300,10,Suur-Paala,1,success,"{"total":1,"location_name":"Suur-Paala","location_id":10}"
2026-09-21 07:35:35,+0300,1,Hipodroom,0,success,"{"total":0,"location_name":"Hipodroom","location_id":1}"
2026-09-21 07:35:35,+0300,3,T1,2,success,"{"total":2,"location_name":"T1 Shopping Mall","location_id":3}"
2026-09-21 07:35:35,+0300,9,Mustika,0,success,"{"total":0,"location_name":"Mustika","location_id":9}"
2026-09-21 07:35:35,+0300,10,Suur-Paala,1,success,"{"total":1,"location_name":"Suur-Paala","location_id":10}"
2026-09-21 07:37:36,+0300,1,Hipodroom,0,success,"{"total":0,"location_name":"Hipodroom","location_id":1}"
2026-09-21 07:37:36,+0300,3,T1,2,success,"{"total":2,"location_name":"T1 Shopping Mall","location_id":3}"
2026-09-21 07:37:36,+0300,9,Mustika,0,success,"{"total":0,"location_name":"Mustika","location_id":9}"
2026-09-21 07:37:36,+0300,10,Suur-Paala,1,success,"{"total":1,"location_name":"Suur-Paala","location_id":10}"
2026-09-21 07:39:36,+0300,1,Hipodroom,0,success,"{"total":0,"location_name":"Hipodroom","location_id":1}"
2026-09-21 07:39:36,+0300,3,T1,2,success,"{"total":2,"location_name":"T1 Shopping Mall","location_id":3}"
2026-09-21 07:39:36,+0300,9,Mustika,0,success,"{"total":0,"location_name":"Mustika","location_id":9}"
2026-09-21 07:39:36,+0300,10,Suur-Paala,1,success,"{"total":1,"location_name":"Suur-Paala","location_id":10}"
2026-09-21 07:41:37,+0300,1,Hipodroom,0,success,"{"total":0,"location_name":"Hipodroom","location_id":1}"
2026-09-21 07:41:37,+0300,3,T1,2,success,"{"total":2,"location_name":"T1 Shopping Mall","location_id":3}"
2026-09-21 07:41:37,+0300,9,Mustika,0,success,"{"total":0,"location_name":"Mustika","location_id":9}"
2026-09-21 07:41:37,+0300,10,Suur-Paala,1,success,"{"total":1,"location_name":"Suur-Paala","location_id":10}"
2026-09-21 07:43:39,+0300,1,Hipodroom,0,success,"{"total":0,"location_name":"Hipodroom","location_id":1}"
2026-09-21 07:43:39,+0300,3,T1,2,success,"{"total":2,"location_name":"T1 Shopping Mall","location_id":3}"
2026-09-21 07:43:39,+0300,9,Mustika,0,success,"{"total":0,"location_name":"Mustika","location_id":9}"
2026-09-21 07:43:39,+0300,10,Suur-Paala,1,success,"{"total":1,"location_name":"Suur-Paala","location_id":10}"
2026-09-21 07:45:40,+0300,1,Hipodroom,0,success,"{"total":0,"location_name":"Hipodroom","location_id":1}"
2026-09-21 07:45:40,+0300,3,T1,2,success,"{"total":2,"location_name":"T1 Shopping Mall","location_id":3}"
2026-09-21 07:45:40,+0300,9,Mustika,0,success,"{"total":0,"location_name":"Mustika","location_id":9}"
2026-09-21 07:45:40,+0300,10,Suur-Paala,1,success,"{"total":1,"location_name":"Suur-Paala","location_id":10}"
2026-09-21 07:47:42,+0300,1,Hipodroom,0,success,"{"total":0,"location_name":"Hipodroom","location_id":1}"
2026-09-21 07:47:42,+0300,3,T1,2,success,"{"total":2,"location_name":"T1 Shopping Mall","location_id":3}"
2026-09-21 07:47:42,+0300,9,Mustika,0,success,"{"total":0,"location_name":"Mustika","location_id":9}"
2026-09-21 07:47:42,+0300,10,Suur-Paala,1,success,"{"total":1,"location_name":"Suur-Paala","location_id":10}"
2026-09-21 07:49:43,+0300,1,Hipodroom,0,success,"{"total":0,"location_name":"Hipodroom","location_id":1}"
2026-09-21 07:49:43,+0300,3,T1,2,success,"{"total":2,"location_name":"T1 Shopping Mall","location_id":3}"
2026-09-21 07:49:43,+0300,9,Mustika,0,success,"{"total":0,"location_name":"Mustika","location_id":9}"
2026-09-21 07:49:43,+0300,10,Suur-Paala,1,success,"{"total":1,"location_name":"Suur-Paala","location_id":10}"
2026-09-21 07:51:44,+0300,1,Hipodroom,0,success,"{"total":0,"location_name":"Hipodroom","location_id":1}"
2026-09-21 07:51:44,+0300,3,T1,2,success,"{"total":2,"location_name":"T1 Shopping Mall","location_id":3}"
2026-09-21 07:51:44,+0300,9,Mustika,0,success,"{"total":0,"location_name":"Mustika","location_id":9}"
2026-09-21 07:51:44,+0300,10,Suur-Paala,1,success,"{"total":1,"location_name":"Suur-Paala","location_id":10}"
2026-09-21 07:53:45,+0300,1,Hipodroom,0,success,"{"total":0,"location_name":"Hipodroom","location_id":1}"
2026-09-21 07:53:45,+0300,3,T1,2,success,"{"total":2,"location_name":"T1 Shopping Mall","location_id":3}"
2026-09-21 07:53:45,+0300,9,Mustika,0,success,"{"total":0,"location_name":"Mustika","location_id":9}"
2026-09-21 07:53:45,+0300,10,Suur-Paala,1,success,"{"total":1,"location_name":"Suur-Paala","location_id":10}"
2026-09-21 07:55:45,+0300,1,Hipodroom,0,success,"{"total":0,"location_name":"Hipodroom","location_id":1}"
2026-09-21 07:55:45,+0300,3,T1,2,success,"{"total":2,"location_name":"T1 Shopping Mall","location_id":3}"
2026-09-21 07:55:45,+0300,9,Mustika,0,success,"{"total":0,"location_name":"Mustika","location_id":9}"
2026-09-21 07:55:45,+0300,10,Suur-Paala,1,success,"{"total":1,"location_name":"Suur-Paala","location_id":10}"
2026-09-21 07:57:46,+0300,1,Hipodroom,0,success,"{"total":0,"location_name":"Hipodroom","location_id":1}"
2026-09-21 07:57:46,+0300,3,T1,2,success,"{"total":2,"location_name":"T1 Shopping Mall","location_id":3}"
2026-09-21 07:57:46,+0300,9,Mustika,0,success,"{"total":0,"location_name":"Mustika","location_id":9}"
2026-09-21 07:57:46,+0300,10,Suur-Paala,1,success,"{"total":1,"location_name":"Suur-Paala","location_id":10}"
2026-09-21 07:59:47,+0300,1,Hipodroom,0,success,"{"total":0,"location_name":"Hipodroom","location_id":1}"
2026-09-21 07:59:47,+0300,3,T1,2,success,"{"total":2,"location_name":"T1 Shopping Mall","location_id":3}"
2026-09-21 07:59:47,+0300,9,Mustika,0,success,"{"total":0,"location_name":"Mustika","location_id":9}"
2026-09-21 07:59:47,+0300,10,Suur-Paala,1,success,"{"total":1,"location_name":"Suur-Paala","location_id":10}"
2026-09-21 08:01:47,+0300,1,Hipodroom,0,success,"{"total":0,"location_name":"Hipodroom","location_id":1}"
2026-09-21 08:01:47,+0300,3,T1,2,success,"{"total":2,"location_name":"T1 Shopping Mall","location_id":3}"
2026-09-21 08:01:47,+0300,9,Mustika,0,success,"{"total":0,"location_name":"Mustika","location_id":9}"
2026-09-21 08:01:47,+0300,10,Suur-Paala,1,success,"{"total":1,"location_name":"Suur-Paala","location_id":10}"
2026-09-21 08:03:48,+0300,1,Hipodroom,0,success,"{"total":0,"location_name":"Hipodroom","location_id":1}"
2026-09-21 08:03:48,+0300,3,T1,2,success,"{"total":2,"location_name":"T1 Shopping Mall","location_id":3}"
2026-09-21 08:03:48,+0300,9,Mustika,0,success,"{"total":0,"location_name":"Mustika","location_id":9}"
2026-09-21 08:03:48,+0300,10,Suur-Paala,1,success,"{"total":1,"location_name":"Suur-Paala","location_id":10}"
2026-09-21 08:05:48,+0300,1,Hipodroom,0,success,"{"total":0,"location_name":"Hipodroom","location_id":1}"
2026-09-21 08:05:48,+0300,3,T1,2,success,"{"total":2,"location_name":"T1 Shopping Mall","location_id":3}"
2026-09-21 08:05:48,+0300,9,Mustika,0,success,"{"total":0,"location_name":"Mustika","location_id":9}"
2026-09-21 08:05:48,+0300,10,Suur-Paala,1,success,"{"total":1,"location_name":"Suur-Paala","location_id":10}"
2026-09-21 08:07:49,+0300,1,Hipodroom,0,success,"{"total":0,"location_name":"Hipodroom","location_id":1}"
2026-09-21 08:07:49,+0300,3,T1,2,success,"{"total":2,"location_name":"T1 Shopping Mall","location_id":3}"
2026-09-21 08:07:49,+0300,9,Mustika,0,success,"{"total":0,"location_name":"Mustika","location_id":9}"
2026-09-21 08:07:49,+0300,10,Suur-Paala,1,success,"{"total":1,"location_name":"Suur-Paala","location_id":10}"
2026-09-21 08:09:50,+0300,1,Hipodroom,0,success,"{"total":0,"location_name":"Hipodroom","location_id":1}"
2026-09-21 08:09:50,+0300,3,T1,2,success,"{"total":2,"location_name":"T1 Shopping Mall","location_id":3}"
2026-09-21 08:09:50,+0300,9,Mustika,0,success,"{"total":0,"location_name":"Mustika","location_id":9}"
2026-09-21 08:09:50,+0300,10,Suur-Paala,1,success,"{"total":1,"location_name":"Suur-Paala","location_id":10}"
2026-09-21 08:11:51,+0300,1,Hipodroom,0,success,"{"total":0,"location_name":"Hipodroom","location_id":1}"
2026-09-21 08:11:51,+0300,3,T1,2,success,"{"total":2,"location_name":"T1 Shopping Mall","location_id":3}"
2026-09-21 08:11:51,+0300,9,Mustika,0,success,"{"total":0,"location_name":"Mustika","location_id":9}"
2026-09-21 08:11:51,+0300,10,Suur-Paala,1,success,"{"total":1,"location_name":"Suur-Paala","location_id":10}"
2026-09-21 08:13:51,+0300,1,Hipodroom,0,success,"{"total":0,"location_name":"Hipodroom","location_id":1}"
2026-09-21 08:13:51,+0300,3,T1,2,success,"{"total":2,"location_name":"T1 Shopping Mall","location_id":3}"
2026-09-21 08:13:51,+0300,9,Mustika,0,success,"{"total":0,"location_name":"Mustika","location_id":9}"
2026-09-21 08:13:51,+0300,10,Suur-Paala,1,success,"{"total":1,"location_name":"Suur-Paala","location_id":10}"
2026-09-21 08:15:52,+0300,1,Hipodroom,0,success,"{"total":0,"location_name":"Hipodroom","location_id":1}"
2026-09-21 08:15:52,+0300,3,T1,2,success,"{"total":2,"location_name":"T1 Shopping Mall","location_id":3}"
2026-09-21 08:15:52,+0300,9,Mustika,0,success,"{"total":0,"location_name":"Mustika","location_id":9}"
2026-09-21 08:15:52,+0300,10,Suur-Paala,1,success,"{"total":1,"location_name":"Suur-Paala","location_id":10}"
2026-09-21 08:17:52,+0300,1,Hipodroom,0,success,"{"total":0,"location_name":"Hipodroom","location_id":1}"
2026-09-21 08:17:52,+0300,3,T1,2,success,"{"total":2,"location_name":"T1 Shopping Mall","location_id":3}"
2026-09-21 08:17:52,+0300,9,Mustika,0,success,"{"total":0,"location_name":"Mustika","location_id":9}"
2026-09-21 08:17:52,+0300,10,Suur-Paala,1,success,"{"total":1,"location_name":"Suur-Paala","location_id":10}"
2026-09-21 08:19:53,+0300,1,Hipodroom,0,success,"{"total":0,"location_name":"Hipodroom","location_id":1}"
2026-09-21 08:19:53,+0300,3,T1,2,success,"{"total":2,"location_name":"T1 Shopping Mall","location_id":3}"
2026-09-21 08:19:53,+0300,9,Mustika,0,success,"{"total":0,"location_name":"Mustika","location_id":9}"
2026-09-21 08:19:53,+0300,10,Suur-Paala,1,success,"{"total":1,"location_name":"Suur-Paala","location_id":10}"
2026-09-21 08:21:54,+0300,1,Hipodroom,0,success,"{"total":0,"location_name":"Hipodroom","location_id":1}"
2026-09-21 08:21:54,+0300,3,T1,2,success,"{"total":2,"location_name":"T1 Shopping Mall","location_id":3}"
2026-09-21 08:21:54,+0300,9,Mustika,0,success,"{"total":0,"location_name":"Mustika","location_id":9}"
2026-09-21 08:21:54,+0300,10,Suur-Paala,2,success,"{"total":2,"location_name":"Suur-Paala","location_id":10}"
2026-09-21 08:23:55,+0300,1,Hipodroom,0,success,"{"total":0,"location_name":"Hipodroom","location_id":1}"
2026-09-21 08:23:55,+0300,3,T1,2,success,"{"total":2,"location_name":"T1 Shopping Mall","location_id":3}"
2026-09-21 08:23:55,+0300,9,Mustika,0,success,"{"total":0,"location_name":"Mustika","location_id":9}"
2026-09-21 08:23:55,+0300,10,Suur-Paala,2,success,"{"total":2,"location_name":"Suur-Paala","location_id":10}"
2026-09-21 08:25:55,+0300,1,Hipodroom,0,success,"{"total":0,"location_name":"Hipodroom","location_id":1}"
2026-09-21 08:25:55,+0300,3,T1,2,success,"{"total":2,"location_name":"T1 Shopping Mall","location_id":3}"
2026-09-21 08:25:55,+0300,9,Mustika,0,success,"{"total":0,"location_name":"Mustika","location_id":9}"
2026-09-21 08:25:55,+0300,10,Suur-Paala,2,success,"{"total":2,"location_name":"Suur-Paala","location_id":10}"
2026-09-21 08:27:56,+0300,1,Hipodroom,0,success,"{"total":0,"location_name":"Hipodroom","location_id":1}"
2026-09-21 08:27:56,+0300,3,T1,2,success,"{"total":2,"location_name":"T1 Shopping Mall","location_id":3}"
2026-09-21 08:27:56,+0300,9,Mustika,0,success,"{"total":0,"location_name":"Mustika","location_id":9}"
2026-09-21 08:27:56,+0300,10,Suur-Paala,2,success,"{"total":2,"location_name":"Suur-Paala","location_id":10}"
2026-09-21 08:29:58,+0300,1,Hipodroom,0,success,"{"total":0,"location_name":"Hipodroom","location_id":1}"
2026-09-21 08:29:58,+0300,3,T1,2,success,"{"total":2,"location_name":"T1 Shopping Mall","location_id":3}"
2026-09-21 08:29:58,+0300,9,Mustika,0,success,"{"total":0,"location_name":"Mustika","location_id":9}"
2026-09-21 08:29:58,+0300,10,Suur-Paala,2,success,"{"total":2,"location_name":"Suur-Paala","location_id":10}"
2026-09-21 08:31:59,+0300,1,Hipodroom,0,success,"{"total":0,"location_name":"Hipodroom","location_id":1}"
2026-09-21 08:31:59,+0300,3,T1,2,success,"{"total":2,"location_name":"T1 Shopping Mall","location_id":3}"
2026-09-21 08:31:59,+0300,9,Mustika,0,success,"{"total":0,"location_name":"Mustika","location_id":9}"
2026-09-21 08:31:59,+0300,10,Suur-Paala,2,success,"{"total":2,"location_name":"Suur-Paala","location_id":10}"
2026-09-21 08:33:59,+0300,1,Hipodroom,0,success,"{"total":0,"location_name":"Hipodroom","location_id":1}"
2026-09-21 08:33:59,+0300,3,T1,2,success,"{"total":2,"location_name":"T1 Shopping Mall","location_id":3}"
2026-09-21 08:33:59,+0300,9,Mustika,0,success,"{"total":0,"location_name":"Mustika","location_id":9}"
2026-09-21 08:33:59,+0300,10,Suur-Paala,2,success,"{"total":2,"location_name":"Suur-Paala","location_id":10}"
2026-09-21 08:36:00,+0300,1,Hipodroom,0,success,"{"total":0,"location_name":"Hipodroom","location_id":1}"
2026-09-21 08:36:00,+0300,3,T1,2,success,"{"total":2,"location_name":"T1 Shopping Mall","location_id":3}"
2026-09-21 08:36:00,+0300,9,Mustika,0,success,"{"total":0,"location_name":"Mustika","location_id":9}"
2026-09-21 08:36:00,+0300,10,Suur-Paala,2,success,"{"total":2,"location_name":"Suur-Paala","location_id":10}"
2026-09-21 08:38:01,+0300,1,Hipodroom,0,success,"{"total":0,"location_name":"Hipodroom","location_id":1}"
2026-09-21 08:38:01,+0300,3,T1,2,success,"{"total":2,"location_name":"T1 Shopping Mall","location_id":3}"
2026-09-21 08:38:01,+0300,9,Mustika,0,success,"{"total":0,"location_name":"Mustika","location_id":9}"
2026-09-21 08:38:01,+0300,10,Suur-Paala,2,success,"{"total":2,"location_name":"Suur-Paala","location_id":10}"
2026-09-21 08:40:01,+0300,1,Hipodroom,0,success,"{"total":0,"location_name":"Hipodroom","location_id":1}"
2026-09-21 08:40:01,+0300,3,T1,2,success,"{"total":2,"location_name":"T1 Shopping Mall","location_id":3}"
2026-09-21 08:40:01,+0300,9,Mustika,0,success,"{"total":0,"location_name":"Mustika","location_id":9}"
2026-09-21 08:40:01,+0300,10,Suur-Paala,2,success,"{"total":2,"location_name":"Suur-Paala","location_id":10}"
2026-09-21 08:42:02,+0300,1,Hipodroom,0,success,"{"total":0,"location_name":"Hipodroom","location_id":1}"
2026-09-21 08:42:02,+0300,3,T1,2,success,"{"total":2,"location_name":"T1 Shopping Mall","location_id":3}"
2026-09-21 08:42:02,+0300,9,Mustika,0,success,"{"total":0,"location_name":"Mustika","location_id":9}"
2026-09-21 08:42:02,+0300,10,Suur-Paala,2,success,"{"total":2,"location_name":"Suur-Paala","location_id":10}"
2026-09-21 08:44:03,+0300,1,Hipodroom,0,success,"{"total":0,"location_name":"Hipodroom","location_id":1}"
2026-09-21 08:44:03,+0300,3,T1,2,success,"{"total":2,"location_name":"T1 Shopping Mall","location_id":3}"
2026-09-21 08:44:03,+0300,9,Mustika,0,success,"{"total":0,"location_name":"Mustika","location_id":9}"
2026-09-21 08:44:03,+0300,10,Suur-Paala,2,success,"{"total":2,"location_name":"Suur-Paala","location_id":10}"
2026-09-21 08:46:04,+0300,1,Hipodroom,0,success,"{"total":0,"location_name":"Hipodroom","location_id":1}"
2026-09-21 08:46:04,+0300,3,T1,2,success,"{"total":2,"location_name":"T1 Shopping Mall","location_id":3}"
2026-09-21 08:46:04,+0300,9,Mustika,0,success,"{"total":0,"location_name":"Mustika","location_id":9}"
2026-09-21 08:46:04,+0300,10,Suur-Paala,2,success,"{"total":2,"location_name":"Suur-Paala","location_id":10}"
2026-09-21 08:48:06,+0300,1,Hipodroom,0,success,"{"total":0,"location_name":"Hipodroom","location_id":1}"
2026-09-21 08:48:06,+0300,3,T1,2,success,"{"total":2,"location_name":"T1 Shopping Mall","location_id":3}"
2026-09-21 08:48:06,+0300,9,Mustika,0,success,"{"total":0,"location_name":"Mustika","location_id":9}"
2026-09-21 08:48:06,+0300,10,Suur-Paala,2,success,"{"total":2,"location_name":"Suur-Paala","location_id":10}"
2026-09-21 08:50:07,+0300,1,Hipodroom,0,success,"{"total":0,"location_name":"Hipodroom","location_id":1}"
2026-09-21 08:50:07,+0300,3,T1,2,success,"{"total":2,"location_name":"T1 Shopping Mall","location_id":3}"
2026-09-21 08:50:07,+0300,9,Mustika,0,success,"{"total":0,"location_name":"Mustika","location_id":9}"
2026-09-21 08:50:07,+0300,10,Suur-Paala,2,success,"{"total":2,"location_name":"Suur-Paala","location_id":10}"
2026-09-21 08:52:07,+0300,1,Hipodroom,0,success,"{"total":0,"location_name":"Hipodroom","location_id":1}"
2026-09-21 08:52:07,+0300,3,T1,2,success,"{"total":2,"location_name":"T1 Shopping Mall","location_id":3}"
2026-09-21 08:52:07,+0300,9,Mustika,0,success,"{"total":0,"location_name":"Mustika","location_id":9}"
2026-09-21 08:52:07,+0300,10,Suur-Paala,2,success,"{"total":2,"location_name":"Suur-Paala","location_id":10}"
2026-09-21 08:54:08,+0300,1,Hipodroom,0,success,"{"total":0,"location_name":"Hipodroom","location_id":1}"
2026-09-21 08:54:08,+0300,3,T1,2,success,"{"total":2,"location_name":"T1 Shopping Mall","location_id":3}"
2026-09-21 08:54:08,+0300,9,Mustika,0,success,"{"total":0,"location_name":"Mustika","location_id":9}"
2026-09-21 08:54:08,+0300,10,Suur-Paala,2,success,"{"total":2,"location_name":"Suur-Paala","location_id":10}"
2026-09-21 08:56:09,+0300,1,Hipodroom,0,success,"{"total":0,"location_name":"Hipodroom","location_id":1}"
2026-09-21 08:56:09,+0300,3,T1,2,success,"{"total":2,"location_name":"T1 Shopping Mall","location_id":3}"
2026-09-21 08:56:09,+0300,9,Mustika,0,success,"{"total":0,"location_name":"Mustika","location_id":9}"
2026-09-21 08:56:09,+0300,10,Suur-Paala,2,success,"{"total":2,"location_name":"Suur-Paala","location_id":10}"
2026-09-21 08:58:10,+0300,1,Hipodroom,0,success,"{"total":0,"location_name":"Hipodroom","location_id":1}"
2026-09-21 08:58:10,+0300,3,T1,2,success,"{"total":2,"location_name":"T1 Shopping Mall","location_id":3}"
2026-09-21 08:58:10,+0300,9,Mustika,0,success,"{"total":0,"location_name":"Mustika","location_id":9}"
2026-09-21 08:58:10,+0300,10,Suur-Paala,2,success,"{"total":2,"location_name":"Suur-Paala","location_id":10}"
2026-09-21 09:00:10,+0300,1,Hipodroom,0,success,"{"total":0,"location_name":"Hipodroom","location_id":1}"
2026-09-21 09:00:10,+0300,3,T1,2,success,"{"total":2,"location_name":"T1 Shopping Mall","location_id":3}"
2026-09-21 09:00:10,+0300,9,Mustika,1,success,"{"total":1,"location_name":"Mustika","location_id":9}"
2026-09-21 09:00:10,+0300,10,Suur-Paala,2,success,"{"total":2,"location_name":"Suur-Paala","location_id":10}"
2026-09-21 09:02:11,+0300,1,Hipodroom,0,success,"{"total":0,"location_name":"Hipodroom","location_id":1}"
2026-09-21 09:02:11,+0300,3,T1,2,success,"{"total":2,"location_name":"T1 Shopping Mall","location_id":3}"
2026-09-21 09:02:11,+0300,9,Mustika,1,success,"{"total":1,"location_name":"Mustika","location_id":9}"
2026-09-21 09:02:11,+0300,10,Suur-Paala,2,success,"{"total":2,"location_name":"Suur-Paala","location_id":10}"
2026-09-21 09:04:12,+0300,1,Hipodroom,0,success,"{"total":0,"location_name":"Hipodroom","location_id":1}"
2026-09-21 09:04:12,+0300,3,T1,2,success,"{"total":2,"location_name":"T1 Shopping Mall","location_id":3}"
2026-09-21 09:04:12,+0300,9,Mustika,1,success,"{"total":1,"location_name":"Mustika","location_id":9}"
2026-09-21 09:04:12,+0300,10,Suur-Paala,2,success,"{"total":2,"location_name":"Suur-Paala","location_id":10}"
2026-09-21 09:06:12,+0300,1,Hipodroom,0,success,"{"total":0,"location_name":"Hipodroom","location_id":1}"
2026-09-21 09:06:12,+0300,3,T1,1,success,"{"total":1,"location_name":"T1 Shopping Mall","location_id":3}"
2026-09-21 09:06:12,+0300,9,Mustika,2,success,"{"total":2,"location_name":"Mustika","location_id":9}"
2026-09-21 09:06:12,+0300,10,Suur-Paala,2,success,"{"total":2,"location_name":"Suur-Paala","location_id":10}"
2026-09-21 09:08:13,+0300,1,Hipodroom,0,success,"{"total":0,"location_name":"Hipodroom","location_id":1}"
2026-09-21 09:08:13,+0300,3,T1,1,success,"{"total":1,"location_name":"T1 Shopping Mall","location_id":3}"
2026-09-21 09:08:13,+0300,9,Mustika,2,success,"{"total":2,"location_name":"Mustika","location_id":9}"
2026-09-21 09:08:13,+0300,10,Suur-Paala,2,success,"{"total":2,"location_name":"Suur-Paala","location_id":10}"
2026-09-21 09:10:14,+0300,1,Hipodroom,0,success,"{"total":0,"location_name":"Hipodroom","location_id":1}"
2026-09-21 09:10:14,+0300,3,T1,1,success,"{"total":1,"location_name":"T1 Shopping Mall","location_id":3}"
2026-09-21 09:10:14,+0300,9,Mustika,2,success,"{"total":2,"location_name":"Mustika","location_id":9}"
2026-09-21 09:10:14,+0300,10,Suur-Paala,2,success,"{"total":2,"location_name":"Suur-Paala","location_id":10}"
2026-09-21 09:12:14,+0300,1,Hipodroom,0,success,"{"total":0,"location_name":"Hipodroom","location_id":1}"
2026-09-21 09:12:14,+0300,3,T1,0,success,"{"total":0,"location_name":"T1 Shopping Mall","location_id":3}"
2026-09-21 09:12:14,+0300,9,Mustika,2,success,"{"total":2,"location_name":"Mustika","location_id":9}"
2026-09-21 09:12:14,+0300,10,Suur-Paala,2,success,"{"total":2,"location_name":"Suur-Paala","location_id":10}"
2026-09-21 09:14:15,+0300,1,Hipodroom,0,success,"{"total":0,"location_name":"Hipodroom","location_id":1}"
2026-09-21 09:14:15,+0300,3,T1,0,success,"{"total":0,"location_name":"T1 Shopping Mall","location_id":3}"
2026-09-21 09:14:15,+0300,9,Mustika,2,success,"{"total":2,"location_name":"Mustika","location_id":9}"
2026-09-21 09:14:15,+0300,10,Suur-Paala,2,success,"{"total":2,"location_name":"Suur-Paala","location_id":10}"
2026-09-21 09:16:15,+0300,1,Hipodroom,0,success,"{"total":0,"location_name":"Hipodroom","location_id":1}"
2026-09-21 09:16:15,+0300,3,T1,0,success,"{"total":0,"location_name":"T1 Shopping Mall","location_id":3}"
2026-09-21 09:16:15,+0300,9,Mustika,2,success,"{"total":2,"location_name":"Mustika","location_id":9}"
2026-09-21 09:16:15,+0300,10,Suur-Paala,2,success,"{"total":2,"location_name":"Suur-Paala","location_id":10}"
2026-09-21 09:18:16,+0300,1,Hipodroom,0,success,"{"total":0,"location_name":"Hipodroom","location_id":1}"
2026-09-21 09:18:16,+0300,3,T1,0,success,"{"total":0,"location_name":"T1 Shopping Mall","location_id":3}"
2026-09-21 09:18:16,+0300,9,Mustika,2,success,"{"total":2,"location_name":"Mustika","location_id":9}"
2026-09-21 09:18:16,+0300,10,Suur-Paala,2,success,"{"total":2,"location_name":"Suur-Paala","location_id":10}"
2026-09-21 09:20:16,+0300,1,Hipodroom,0,success,"{"total":0,"location_name":"Hipodroom","location_id":1}"
2026-09-21 09:20:16,+0300,3,T1,0,success,"{"total":0,"location_name":"T1 Shopping Mall","location_id":3}"
2026-09-21 09:20:16,+0300,9,Mustika,2,success,"{"total":2,"location_name":"Mustika","location_id":9}"
2026-09-21 09:20:16,+0300,10,Suur-Paala,2,success,"{"total":2,"location_name":"Suur-Paala","location_id":10}"
2026-09-21 09:22:17,+0300,1,Hipodroom,0,success,"{"total":0,"location_name":"Hipodroom","location_id":1}"
2026-09-21 09:22:17,+0300,3,T1,0,success,"{"total":0,"location_name":"T1 Shopping Mall","location_id":3}"
2026-09-21 09:22:17,+0300,9,Mustika,2,success,"{"total":2,"location_name":"Mustika","location_id":9}"
2026-09-21 09:22:17,+0300,10,Suur-Paala,3,success,"{"total":3,"location_name":"Suur-Paala","location_id":10}"
2026-09-21 09:24:17,+0300,1,Hipodroom,0,success,"{"total":0,"location_name":"Hipodroom","location_id":1}"
2026-09-21 09:24:17,+0300,3,T1,1,success,"{"total":1,"location_name":"T1 Shopping Mall","location_id":3}"
2026-09-21 09:24:17,+0300,9,Mustika,2,success,"{"total":2,"location_name":"Mustika","location_id":9}"
2026-09-21 09:24:17,+0300,10,Suur-Paala,3,success,"{"total":3,"location_name":"Suur-Paala","location_id":10}"
2026-09-21 09:26:18,+0300,1,Hipodroom,0,success,"{"total":0,"location_name":"Hipodroom","location_id":1}"
2026-09-21 09:26:18,+0300,3,T1,1,success,"{"total":1,"location_name":"T1 Shopping Mall","location_id":3}"
2026-09-21 09:26:18,+0300,9,Mustika,2,success,"{"total":2,"location_name":"Mustika","location_id":9}"
2026-09-21 09:26:18,+0300,10,Suur-Paala,3,success,"{"total":3,"location_name":"Suur-Paala","location_id":10}"
2026-09-21 09:28:18,+0300,1,Hipodroom,0,success,"{"total":0,"location_name":"Hipodroom","location_id":1}"
2026-09-21 09:28:18,+0300,3,T1,1,success,"{"total":1,"location_name":"T1 Shopping Mall","location_id":3}"
2026-09-21 09:28:18,+0300,9,Mustika,2,success,"{"total":2,"location_name":"Mustika","location_id":9}"
2026-09-21 09:28:18,+0300,10,Suur-Paala,3,success,"{"total":3,"location_name":"Suur-Paala","location_id":10}"
2026-09-21 09:30:20,+0300,1,Hipodroom,0,success,"{"total":0,"location_name":"Hipodroom","location_id":1}"
2026-09-21 09:30:20,+0300,3,T1,1,success,"{"total":1,"location_name":"T1 Shopping Mall","location_id":3}"
2026-09-21 09:30:20,+0300,9,Mustika,2,success,"{"total":2,"location_name":"Mustika","location_id":9}"
2026-09-21 09:30:20,+0300,10,Suur-Paala,3,success,"{"total":3,"location_name":"Suur-Paala","location_id":10}"
2026-09-21 09:32:21,+0300,1,Hipodroom,0,success,"{"total":0,"location_name":"Hipodroom","location_id":1}"
2026-09-21 09:32:21,+0300,3,T1,1,success,"{"total":1,"location_name":"T1 Shopping Mall","location_id":3}"
2026-09-21 09:32:21,+0300,9,Mustika,2,success,"{"total":2,"location_name":"Mustika","location_id":9}"
2026-09-21 09:32:21,+0300,10,Suur-Paala,3,success,"{"total":3,"location_name":"Suur-Paala","location_id":10}"
2026-09-21 09:34:21,+0300,1,Hipodroom,0,success,"{"total":0,"location_name":"Hipodroom","location_id":1}"
2026-09-21 09:34:21,+0300,3,T1,1,success,"{"total":1,"location_name":"T1 Shopping Mall","location_id":3}"
2026-09-21 09:34:21,+0300,9,Mustika,2,success,"{"total":2,"location_name":"Mustika","location_id":9}"
2026-09-21 09:34:21,+0300,10,Suur-Paala,3,success,"{"total":3,"location_name":"Suur-Paala","location_id":10}"
2026-09-21 09:36:23,+0300,1,Hipodroom,0,success,"{"total":0,"location_name":"Hipodroom","location_id":1}"
2026-09-21 09:36:23,+0300,3,T1,1,success,"{"total":1,"location_name":"T1 Shopping Mall","location_id":3}"
2026-09-21 09:36:23,+0300,9,Mustika,2,success,"{"total":2,"location_name":"Mustika","location_id":9}"
2026-09-21 09:36:23,+0300,10,Suur-Paala,3,success,"{"total":3,"location_name":"Suur-Paala","location_id":10}"
2026-09-21 09:38:23,+0300,1,Hipodroom,0,success,"{"total":0,"location_name":"Hipodroom","location_id":1}"
2026-09-21 09:38:23,+0300,3,T1,1,success,"{"total":1,"location_name":"T1 Shopping Mall","location_id":3}"
2026-09-21 09:38:23,+0300,9,Mustika,2,success,"{"total":2,"location_name":"Mustika","location_id":9}"
2026-09-21 09:38:23,+0300,10,Suur-Paala,3,success,"{"total":3,"location_name":"Suur-Paala","location_id":10}"
2026-09-21 09:40:24,+0300,1,Hipodroom,0,success,"{"total":0,"location_name":"Hipodroom","location_id":1}"
2026-09-21 09:40:24,+0300,3,T1,1,success,"{"total":1,"location_name":"T1 Shopping Mall","location_id":3}"
2026-09-21 09:40:24,+0300,9,Mustika,2,success,"{"total":2,"location_name":"Mustika","location_id":9}"
2026-09-21 09:40:24,+0300,10,Suur-Paala,3,success,"{"total":3,"location_name":"Suur-Paala","location_id":10}"
2026-09-21 09:42:24,+0300,1,Hipodroom,0,success,"{"total":0,"location_name":"Hipodroom","location_id":1}"
2026-09-21 09:42:24,+0300,3,T1,1,success,"{"total":1,"location_name":"T1 Shopping Mall","location_id":3}"
2026-09-21 09:42:24,+0300,9,Mustika,2,success,"{"total":2,"location_name":"Mustika","location_id":9}"
2026-09-21 09:42:24,+0300,10,Suur-Paala,3,success,"{"total":3,"location_name":"Suur-Paala","location_id":10}"
2026-09-21 09:44:25,+0300,1,Hipodroom,0,success,"{"total":0,"location_name":"Hipodroom","location_id":1}"
2026-09-21 09:44:25,+0300,3,T1,1,success,"{"total":1,"location_name":"T1 Shopping Mall","location_id":3}"
2026-09-21 09:44:25,+0300,9,Mustika,2,success,"{"total":2,"location_name":"Mustika","location_id":9}"
2026-09-21 09:44:25,+0300,10,Suur-Paala,3,success,"{"total":3,"location_name":"Suur-Paala","location_id":10}"
2026-09-21 09:46:25,+0300,1,Hipodroom,0,success,"{"total":0,"location_name":"Hipodroom","location_id":1}"
2026-09-21 09:46:25,+0300,3,T1,1,success,"{"total":1,"location_name":"T1 Shopping Mall","location_id":3}"
2026-09-21 09:46:25,+0300,9,Mustika,2,success,"{"total":2,"location_name":"Mustika","location_id":9}"
2026-09-21 09:46:25,+0300,10,Suur-Paala,3,success,"{"total":3,"location_name":"Suur-Paala","location_id":10}"
2026-09-21 09:48:26,+0300,1,Hipodroom,0,success,"{"total":0,"location_name":"Hipodroom","location_id":1}"
2026-09-21 09:48:26,+0300,3,T1,1,success,"{"total":1,"location_name":"T1 Shopping Mall","location_id":3}"
2026-09-21 09:48:26,+0300,9,Mustika,2,success,"{"total":2,"location_name":"Mustika","location_id":9}"
2026-09-21 09:48:26,+0300,10,Suur-Paala,3,success,"{"total":3,"location_name":"Suur-Paala","location_id":10}"
2026-09-21 09:50:27,+0300,1,Hipodroom,0,success,"{"total":0,"location_name":"Hipodroom","location_id":1}"
2026-09-21 09:50:27,+0300,3,T1,1,success,"{"total":1,"location_name":"T1 Shopping Mall","location_id":3}"
2026-09-21 09:50:27,+0300,9,Mustika,2,success,"{"total":2,"location_name":"Mustika","location_id":9}"
2026-09-21 09:50:27,+0300,10,Suur-Paala,3,success,"{"total":3,"location_name":"Suur-Paala","location_id":10}"
2026-09-21 09:52:27,+0300,1,Hipodroom,0,success,"{"total":0,"location_name":"Hipodroom","location_id":1}"
2026-09-21 09:52:27,+0300,3,T1,1,success,"{"total":1,"location_name":"T1 Shopping Mall","location_id":3}"
2026-09-21 09:52:27,+0300,9,Mustika,2,success,"{"total":2,"location_name":"Mustika","location_id":9}"
2026-09-21 09:52:27,+0300,10,Suur-Paala,3,success,"{"total":3,"location_name":"Suur-Paala","location_id":10}"
2026-09-21 09:54:28,+0300,1,Hipodroom,1,success,"{"total":1,"location_name":"Hipodroom","location_id":1}"
2026-09-21 09:54:28,+0300,3,T1,1,success,"{"total":1,"location_name":"T1 Shopping Mall","location_id":3}"
2026-09-21 09:54:28,+0300,9,Mustika,2,success,"{"total":2,"location_name":"Mustika","location_id":9}"
2026-09-21 09:54:28,+0300,10,Suur-Paala,3,success,"{"total":3,"location_name":"Suur-Paala","location_id":10}"
2026-09-21 09:56:28,+0300,1,Hipodroom,1,success,"{"total":1,"location_name":"Hipodroom","location_id":1}"
2026-09-21 09:56:28,+0300,3,T1,1,success,"{"total":1,"location_name":"T1 Shopping Mall","location_id":3}"
2026-09-21 09:56:28,+0300,9,Mustika,2,success,"{"total":2,"location_name":"Mustika","location_id":9}"
2026-09-21 09:56:28,+0300,10,Suur-Paala,3,success,"{"total":3,"location_name":"Suur-Paala","location_id":10}"
2026-09-21 09:58:29,+0300,1,Hipodroom,1,success,"{"total":1,"location_name":"Hipodroom","location_id":1}"
2026-09-21 09:58:29,+0300,3,T1,1,success,"{"total":1,"location_name":"T1 Shopping Mall","location_id":3}"
2026-09-21 09:58:29,+0300,9,Mustika,2,success,"{"total":2,"location_name":"Mustika","location_id":9}"
2026-09-21 09:58:29,+0300,10,Suur-Paala,3,success,"{"total":3,"location_name":"Suur-Paala","location_id":10}"
2026-09-21 10:00:30,+0300,1,Hipodroom,1,success,"{"total":1,"location_name":"Hipodroom","location_id":1}"
2026-09-21 10:00:30,+0300,3,T1,1,success,"{"total":1,"location_name":"T1 Shopping Mall","location_id":3}"
2026-09-21 10:00:30,+0300,9,Mustika,2,success,"{"total":2,"location_name":"Mustika","location_id":9}"
2026-09-21 10:00:30,+0300,10,Suur-Paala,3,success,"{"total":3,"location_name":"Suur-Paala","location_id":10}"
2026-09-21 10:02:30,+0300,1,Hipodroom,1,success,"{"total":1,"location_name":"Hipodroom","location_id":1}"
2026-09-21 10:02:30,+0300,3,T1,1,success,"{"total":1,"location_name":"T1 Shopping Mall","location_id":3}"
2026-09-21 10:02:30,+0300,9,Mustika,2,success,"{"total":2,"location_name":"Mustika","location_id":9}"
2026-09-21 10:02:30,+0300,10,Suur-Paala,3,success,"{"total":3,"location_name":"Suur-Paala","location_id":10}"
2026-09-21 10:04:30,+0300,1,Hipodroom,1,success,"{"total":1,"location_name":"Hipodroom","location_id":1}"
2026-09-21 10:04:30,+0300,3,T1,1,success,"{"total":1,"location_name":"T1 Shopping Mall","location_id":3}"
2026-09-21 10:04:30,+0300,9,Mustika,2,success,"{"total":2,"location_name":"Mustika","location_id":9}"
2026-09-21 10:04:30,+0300,10,Suur-Paala,3,success,"{"total":3,"location_name":"Suur-Paala","location_id":10}"
2026-09-21 10:06:31,+0300,1,Hipodroom,1,success,"{"total":1,"location_name":"Hipodroom","location_id":1}"
2026-09-21 10:06:31,+0300,3,T1,1,success,"{"total":1,"location_name":"T1 Shopping Mall","location_id":3}"
2026-09-21 10:06:31,+0300,9,Mustika,2,success,"{"total":2,"location_name":"Mustika","location_id":9}"
2026-09-21 10:06:31,+0300,10,Suur-Paala,3,success,"{"total":3,"location_name":"Suur-Paala","location_id":10}"
2026-09-21 10:08:32,+0300,1,Hipodroom,1,success,"{"total":1,"location_name":"Hipodroom","location_id":1}"
2026-09-21 10:08:32,+0300,3,T1,1,success,"{"total":1,"location_name":"T1 Shopping Mall","location_id":3}"
2026-09-21 10:08:32,+0300,9,Mustika,2,success,"{"total":2,"location_name":"Mustika","location_id":9}"
2026-09-21 10:08:32,+0300,10,Suur-Paala,3,success,"{"total":3,"location_name":"Suur-Paala","location_id":10}"
2026-09-21 10:10:32,+0300,1,Hipodroom,1,success,"{"total":1,"location_name":"Hipodroom","location_id":1}"
2026-09-21 10:10:32,+0300,3,T1,1,success,"{"total":1,"location_name":"T1 Shopping Mall","location_id":3}"
2026-09-21 10:10:32,+0300,9,Mustika,2,success,"{"total":2,"location_name":"Mustika","location_id":9}"
2026-09-21 10:10:32,+0300,10,Suur-Paala,3,success,"{"total":3,"location_name":"Suur-Paala","location_id":10}"
2026-09-21 10:12:33,+0300,1,Hipodroom,1,success,"{"total":1,"location_name":"Hipodroom","location_id":1}"
2026-09-21 10:12:33,+0300,3,T1,1,success,"{"total":1,"location_name":"T1 Shopping Mall","location_id":3}"
2026-09-21 10:12:33,+0300,9,Mustika,2,success,"{"total":2,"location_name":"Mustika","location_id":9}"
2026-09-21 10:12:33,+0300,10,Suur-Paala,3,success,"{"total":3,"location_name":"Suur-Paala","location_id":10}"
2026-09-21 10:14:33,+0300,1,Hipodroom,1,success,"{"total":1,"location_name":"Hipodroom","location_id":1}"
2026-09-21 10:14:33,+0300,3,T1,1,success,"{"total":1,"location_name":"T1 Shopping Mall","location_id":3}"
2026-09-21 10:14:33,+0300,9,Mustika,2,success,"{"total":2,"location_name":"Mustika","location_id":9}"
2026-09-21 10:14:33,+0300,10,Suur-Paala,3,success,"{"total":3,"location_name":"Suur-Paala","location_id":10}"
2026-09-21 10:16:34,+0300,1,Hipodroom,1,success,"{"total":1,"location_name":"Hipodroom","location_id":1}"
2026-09-21 10:16:34,+0300,3,T1,1,success,"{"total":1,"location_name":"T1 Shopping Mall","location_id":3}"
2026-09-21 10:16:34,+0300,9,Mustika,2,success,"{"total":2,"location_name":"Mustika","location_id":9}"
2026-09-21 10:16:34,+0300,10,Suur-Paala,3,success,"{"total":3,"location_name":"Suur-Paala","location_id":10}"
2026-09-21 10:18:34,+0300,1,Hipodroom,1,success,"{"total":1,"location_name":"Hipodroom","location_id":1}"
2026-09-21 10:18:34,+0300,3,T1,1,success,"{"total":1,"location_name":"T1 Shopping Mall","location_id":3}"
2026-09-21 10:18:34,+0300,9,Mustika,2,success,"{"total":2,"location_name":"Mustika","location_id":9}"
2026-09-21 10:18:34,+0300,10,Suur-Paala,3,success,"{"total":3,"location_name":"Suur-Paala","location_id":10}"
2026-09-21 10:20:35,+0300,1,Hipodroom,1,success,"{"total":1,"location_name":"Hipodroom","location_id":1}"
2026-09-21 10:20:35,+0300,3,T1,1,success,"{"total":1,"location_name":"T1 Shopping Mall","location_id":3}"
2026-09-21 10:20:35,+0300,9,Mustika,2,success,"{"total":2,"location_name":"Mustika","location_id":9}"
2026-09-21 10:20:35,+0300,10,Suur-Paala,3,success,"{"total":3,"location_name":"Suur-Paala","location_id":10}"
2026-09-21 10:22:36,+0300,1,Hipodroom,1,success,"{"total":1,"location_name":"Hipodroom","location_id":1}"
2026-09-21 10:22:36,+0300,3,T1,1,success,"{"total":1,"location_name":"T1 Shopping Mall","location_id":3}"
2026-09-21 10:22:36,+0300,9,Mustika,2,success,"{"total":2,"location_name":"Mustika","location_id":9}"
2026-09-21 10:22:36,+0300,10,Suur-Paala,3,success,"{"total":3,"location_name":"Suur-Paala","location_id":10}"
2026-09-21 10:24:36,+0300,1,Hipodroom,1,success,"{"total":1,"location_name":"Hipodroom","location_id":1}"
2026-09-21 10:24:36,+0300,3,T1,1,success,"{"total":1,"location_name":"T1 Shopping Mall","location_id":3}"
2026-09-21 10:24:36,+0300,9,Mustika,2,success,"{"total":2,"location_name":"Mustika","location_id":9}"
2026-09-21 10:24:36,+0300,10,Suur-Paala,3,success,"{"total":3,"location_name":"Suur-Paala","location_id":10}"
2026-09-21 10:26:37,+0300,1,Hipodroom,1,success,"{"total":1,"location_name":"Hipodroom","location_id":1}"
2026-09-21 10:26:37,+0300,3,T1,1,success,"{"total":1,"location_name":"T1 Shopping Mall","location_id":3}"
2026-09-21 10:26:37,+0300,9,Mustika,2,success,"{"total":2,"location_name":"Mustika","location_id":9}"
2026-09-21 10:26:37,+0300,10,Suur-Paala,3,success,"{"total":3,"location_name":"Suur-Paala","location_id":10}"
2026-09-21 10:28:38,+0300,1,Hipodroom,1,success,"{"total":1,"location_name":"Hipodroom","location_id":1}"
2026-09-21 10:28:38,+0300,3,T1,1,success,"{"total":1,"location_name":"T1 Shopping Mall","location_id":3}"
2026-09-21 10:28:38,+0300,9,Mustika,2,success,"{"total":2,"location_name":"Mustika","location_id":9}"
2026-09-21 10:28:38,+0300,10,Suur-Paala,2,success,"{"total":2,"location_name":"Suur-Paala","location_id":10}"
2026-09-21 10:30:38,+0300,1,Hipodroom,1,success,"{"total":1,"location_name":"Hipodroom","location_id":1}"
2026-09-21 10:30:38,+0300,3,T1,4,success,"{"total":4,"location_name":"T1 Shopping Mall","location_id":3}"
2026-09-21 10:30:38,+0300,9,Mustika,2,success,"{"total":2,"location_name":"Mustika","location_id":9}"
2026-09-21 10:30:38,+0300,10,Suur-Paala,2,success,"{"total":2,"location_name":"Suur-Paala","location_id":10}"
2026-09-21 10:32:39,+0300,1,Hipodroom,1,success,"{"total":1,"location_name":"Hipodroom","location_id":1}"
2026-09-21 10:32:39,+0300,3,T1,4,success,"{"total":4,"location_name":"T1 Shopping Mall","location_id":3}"
2026-09-21 10:32:39,+0300,9,Mustika,2,success,"{"total":2,"location_name":"Mustika","location_id":9}"
2026-09-21 10:32:39,+0300,10,Suur-Paala,2,success,"{"total":2,"location_name":"Suur-Paala","location_id":10}"
2026-09-21 10:34:39,+0300,1,Hipodroom,1,success,"{"total":1,"location_name":"Hipodroom","location_id":1}"
2026-09-21 10:34:39,+0300,3,T1,4,success,"{"total":4,"location_name":"T1 Shopping Mall","location_id":3}"
2026-09-21 10:34:39,+0300,9,Mustika,2,success,"{"total":2,"location_name":"Mustika","location_id":9}"
2026-09-21 10:34:39,+0300,10,Suur-Paala,2,success,"{"total":2,"location_name":"Suur-Paala","location_id":10}"
2026-09-21 10:36:40,+0300,1,Hipodroom,1,success,"{"total":1,"location_name":"Hipodroom","location_id":1}"
2026-09-21 10:36:40,+0300,3,T1,4,success,"{"total":4,"location_name":"T1 Shopping Mall","location_id":3}"
2026-09-21 10:36:40,+0300,9,Mustika,2,success,"{"total":2,"location_name":"Mustika","location_id":9}"
2026-09-21 10:36:40,+0300,10,Suur-Paala,2,success,"{"total":2,"location_name":"Suur-Paala","location_id":10}"
2026-09-21 10:38:40,+0300,1,Hipodroom,1,success,"{"total":1,"location_name":"Hipodroom","location_id":1}"
2026-09-21 10:38:40,+0300,3,T1,4,success,"{"total":4,"location_name":"T1 Shopping Mall","location_id":3}"
2026-09-21 10:38:40,+0300,9,Mustika,2,success,"{"total":2,"location_name":"Mustika","location_id":9}"
2026-09-21 10:38:40,+0300,10,Suur-Paala,2,success,"{"total":2,"location_name":"Suur-Paala","location_id":10}"
2026-09-21 10:40:41,+0300,1,Hipodroom,1,success,"{"total":1,"location_name":"Hipodroom","location_id":1}"
2026-09-21 10:40:41,+0300,3,T1,4,success,"{"total":4,"location_name":"T1 Shopping Mall","location_id":3}"
2026-09-21 10:40:41,+0300,9,Mustika,2,success,"{"total":2,"location_name":"Mustika","location_id":9}"
2026-09-21 10:40:41,+0300,10,Suur-Paala,2,success,"{"total":2,"location_name":"Suur-Paala","location_id":10}"
2026-09-21 10:42:41,+0300,1,Hipodroom,1,success,"{"total":1,"location_name":"Hipodroom","location_id":1}"
2026-09-21 10:42:41,+0300,3,T1,4,success,"{"total":4,"location_name":"T1 Shopping Mall","location_id":3}"
2026-09-21 10:42:41,+0300,9,Mustika,2,success,"{"total":2,"location_name":"Mustika","location_id":9}"
2026-09-21 10:42:41,+0300,10,Suur-Paala,2,success,"{"total":2,"location_name":"Suur-Paala","location_id":10}"
2026-09-21 10:44:42,+0300,1,Hipodroom,1,success,"{"total":1,"location_name":"Hipodroom","location_id":1}"
2026-09-21 10:44:42,+0300,3,T1,4,success,"{"total":4,"location_name":"T1 Shopping Mall","location_id":3}"
2026-09-21 10:44:42,+0300,9,Mustika,2,success,"{"total":2,"location_name":"Mustika","location_id":9}"
2026-09-21 10:44:42,+0300,10,Suur-Paala,2,success,"{"total":2,"location_name":"Suur-Paala","location_id":10}"
2026-09-21 10:46:43,+0300,1,Hipodroom,1,success,"{"total":1,"location_name":"Hipodroom","location_id":1}"
2026-09-21 10:46:43,+0300,3,T1,4,success,"{"total":4,"location_name":"T1 Shopping Mall","location_id":3}"
2026-09-21 10:46:43,+0300,9,Mustika,2,success,"{"total":2,"location_name":"Mustika","location_id":9}"
2026-09-21 10:46:43,+0300,10,Suur-Paala,2,success,"{"total":2,"location_name":"Suur-Paala","location_id":10}"
2026-09-21 10:48:43,+0300,1,Hipodroom,1,success,"{"total":1,"location_name":"Hipodroom","location_id":1}"
2026-09-21 10:48:43,+0300,3,T1,4,success,"{"total":4,"location_name":"T1 Shopping Mall","location_id":3}"
2026-09-21 10:48:43,+0300,9,Mustika,2,success,"{"total":2,"location_name":"Mustika","location_id":9}"
2026-09-21 10:48:43,+0300,10,Suur-Paala,2,success,"{"total":2,"location_name":"Suur-Paala","location_id":10}"
2026-09-21 10:50:44,+0300,1,Hipodroom,1,success,"{"total":1,"location_name":"Hipodroom","location_id":1}"
2026-09-21 10:50:44,+0300,3,T1,4,success,"{"total":4,"location_name":"T1 Shopping Mall","location_id":3}"
2026-09-21 10:50:44,+0300,9,Mustika,2,success,"{"total":2,"location_name":"Mustika","location_id":9}"
2026-09-21 10:50:44,+0300,10,Suur-Paala,2,success,"{"total":2,"location_name":"Suur-Paala","location_id":10}"
2026-09-21 10:52:45,+0300,1,Hipodroom,1,success,"{"total":1,"location_name":"Hipodroom","location_id":1}"
2026-09-21 10:52:45,+0300,3,T1,4,success,"{"total":4,"location_name":"T1 Shopping Mall","location_id":3}"
2026-09-21 10:52:45,+0300,9,Mustika,2,success,"{"total":2,"location_name":"Mustika","location_id":9}"
2026-09-21 10:52:45,+0300,10,Suur-Paala,2,success,"{"total":2,"location_name":"Suur-Paala","location_id":10}"
2026-09-21 10:54:45,+0300,1,Hipodroom,1,success,"{"total":1,"location_name":"Hipodroom","location_id":1}"
2026-09-21 10:54:45,+0300,3,T1,4,success,"{"total":4,"location_name":"T1 Shopping Mall","location_id":3}"
2026-09-21 10:54:45,+0300,9,Mustika,2,success,"{"total":2,"location_name":"Mustika","location_id":9}"
2026-09-21 10:54:45,+0300,10,Suur-Paala,2,success,"{"total":2,"location_name":"Suur-Paala","location_id":10}"
2026-09-21 10:56:46,+0300,1,Hipodroom,1,success,"{"total":1,"location_name":"Hipodroom","location_id":1}"
2026-09-21 10:56:46,+0300,3,T1,4,success,"{"total":4,"location_name":"T1 Shopping Mall","location_id":3}"
2026-09-21 10:56:46,+0300,9,Mustika,2,success,"{"total":2,"location_name":"Mustika","location_id":9}"
2026-09-21 10:56:46,+0300,10,Suur-Paala,2,success,"{"total":2,"location_name":"Suur-Paala","location_id":10}"
2026-09-21 10:58:46,+0300,1,Hipodroom,1,success,"{"total":1,"location_name":"Hipodroom","location_id":1}"
2026-09-21 10:58:46,+0300,3,T1,4,success,"{"total":4,"location_name":"T1 Shopping Mall","location_id":3}"
2026-09-21 10:58:46,+0300,9,Mustika,2,success,"{"total":2,"location_name":"Mustika","location_id":9}"
2026-09-21 10:58:46,+0300,10,Suur-Paala,3,success,"{"total":3,"location_name":"Suur-Paala","location_id":10}"
2026-09-21 11:00:47,+0300,1,Hipodroom,1,success,"{"total":1,"location_name":"Hipodroom","location_id":1}"
2026-09-21 11:00:47,+0300,3,T1,5,success,"{"total":5,"location_name":"T1 Shopping Mall","location_id":3}"
2026-09-21 11:00:47,+0300,9,Mustika,2,success,"{"total":2,"location_name":"Mustika","location_id":9}"
2026-09-21 11:00:47,+0300,10,Suur-Paala,3,success,"{"total":3,"location_name":"Suur-Paala","location_id":10}"
2026-09-21 11:02:47,+0300,1,Hipodroom,1,success,"{"total":1,"location_name":"Hipodroom","location_id":1}"
2026-09-21 11:02:47,+0300,3,T1,5,success,"{"total":5,"location_name":"T1 Shopping Mall","location_id":3}"
2026-09-21 11:02:47,+0300,9,Mustika,2,success,"{"total":2,"location_name":"Mustika","location_id":9}"
2026-09-21 11:02:47,+0300,10,Suur-Paala,3,success,"{"total":3,"location_name":"Suur-Paala","location_id":10}"
2026-09-21 11:04:48,+0300,1,Hipodroom,1,success,"{"total":1,"location_name":"Hipodroom","location_id":1}"
2026-09-21 11:04:48,+0300,3,T1,5,success,"{"total":5,"location_name":"T1 Shopping Mall","location_id":3}"
2026-09-21 11:04:48,+0300,9,Mustika,2,success,"{"total":2,"location_name":"Mustika","location_id":9}"
2026-09-21 11:04:48,+0300,10,Suur-Paala,3,success,"{"total":3,"location_name":"Suur-Paala","location_id":10}"
2026-09-21 11:06:49,+0300,1,Hipodroom,1,success,"{"total":1,"location_name":"Hipodroom","location_id":1}"
2026-09-21 11:06:49,+0300,3,T1,6,success,"{"total":6,"location_name":"T1 Shopping Mall","location_id":3}"
2026-09-21 11:06:49,+0300,9,Mustika,2,success,"{"total":2,"location_name":"Mustika","location_id":9}"
2026-09-21 11:06:49,+0300,10,Suur-Paala,3,success,"{"total":3,"location_name":"Suur-Paala","location_id":10}"
2026-09-21 11:08:49,+0300,1,Hipodroom,1,success,"{"total":1,"location_name":"Hipodroom","location_id":1}"
2026-09-21 11:08:49,+0300,3,T1,6,success,"{"total":6,"location_name":"T1 Shopping Mall","location_id":3}"
2026-09-21 11:08:49,+0300,9,Mustika,2,success,"{"total":2,"location_name":"Mustika","location_id":9}"
2026-09-21 11:08:49,+0300,10,Suur-Paala,3,success,"{"total":3,"location_name":"Suur-Paala","location_id":10}"
2026-09-21 11:10:51,+0300,1,Hipodroom,1,success,"{"total":1,"location_name":"Hipodroom","location_id":1}"
2026-09-21 11:10:51,+0300,3,T1,6,success,"{"total":6,"location_name":"T1 Shopping Mall","location_id":3}"
2026-09-21 11:10:51,+0300,9,Mustika,2,success,"{"total":2,"location_name":"Mustika","location_id":9}"
2026-09-21 11:10:51,+0300,10,Suur-Paala,3,success,"{"total":3,"location_name":"Suur-Paala","location_id":10}"
2026-09-21 11:12:52,+0300,1,Hipodroom,1,success,"{"total":1,"location_name":"Hipodroom","location_id":1}"
2026-09-21 11:12:52,+0300,3,T1,6,success,"{"total":6,"location_name":"T1 Shopping Mall","location_id":3}"
2026-09-21 11:12:52,+0300,9,Mustika,2,success,"{"total":2,"location_name":"Mustika","location_id":9}"
2026-09-21 11:12:52,+0300,10,Suur-Paala,3,success,"{"total":3,"location_name":"Suur-Paala","location_id":10}"
2026-09-21 11:14:52,+0300,1,Hipodroom,1,success,"{"total":1,"location_name":"Hipodroom","location_id":1}"
2026-09-21 11:14:52,+0300,3,T1,6,success,"{"total":6,"location_name":"T1 Shopping Mall","location_id":3}"
2026-09-21 11:14:52,+0300,9,Mustika,2,success,"{"total":2,"location_name":"Mustika","location_id":9}"
2026-09-21 11:14:52,+0300,10,Suur-Paala,3,success,"{"total":3,"location_name":"Suur-Paala","location_id":10}"
2026-09-21 11:16:53,+0300,1,Hipodroom,1,success,"{"total":1,"location_name":"Hipodroom","location_id":1}"
2026-09-21 11:16:53,+0300,3,T1,6,success,"{"total":6,"location_name":"T1 Shopping Mall","location_id":3}"
2026-09-21 11:16:53,+0300,9,Mustika,2,success,"{"total":2,"location_name":"Mustika","location_id":9}"
2026-09-21 11:16:53,+0300,10,Suur-Paala,3,success,"{"total":3,"location_name":"Suur-Paala","location_id":10}"
2026-09-21 11:18:54,+0300,1,Hipodroom,1,success,"{"total":1,"location_name":"Hipodroom","location_id":1}"
2026-09-21 11:18:54,+0300,3,T1,6,success,"{"total":6,"location_name":"T1 Shopping Mall","location_id":3}"
2026-09-21 11:18:54,+0300,9,Mustika,2,success,"{"total":2,"location_name":"Mustika","location_id":9}"
2026-09-21 11:18:54,+0300,10,Suur-Paala,3,success,"{"total":3,"location_name":"Suur-Paala","location_id":10}"
2026-09-21 11:20:55,+0300,1,Hipodroom,1,success,"{"total":1,"location_name":"Hipodroom","location_id":1}"
2026-09-21 11:20:55,+0300,3,T1,6,success,"{"total":6,"location_name":"T1 Shopping Mall","location_id":3}"
2026-09-21 11:20:55,+0300,9,Mustika,2,success,"{"total":2,"location_name":"Mustika","location_id":9}"
2026-09-21 11:20:55,+0300,10,Suur-Paala,3,success,"{"total":3,"location_name":"Suur-Paala","location_id":10}"
2026-09-21 11:22:55,+0300,1,Hipodroom,1,success,"{"total":1,"location_name":"Hipodroom","location_id":1}"
2026-09-21 11:22:55,+0300,3,T1,6,success,"{"total":6,"location_name":"T1 Shopping Mall","location_id":3}"
2026-09-21 11:22:55,+0300,9,Mustika,2,success,"{"total":2,"location_name":"Mustika","location_id":9}"
2026-09-21 11:22:55,+0300,10,Suur-Paala,2,success,"{"total":2,"location_name":"Suur-Paala","location_id":10}"
2026-09-21 11:24:56,+0300,1,Hipodroom,1,success,"{"total":1,"location_name":"Hipodroom","location_id":1}"
2026-09-21 11:24:56,+0300,3,T1,7,success,"{"total":7,"location_name":"T1 Shopping Mall","location_id":3}"
2026-09-21 11:24:56,+0300,9,Mustika,2,success,"{"total":2,"location_name":"Mustika","location_id":9}"
2026-09-21 11:24:56,+0300,10,Suur-Paala,2,success,"{"total":2,"location_name":"Suur-Paala","location_id":10}"
2026-09-21 11:26:56,+0300,1,Hipodroom,1,success,"{"total":1,"location_name":"Hipodroom","location_id":1}"
2026-09-21 11:26:56,+0300,3,T1,7,success,"{"total":7,"location_name":"T1 Shopping Mall","location_id":3}"
2026-09-21 11:26:56,+0300,9,Mustika,2,success,"{"total":2,"location_name":"Mustika","location_id":9}"
2026-09-21 11:26:56,+0300,10,Suur-Paala,2,success,"{"total":2,"location_name":"Suur-Paala","location_id":10}"
2026-09-21 11:28:57,+0300,1,Hipodroom,1,success,"{"total":1,"location_name":"Hipodroom","location_id":1}"
2026-09-21 11:28:57,+0300,3,T1,7,success,"{"total":7,"location_name":"T1 Shopping Mall","location_id":3}"
2026-09-21 11:28:57,+0300,9,Mustika,2,success,"{"total":2,"location_name":"Mustika","location_id":9}"
2026-09-21 11:28:57,+0300,10,Suur-Paala,2,success,"{"total":2,"location_name":"Suur-Paala","location_id":10}"
2026-09-21 11:30:57,+0300,1,Hipodroom,1,success,"{"total":1,"location_name":"Hipodroom","location_id":1}"
2026-09-21 11:30:57,+0300,3,T1,7,success,"{"total":7,"location_name":"T1 Shopping Mall","location_id":3}"
2026-09-21 11:30:57,+0300,9,Mustika,2,success,"{"total":2,"location_name":"Mustika","location_id":9}"
2026-09-21 11:30:57,+0300,10,Suur-Paala,2,success,"{"total":2,"location_name":"Suur-Paala","location_id":10}"
2026-09-21 11:32:58,+0300,1,Hipodroom,1,success,"{"total":1,"location_name":"Hipodroom","location_id":1}"
2026-09-21 11:32:58,+0300,3,T1,7,success,"{"total":7,"location_name":"T1 Shopping Mall","location_id":3}"
2026-09-21 11:32:58,+0300,9,Mustika,2,success,"{"total":2,"location_name":"Mustika","location_id":9}"
2026-09-21 11:32:58,+0300,10,Suur-Paala,2,success,"{"total":2,"location_name":"Suur-Paala","location_id":10}"
2026-09-21 11:35:00,+0300,1,Hipodroom,1,success,"{"total":1,"location_name":"Hipodroom","location_id":1}"
2026-09-21 11:35:00,+0300,3,T1,7,success,"{"total":7,"location_name":"T1 Shopping Mall","location_id":3}"
2026-09-21 11:35:00,+0300,9,Mustika,2,success,"{"total":2,"location_name":"Mustika","location_id":9}"
2026-09-21 11:35:00,+0300,10,Suur-Paala,2,success,"{"total":2,"location_name":"Suur-Paala","location_id":10}"
2026-09-21 11:37:01,+0300,1,Hipodroom,1,success,"{"total":1,"location_name":"Hipodroom","location_id":1}"
2026-09-21 11:37:01,+0300,3,T1,7,success,"{"total":7,"location_name":"T1 Shopping Mall","location_id":3}"
2026-09-21 11:37:01,+0300,9,Mustika,2,success,"{"total":2,"location_name":"Mustika","location_id":9}"
2026-09-21 11:37:01,+0300,10,Suur-Paala,2,success,"{"total":2,"location_name":"Suur-Paala","location_id":10}"
2026-09-21 11:39:01,+0300,1,Hipodroom,1,success,"{"total":1,"location_name":"Hipodroom","location_id":1}"
2026-09-21 11:39:01,+0300,3,T1,7,success,"{"total":7,"location_name":"T1 Shopping Mall","location_id":3}"
2026-09-21 11:39:01,+0300,9,Mustika,2,success,"{"total":2,"location_name":"Mustika","location_id":9}"
2026-09-21 11:39:01,+0300,10,Suur-Paala,2,success,"{"total":2,"location_name":"Suur-Paala","location_id":10}"
2026-09-21 11:41:02,+0300,1,Hipodroom,1,success,"{"total":1,"location_name":"Hipodroom","location_id":1}"
2026-09-21 11:41:02,+0300,3,T1,7,success,"{"total":7,"location_name":"T1 Shopping Mall","location_id":3}"
2026-09-21 11:41:02,+0300,9,Mustika,2,success,"{"total":2,"location_name":"Mustika","location_id":9}"
2026-09-21 11:41:02,+0300,10,Suur-Paala,2,success,"{"total":2,"location_name":"Suur-Paala","location_id":10}"
2026-09-21 11:43:02,+0300,1,Hipodroom,1,success,"{"total":1,"location_name":"Hipodroom","location_id":1}"
2026-09-21 11:43:02,+0300,3,T1,7,success,"{"total":7,"location_name":"T1 Shopping Mall","location_id":3}"
2026-09-21 11:43:02,+0300,9,Mustika,2,success,"{"total":2,"location_name":"Mustika","location_id":9}"
2026-09-21 11:43:02,+0300,10,Suur-Paala,2,success,"{"total":2,"location_name":"Suur-Paala","location_id":10}"
2026-09-21 11:45:03,+0300,1,Hipodroom,1,success,"{"total":1,"location_name":"Hipodroom","location_id":1}"
2026-09-21 11:45:03,+0300,3,T1,7,success,"{"total":7,"location_name":"T1 Shopping Mall","location_id":3}"
2026-09-21 11:45:03,+0300,9,Mustika,2,success,"{"total":2,"location_name":"Mustika","location_id":9}"
2026-09-21 11:45:03,+0300,10,Suur-Paala,2,success,"{"total":2,"location_name":"Suur-Paala","location_id":10}"
2026-09-21 11:47:03,+0300,1,Hipodroom,1,success,"{"total":1,"location_name":"Hipodroom","location_id":1}"
2026-09-21 11:47:03,+0300,3,T1,7,success,"{"total":7,"location_name":"T1 Shopping Mall","location_id":3}"
2026-09-21 11:47:03,+0300,9,Mustika,2,success,"{"total":2,"location_name":"Mustika","location_id":9}"
2026-09-21 11:47:03,+0300,10,Suur-Paala,2,success,"{"total":2,"location_name":"Suur-Paala","location_id":10}"
2026-09-21 11:49:04,+0300,1,Hipodroom,1,success,"{"total":1,"location_name":"Hipodroom","location_id":1}"
2026-09-21 11:49:04,+0300,3,T1,7,success,"{"total":7,"location_name":"T1 Shopping Mall","location_id":3}"
2026-09-21 11:49:04,+0300,9,Mustika,3,success,"{"total":3,"location_name":"Mustika","location_id":9}"
2026-09-21 11:49:04,+0300,10,Suur-Paala,2,success,"{"total":2,"location_name":"Suur-Paala","location_id":10}"
2026-09-21 11:51:05,+0300,1,Hipodroom,1,success,"{"total":1,"location_name":"Hipodroom","location_id":1}"
2026-09-21 11:51:05,+0300,3,T1,7,success,"{"total":7,"location_name":"T1 Shopping Mall","location_id":3}"
2026-09-21 11:51:05,+0300,9,Mustika,3,success,"{"total":3,"location_name":"Mustika","location_id":9}"
2026-09-21 11:51:05,+0300,10,Suur-Paala,2,success,"{"total":2,"location_name":"Suur-Paala","location_id":10}"
2026-09-21 11:53:05,+0300,1,Hipodroom,1,success,"{"total":1,"location_name":"Hipodroom","location_id":1}"
2026-09-21 11:53:05,+0300,3,T1,7,success,"{"total":7,"location_name":"T1 Shopping Mall","location_id":3}"
2026-09-21 11:53:05,+0300,9,Mustika,3,success,"{"total":3,"location_name":"Mustika","location_id":9}"
2026-09-21 11:53:05,+0300,10,Suur-Paala,2,success,"{"total":2,"location_name":"Suur-Paala","location_id":10}"
2026-09-21 11:55:06,+0300,1,Hipodroom,1,success,"{"total":1,"location_name":"Hipodroom","location_id":1}"
2026-09-21 11:55:06,+0300,3,T1,7,success,"{"total":7,"location_name":"T1 Shopping Mall","location_id":3}"
2026-09-21 11:55:06,+0300,9,Mustika,4,success,"{"total":4,"location_name":"Mustika","location_id":9}"
2026-09-21 11:55:06,+0300,10,Suur-Paala,2,success,"{"total":2,"location_name":"Suur-Paala","location_id":10}"
2026-09-21 11:57:06,+0300,1,Hipodroom,1,success,"{"total":1,"location_name":"Hipodroom","location_id":1}"
2026-09-21 11:57:06,+0300,3,T1,7,success,"{"total":7,"location_name":"T1 Shopping Mall","location_id":3}"
2026-09-21 11:57:06,+0300,9,Mustika,4,success,"{"total":4,"location_name":"Mustika","location_id":9}"
2026-09-21 11:57:06,+0300,10,Suur-Paala,2,success,"{"total":2,"location_name":"Suur-Paala","location_id":10}"
2026-09-21 11:59:07,+0300,1,Hipodroom,1,success,"{"total":1,"location_name":"Hipodroom","location_id":1}"
2026-09-21 11:59:07,+0300,3,T1,7,success,"{"total":7,"location_name":"T1 Shopping Mall","location_id":3}"
2026-09-21 11:59:07,+0300,9,Mustika,4,success,"{"total":4,"location_name":"Mustika","location_id":9}"
2026-09-21 11:59:07,+0300,10,Suur-Paala,2,success,"{"total":2,"location_name":"Suur-Paala","location_id":10}"
2026-09-21 12:01:07,+0300,1,Hipodroom,1,success,"{"total":1,"location_name":"Hipodroom","location_id":1}"
2026-09-21 12:01:07,+0300,3,T1,7,success,"{"total":7,"location_name":"T1 Shopping Mall","location_id":3}"
2026-09-21 12:01:07,+0300,9,Mustika,2,success,"{"total":2,"location_name":"Mustika","location_id":9}"
2026-09-21 12:01:07,+0300,10,Suur-Paala,2,success,"{"total":2,"location_name":"Suur-Paala","location_id":10}"
2026-09-21 12:03:08,+0300,1,Hipodroom,1,success,"{"total":1,"location_name":"Hipodroom","location_id":1}"
2026-09-21 12:03:08,+0300,3,T1,7,success,"{"total":7,"location_name":"T1 Shopping Mall","location_id":3}"
2026-09-21 12:03:08,+0300,9,Mustika,2,success,"{"total":2,"location_name":"Mustika","location_id":9}"
2026-09-21 12:03:08,+0300,10,Suur-Paala,2,success,"{"total":2,"location_name":"Suur-Paala","location_id":10}"
2026-09-21 12:05:08,+0300,1,Hipodroom,1,success,"{"total":1,"location_name":"Hipodroom","location_id":1}"
2026-09-21 12:05:08,+0300,3,T1,7,success,"{"total":7,"location_name":"T1 Shopping Mall","location_id":3}"
2026-09-21 12:05:08,+0300,9,Mustika,2,success,"{"total":2,"location_name":"Mustika","location_id":9}"
2026-09-21 12:05:08,+0300,10,Suur-Paala,2,success,"{"total":2,"location_name":"Suur-Paala","location_id":10}"
2026-09-21 12:07:09,+0300,1,Hipodroom,1,success,"{"total":1,"location_name":"Hipodroom","location_id":1}"
2026-09-21 12:07:09,+0300,3,T1,7,success,"{"total":7,"location_name":"T1 Shopping Mall","location_id":3}"
2026-09-21 12:07:09,+0300,9,Mustika,2,success,"{"total":2,"location_name":"Mustika","location_id":9}"
2026-09-21 12:07:09,+0300,10,Suur-Paala,2,success,"{"total":2,"location_name":"Suur-Paala","location_id":10}"
2026-09-21 12:09:09,+0300,1,Hipodroom,1,success,"{"total":1,"location_name":"Hipodroom","location_id":1}"
2026-09-21 12:09:09,+0300,3,T1,7,success,"{"total":7,"location_name":"T1 Shopping Mall","location_id":3}"
2026-09-21 12:09:09,+0300,9,Mustika,2,success,"{"total":2,"location_name":"Mustika","location_id":9}"
2026-09-21 12:09:09,+0300,10,Suur-Paala,2,success,"{"total":2,"location_name":"Suur-Paala","location_id":10}"
2026-09-21 12:11:10,+0300,1,Hipodroom,1,success,"{"total":1,"location_name":"Hipodroom","location_id":1}"
2026-09-21 12:11:10,+0300,3,T1,7,success,"{"total":7,"location_name":"T1 Shopping Mall","location_id":3}"
2026-09-21 12:11:10,+0300,9,Mustika,2,success,"{"total":2,"location_name":"Mustika","location_id":9}"
2026-09-21 12:11:10,+0300,10,Suur-Paala,2,success,"{"total":2,"location_name":"Suur-Paala","location_id":10}"
2026-09-21 12:13:11,+0300,1,Hipodroom,1,success,"{"total":1,"location_name":"Hipodroom","location_id":1}"
2026-09-21 12:13:11,+0300,3,T1,7,success,"{"total":7,"location_name":"T1 Shopping Mall","location_id":3}"
2026-09-21 12:13:11,+0300,9,Mustika,2,success,"{"total":2,"location_name":"Mustika","location_id":9}"
2026-09-21 12:13:11,+0300,10,Suur-Paala,2,success,"{"total":2,"location_name":"Suur-Paala","location_id":10}"
2026-09-21 12:15:11,+0300,1,Hipodroom,1,success,"{"total":1,"location_name":"Hipodroom","location_id":1}"
2026-09-21 12:15:11,+0300,3,T1,7,success,"{"total":7,"location_name":"T1 Shopping Mall","location_id":3}"
2026-09-21 12:15:11,+0300,9,Mustika,2,success,"{"total":2,"location_name":"Mustika","location_id":9}"
2026-09-21 12:15:11,+0300,10,Suur-Paala,2,success,"{"total":2,"location_name":"Suur-Paala","location_id":10}"
2026-09-21 12:17:12,+0300,1,Hipodroom,1,success,"{"total":1,"location_name":"Hipodroom","location_id":1}"
2026-09-21 12:17:12,+0300,3,T1,7,success,"{"total":7,"location_name":"T1 Shopping Mall","location_id":3}"
2026-09-21 12:17:12,+0300,9,Mustika,2,success,"{"total":2,"location_name":"Mustika","location_id":9}"
2026-09-21 12:17:12,+0300,10,Suur-Paala,2,success,"{"total":2,"location_name":"Suur-Paala","location_id":10}"
2026-09-21 12:19:12,+0300,1,Hipodroom,1,success,"{"total":1,"location_name":"Hipodroom","location_id":1}"
2026-09-21 12:19:12,+0300,3,T1,7,success,"{"total":7,"location_name":"T1 Shopping Mall","location_id":3}"
2026-09-21 12:19:12,+0300,9,Mustika,2,success,"{"total":2,"location_name":"Mustika","location_id":9}"
2026-09-21 12:19:12,+0300,10,Suur-Paala,2,success,"{"total":2,"location_name":"Suur-Paala","location_id":10}"
2026-09-21 12:21:13,+0300,1,Hipodroom,1,success,"{"total":1,"location_name":"Hipodroom","location_id":1}"
2026-09-21 12:21:13,+0300,3,T1,7,success,"{"total":7,"location_name":"T1 Shopping Mall","location_id":3}"
2026-09-21 12:21:13,+0300,9,Mustika,2,success,"{"total":2,"location_name":"Mustika","location_id":9}"
2026-09-21 12:21:13,+0300,10,Suur-Paala,2,success,"{"total":2,"location_name":"Suur-Paala","location_id":10}"
2026-09-21 12:23:13,+0300,1,Hipodroom,1,success,"{"total":1,"location_name":"Hipodroom","location_id":1}"
2026-09-21 12:23:13,+0300,3,T1,7,success,"{"total":7,"location_name":"T1 Shopping Mall","location_id":3}"
2026-09-21 12:23:13,+0300,9,Mustika,2,success,"{"total":2,"location_name":"Mustika","location_id":9}"
2026-09-21 12:23:13,+0300,10,Suur-Paala,1,success,"{"total":1,"location_name":"Suur-Paala","location_id":10}"
2026-09-21 12:25:14,+0300,1,Hipodroom,1,success,"{"total":1,"location_name":"Hipodroom","location_id":1}"
2026-09-21 12:25:14,+0300,3,T1,6,success,"{"total":6,"location_name":"T1 Shopping Mall","location_id":3}"
2026-09-21 12:25:14,+0300,9,Mustika,2,success,"{"total":2,"location_name":"Mustika","location_id":9}"
2026-09-21 12:25:14,+0300,10,Suur-Paala,1,success,"{"total":1,"location_name":"Suur-Paala","location_id":10}"
2026-09-21 12:27:15,+0300,1,Hipodroom,1,success,"{"total":1,"location_name":"Hipodroom","location_id":1}"
2026-09-21 12:27:15,+0300,3,T1,6,success,"{"total":6,"location_name":"T1 Shopping Mall","location_id":3}"
2026-09-21 12:27:15,+0300,9,Mustika,2,success,"{"total":2,"location_name":"Mustika","location_id":9}"
2026-09-21 12:27:15,+0300,10,Suur-Paala,1,success,"{"total":1,"location_name":"Suur-Paala","location_id":10}"
2026-09-21 12:29:15,+0300,1,Hipodroom,1,success,"{"total":1,"location_name":"Hipodroom","location_id":1}"
2026-09-21 12:29:15,+0300,3,T1,6,success,"{"total":6,"location_name":"T1 Shopping Mall","location_id":3}"
2026-09-21 12:29:15,+0300,9,Mustika,2,success,"{"total":2,"location_name":"Mustika","location_id":9}"
2026-09-21 12:29:15,+0300,10,Suur-Paala,1,success,"{"total":1,"location_name":"Suur-Paala","location_id":10}"
2026-09-21 12:31:17,+0300,1,Hipodroom,1,success,"{"total":1,"location_name":"Hipodroom","location_id":1}"
2026-09-21 12:31:17,+0300,3,T1,6,success,"{"total":6,"location_name":"T1 Shopping Mall","location_id":3}"
2026-09-21 12:31:17,+0300,9,Mustika,2,success,"{"total":2,"location_name":"Mustika","location_id":9}"
2026-09-21 12:31:17,+0300,10,Suur-Paala,1,success,"{"total":1,"location_name":"Suur-Paala","location_id":10}"
2026-09-21 12:33:17,+0300,1,Hipodroom,1,success,"{"total":1,"location_name":"Hipodroom","location_id":1}"
2026-09-21 12:33:17,+0300,3,T1,6,success,"{"total":6,"location_name":"T1 Shopping Mall","location_id":3}"
2026-09-21 12:33:17,+0300,9,Mustika,2,success,"{"total":2,"location_name":"Mustika","location_id":9}"
2026-09-21 12:33:17,+0300,10,Suur-Paala,1,success,"{"total":1,"location_name":"Suur-Paala","location_id":10}"
2026-09-21 12:35:18,+0300,1,Hipodroom,1,success,"{"total":1,"location_name":"Hipodroom","location_id":1}"
2026-09-21 12:35:18,+0300,3,T1,6,success,"{"total":6,"location_name":"T1 Shopping Mall","location_id":3}"
2026-09-21 12:35:18,+0300,9,Mustika,2,success,"{"total":2,"location_name":"Mustika","location_id":9}"
2026-09-21 12:35:18,+0300,10,Suur-Paala,1,success,"{"total":1,"location_name":"Suur-Paala","location_id":10}"
2026-09-21 12:37:18,+0300,1,Hipodroom,1,success,"{"total":1,"location_name":"Hipodroom","location_id":1}"
2026-09-21 12:37:18,+0300,3,T1,6,success,"{"total":6,"location_name":"T1 Shopping Mall","location_id":3}"
2026-09-21 12:37:18,+0300,9,Mustika,2,success,"{"total":2,"location_name":"Mustika","location_id":9}"
2026-09-21 12:37:18,+0300,10,Suur-Paala,1,success,"{"total":1,"location_name":"Suur-Paala","location_id":10}"
2026-09-21 12:39:19,+0300,1,Hipodroom,1,success,"{"total":1,"location_name":"Hipodroom","location_id":1}"
2026-09-21 12:39:19,+0300,3,T1,6,success,"{"total":6,"location_name":"T1 Shopping Mall","location_id":3}"
2026-09-21 12:39:19,+0300,9,Mustika,2,success,"{"total":2,"location_name":"Mustika","location_id":9}"
2026-09-21 12:39:19,+0300,10,Suur-Paala,1,success,"{"total":1,"location_name":"Suur-Paala","location_id":10}"
2026-09-21 12:41:19,+0300,1,Hipodroom,1,success,"{"total":1,"location_name":"Hipodroom","location_id":1}"
2026-09-21 12:41:19,+0300,3,T1,6,success,"{"total":6,"location_name":"T1 Shopping Mall","location_id":3}"
2026-09-21 12:41:19,+0300,9,Mustika,2,success,"{"total":2,"location_name":"Mustika","location_id":9}"
2026-09-21 12:41:19,+0300,10,Suur-Paala,1,success,"{"total":1,"location_name":"Suur-Paala","location_id":10}"
2026-09-21 12:43:20,+0300,1,Hipodroom,1,success,"{"total":1,"location_name":"Hipodroom","location_id":1}"
2026-09-21 12:43:20,+0300,3,T1,6,success,"{"total":6,"location_name":"T1 Shopping Mall","location_id":3}"
2026-09-21 12:43:20,+0300,9,Mustika,2,success,"{"total":2,"location_name":"Mustika","location_id":9}"
2026-09-21 12:43:20,+0300,10,Suur-Paala,1,success,"{"total":1,"location_name":"Suur-Paala","location_id":10}"
2026-09-21 12:45:21,+0300,1,Hipodroom,1,success,"{"total":1,"location_name":"Hipodroom","location_id":1}"
2026-09-21 12:45:21,+0300,3,T1,6,success,"{"total":6,"location_name":"T1 Shopping Mall","location_id":3}"
2026-09-21 12:45:21,+0300,9,Mustika,2,success,"{"total":2,"location_name":"Mustika","location_id":9}"
2026-09-21 12:45:21,+0300,10,Suur-Paala,1,success,"{"total":1,"location_name":"Suur-Paala","location_id":10}"
2026-09-21 12:47:21,+0300,1,Hipodroom,1,success,"{"total":1,"location_name":"Hipodroom","location_id":1}"
2026-09-21 12:47:21,+0300,3,T1,6,success,"{"total":6,"location_name":"T1 Shopping Mall","location_id":3}"
2026-09-21 12:47:21,+0300,9,Mustika,2,success,"{"total":2,"location_name":"Mustika","location_id":9}"
2026-09-21 12:47:21,+0300,10,Suur-Paala,1,success,"{"total":1,"location_name":"Suur-Paala","location_id":10}"
2026-09-21 12:49:22,+0300,1,Hipodroom,1,success,"{"total":1,"location_name":"Hipodroom","location_id":1}"
2026-09-21 12:49:22,+0300,3,T1,6,success,"{"total":6,"location_name":"T1 Shopping Mall","location_id":3}"
2026-09-21 12:49:22,+0300,9,Mustika,2,success,"{"total":2,"location_name":"Mustika","location_id":9}"
2026-09-21 12:49:22,+0300,10,Suur-Paala,1,success,"{"total":1,"location_name":"Suur-Paala","location_id":10}"
2026-09-21 12:51:22,+0300,1,Hipodroom,1,success,"{"total":1,"location_name":"Hipodroom","location_id":1}"
2026-09-21 12:51:22,+0300,3,T1,6,success,"{"total":6,"location_name":"T1 Shopping Mall","location_id":3}"
2026-09-21 12:51:22,+0300,9,Mustika,2,success,"{"total":2,"location_name":"Mustika","location_id":9}"
2026-09-21 12:51:22,+0300,10,Suur-Paala,1,success,"{"total":1,"location_name":"Suur-Paala","location_id":10}"
2026-09-21 12:53:24,+0300,1,Hipodroom,1,success,"{"total":1,"location_name":"Hipodroom","location_id":1}"
2026-09-21 12:53:24,+0300,3,T1,6,success,"{"total":6,"location_name":"T1 Shopping Mall","location_id":3}"
2026-09-21 12:53:24,+0300,9,Mustika,2,success,"{"total":2,"location_name":"Mustika","location_id":9}"
2026-09-21 12:53:24,+0300,10,Suur-Paala,1,success,"{"total":1,"location_name":"Suur-Paala","location_id":10}"
2026-09-21 12:55:25,+0300,1,Hipodroom,0,success,"{"total":0,"location_name":"Hipodroom","location_id":1}"
2026-09-21 12:55:25,+0300,3,T1,7,success,"{"total":7,"location_name":"T1 Shopping Mall","location_id":3}"
2026-09-21 12:55:25,+0300,9,Mustika,2,success,"{"total":2,"location_name":"Mustika","location_id":9}"
2026-09-21 12:55:25,+0300,10,Suur-Paala,1,success,"{"total":1,"location_name":"Suur-Paala","location_id":10}"
2026-09-21 12:57:25,+0300,1,Hipodroom,0,success,"{"total":0,"location_name":"Hipodroom","location_id":1}"
2026-09-21 12:57:25,+0300,3,T1,7,success,"{"total":7,"location_name":"T1 Shopping Mall","location_id":3}"
2026-09-21 12:57:25,+0300,9,Mustika,2,success,"{"total":2,"location_name":"Mustika","location_id":9}"
2026-09-21 12:57:25,+0300,10,Suur-Paala,1,success,"{"total":1,"location_name":"Suur-Paala","location_id":10}"
2026-09-21 12:59:26,+0300,1,Hipodroom,0,success,"{"total":0,"location_name":"Hipodroom","location_id":1}"
2026-09-21 12:59:26,+0300,3,T1,7,success,"{"total":7,"location_name":"T1 Shopping Mall","location_id":3}"
2026-09-21 12:59:26,+0300,9,Mustika,2,success,"{"total":2,"location_name":"Mustika","location_id":9}"
2026-09-21 12:59:26,+0300,10,Suur-Paala,1,success,"{"total":1,"location_name":"Suur-Paala","location_id":10}"
2026-09-21 13:01:26,+0300,1,Hipodroom,0,success,"{"total":0,"location_name":"Hipodroom","location_id":1}"
2026-09-21 13:01:26,+0300,3,T1,7,success,"{"total":7,"location_name":"T1 Shopping Mall","location_id":3}"
2026-09-21 13:01:26,+0300,9,Mustika,2,success,"{"total":2,"location_name":"Mustika","location_id":9}"
2026-09-21 13:01:26,+0300,10,Suur-Paala,1,success,"{"total":1,"location_name":"Suur-Paala","location_id":10}"
2026-09-21 13:03:27,+0300,1,Hipodroom,0,success,"{"total":0,"location_name":"Hipodroom","location_id":1}"
2026-09-21 13:03:27,+0300,3,T1,7,success,"{"total":7,"location_name":"T1 Shopping Mall","location_id":3}"
2026-09-21 13:03:27,+0300,9,Mustika,2,success,"{"total":2,"location_name":"Mustika","location_id":9}"
2026-09-21 13:03:27,+0300,10,Suur-Paala,1,success,"{"total":1,"location_name":"Suur-Paala","location_id":10}"
2026-09-21 13:05:27,+0300,1,Hipodroom,0,success,"{"total":0,"location_name":"Hipodroom","location_id":1}"
2026-09-21 13:05:27,+0300,3,T1,7,success,"{"total":7,"location_name":"T1 Shopping Mall","location_id":3}"
2026-09-21 13:05:27,+0300,9,Mustika,2,success,"{"total":2,"location_name":"Mustika","location_id":9}"
2026-09-21 13:05:27,+0300,10,Suur-Paala,1,success,"{"total":1,"location_name":"Suur-Paala","location_id":10}"
2026-09-21 13:07:28,+0300,1,Hipodroom,0,success,"{"total":0,"location_name":"Hipodroom","location_id":1}"
2026-09-21 13:07:28,+0300,3,T1,7,success,"{"total":7,"location_name":"T1 Shopping Mall","location_id":3}"
2026-09-21 13:07:28,+0300,9,Mustika,2,success,"{"total":2,"location_name":"Mustika","location_id":9}"
2026-09-21 13:07:28,+0300,10,Suur-Paala,1,success,"{"total":1,"location_name":"Suur-Paala","location_id":10}"
2026-09-21 13:09:28,+0300,1,Hipodroom,0,success,"{"total":0,"location_name":"Hipodroom","location_id":1}"
2026-09-21 13:09:28,+0300,3,T1,7,success,"{"total":7,"location_name":"T1 Shopping Mall","location_id":3}"
2026-09-21 13:09:28,+0300,9,Mustika,2,success,"{"total":2,"location_name":"Mustika","location_id":9}"
2026-09-21 13:09:28,+0300,10,Suur-Paala,1,success,"{"total":1,"location_name":"Suur-Paala","location_id":10}"
2026-09-21 13:11:29,+0300,1,Hipodroom,0,success,"{"total":0,"location_name":"Hipodroom","location_id":1}"
2026-09-21 13:11:29,+0300,3,T1,7,success,"{"total":7,"location_name":"T1 Shopping Mall","location_id":3}"
2026-09-21 13:11:29,+0300,9,Mustika,2,success,"{"total":2,"location_name":"Mustika","location_id":9}"
2026-09-21 13:11:29,+0300,10,Suur-Paala,1,success,"{"total":1,"location_name":"Suur-Paala","location_id":10}"
2026-09-21 13:13:29,+0300,1,Hipodroom,0,success,"{"total":0,"location_name":"Hipodroom","location_id":1}"
2026-09-21 13:13:29,+0300,3,T1,7,success,"{"total":7,"location_name":"T1 Shopping Mall","location_id":3}"
2026-09-21 13:13:29,+0300,9,Mustika,2,success,"{"total":2,"location_name":"Mustika","location_id":9}"
2026-09-21 13:13:29,+0300,10,Suur-Paala,1,success,"{"total":1,"location_name":"Suur-Paala","location_id":10}"
2026-09-21 13:15:30,+0300,1,Hipodroom,0,success,"{"total":0,"location_name":"Hipodroom","location_id":1}"
2026-09-21 13:15:30,+0300,3,T1,7,success,"{"total":7,"location_name":"T1 Shopping Mall","location_id":3}"
2026-09-21 13:15:30,+0300,9,Mustika,2,success,"{"total":2,"location_name":"Mustika","location_id":9}"
2026-09-21 13:15:30,+0300,10,Suur-Paala,1,success,"{"total":1,"location_name":"Suur-Paala","location_id":10}"
2026-09-21 13:17:30,+0300,1,Hipodroom,0,success,"{"total":0,"location_name":"Hipodroom","location_id":1}"
2026-09-21 13:17:30,+0300,3,T1,7,success,"{"total":7,"location_name":"T1 Shopping Mall","location_id":3}"
2026-09-21 13:17:30,+0300,9,Mustika,2,success,"{"total":2,"location_name":"Mustika","location_id":9}"
2026-09-21 13:17:30,+0300,10,Suur-Paala,1,success,"{"total":1,"location_name":"Suur-Paala","location_id":10}"
2026-09-21 13:19:31,+0300,1,Hipodroom,0,success,"{"total":0,"location_name":"Hipodroom","location_id":1}"
2026-09-21 13:19:31,+0300,3,T1,8,success,"{"total":8,"location_name":"T1 Shopping Mall","location_id":3}"
2026-09-21 13:19:31,+0300,9,Mustika,2,success,"{"total":2,"location_name":"Mustika","location_id":9}"
2026-09-21 13:19:31,+0300,10,Suur-Paala,1,success,"{"total":1,"location_name":"Suur-Paala","location_id":10}"
2026-09-21 13:21:31,+0300,1,Hipodroom,0,success,"{"total":0,"location_name":"Hipodroom","location_id":1}"
2026-09-21 13:21:31,+0300,3,T1,8,success,"{"total":8,"location_name":"T1 Shopping Mall","location_id":3}"
2026-09-21 13:21:31,+0300,9,Mustika,2,success,"{"total":2,"location_name":"Mustika","location_id":9}"
2026-09-21 13:21:31,+0300,10,Suur-Paala,1,success,"{"total":1,"location_name":"Suur-Paala","location_id":10}"
2026-09-21 13:23:32,+0300,1,Hipodroom,0,success,"{"total":0,"location_name":"Hipodroom","location_id":1}"
2026-09-21 13:23:32,+0300,3,T1,8,success,"{"total":8,"location_name":"T1 Shopping Mall","location_id":3}"
2026-09-21 13:23:32,+0300,9,Mustika,2,success,"{"total":2,"location_name":"Mustika","location_id":9}"
2026-09-21 13:23:32,+0300,10,Suur-Paala,1,success,"{"total":1,"location_name":"Suur-Paala","location_id":10}"
2026-09-21 13:25:33,+0300,1,Hipodroom,0,success,"{"total":0,"location_name":"Hipodroom","location_id":1}"
2026-09-21 13:25:33,+0300,3,T1,8,success,"{"total":8,"location_name":"T1 Shopping Mall","location_id":3}"
2026-09-21 13:25:33,+0300,9,Mustika,2,success,"{"total":2,"location_name":"Mustika","location_id":9}"
2026-09-21 13:25:33,+0300,10,Suur-Paala,1,success,"{"total":1,"location_name":"Suur-Paala","location_id":10}"
2026-09-21 13:27:33,+0300,1,Hipodroom,0,success,"{"total":0,"location_name":"Hipodroom","location_id":1}"
2026-09-21 13:27:33,+0300,3,T1,8,success,"{"total":8,"location_name":"T1 Shopping Mall","location_id":3}"
2026-09-21 13:27:33,+0300,9,Mustika,2,success,"{"total":2,"location_name":"Mustika","location_id":9}"
2026-09-21 13:27:33,+0300,10,Suur-Paala,1,success,"{"total":1,"location_name":"Suur-Paala","location_id":10}"
2026-09-21 13:29:34,+0300,1,Hipodroom,0,success,"{"total":0,"location_name":"Hipodroom","location_id":1}"
2026-09-21 13:29:34,+0300,3,T1,8,success,"{"total":8,"location_name":"T1 Shopping Mall","location_id":3}"
2026-09-21 13:29:34,+0300,9,Mustika,2,success,"{"total":2,"location_name":"Mustika","location_id":9}"
2026-09-21 13:29:34,+0300,10,Suur-Paala,1,success,"{"total":1,"location_name":"Suur-Paala","location_id":10}"
2026-09-21 13:31:34,+0300,1,Hipodroom,0,success,"{"total":0,"location_name":"Hipodroom","location_id":1}"
2026-09-21 13:31:34,+0300,3,T1,6,success,"{"total":6,"location_name":"T1 Shopping Mall","location_id":3}"
2026-09-21 13:31:34,+0300,9,Mustika,3,success,"{"total":3,"location_name":"Mustika","location_id":9}"
2026-09-21 13:31:34,+0300,10,Suur-Paala,1,success,"{"total":1,"location_name":"Suur-Paala","location_id":10}"
2026-09-21 13:33:35,+0300,1,Hipodroom,0,success,"{"total":0,"location_name":"Hipodroom","location_id":1}"
2026-09-21 13:33:35,+0300,3,T1,6,success,"{"total":6,"location_name":"T1 Shopping Mall","location_id":3}"
2026-09-21 13:33:35,+0300,9,Mustika,3,success,"{"total":3,"location_name":"Mustika","location_id":9}"
2026-09-21 13:33:35,+0300,10,Suur-Paala,1,success,"{"total":1,"location_name":"Suur-Paala","location_id":10}"
2026-09-21 13:35:35,+0300,1,Hipodroom,0,success,"{"total":0,"location_name":"Hipodroom","location_id":1}"
2026-09-21 13:35:35,+0300,3,T1,6,success,"{"total":6,"location_name":"T1 Shopping Mall","location_id":3}"
2026-09-21 13:35:35,+0300,9,Mustika,3,success,"{"total":3,"location_name":"Mustika","location_id":9}"
2026-09-21 13:35:35,+0300,10,Suur-Paala,1,success,"{"total":1,"location_name":"Suur-Paala","location_id":10}"
2026-09-21 13:37:36,+0300,1,Hipodroom,0,success,"{"total":0,"location_name":"Hipodroom","location_id":1}"
2026-09-21 13:37:36,+0300,3,T1,6,success,"{"total":6,"location_name":"T1 Shopping Mall","location_id":3}"
2026-09-21 13:37:36,+0300,9,Mustika,3,success,"{"total":3,"location_name":"Mustika","location_id":9}"
2026-09-21 13:37:36,+0300,10,Suur-Paala,1,success,"{"total":1,"location_name":"Suur-Paala","location_id":10}"
2026-09-21 13:39:37,+0300,1,Hipodroom,0,success,"{"total":0,"location_name":"Hipodroom","location_id":1}"
2026-09-21 13:39:37,+0300,3,T1,6,success,"{"total":6,"location_name":"T1 Shopping Mall","location_id":3}"
2026-09-21 13:39:37,+0300,9,Mustika,3,success,"{"total":3,"location_name":"Mustika","location_id":9}"
2026-09-21 13:39:37,+0300,10,Suur-Paala,1,success,"{"total":1,"location_name":"Suur-Paala","location_id":10}"
2026-09-21 13:41:37,+0300,1,Hipodroom,0,success,"{"total":0,"location_name":"Hipodroom","location_id":1}"
2026-09-21 13:41:37,+0300,3,T1,6,success,"{"total":6,"location_name":"T1 Shopping Mall","location_id":3}"
2026-09-21 13:41:37,+0300,9,Mustika,3,success,"{"total":3,"location_name":"Mustika","location_id":9}"
2026-09-21 13:41:37,+0300,10,Suur-Paala,1,success,"{"total":1,"location_name":"Suur-Paala","location_id":10}"
2026-09-21 13:43:38,+0300,1,Hipodroom,0,success,"{"total":0,"location_name":"Hipodroom","location_id":1}"
2026-09-21 13:43:38,+0300,3,T1,6,success,"{"total":6,"location_name":"T1 Shopping Mall","location_id":3}"
2026-09-21 13:43:38,+0300,9,Mustika,3,success,"{"total":3,"location_name":"Mustika","location_id":9}"
2026-09-21 13:43:38,+0300,10,Suur-Paala,1,success,"{"total":1,"location_name":"Suur-Paala","location_id":10}"
2026-09-21 13:45:38,+0300,1,Hipodroom,0,success,"{"total":0,"location_name":"Hipodroom","location_id":1}"
2026-09-21 13:45:38,+0300,3,T1,6,success,"{"total":6,"location_name":"T1 Shopping Mall","location_id":3}"
2026-09-21 13:45:38,+0300,9,Mustika,3,success,"{"total":3,"location_name":"Mustika","location_id":9}"
2026-09-21 13:45:38,+0300,10,Suur-Paala,1,success,"{"total":1,"location_name":"Suur-Paala","location_id":10}"
2026-09-21 13:47:39,+0300,1,Hipodroom,0,success,"{"total":0,"location_name":"Hipodroom","location_id":1}"
2026-09-21 13:47:39,+0300,3,T1,6,success,"{"total":6,"location_name":"T1 Shopping Mall","location_id":3}"
2026-09-21 13:47:39,+0300,9,Mustika,3,success,"{"total":3,"location_name":"Mustika","location_id":9}"
2026-09-21 13:47:39,+0300,10,Suur-Paala,1,success,"{"total":1,"location_name":"Suur-Paala","location_id":10}"
2026-09-21 13:49:39,+0300,1,Hipodroom,0,success,"{"total":0,"location_name":"Hipodroom","location_id":1}"
2026-09-21 13:49:39,+0300,3,T1,6,success,"{"total":6,"location_name":"T1 Shopping Mall","location_id":3}"
2026-09-21 13:49:39,+0300,9,Mustika,3,success,"{"total":3,"location_name":"Mustika","location_id":9}"
2026-09-21 13:49:39,+0300,10,Suur-Paala,1,success,"{"total":1,"location_name":"Suur-Paala","location_id":10}"
2026-09-21 13:51:40,+0300,1,Hipodroom,0,success,"{"total":0,"location_name":"Hipodroom","location_id":1}"
2026-09-21 13:51:40,+0300,3,T1,6,success,"{"total":6,"location_name":"T1 Shopping Mall","location_id":3}"
2026-09-21 13:51:40,+0300,9,Mustika,3,success,"{"total":3,"location_name":"Mustika","location_id":9}"
2026-09-21 13:51:40,+0300,10,Suur-Paala,1,success,"{"total":1,"location_name":"Suur-Paala","location_id":10}"
2026-09-21 13:53:40,+0300,1,Hipodroom,0,success,"{"total":0,"location_name":"Hipodroom","location_id":1}"
2026-09-21 13:53:40,+0300,3,T1,6,success,"{"total":6,"location_name":"T1 Shopping Mall","location_id":3}"
2026-09-21 13:53:40,+0300,9,Mustika,3,success,"{"total":3,"location_name":"Mustika","location_id":9}"
2026-09-21 13:53:40,+0300,10,Suur-Paala,1,success,"{"total":1,"location_name":"Suur-Paala","location_id":10}"
2026-09-21 13:55:41,+0300,1,Hipodroom,0,success,"{"total":0,"location_name":"Hipodroom","location_id":1}"
2026-09-21 13:55:41,+0300,3,T1,6,success,"{"total":6,"location_name":"T1 Shopping Mall","location_id":3}"
2026-09-21 13:55:41,+0300,9,Mustika,3,success,"{"total":3,"location_name":"Mustika","location_id":9}"
2026-09-21 13:55:41,+0300,10,Suur-Paala,1,success,"{"total":1,"location_name":"Suur-Paala","location_id":10}"
2026-09-21 13:57:41,+0300,1,Hipodroom,0,success,"{"total":0,"location_name":"Hipodroom","location_id":1}"
2026-09-21 13:57:41,+0300,3,T1,6,success,"{"total":6,"location_name":"T1 Shopping Mall","location_id":3}"
2026-09-21 13:57:41,+0300,9,Mustika,3,success,"{"total":3,"location_name":"Mustika","location_id":9}"
2026-09-21 13:57:41,+0300,10,Suur-Paala,1,success,"{"total":1,"location_name":"Suur-Paala","location_id":10}"
2026-09-21 13:59:42,+0300,1,Hipodroom,0,success,"{"total":0,"location_name":"Hipodroom","location_id":1}"
2026-09-21 13:59:42,+0300,3,T1,6,success,"{"total":6,"location_name":"T1 Shopping Mall","location_id":3}"
2026-09-21 13:59:42,+0300,9,Mustika,3,success,"{"total":3,"location_name":"Mustika","location_id":9}"
2026-09-21 13:59:42,+0300,10,Suur-Paala,1,success,"{"total":1,"location_name":"Suur-Paala","location_id":10}"
2026-09-21 14:01:42,+0300,1,Hipodroom,0,success,"{"total":0,"location_name":"Hipodroom","location_id":1}"
2026-09-21 14:01:42,+0300,3,T1,5,success,"{"total":5,"location_name":"T1 Shopping Mall","location_id":3}"
2026-09-21 14:01:42,+0300,9,Mustika,3,success,"{"total":3,"location_name":"Mustika","location_id":9}"
2026-09-21 14:01:42,+0300,10,Suur-Paala,1,success,"{"total":1,"location_name":"Suur-Paala","location_id":10}"
2026-09-21 14:03:43,+0300,1,Hipodroom,0,success,"{"total":0,"location_name":"Hipodroom","location_id":1}"
2026-09-21 14:03:43,+0300,3,T1,5,success,"{"total":5,"location_name":"T1 Shopping Mall","location_id":3}"
2026-09-21 14:03:43,+0300,9,Mustika,3,success,"{"total":3,"location_name":"Mustika","location_id":9}"
2026-09-21 14:03:43,+0300,10,Suur-Paala,1,success,"{"total":1,"location_name":"Suur-Paala","location_id":10}"
2026-09-21 14:05:43,+0300,1,Hipodroom,0,success,"{"total":0,"location_name":"Hipodroom","location_id":1}"
2026-09-21 14:05:43,+0300,3,T1,5,success,"{"total":5,"location_name":"T1 Shopping Mall","location_id":3}"
2026-09-21 14:05:43,+0300,9,Mustika,3,success,"{"total":3,"location_name":"Mustika","location_id":9}"
2026-09-21 14:05:43,+0300,10,Suur-Paala,1,success,"{"total":1,"location_name":"Suur-Paala","location_id":10}"
2026-09-21 14:07:44,+0300,1,Hipodroom,0,success,"{"total":0,"location_name":"Hipodroom","location_id":1}"
2026-09-21 14:07:44,+0300,3,T1,4,success,"{"total":4,"location_name":"T1 Shopping Mall","location_id":3}"
2026-09-21 14:07:44,+0300,9,Mustika,3,success,"{"total":3,"location_name":"Mustika","location_id":9}"
2026-09-21 14:07:44,+0300,10,Suur-Paala,1,success,"{"total":1,"location_name":"Suur-Paala","location_id":10}"
2026-09-21 14:09:44,+0300,1,Hipodroom,0,success,"{"total":0,"location_name":"Hipodroom","location_id":1}"
2026-09-21 14:09:44,+0300,3,T1,4,success,"{"total":4,"location_name":"T1 Shopping Mall","location_id":3}"
2026-09-21 14:09:44,+0300,9,Mustika,3,success,"{"total":3,"location_name":"Mustika","location_id":9}"
2026-09-21 14:09:44,+0300,10,Suur-Paala,1,success,"{"total":1,"location_name":"Suur-Paala","location_id":10}"
2026-09-21 14:11:45,+0300,1,Hipodroom,0,success,"{"total":0,"location_name":"Hipodroom","location_id":1}"
2026-09-21 14:11:45,+0300,3,T1,4,success,"{"total":4,"location_name":"T1 Shopping Mall","location_id":3}"
2026-09-21 14:11:45,+0300,9,Mustika,3,success,"{"total":3,"location_name":"Mustika","location_id":9}"
2026-09-21 14:11:45,+0300,10,Suur-Paala,1,success,"{"total":1,"location_name":"Suur-Paala","location_id":10}"
2026-09-21 14:13:46,+0300,1,Hipodroom,0,success,"{"total":0,"location_name":"Hipodroom","location_id":1}"
2026-09-21 14:13:46,+0300,3,T1,4,success,"{"total":4,"location_name":"T1 Shopping Mall","location_id":3}"
2026-09-21 14:13:46,+0300,9,Mustika,3,success,"{"total":3,"location_name":"Mustika","location_id":9}"
2026-09-21 14:13:46,+0300,10,Suur-Paala,1,success,"{"total":1,"location_name":"Suur-Paala","location_id":10}"
2026-09-21 14:15:46,+0300,1,Hipodroom,0,success,"{"total":0,"location_name":"Hipodroom","location_id":1}"
2026-09-21 14:15:46,+0300,3,T1,4,success,"{"total":4,"location_name":"T1 Shopping Mall","location_id":3}"
2026-09-21 14:15:46,+0300,9,Mustika,3,success,"{"total":3,"location_name":"Mustika","location_id":9}"
2026-09-21 14:15:46,+0300,10,Suur-Paala,1,success,"{"total":1,"location_name":"Suur-Paala","location_id":10}"
2026-09-21 14:17:47,+0300,1,Hipodroom,0,success,"{"total":0,"location_name":"Hipodroom","location_id":1}"
2026-09-21 14:17:47,+0300,3,T1,4,success,"{"total":4,"location_name":"T1 Shopping Mall","location_id":3}"
2026-09-21 14:17:47,+0300,9,Mustika,3,success,"{"total":3,"location_name":"Mustika","location_id":9}"
2026-09-21 14:17:47,+0300,10,Suur-Paala,1,success,"{"total":1,"location_name":"Suur-Paala","location_id":10}"
2026-09-21 14:19:47,+0300,1,Hipodroom,0,success,"{"total":0,"location_name":"Hipodroom","location_id":1}"
2026-09-21 14:19:47,+0300,3,T1,4,success,"{"total":4,"location_name":"T1 Shopping Mall","location_id":3}"
2026-09-21 14:19:47,+0300,9,Mustika,3,success,"{"total":3,"location_name":"Mustika","location_id":9}"
2026-09-21 14:19:47,+0300,10,Suur-Paala,1,success,"{"total":1,"location_name":"Suur-Paala","location_id":10}"
2026-09-21 14:21:48,+0300,1,Hipodroom,0,success,"{"total":0,"location_name":"Hipodroom","location_id":1}"
2026-09-21 14:21:48,+0300,3,T1,4,success,"{"total":4,"location_name":"T1 Shopping Mall","location_id":3}"
2026-09-21 14:21:48,+0300,9,Mustika,3,success,"{"total":3,"location_name":"Mustika","location_id":9}"
2026-09-21 14:21:48,+0300,10,Suur-Paala,1,success,"{"total":1,"location_name":"Suur-Paala","location_id":10}"
2026-09-21 14:23:48,+0300,1,Hipodroom,0,success,"{"total":0,"location_name":"Hipodroom","location_id":1}"
2026-09-21 14:23:48,+0300,3,T1,4,success,"{"total":4,"location_name":"T1 Shopping Mall","location_id":3}"
2026-09-21 14:23:48,+0300,9,Mustika,3,success,"{"total":3,"location_name":"Mustika","location_id":9}"
2026-09-21 14:23:48,+0300,10,Suur-Paala,1,success,"{"total":1,"location_name":"Suur-Paala","location_id":10}"
2026-09-21 14:25:49,+0300,1,Hipodroom,0,success,"{"total":0,"location_name":"Hipodroom","location_id":1}"
2026-09-21 14:25:49,+0300,3,T1,3,success,"{"total":3,"location_name":"T1 Shopping Mall","location_id":3}"
2026-09-21 14:25:49,+0300,9,Mustika,3,success,"{"total":3,"location_name":"Mustika","location_id":9}"
2026-09-21 14:25:49,+0300,10,Suur-Paala,1,success,"{"total":1,"location_name":"Suur-Paala","location_id":10}"
2026-09-21 14:27:50,+0300,1,Hipodroom,0,success,"{"total":0,"location_name":"Hipodroom","location_id":1}"
2026-09-21 14:27:50,+0300,3,T1,3,success,"{"total":3,"location_name":"T1 Shopping Mall","location_id":3}"
2026-09-21 14:27:50,+0300,9,Mustika,3,success,"{"total":3,"location_name":"Mustika","location_id":9}"
2026-09-21 14:27:50,+0300,10,Suur-Paala,1,success,"{"total":1,"location_name":"Suur-Paala","location_id":10}"
2026-09-21 14:29:50,+0300,1,Hipodroom,0,success,"{"total":0,"location_name":"Hipodroom","location_id":1}"
2026-09-21 14:29:50,+0300,3,T1,3,success,"{"total":3,"location_name":"T1 Shopping Mall","location_id":3}"
2026-09-21 14:29:50,+0300,9,Mustika,3,success,"{"total":3,"location_name":"Mustika","location_id":9}"
2026-09-21 14:29:50,+0300,10,Suur-Paala,1,success,"{"total":1,"location_name":"Suur-Paala","location_id":10}"
2026-09-21 14:31:51,+0300,1,Hipodroom,0,success,"{"total":0,"location_name":"Hipodroom","location_id":1}"
2026-09-21 14:31:51,+0300,3,T1,4,success,"{"total":4,"location_name":"T1 Shopping Mall","location_id":3}"
2026-09-21 14:31:51,+0300,9,Mustika,3,success,"{"total":3,"location_name":"Mustika","location_id":9}"
2026-09-21 14:31:51,+0300,10,Suur-Paala,1,success,"{"total":1,"location_name":"Suur-Paala","location_id":10}"
2026-09-21 14:33:51,+0300,1,Hipodroom,0,success,"{"total":0,"location_name":"Hipodroom","location_id":1}"
2026-09-21 14:33:51,+0300,3,T1,4,success,"{"total":4,"location_name":"T1 Shopping Mall","location_id":3}"
2026-09-21 14:33:51,+0300,9,Mustika,3,success,"{"total":3,"location_name":"Mustika","location_id":9}"
2026-09-21 14:33:51,+0300,10,Suur-Paala,1,success,"{"total":1,"location_name":"Suur-Paala","location_id":10}"
2026-09-21 14:35:52,+0300,1,Hipodroom,0,success,"{"total":0,"location_name":"Hipodroom","location_id":1}"
2026-09-21 14:35:52,+0300,3,T1,4,success,"{"total":4,"location_name":"T1 Shopping Mall","location_id":3}"
2026-09-21 14:35:52,+0300,9,Mustika,3,success,"{"total":3,"location_name":"Mustika","location_id":9}"
2026-09-21 14:35:52,+0300,10,Suur-Paala,1,success,"{"total":1,"location_name":"Suur-Paala","location_id":10}"
2026-09-21 14:37:52,+0300,1,Hipodroom,0,success,"{"total":0,"location_name":"Hipodroom","location_id":1}"
2026-09-21 14:37:52,+0300,3,T1,4,success,"{"total":4,"location_name":"T1 Shopping Mall","location_id":3}"
2026-09-21 14:37:52,+0300,9,Mustika,3,success,"{"total":3,"location_name":"Mustika","location_id":9}"
2026-09-21 14:37:52,+0300,10,Suur-Paala,1,success,"{"total":1,"location_name":"Suur-Paala","location_id":10}"
2026-09-21 14:39:53,+0300,1,Hipodroom,0,success,"{"total":0,"location_name":"Hipodroom","location_id":1}"
2026-09-21 14:39:53,+0300,3,T1,4,success,"{"total":4,"location_name":"T1 Shopping Mall","location_id":3}"
2026-09-21 14:39:53,+0300,9,Mustika,3,success,"{"total":3,"location_name":"Mustika","location_id":9}"
2026-09-21 14:39:53,+0300,10,Suur-Paala,1,success,"{"total":1,"location_name":"Suur-Paala","location_id":10}"
2026-09-21 14:41:54,+0300,1,Hipodroom,0,success,"{"total":0,"location_name":"Hipodroom","location_id":1}"
2026-09-21 14:41:54,+0300,3,T1,4,success,"{"total":4,"location_name":"T1 Shopping Mall","location_id":3}"
2026-09-21 14:41:54,+0300,9,Mustika,3,success,"{"total":3,"location_name":"Mustika","location_id":9}"
2026-09-21 14:41:54,+0300,10,Suur-Paala,1,success,"{"total":1,"location_name":"Suur-Paala","location_id":10}"
2026-09-21 14:43:55,+0300,1,Hipodroom,0,success,"{"total":0,"location_name":"Hipodroom","location_id":1}"
2026-09-21 14:43:55,+0300,3,T1,4,success,"{"total":4,"location_name":"T1 Shopping Mall","location_id":3}"
2026-09-21 14:43:55,+0300,9,Mustika,3,success,"{"total":3,"location_name":"Mustika","location_id":9}"
2026-09-21 14:43:55,+0300,10,Suur-Paala,1,success,"{"total":1,"location_name":"Suur-Paala","location_id":10}"
2026-09-21 14:45:55,+0300,1,Hipodroom,0,success,"{"total":0,"location_name":"Hipodroom","location_id":1}"
2026-09-21 14:45:55,+0300,3,T1,4,success,"{"total":4,"location_name":"T1 Shopping Mall","location_id":3}"
2026-09-21 14:45:55,+0300,9,Mustika,3,success,"{"total":3,"location_name":"Mustika","location_id":9}"
2026-09-21 14:45:55,+0300,10,Suur-Paala,1,success,"{"total":1,"location_name":"Suur-Paala","location_id":10}"
2026-09-21 14:47:56,+0300,1,Hipodroom,0,success,"{"total":0,"location_name":"Hipodroom","location_id":1}"
2026-09-21 14:47:56,+0300,3,T1,4,success,"{"total":4,"location_name":"T1 Shopping Mall","location_id":3}"
2026-09-21 14:47:56,+0300,9,Mustika,3,success,"{"total":3,"location_name":"Mustika","location_id":9}"
2026-09-21 14:47:56,+0300,10,Suur-Paala,1,success,"{"total":1,"location_name":"Suur-Paala","location_id":10}"
2026-09-21 14:49:57,+0300,1,Hipodroom,0,success,"{"total":0,"location_name":"Hipodroom","location_id":1}"
2026-09-21 14:49:57,+0300,3,T1,4,success,"{"total":4,"location_name":"T1 Shopping Mall","location_id":3}"
2026-09-21 14:49:57,+0300,9,Mustika,2,success,"{"total":2,"location_name":"Mustika","location_id":9}"
2026-09-21 14:49:57,+0300,10,Suur-Paala,1,success,"{"total":1,"location_name":"Suur-Paala","location_id":10}"
2026-09-21 14:51:57,+0300,1,Hipodroom,0,success,"{"total":0,"location_name":"Hipodroom","location_id":1}"
2026-09-21 14:51:57,+0300,3,T1,4,success,"{"total":4,"location_name":"T1 Shopping Mall","location_id":3}"
2026-09-21 14:51:57,+0300,9,Mustika,2,success,"{"total":2,"location_name":"Mustika","location_id":9}"
2026-09-21 14:51:57,+0300,10,Suur-Paala,1,success,"{"total":1,"location_name":"Suur-Paala","location_id":10}"
2026-09-21 14:53:58,+0300,1,Hipodroom,0,success,"{"total":0,"location_name":"Hipodroom","location_id":1}"
2026-09-21 14:53:58,+0300,3,T1,4,success,"{"total":4,"location_name":"T1 Shopping Mall","location_id":3}"
2026-09-21 14:53:58,+0300,9,Mustika,2,success,"{"total":2,"location_name":"Mustika","location_id":9}"
2026-09-21 14:53:58,+0300,10,Suur-Paala,1,success,"{"total":1,"location_name":"Suur-Paala","location_id":10}"
2026-09-21 14:55:58,+0300,1,Hipodroom,0,success,"{"total":0,"location_name":"Hipodroom","location_id":1}"
2026-09-21 14:55:58,+0300,3,T1,4,success,"{"total":4,"location_name":"T1 Shopping Mall","location_id":3}"
2026-09-21 14:55:58,+0300,9,Mustika,1,success,"{"total":1,"location_name":"Mustika","location_id":9}"
2026-09-21 14:55:58,+0300,10,Suur-Paala,1,success,"{"total":1,"location_name":"Suur-Paala","location_id":10}"
2026-09-21 14:57:59,+0300,1,Hipodroom,0,success,"{"total":0,"location_name":"Hipodroom","location_id":1}"
2026-09-21 14:57:59,+0300,3,T1,4,success,"{"total":4,"location_name":"T1 Shopping Mall","location_id":3}"
2026-09-21 14:57:59,+0300,9,Mustika,1,success,"{"total":1,"location_name":"Mustika","location_id":9}"
2026-09-21 14:57:59,+0300,10,Suur-Paala,1,success,"{"total":1,"location_name":"Suur-Paala","location_id":10}"
2026-09-21 14:59:59,+0300,1,Hipodroom,0,success,"{"total":0,"location_name":"Hipodroom","location_id":1}"
2026-09-21 14:59:59,+0300,3,T1,4,success,"{"total":4,"location_name":"T1 Shopping Mall","location_id":3}"
2026-09-21 14:59:59,+0300,9,Mustika,1,success,"{"total":1,"location_name":"Mustika","location_id":9}"
2026-09-21 14:59:59,+0300,10,Suur-Paala,1,success,"{"total":1,"location_name":"Suur-Paala","location_id":10}"
2026-09-21 15:02:00,+0300,1,Hipodroom,0,success,"{"total":0,"location_name":"Hipodroom","location_id":1}"
2026-09-21 15:02:00,+0300,3,T1,4,success,"{"total":4,"location_name":"T1 Shopping Mall","location_id":3}"
2026-09-21 15:02:00,+0300,9,Mustika,1,success,"{"total":1,"location_name":"Mustika","location_id":9}"
2026-09-21 15:02:00,+0300,10,Suur-Paala,1,success,"{"total":1,"location_name":"Suur-Paala","location_id":10}"
2026-09-21 15:04:01,+0300,1,Hipodroom,0,success,"{"total":0,"location_name":"Hipodroom","location_id":1}"
2026-09-21 15:04:01,+0300,3,T1,4,success,"{"total":4,"location_name":"T1 Shopping Mall","location_id":3}"
2026-09-21 15:04:01,+0300,9,Mustika,1,success,"{"total":1,"location_name":"Mustika","location_id":9}"
2026-09-21 15:04:01,+0300,10,Suur-Paala,1,success,"{"total":1,"location_name":"Suur-Paala","location_id":10}"
2026-09-21 15:06:01,+0300,1,Hipodroom,0,success,"{"total":0,"location_name":"Hipodroom","location_id":1}"
2026-09-21 15:06:01,+0300,3,T1,4,success,"{"total":4,"location_name":"T1 Shopping Mall","location_id":3}"
2026-09-21 15:06:01,+0300,9,Mustika,1,success,"{"total":1,"location_name":"Mustika","location_id":9}"
2026-09-21 15:06:01,+0300,10,Suur-Paala,1,success,"{"total":1,"location_name":"Suur-Paala","location_id":10}"
2026-09-21 15:08:02,+0300,1,Hipodroom,0,success,"{"total":0,"location_name":"Hipodroom","location_id":1}"
2026-09-21 15:08:02,+0300,3,T1,4,success,"{"total":4,"location_name":"T1 Shopping Mall","location_id":3}"
2026-09-21 15:08:02,+0300,9,Mustika,1,success,"{"total":1,"location_name":"Mustika","location_id":9}"
2026-09-21 15:08:02,+0300,10,Suur-Paala,1,success,"{"total":1,"location_name":"Suur-Paala","location_id":10}"
2026-09-21 15:10:02,+0300,1,Hipodroom,0,success,"{"total":0,"location_name":"Hipodroom","location_id":1}"
2026-09-21 15:10:02,+0300,3,T1,4,success,"{"total":4,"location_name":"T1 Shopping Mall","location_id":3}"
2026-09-21 15:10:02,+0300,9,Mustika,1,success,"{"total":1,"location_name":"Mustika","location_id":9}"
2026-09-21 15:10:02,+0300,10,Suur-Paala,1,success,"{"total":1,"location_name":"Suur-Paala","location_id":10}"
2026-09-21 15:12:03,+0300,1,Hipodroom,0,success,"{"total":0,"location_name":"Hipodroom","location_id":1}"
2026-09-21 15:12:03,+0300,3,T1,4,success,"{"total":4,"location_name":"T1 Shopping Mall","location_id":3}"
2026-09-21 15:12:03,+0300,9,Mustika,1,success,"{"total":1,"location_name":"Mustika","location_id":9}"
2026-09-21 15:12:03,+0300,10,Suur-Paala,1,success,"{"total":1,"location_name":"Suur-Paala","location_id":10}"
2026-09-21 15:14:03,+0300,1,Hipodroom,0,success,"{"total":0,"location_name":"Hipodroom","location_id":1}"
2026-09-21 15:14:03,+0300,3,T1,4,success,"{"total":4,"location_name":"T1 Shopping Mall","location_id":3}"
2026-09-21 15:14:03,+0300,9,Mustika,1,success,"{"total":1,"location_name":"Mustika","location_id":9}"
2026-09-21 15:14:03,+0300,10,Suur-Paala,1,success,"{"total":1,"location_name":"Suur-Paala","location_id":10}"
2026-09-21 15:16:04,+0300,1,Hipodroom,0,success,"{"total":0,"location_name":"Hipodroom","location_id":1}"
2026-09-21 15:16:04,+0300,3,T1,4,success,"{"total":4,"location_name":"T1 Shopping Mall","location_id":3}"
2026-09-21 15:16:04,+0300,9,Mustika,1,success,"{"total":1,"location_name":"Mustika","location_id":9}"
2026-09-21 15:16:04,+0300,10,Suur-Paala,1,success,"{"total":1,"location_name":"Suur-Paala","location_id":10}"
2026-09-21 15:18:04,+0300,1,Hipodroom,0,success,"{"total":0,"location_name":"Hipodroom","location_id":1}"
2026-09-21 15:18:04,+0300,3,T1,4,success,"{"total":4,"location_name":"T1 Shopping Mall","location_id":3}"
2026-09-21 15:18:04,+0300,9,Mustika,1,success,"{"total":1,"location_name":"Mustika","location_id":9}"
2026-09-21 15:18:04,+0300,10,Suur-Paala,1,success,"{"total":1,"location_name":"Suur-Paala","location_id":10}"
2026-09-21 15:20:05,+0300,1,Hipodroom,0,success,"{"total":0,"location_name":"Hipodroom","location_id":1}"
2026-09-21 15:20:05,+0300,3,T1,4,success,"{"total":4,"location_name":"T1 Shopping Mall","location_id":3}"
2026-09-21 15:20:05,+0300,9,Mustika,2,success,"{"total":2,"location_name":"Mustika","location_id":9}"
2026-09-21 15:20:05,+0300,10,Suur-Paala,1,success,"{"total":1,"location_name":"Suur-Paala","location_id":10}"
2026-09-21 15:22:05,+0300,1,Hipodroom,0,success,"{"total":0,"location_name":"Hipodroom","location_id":1}"
2026-09-21 15:22:05,+0300,3,T1,4,success,"{"total":4,"location_name":"T1 Shopping Mall","location_id":3}"
2026-09-21 15:22:05,+0300,9,Mustika,2,success,"{"total":2,"location_name":"Mustika","location_id":9}"
2026-09-21 15:22:05,+0300,10,Suur-Paala,1,success,"{"total":1,"location_name":"Suur-Paala","location_id":10}"
2026-09-21 15:24:06,+0300,1,Hipodroom,0,success,"{"total":0,"location_name":"Hipodroom","location_id":1}"
2026-09-21 15:24:06,+0300,3,T1,4,success,"{"total":4,"location_name":"T1 Shopping Mall","location_id":3}"
2026-09-21 15:24:06,+0300,9,Mustika,4,success,"{"total":4,"location_name":"Mustika","location_id":9}"
2026-09-21 15:24:06,+0300,10,Suur-Paala,1,success,"{"total":1,"location_name":"Suur-Paala","location_id":10}"
2026-09-21 15:26:07,+0300,1,Hipodroom,0,success,"{"total":0,"location_name":"Hipodroom","location_id":1}"
2026-09-21 15:26:07,+0300,3,T1,4,success,"{"total":4,"location_name":"T1 Shopping Mall","location_id":3}"
2026-09-21 15:26:07,+0300,9,Mustika,4,success,"{"total":4,"location_name":"Mustika","location_id":9}"
2026-09-21 15:26:07,+0300,10,Suur-Paala,1,success,"{"total":1,"location_name":"Suur-Paala","location_id":10}"
2026-09-21 15:28:07,+0300,1,Hipodroom,0,success,"{"total":0,"location_name":"Hipodroom","location_id":1}"
2026-09-21 15:28:07,+0300,3,T1,4,success,"{"total":4,"location_name":"T1 Shopping Mall","location_id":3}"
2026-09-21 15:28:07,+0300,9,Mustika,4,success,"{"total":4,"location_name":"Mustika","location_id":9}"
2026-09-21 15:28:07,+0300,10,Suur-Paala,1,success,"{"total":1,"location_name":"Suur-Paala","location_id":10}"
2026-09-21 15:30:09,+0300,1,Hipodroom,0,success,"{"total":0,"location_name":"Hipodroom","location_id":1}"
2026-09-21 15:30:09,+0300,3,T1,4,success,"{"total":4,"location_name":"T1 Shopping Mall","location_id":3}"
2026-09-21 15:30:09,+0300,9,Mustika,5,success,"{"total":5,"location_name":"Mustika","location_id":9}"
2026-09-21 15:30:09,+0300,10,Suur-Paala,1,success,"{"total":1,"location_name":"Suur-Paala","location_id":10}"
2026-09-21 15:32:10,+0300,1,Hipodroom,0,success,"{"total":0,"location_name":"Hipodroom","location_id":1}"
2026-09-21 15:32:10,+0300,3,T1,4,success,"{"total":4,"location_name":"T1 Shopping Mall","location_id":3}"
2026-09-21 15:32:10,+0300,9,Mustika,5,success,"{"total":5,"location_name":"Mustika","location_id":9}"
2026-09-21 15:32:10,+0300,10,Suur-Paala,1,success,"{"total":1,"location_name":"Suur-Paala","location_id":10}"
2026-09-21 15:34:10,+0300,1,Hipodroom,0,success,"{"total":0,"location_name":"Hipodroom","location_id":1}"
2026-09-21 15:34:10,+0300,3,T1,4,success,"{"total":4,"location_name":"T1 Shopping Mall","location_id":3}"
2026-09-21 15:34:10,+0300,9,Mustika,5,success,"{"total":5,"location_name":"Mustika","location_id":9}"
2026-09-21 15:34:10,+0300,10,Suur-Paala,1,success,"{"total":1,"location_name":"Suur-Paala","location_id":10}"
2026-09-21 15:36:10,+0300,1,Hipodroom,0,success,"{"total":0,"location_name":"Hipodroom","location_id":1}"
2026-09-21 15:36:10,+0300,3,T1,4,success,"{"total":4,"location_name":"T1 Shopping Mall","location_id":3}"
2026-09-21 15:36:10,+0300,9,Mustika,6,success,"{"total":6,"location_name":"Mustika","location_id":9}"
2026-09-21 15:36:10,+0300,10,Suur-Paala,1,success,"{"total":1,"location_name":"Suur-Paala","location_id":10}"
2026-09-21 15:38:11,+0300,1,Hipodroom,0,success,"{"total":0,"location_name":"Hipodroom","location_id":1}"
2026-09-21 15:38:11,+0300,3,T1,4,success,"{"total":4,"location_name":"T1 Shopping Mall","location_id":3}"
2026-09-21 15:38:11,+0300,9,Mustika,6,success,"{"total":6,"location_name":"Mustika","location_id":9}"
2026-09-21 15:38:11,+0300,10,Suur-Paala,1,success,"{"total":1,"location_name":"Suur-Paala","location_id":10}"
2026-09-21 15:40:13,+0300,1,Hipodroom,0,success,"{"total":0,"location_name":"Hipodroom","location_id":1}"
2026-09-21 15:40:13,+0300,3,T1,4,success,"{"total":4,"location_name":"T1 Shopping Mall","location_id":3}"
2026-09-21 15:40:13,+0300,9,Mustika,6,success,"{"total":6,"location_name":"Mustika","location_id":9}"
2026-09-21 15:40:13,+0300,10,Suur-Paala,1,success,"{"total":1,"location_name":"Suur-Paala","location_id":10}"
2026-09-21 15:42:13,+0300,1,Hipodroom,0,success,"{"total":0,"location_name":"Hipodroom","location_id":1}"
2026-09-21 15:42:13,+0300,3,T1,4,success,"{"total":4,"location_name":"T1 Shopping Mall","location_id":3}"
2026-09-21 15:42:13,+0300,9,Mustika,6,success,"{"total":6,"location_name":"Mustika","location_id":9}"
2026-09-21 15:42:13,+0300,10,Suur-Paala,1,success,"{"total":1,"location_name":"Suur-Paala","location_id":10}"
2026-09-21 15:44:14,+0300,1,Hipodroom,0,success,"{"total":0,"location_name":"Hipodroom","location_id":1}"
2026-09-21 15:44:14,+0300,3,T1,4,success,"{"total":4,"location_name":"T1 Shopping Mall","location_id":3}"
2026-09-21 15:44:14,+0300,9,Mustika,6,success,"{"total":6,"location_name":"Mustika","location_id":9}"
2026-09-21 15:44:14,+0300,10,Suur-Paala,1,success,"{"total":1,"location_name":"Suur-Paala","location_id":10}"
2026-09-21 15:46:15,+0300,1,Hipodroom,0,success,"{"total":0,"location_name":"Hipodroom","location_id":1}"
2026-09-21 15:46:15,+0300,3,T1,4,success,"{"total":4,"location_name":"T1 Shopping Mall","location_id":3}"
2026-09-21 15:46:15,+0300,9,Mustika,6,success,"{"total":6,"location_name":"Mustika","location_id":9}"
2026-09-21 15:46:15,+0300,10,Suur-Paala,1,success,"{"total":1,"location_name":"Suur-Paala","location_id":10}"
2026-09-21 15:48:16,+0300,1,Hipodroom,0,success,"{"total":0,"location_name":"Hipodroom","location_id":1}"
2026-09-21 15:48:16,+0300,3,T1,4,success,"{"total":4,"location_name":"T1 Shopping Mall","location_id":3}"
2026-09-21 15:48:16,+0300,9,Mustika,6,success,"{"total":6,"location_name":"Mustika","location_id":9}"
2026-09-21 15:48:16,+0300,10,Suur-Paala,1,success,"{"total":1,"location_name":"Suur-Paala","location_id":10}"
2026-09-21 15:50:17,+0300,1,Hipodroom,0,success,"{"total":0,"location_name":"Hipodroom","location_id":1}"
2026-09-21 15:50:17,+0300,3,T1,4,success,"{"total":4,"location_name":"T1 Shopping Mall","location_id":3}"
2026-09-21 15:50:17,+0300,9,Mustika,6,success,"{"total":6,"location_name":"Mustika","location_id":9}"
2026-09-21 15:50:17,+0300,10,Suur-Paala,1,success,"{"total":1,"location_name":"Suur-Paala","location_id":10}"
2026-09-21 15:52:17,+0300,1,Hipodroom,0,success,"{"total":0,"location_name":"Hipodroom","location_id":1}"
2026-09-21 15:52:17,+0300,3,T1,4,success,"{"total":4,"location_name":"T1 Shopping Mall","location_id":3}"
2026-09-21 15:52:17,+0300,9,Mustika,6,success,"{"total":6,"location_name":"Mustika","location_id":9}"
2026-09-21 15:52:17,+0300,10,Suur-Paala,1,success,"{"total":1,"location_name":"Suur-Paala","location_id":10}"
2026-09-21 15:54:18,+0300,1,Hipodroom,0,success,"{"total":0,"location_name":"Hipodroom","location_id":1}"
2026-09-21 15:54:18,+0300,3,T1,4,success,"{"total":4,"location_name":"T1 Shopping Mall","location_id":3}"
2026-09-21 15:54:18,+0300,9,Mustika,7,success,"{"total":7,"location_name":"Mustika","location_id":9}"
2026-09-21 15:54:18,+0300,10,Suur-Paala,2,success,"{"total":2,"location_name":"Suur-Paala","location_id":10}"
2026-09-21 15:56:18,+0300,1,Hipodroom,0,success,"{"total":0,"location_name":"Hipodroom","location_id":1}"
2026-09-21 15:56:18,+0300,3,T1,4,success,"{"total":4,"location_name":"T1 Shopping Mall","location_id":3}"
2026-09-21 15:56:18,+0300,9,Mustika,7,success,"{"total":7,"location_name":"Mustika","location_id":9}"
2026-09-21 15:56:18,+0300,10,Suur-Paala,2,success,"{"total":2,"location_name":"Suur-Paala","location_id":10}"
2026-09-21 15:58:19,+0300,1,Hipodroom,0,success,"{"total":0,"location_name":"Hipodroom","location_id":1}"
2026-09-21 15:58:19,+0300,3,T1,4,success,"{"total":4,"location_name":"T1 Shopping Mall","location_id":3}"
2026-09-21 15:58:19,+0300,9,Mustika,7,success,"{"total":7,"location_name":"Mustika","location_id":9}"
2026-09-21 15:58:19,+0300,10,Suur-Paala,2,success,"{"total":2,"location_name":"Suur-Paala","location_id":10}"
2026-09-21 16:00:19,+0300,1,Hipodroom,0,success,"{"total":0,"location_name":"Hipodroom","location_id":1}"
2026-09-21 16:00:19,+0300,3,T1,4,success,"{"total":4,"location_name":"T1 Shopping Mall","location_id":3}"
2026-09-21 16:00:19,+0300,9,Mustika,8,success,"{"total":8,"location_name":"Mustika","location_id":9}"
2026-09-21 16:00:19,+0300,10,Suur-Paala,4,success,"{"total":4,"location_name":"Suur-Paala","location_id":10}"
2026-09-21 16:02:20,+0300,1,Hipodroom,0,success,"{"total":0,"location_name":"Hipodroom","location_id":1}"
2026-09-21 16:02:20,+0300,3,T1,4,success,"{"total":4,"location_name":"T1 Shopping Mall","location_id":3}"
2026-09-21 16:02:20,+0300,9,Mustika,8,success,"{"total":8,"location_name":"Mustika","location_id":9}"
2026-09-21 16:02:20,+0300,10,Suur-Paala,4,success,"{"total":4,"location_name":"Suur-Paala","location_id":10}"
2026-09-21 16:04:21,+0300,1,Hipodroom,0,success,"{"total":0,"location_name":"Hipodroom","location_id":1}"
2026-09-21 16:04:21,+0300,3,T1,4,success,"{"total":4,"location_name":"T1 Shopping Mall","location_id":3}"
2026-09-21 16:04:21,+0300,9,Mustika,8,success,"{"total":8,"location_name":"Mustika","location_id":9}"
2026-09-21 16:04:21,+0300,10,Suur-Paala,4,success,"{"total":4,"location_name":"Suur-Paala","location_id":10}"
2026-09-21 16:06:21,+0300,1,Hipodroom,0,success,"{"total":0,"location_name":"Hipodroom","location_id":1}"
2026-09-21 16:06:21,+0300,3,T1,4,success,"{"total":4,"location_name":"T1 Shopping Mall","location_id":3}"
2026-09-21 16:06:21,+0300,9,Mustika,9,success,"{"total":9,"location_name":"Mustika","location_id":9}"
2026-09-21 16:06:21,+0300,10,Suur-Paala,5,success,"{"total":5,"location_name":"Suur-Paala","location_id":10}"
2026-09-21 16:08:22,+0300,1,Hipodroom,0,success,"{"total":0,"location_name":"Hipodroom","location_id":1}"
2026-09-21 16:08:22,+0300,3,T1,4,success,"{"total":4,"location_name":"T1 Shopping Mall","location_id":3}"
2026-09-21 16:08:22,+0300,9,Mustika,9,success,"{"total":9,"location_name":"Mustika","location_id":9}"
2026-09-21 16:08:22,+0300,10,Suur-Paala,5,success,"{"total":5,"location_name":"Suur-Paala","location_id":10}"
2026-09-21 16:10:22,+0300,1,Hipodroom,0,success,"{"total":0,"location_name":"Hipodroom","location_id":1}"
2026-09-21 16:10:22,+0300,3,T1,4,success,"{"total":4,"location_name":"T1 Shopping Mall","location_id":3}"
2026-09-21 16:10:22,+0300,9,Mustika,9,success,"{"total":9,"location_name":"Mustika","location_id":9}"
2026-09-21 16:10:22,+0300,10,Suur-Paala,5,success,"{"total":5,"location_name":"Suur-Paala","location_id":10}"
2026-09-21 16:12:23,+0300,1,Hipodroom,0,success,"{"total":0,"location_name":"Hipodroom","location_id":1}"
2026-09-21 16:12:23,+0300,3,T1,4,success,"{"total":4,"location_name":"T1 Shopping Mall","location_id":3}"
2026-09-21 16:12:23,+0300,9,Mustika,9,success,"{"total":9,"location_name":"Mustika","location_id":9}"
2026-09-21 16:12:23,+0300,10,Suur-Paala,5,success,"{"total":5,"location_name":"Suur-Paala","location_id":10}"
2026-09-21 16:14:24,+0300,1,Hipodroom,0,success,"{"total":0,"location_name":"Hipodroom","location_id":1}"
2026-09-21 16:14:24,+0300,3,T1,4,success,"{"total":4,"location_name":"T1 Shopping Mall","location_id":3}"
2026-09-21 16:14:24,+0300,9,Mustika,9,success,"{"total":9,"location_name":"Mustika","location_id":9}"
2026-09-21 16:14:24,+0300,10,Suur-Paala,5,success,"{"total":5,"location_name":"Suur-Paala","location_id":10}"
2026-09-21 16:16:24,+0300,1,Hipodroom,0,success,"{"total":0,"location_name":"Hipodroom","location_id":1}"
2026-09-21 16:16:24,+0300,3,T1,4,success,"{"total":4,"location_name":"T1 Shopping Mall","location_id":3}"
2026-09-21 16:16:24,+0300,9,Mustika,9,success,"{"total":9,"location_name":"Mustika","location_id":9}"
2026-09-21 16:16:24,+0300,10,Suur-Paala,5,success,"{"total":5,"location_name":"Suur-Paala","location_id":10}"
2026-09-21 16:18:25,+0300,1,Hipodroom,0,success,"{"total":0,"location_name":"Hipodroom","location_id":1}"
2026-09-21 16:18:25,+0300,3,T1,4,success,"{"total":4,"location_name":"T1 Shopping Mall","location_id":3}"
2026-09-21 16:18:25,+0300,9,Mustika,10,success,"{"total":10,"location_name":"Mustika","location_id":9}"
2026-09-21 16:18:25,+0300,10,Suur-Paala,5,success,"{"total":5,"location_name":"Suur-Paala","location_id":10}"
2026-09-21 16:20:25,+0300,1,Hipodroom,0,success,"{"total":0,"location_name":"Hipodroom","location_id":1}"
2026-09-21 16:20:25,+0300,3,T1,4,success,"{"total":4,"location_name":"T1 Shopping Mall","location_id":3}"
2026-09-21 16:20:25,+0300,9,Mustika,10,success,"{"total":10,"location_name":"Mustika","location_id":9}"
2026-09-21 16:20:25,+0300,10,Suur-Paala,5,success,"{"total":5,"location_name":"Suur-Paala","location_id":10}"
2026-09-21 16:22:26,+0300,1,Hipodroom,0,success,"{"total":0,"location_name":"Hipodroom","location_id":1}"
2026-09-21 16:22:26,+0300,3,T1,4,success,"{"total":4,"location_name":"T1 Shopping Mall","location_id":3}"
2026-09-21 16:22:26,+0300,9,Mustika,10,success,"{"total":10,"location_name":"Mustika","location_id":9}"
2026-09-21 16:22:26,+0300,10,Suur-Paala,5,success,"{"total":5,"location_name":"Suur-Paala","location_id":10}"
2026-09-21 16:24:26,+0300,1,Hipodroom,0,success,"{"total":0,"location_name":"Hipodroom","location_id":1}"
2026-09-21 16:24:26,+0300,3,T1,4,success,"{"total":4,"location_name":"T1 Shopping Mall","location_id":3}"
2026-09-21 16:24:26,+0300,9,Mustika,11,success,"{"total":11,"location_name":"Mustika","location_id":9}"
2026-09-21 16:24:26,+0300,10,Suur-Paala,6,success,"{"total":6,"location_name":"Suur-Paala","location_id":10}"
2026-09-21 16:26:27,+0300,1,Hipodroom,0,success,"{"total":0,"location_name":"Hipodroom","location_id":1}"
2026-09-21 16:26:27,+0300,3,T1,4,success,"{"total":4,"location_name":"T1 Shopping Mall","location_id":3}"
2026-09-21 16:26:27,+0300,9,Mustika,11,success,"{"total":11,"location_name":"Mustika","location_id":9}"
2026-09-21 16:26:27,+0300,10,Suur-Paala,6,success,"{"total":6,"location_name":"Suur-Paala","location_id":10}"
2026-09-21 16:28:28,+0300,1,Hipodroom,0,success,"{"total":0,"location_name":"Hipodroom","location_id":1}"
2026-09-21 16:28:28,+0300,3,T1,4,success,"{"total":4,"location_name":"T1 Shopping Mall","location_id":3}"
2026-09-21 16:28:28,+0300,9,Mustika,11,success,"{"total":11,"location_name":"Mustika","location_id":9}"
2026-09-21 16:28:28,+0300,10,Suur-Paala,6,success,"{"total":6,"location_name":"Suur-Paala","location_id":10}"
2026-09-21 16:30:28,+0300,1,Hipodroom,0,success,"{"total":0,"location_name":"Hipodroom","location_id":1}"
2026-09-21 16:30:28,+0300,3,T1,5,success,"{"total":5,"location_name":"T1 Shopping Mall","location_id":3}"
2026-09-21 16:30:28,+0300,9,Mustika,12,success,"{"total":12,"location_name":"Mustika","location_id":9}"
2026-09-21 16:30:28,+0300,10,Suur-Paala,8,success,"{"total":8,"location_name":"Suur-Paala","location_id":10}"
2026-09-21 16:32:29,+0300,1,Hipodroom,0,success,"{"total":0,"location_name":"Hipodroom","location_id":1}"
2026-09-21 16:32:29,+0300,3,T1,5,success,"{"total":5,"location_name":"T1 Shopping Mall","location_id":3}"
2026-09-21 16:32:29,+0300,9,Mustika,12,success,"{"total":12,"location_name":"Mustika","location_id":9}"
2026-09-21 16:32:29,+0300,10,Suur-Paala,8,success,"{"total":8,"location_name":"Suur-Paala","location_id":10}"
2026-09-21 16:34:29,+0300,1,Hipodroom,0,success,"{"total":0,"location_name":"Hipodroom","location_id":1}"
2026-09-21 16:34:29,+0300,3,T1,5,success,"{"total":5,"location_name":"T1 Shopping Mall","location_id":3}"
2026-09-21 16:34:29,+0300,9,Mustika,12,success,"{"total":12,"location_name":"Mustika","location_id":9}"
2026-09-21 16:34:29,+0300,10,Suur-Paala,8,success,"{"total":8,"location_name":"Suur-Paala","location_id":10}"
2026-09-21 16:36:30,+0300,1,Hipodroom,0,success,"{"total":0,"location_name":"Hipodroom","location_id":1}"
2026-09-21 16:36:30,+0300,3,T1,5,success,"{"total":5,"location_name":"T1 Shopping Mall","location_id":3}"
2026-09-21 16:36:30,+0300,9,Mustika,12,success,"{"total":12,"location_name":"Mustika","location_id":9}"
2026-09-21 16:36:30,+0300,10,Suur-Paala,8,success,"{"total":8,"location_name":"Suur-Paala","location_id":10}"
2026-09-21 16:38:30,+0300,1,Hipodroom,0,success,"{"total":0,"location_name":"Hipodroom","location_id":1}"
2026-09-21 16:38:30,+0300,3,T1,5,success,"{"total":5,"location_name":"T1 Shopping Mall","location_id":3}"
2026-09-21 16:38:30,+0300,9,Mustika,12,success,"{"total":12,"location_name":"Mustika","location_id":9}"
2026-09-21 16:38:30,+0300,10,Suur-Paala,8,success,"{"total":8,"location_name":"Suur-Paala","location_id":10}"
2026-09-21 16:40:31,+0300,1,Hipodroom,0,success,"{"total":0,"location_name":"Hipodroom","location_id":1}"
2026-09-21 16:40:31,+0300,3,T1,5,success,"{"total":5,"location_name":"T1 Shopping Mall","location_id":3}"
2026-09-21 16:40:31,+0300,9,Mustika,12,success,"{"total":12,"location_name":"Mustika","location_id":9}"
2026-09-21 16:40:31,+0300,10,Suur-Paala,8,success,"{"total":8,"location_name":"Suur-Paala","location_id":10}"
2026-09-21 16:42:31,+0300,1,Hipodroom,0,success,"{"total":0,"location_name":"Hipodroom","location_id":1}"
2026-09-21 16:42:31,+0300,3,T1,5,success,"{"total":5,"location_name":"T1 Shopping Mall","location_id":3}"
2026-09-21 16:42:31,+0300,9,Mustika,13,success,"{"total":13,"location_name":"Mustika","location_id":9}"
2026-09-21 16:42:31,+0300,10,Suur-Paala,8,success,"{"total":8,"location_name":"Suur-Paala","location_id":10}"
2026-09-21 16:44:32,+0300,1,Hipodroom,0,success,"{"total":0,"location_name":"Hipodroom","location_id":1}"
2026-09-21 16:44:32,+0300,3,T1,5,success,"{"total":5,"location_name":"T1 Shopping Mall","location_id":3}"
2026-09-21 16:44:32,+0300,9,Mustika,13,success,"{"total":13,"location_name":"Mustika","location_id":9}"
2026-09-21 16:44:32,+0300,10,Suur-Paala,8,success,"{"total":8,"location_name":"Suur-Paala","location_id":10}"
2026-09-21 16:46:32,+0300,1,Hipodroom,0,success,"{"total":0,"location_name":"Hipodroom","location_id":1}"
2026-09-21 16:46:32,+0300,3,T1,5,success,"{"total":5,"location_name":"T1 Shopping Mall","location_id":3}"
2026-09-21 16:46:32,+0300,9,Mustika,13,success,"{"total":13,"location_name":"Mustika","location_id":9}"
2026-09-21 16:46:32,+0300,10,Suur-Paala,8,success,"{"total":8,"location_name":"Suur-Paala","location_id":10}"
2026-09-21 16:48:33,+0300,1,Hipodroom,0,success,"{"total":0,"location_name":"Hipodroom","location_id":1}"
2026-09-21 16:48:33,+0300,3,T1,5,success,"{"total":5,"location_name":"T1 Shopping Mall","location_id":3}"
2026-09-21 16:48:33,+0300,9,Mustika,13,success,"{"total":13,"location_name":"Mustika","location_id":9}"
2026-09-21 16:48:33,+0300,10,Suur-Paala,8,success,"{"total":8,"location_name":"Suur-Paala","location_id":10}"
2026-09-21 16:50:34,+0300,1,Hipodroom,0,success,"{"total":0,"location_name":"Hipodroom","location_id":1}"
2026-09-21 16:50:34,+0300,3,T1,5,success,"{"total":5,"location_name":"T1 Shopping Mall","location_id":3}"
2026-09-21 16:50:34,+0300,9,Mustika,13,success,"{"total":13,"location_name":"Mustika","location_id":9}"
2026-09-21 16:50:34,+0300,10,Suur-Paala,8,success,"{"total":8,"location_name":"Suur-Paala","location_id":10}"
2026-09-21 16:52:35,+0300,1,Hipodroom,0,success,"{"total":0,"location_name":"Hipodroom","location_id":1}"
2026-09-21 16:52:35,+0300,3,T1,5,success,"{"total":5,"location_name":"T1 Shopping Mall","location_id":3}"
2026-09-21 16:52:35,+0300,9,Mustika,13,success,"{"total":13,"location_name":"Mustika","location_id":9}"
2026-09-21 16:52:35,+0300,10,Suur-Paala,8,success,"{"total":8,"location_name":"Suur-Paala","location_id":10}"
2026-09-21 16:54:36,+0300,1,Hipodroom,0,success,"{"total":0,"location_name":"Hipodroom","location_id":1}"
2026-09-21 16:54:36,+0300,3,T1,7,success,"{"total":7,"location_name":"T1 Shopping Mall","location_id":3}"
2026-09-21 16:54:36,+0300,9,Mustika,18,success,"{"total":18,"location_name":"Mustika","location_id":9}"
2026-09-21 16:54:36,+0300,10,Suur-Paala,8,success,"{"total":8,"location_name":"Suur-Paala","location_id":10}"
2026-09-21 16:56:36,+0300,1,Hipodroom,0,success,"{"total":0,"location_name":"Hipodroom","location_id":1}"
2026-09-21 16:56:36,+0300,3,T1,7,success,"{"total":7,"location_name":"T1 Shopping Mall","location_id":3}"
2026-09-21 16:56:36,+0300,9,Mustika,18,success,"{"total":18,"location_name":"Mustika","location_id":9}"
2026-09-21 16:56:36,+0300,10,Suur-Paala,8,success,"{"total":8,"location_name":"Suur-Paala","location_id":10}"
2026-09-21 16:58:37,+0300,1,Hipodroom,0,success,"{"total":0,"location_name":"Hipodroom","location_id":1}"
2026-09-21 16:58:37,+0300,3,T1,7,success,"{"total":7,"location_name":"T1 Shopping Mall","location_id":3}"
2026-09-21 16:58:37,+0300,9,Mustika,18,success,"{"total":18,"location_name":"Mustika","location_id":9}"
2026-09-21 16:58:37,+0300,10,Suur-Paala,8,success,"{"total":8,"location_name":"Suur-Paala","location_id":10}"
2026-09-21 17:00:38,+0300,1,Hipodroom,0,success,"{"total":0,"location_name":"Hipodroom","location_id":1}"
2026-09-21 17:00:38,+0300,3,T1,11,success,"{"total":11,"location_name":"T1 Shopping Mall","location_id":3}"
2026-09-21 17:00:38,+0300,9,Mustika,19,success,"{"total":19,"location_name":"Mustika","location_id":9}"
2026-09-21 17:00:38,+0300,10,Suur-Paala,7,success,"{"total":7,"location_name":"Suur-Paala","location_id":10}"
2026-09-21 17:02:38,+0300,1,Hipodroom,0,success,"{"total":0,"location_name":"Hipodroom","location_id":1}"
2026-09-21 17:02:38,+0300,3,T1,11,success,"{"total":11,"location_name":"T1 Shopping Mall","location_id":3}"
2026-09-21 17:02:38,+0300,9,Mustika,19,success,"{"total":19,"location_name":"Mustika","location_id":9}"
2026-09-21 17:02:38,+0300,10,Suur-Paala,7,success,"{"total":7,"location_name":"Suur-Paala","location_id":10}"
2026-09-21 17:04:39,+0300,1,Hipodroom,0,success,"{"total":0,"location_name":"Hipodroom","location_id":1}"
2026-09-21 17:04:39,+0300,3,T1,11,success,"{"total":11,"location_name":"T1 Shopping Mall","location_id":3}"
2026-09-21 17:04:39,+0300,9,Mustika,19,success,"{"total":19,"location_name":"Mustika","location_id":9}"
2026-09-21 17:04:39,+0300,10,Suur-Paala,7,success,"{"total":7,"location_name":"Suur-Paala","location_id":10}"
2026-09-21 17:06:39,+0300,1,Hipodroom,0,success,"{"total":0,"location_name":"Hipodroom","location_id":1}"
2026-09-21 17:06:39,+0300,3,T1,16,success,"{"total":16,"location_name":"T1 Shopping Mall","location_id":3}"
2026-09-21 17:06:39,+0300,9,Mustika,22,success,"{"total":22,"location_name":"Mustika","location_id":9}"
2026-09-21 17:06:39,+0300,10,Suur-Paala,7,success,"{"total":7,"location_name":"Suur-Paala","location_id":10}"
2026-09-21 17:08:40,+0300,1,Hipodroom,0,success,"{"total":0,"location_name":"Hipodroom","location_id":1}"
2026-09-21 17:08:40,+0300,3,T1,16,success,"{"total":16,"location_name":"T1 Shopping Mall","location_id":3}"
2026-09-21 17:08:40,+0300,9,Mustika,22,success,"{"total":22,"location_name":"Mustika","location_id":9}"
2026-09-21 17:08:40,+0300,10,Suur-Paala,7,success,"{"total":7,"location_name":"Suur-Paala","location_id":10}"
2026-09-21 17:10:41,+0300,1,Hipodroom,0,success,"{"total":0,"location_name":"Hipodroom","location_id":1}"
2026-09-21 17:10:41,+0300,3,T1,16,success,"{"total":16,"location_name":"T1 Shopping Mall","location_id":3}"
2026-09-21 17:10:41,+0300,9,Mustika,22,success,"{"total":22,"location_name":"Mustika","location_id":9}"
2026-09-21 17:10:41,+0300,10,Suur-Paala,7,success,"{"total":7,"location_name":"Suur-Paala","location_id":10}"
2026-09-21 17:12:42,+0300,1,Hipodroom,0,success,"{"total":0,"location_name":"Hipodroom","location_id":1}"
2026-09-21 17:12:42,+0300,3,T1,19,success,"{"total":19,"location_name":"T1 Shopping Mall","location_id":3}"
2026-09-21 17:12:42,+0300,9,Mustika,24,success,"{"total":24,"location_name":"Mustika","location_id":9}"
2026-09-21 17:12:42,+0300,10,Suur-Paala,8,success,"{"total":8,"location_name":"Suur-Paala","location_id":10}"
2026-09-21 17:14:42,+0300,1,Hipodroom,0,success,"{"total":0,"location_name":"Hipodroom","location_id":1}"
2026-09-21 17:14:42,+0300,3,T1,19,success,"{"total":19,"location_name":"T1 Shopping Mall","location_id":3}"
2026-09-21 17:14:42,+0300,9,Mustika,24,success,"{"total":24,"location_name":"Mustika","location_id":9}"
2026-09-21 17:14:42,+0300,10,Suur-Paala,8,success,"{"total":8,"location_name":"Suur-Paala","location_id":10}"
2026-09-21 17:16:43,+0300,1,Hipodroom,0,success,"{"total":0,"location_name":"Hipodroom","location_id":1}"
2026-09-21 17:16:43,+0300,3,T1,19,success,"{"total":19,"location_name":"T1 Shopping Mall","location_id":3}"
2026-09-21 17:16:43,+0300,9,Mustika,24,success,"{"total":24,"location_name":"Mustika","location_id":9}"
2026-09-21 17:16:43,+0300,10,Suur-Paala,8,success,"{"total":8,"location_name":"Suur-Paala","location_id":10}"
2026-09-21 17:18:43,+0300,1,Hipodroom,0,success,"{"total":0,"location_name":"Hipodroom","location_id":1}"
2026-09-21 17:18:43,+0300,3,T1,22,success,"{"total":22,"location_name":"T1 Shopping Mall","location_id":3}"
2026-09-21 17:18:43,+0300,9,Mustika,26,success,"{"total":26,"location_name":"Mustika","location_id":9}"
2026-09-21 17:18:43,+0300,10,Suur-Paala,8,success,"{"total":8,"location_name":"Suur-Paala","location_id":10}"
2026-09-21 17:20:43,+0300,1,Hipodroom,0,success,"{"total":0,"location_name":"Hipodroom","location_id":1}"
2026-09-21 17:20:43,+0300,3,T1,22,success,"{"total":22,"location_name":"T1 Shopping Mall","location_id":3}"
2026-09-21 17:20:43,+0300,9,Mustika,26,success,"{"total":26,"location_name":"Mustika","location_id":9}"
2026-09-21 17:20:43,+0300,10,Suur-Paala,8,success,"{"total":8,"location_name":"Suur-Paala","location_id":10}"
2026-09-21 17:22:44,+0300,1,Hipodroom,0,success,"{"total":0,"location_name":"Hipodroom","location_id":1}"
2026-09-21 17:22:44,+0300,3,T1,22,success,"{"total":22,"location_name":"T1 Shopping Mall","location_id":3}"
2026-09-21 17:22:44,+0300,9,Mustika,26,success,"{"total":26,"location_name":"Mustika","location_id":9}"
2026-09-21 17:22:44,+0300,10,Suur-Paala,8,success,"{"total":8,"location_name":"Suur-Paala","location_id":10}"
2026-09-21 17:24:45,+0300,1,Hipodroom,0,success,"{"total":0,"location_name":"Hipodroom","location_id":1}"
2026-09-21 17:24:45,+0300,3,T1,24,success,"{"total":24,"location_name":"T1 Shopping Mall","location_id":3}"
2026-09-21 17:24:45,+0300,9,Mustika,29,success,"{"total":29,"location_name":"Mustika","location_id":9}"
2026-09-21 17:24:45,+0300,10,Suur-Paala,8,success,"{"total":8,"location_name":"Suur-Paala","location_id":10}"
2026-09-21 17:26:45,+0300,1,Hipodroom,0,success,"{"total":0,"location_name":"Hipodroom","location_id":1}"
2026-09-21 17:26:45,+0300,3,T1,24,success,"{"total":24,"location_name":"T1 Shopping Mall","location_id":3}"
2026-09-21 17:26:45,+0300,9,Mustika,29,success,"{"total":29,"location_name":"Mustika","location_id":9}"
2026-09-21 17:26:45,+0300,10,Suur-Paala,8,success,"{"total":8,"location_name":"Suur-Paala","location_id":10}"
2026-09-21 17:28:46,+0300,1,Hipodroom,0,success,"{"total":0,"location_name":"Hipodroom","location_id":1}"
2026-09-21 17:28:46,+0300,3,T1,24,success,"{"total":24,"location_name":"T1 Shopping Mall","location_id":3}"
2026-09-21 17:28:46,+0300,9,Mustika,29,success,"{"total":29,"location_name":"Mustika","location_id":9}"
2026-09-21 17:28:46,+0300,10,Suur-Paala,8,success,"{"total":8,"location_name":"Suur-Paala","location_id":10}"
2026-09-21 17:30:46,+0300,1,Hipodroom,0,success,"{"total":0,"location_name":"Hipodroom","location_id":1}"
2026-09-21 17:30:46,+0300,3,T1,25,success,"{"total":25,"location_name":"T1 Shopping Mall","location_id":3}"
2026-09-21 17:30:46,+0300,9,Mustika,36,success,"{"total":36,"location_name":"Mustika","location_id":9}"
2026-09-21 17:30:46,+0300,10,Suur-Paala,9,success,"{"total":9,"location_name":"Suur-Paala","location_id":10}"
2026-09-21 17:32:47,+0300,1,Hipodroom,0,success,"{"total":0,"location_name":"Hipodroom","location_id":1}"
2026-09-21 17:32:47,+0300,3,T1,25,success,"{"total":25,"location_name":"T1 Shopping Mall","location_id":3}"
2026-09-21 17:32:47,+0300,9,Mustika,36,success,"{"total":36,"location_name":"Mustika","location_id":9}"
2026-09-21 17:32:47,+0300,10,Suur-Paala,9,success,"{"total":9,"location_name":"Suur-Paala","location_id":10}"
2026-09-21 17:34:47,+0300,1,Hipodroom,0,success,"{"total":0,"location_name":"Hipodroom","location_id":1}"
2026-09-21 17:34:47,+0300,3,T1,25,success,"{"total":25,"location_name":"T1 Shopping Mall","location_id":3}"
2026-09-21 17:34:47,+0300,9,Mustika,36,success,"{"total":36,"location_name":"Mustika","location_id":9}"
2026-09-21 17:34:47,+0300,10,Suur-Paala,9,success,"{"total":9,"location_name":"Suur-Paala","location_id":10}"
2026-09-21 17:36:48,+0300,1,Hipodroom,0,success,"{"total":0,"location_name":"Hipodroom","location_id":1}"
2026-09-21 17:36:48,+0300,3,T1,27,success,"{"total":27,"location_name":"T1 Shopping Mall","location_id":3}"
2026-09-21 17:36:48,+0300,9,Mustika,38,success,"{"total":38,"location_name":"Mustika","location_id":9}"
2026-09-21 17:36:48,+0300,10,Suur-Paala,12,success,"{"total":12,"location_name":"Suur-Paala","location_id":10}"
2026-09-21 17:38:48,+0300,1,Hipodroom,0,success,"{"total":0,"location_name":"Hipodroom","location_id":1}"
2026-09-21 17:38:48,+0300,3,T1,27,success,"{"total":27,"location_name":"T1 Shopping Mall","location_id":3}"
2026-09-21 17:38:48,+0300,9,Mustika,38,success,"{"total":38,"location_name":"Mustika","location_id":9}"
2026-09-21 17:38:48,+0300,10,Suur-Paala,12,success,"{"total":12,"location_name":"Suur-Paala","location_id":10}"
2026-09-21 17:40:49,+0300,1,Hipodroom,0,success,"{"total":0,"location_name":"Hipodroom","location_id":1}"
2026-09-21 17:40:49,+0300,3,T1,27,success,"{"total":27,"location_name":"T1 Shopping Mall","location_id":3}"
2026-09-21 17:40:49,+0300,9,Mustika,38,success,"{"total":38,"location_name":"Mustika","location_id":9}"
2026-09-21 17:40:49,+0300,10,Suur-Paala,12,success,"{"total":12,"location_name":"Suur-Paala","location_id":10}"
2026-09-21 17:42:49,+0300,1,Hipodroom,0,success,"{"total":0,"location_name":"Hipodroom","location_id":1}"
2026-09-21 17:42:49,+0300,3,T1,28,success,"{"total":28,"location_name":"T1 Shopping Mall","location_id":3}"
2026-09-21 17:42:49,+0300,9,Mustika,42,success,"{"total":42,"location_name":"Mustika","location_id":9}"
2026-09-21 17:42:49,+0300,10,Suur-Paala,13,success,"{"total":13,"location_name":"Suur-Paala","location_id":10}"
2026-09-21 17:44:50,+0300,1,Hipodroom,0,success,"{"total":0,"location_name":"Hipodroom","location_id":1}"
2026-09-21 17:44:50,+0300,3,T1,28,success,"{"total":28,"location_name":"T1 Shopping Mall","location_id":3}"
2026-09-21 17:44:50,+0300,9,Mustika,42,success,"{"total":42,"location_name":"Mustika","location_id":9}"
2026-09-21 17:44:50,+0300,10,Suur-Paala,13,success,"{"total":13,"location_name":"Suur-Paala","location_id":10}"
2026-09-21 17:46:50,+0300,1,Hipodroom,0,success,"{"total":0,"location_name":"Hipodroom","location_id":1}"
2026-09-21 17:46:50,+0300,3,T1,28,success,"{"total":28,"location_name":"T1 Shopping Mall","location_id":3}"
2026-09-21 17:46:50,+0300,9,Mustika,42,success,"{"total":42,"location_name":"Mustika","location_id":9}"
2026-09-21 17:46:50,+0300,10,Suur-Paala,13,success,"{"total":13,"location_name":"Suur-Paala","location_id":10}"
2026-09-21 17:48:51,+0300,1,Hipodroom,0,success,"{"total":0,"location_name":"Hipodroom","location_id":1}"
2026-09-21 17:48:51,+0300,3,T1,29,success,"{"total":29,"location_name":"T1 Shopping Mall","location_id":3}"
2026-09-21 17:48:51,+0300,9,Mustika,44,success,"{"total":44,"location_name":"Mustika","location_id":9}"
2026-09-21 17:48:51,+0300,10,Suur-Paala,14,success,"{"total":14,"location_name":"Suur-Paala","location_id":10}"
2026-09-21 17:50:51,+0300,1,Hipodroom,0,success,"{"total":0,"location_name":"Hipodroom","location_id":1}"
2026-09-21 17:50:51,+0300,3,T1,29,success,"{"total":29,"location_name":"T1 Shopping Mall","location_id":3}"
2026-09-21 17:50:51,+0300,9,Mustika,44,success,"{"total":44,"location_name":"Mustika","location_id":9}"
2026-09-21 17:50:51,+0300,10,Suur-Paala,14,success,"{"total":14,"location_name":"Suur-Paala","location_id":10}"
2026-09-21 17:52:52,+0300,1,Hipodroom,0,success,"{"total":0,"location_name":"Hipodroom","location_id":1}"
2026-09-21 17:52:52,+0300,3,T1,29,success,"{"total":29,"location_name":"T1 Shopping Mall","location_id":3}"
2026-09-21 17:52:52,+0300,9,Mustika,44,success,"{"total":44,"location_name":"Mustika","location_id":9}"
2026-09-21 17:52:52,+0300,10,Suur-Paala,14,success,"{"total":14,"location_name":"Suur-Paala","location_id":10}"
2026-09-21 17:54:54,+0300,1,Hipodroom,1,success,"{"total":1,"location_name":"Hipodroom","location_id":1}"
2026-09-21 17:54:54,+0300,3,T1,30,success,"{"total":30,"location_name":"T1 Shopping Mall","location_id":3}"
2026-09-21 17:54:54,+0300,9,Mustika,47,success,"{"total":47,"location_name":"Mustika","location_id":9}"
2026-09-21 17:54:54,+0300,10,Suur-Paala,14,success,"{"total":14,"location_name":"Suur-Paala","location_id":10}"
2026-09-21 17:56:54,+0300,1,Hipodroom,1,success,"{"total":1,"location_name":"Hipodroom","location_id":1}"
2026-09-21 17:56:54,+0300,3,T1,30,success,"{"total":30,"location_name":"T1 Shopping Mall","location_id":3}"
2026-09-21 17:56:54,+0300,9,Mustika,47,success,"{"total":47,"location_name":"Mustika","location_id":9}"
2026-09-21 17:56:54,+0300,10,Suur-Paala,14,success,"{"total":14,"location_name":"Suur-Paala","location_id":10}"
2026-09-21 17:58:55,+0300,1,Hipodroom,1,success,"{"total":1,"location_name":"Hipodroom","location_id":1}"
2026-09-21 17:58:55,+0300,3,T1,30,success,"{"total":30,"location_name":"T1 Shopping Mall","location_id":3}"
2026-09-21 17:58:55,+0300,9,Mustika,47,success,"{"total":47,"location_name":"Mustika","location_id":9}"
2026-09-21 17:58:55,+0300,10,Suur-Paala,14,success,"{"total":14,"location_name":"Suur-Paala","location_id":10}"
2026-09-21 18:00:55,+0300,1,Hipodroom,1,success,"{"total":1,"location_name":"Hipodroom","location_id":1}"
2026-09-21 18:00:55,+0300,3,T1,33,success,"{"total":33,"location_name":"T1 Shopping Mall","location_id":3}"
2026-09-21 18:00:55,+0300,9,Mustika,47,success,"{"total":47,"location_name":"Mustika","location_id":9}"
2026-09-21 18:00:55,+0300,10,Suur-Paala,15,success,"{"total":15,"location_name":"Suur-Paala","location_id":10}"
2026-09-21 18:02:56,+0300,1,Hipodroom,1,success,"{"total":1,"location_name":"Hipodroom","location_id":1}"
2026-09-21 18:02:56,+0300,3,T1,33,success,"{"total":33,"location_name":"T1 Shopping Mall","location_id":3}"
2026-09-21 18:02:56,+0300,9,Mustika,47,success,"{"total":47,"location_name":"Mustika","location_id":9}"
2026-09-21 18:02:56,+0300,10,Suur-Paala,15,success,"{"total":15,"location_name":"Suur-Paala","location_id":10}"
2026-09-21 18:04:56,+0300,1,Hipodroom,1,success,"{"total":1,"location_name":"Hipodroom","location_id":1}"
2026-09-21 18:04:56,+0300,3,T1,33,success,"{"total":33,"location_name":"T1 Shopping Mall","location_id":3}"
2026-09-21 18:04:56,+0300,9,Mustika,47,success,"{"total":47,"location_name":"Mustika","location_id":9}"
2026-09-21 18:04:56,+0300,10,Suur-Paala,15,success,"{"total":15,"location_name":"Suur-Paala","location_id":10}"
2026-09-21 18:06:57,+0300,1,Hipodroom,1,success,"{"total":1,"location_name":"Hipodroom","location_id":1}"
2026-09-21 18:06:57,+0300,3,T1,34,success,"{"total":34,"location_name":"T1 Shopping Mall","location_id":3}"
2026-09-21 18:06:57,+0300,9,Mustika,48,success,"{"total":48,"location_name":"Mustika","location_id":9}"
2026-09-21 18:06:57,+0300,10,Suur-Paala,16,success,"{"total":16,"location_name":"Suur-Paala","location_id":10}"
2026-09-21 18:08:58,+0300,1,Hipodroom,1,success,"{"total":1,"location_name":"Hipodroom","location_id":1}"
2026-09-21 18:08:58,+0300,3,T1,34,success,"{"total":34,"location_name":"T1 Shopping Mall","location_id":3}"
2026-09-21 18:08:58,+0300,9,Mustika,48,success,"{"total":48,"location_name":"Mustika","location_id":9}"
2026-09-21 18:08:58,+0300,10,Suur-Paala,16,success,"{"total":16,"location_name":"Suur-Paala","location_id":10}"
2026-09-21 18:10:58,+0300,1,Hipodroom,1,success,"{"total":1,"location_name":"Hipodroom","location_id":1}"
2026-09-21 18:10:58,+0300,3,T1,34,success,"{"total":34,"location_name":"T1 Shopping Mall","location_id":3}"
2026-09-21 18:10:58,+0300,9,Mustika,48,success,"{"total":48,"location_name":"Mustika","location_id":9}"
2026-09-21 18:10:58,+0300,10,Suur-Paala,16,success,"{"total":16,"location_name":"Suur-Paala","location_id":10}"
2026-09-21 18:12:58,+0300,1,Hipodroom,1,success,"{"total":1,"location_name":"Hipodroom","location_id":1}"
2026-09-21 18:12:58,+0300,3,T1,36,success,"{"total":36,"location_name":"T1 Shopping Mall","location_id":3}"
2026-09-21 18:12:58,+0300,9,Mustika,49,success,"{"total":49,"location_name":"Mustika","location_id":9}"
2026-09-21 18:12:58,+0300,10,Suur-Paala,16,success,"{"total":16,"location_name":"Suur-Paala","location_id":10}"
2026-09-21 18:14:59,+0300,1,Hipodroom,1,success,"{"total":1,"location_name":"Hipodroom","location_id":1}"
2026-09-21 18:14:59,+0300,3,T1,36,success,"{"total":36,"location_name":"T1 Shopping Mall","location_id":3}"
2026-09-21 18:14:59,+0300,9,Mustika,49,success,"{"total":49,"location_name":"Mustika","location_id":9}"
2026-09-21 18:14:59,+0300,10,Suur-Paala,16,success,"{"total":16,"location_name":"Suur-Paala","location_id":10}"
2026-09-21 18:16:59,+0300,1,Hipodroom,1,success,"{"total":1,"location_name":"Hipodroom","location_id":1}"
2026-09-21 18:16:59,+0300,3,T1,36,success,"{"total":36,"location_name":"T1 Shopping Mall","location_id":3}"
2026-09-21 18:16:59,+0300,9,Mustika,49,success,"{"total":49,"location_name":"Mustika","location_id":9}"
2026-09-21 18:16:59,+0300,10,Suur-Paala,16,success,"{"total":16,"location_name":"Suur-Paala","location_id":10}"
2026-09-21 18:19:00,+0300,1,Hipodroom,1,success,"{"total":1,"location_name":"Hipodroom","location_id":1}"
2026-09-21 18:19:00,+0300,3,T1,38,success,"{"total":38,"location_name":"T1 Shopping Mall","location_id":3}"
2026-09-21 18:19:00,+0300,9,Mustika,49,success,"{"total":49,"location_name":"Mustika","location_id":9}"
2026-09-21 18:19:00,+0300,10,Suur-Paala,19,success,"{"total":19,"location_name":"Suur-Paala","location_id":10}"
2026-09-21 18:21:01,+0300,1,Hipodroom,1,success,"{"total":1,"location_name":"Hipodroom","location_id":1}"
2026-09-21 18:21:01,+0300,3,T1,38,success,"{"total":38,"location_name":"T1 Shopping Mall","location_id":3}"
2026-09-21 18:21:01,+0300,9,Mustika,49,success,"{"total":49,"location_name":"Mustika","location_id":9}"
2026-09-21 18:21:01,+0300,10,Suur-Paala,19,success,"{"total":19,"location_name":"Suur-Paala","location_id":10}"
2026-09-21 18:23:01,+0300,1,Hipodroom,1,success,"{"total":1,"location_name":"Hipodroom","location_id":1}"
2026-09-21 18:23:01,+0300,3,T1,38,success,"{"total":38,"location_name":"T1 Shopping Mall","location_id":3}"
2026-09-21 18:23:01,+0300,9,Mustika,49,success,"{"total":49,"location_name":"Mustika","location_id":9}"
2026-09-21 18:23:01,+0300,10,Suur-Paala,19,success,"{"total":19,"location_name":"Suur-Paala","location_id":10}"
2026-09-21 18:25:02,+0300,1,Hipodroom,1,success,"{"total":1,"location_name":"Hipodroom","location_id":1}"
2026-09-21 18:25:02,+0300,3,T1,40,success,"{"total":40,"location_name":"T1 Shopping Mall","location_id":3}"
2026-09-21 18:25:02,+0300,9,Mustika,52,success,"{"total":52,"location_name":"Mustika","location_id":9}"
2026-09-21 18:25:02,+0300,10,Suur-Paala,19,success,"{"total":19,"location_name":"Suur-Paala","location_id":10}"
2026-09-21 18:27:03,+0300,1,Hipodroom,1,success,"{"total":1,"location_name":"Hipodroom","location_id":1}"
2026-09-21 18:27:03,+0300,3,T1,40,success,"{"total":40,"location_name":"T1 Shopping Mall","location_id":3}"
2026-09-21 18:27:03,+0300,9,Mustika,52,success,"{"total":52,"location_name":"Mustika","location_id":9}"
2026-09-21 18:27:03,+0300,10,Suur-Paala,19,success,"{"total":19,"location_name":"Suur-Paala","location_id":10}"
2026-09-21 18:29:03,+0300,1,Hipodroom,1,success,"{"total":1,"location_name":"Hipodroom","location_id":1}"
2026-09-21 18:29:03,+0300,3,T1,40,success,"{"total":40,"location_name":"T1 Shopping Mall","location_id":3}"
2026-09-21 18:29:03,+0300,9,Mustika,52,success,"{"total":52,"location_name":"Mustika","location_id":9}"
2026-09-21 18:29:03,+0300,10,Suur-Paala,19,success,"{"total":19,"location_name":"Suur-Paala","location_id":10}"
2026-09-21 18:31:04,+0300,1,Hipodroom,1,success,"{"total":1,"location_name":"Hipodroom","location_id":1}"
2026-09-21 18:31:04,+0300,3,T1,41,success,"{"total":41,"location_name":"T1 Shopping Mall","location_id":3}"
2026-09-21 18:31:04,+0300,9,Mustika,51,success,"{"total":51,"location_name":"Mustika","location_id":9}"
2026-09-21 18:31:04,+0300,10,Suur-Paala,21,success,"{"total":21,"location_name":"Suur-Paala","location_id":10}"
2026-09-21 18:33:05,+0300,1,Hipodroom,1,success,"{"total":1,"location_name":"Hipodroom","location_id":1}"
2026-09-21 18:33:05,+0300,3,T1,41,success,"{"total":41,"location_name":"T1 Shopping Mall","location_id":3}"
2026-09-21 18:33:05,+0300,9,Mustika,51,success,"{"total":51,"location_name":"Mustika","location_id":9}"
2026-09-21 18:33:05,+0300,10,Suur-Paala,21,success,"{"total":21,"location_name":"Suur-Paala","location_id":10}"
2026-09-21 18:35:05,+0300,1,Hipodroom,1,success,"{"total":1,"location_name":"Hipodroom","location_id":1}"
2026-09-21 18:35:05,+0300,3,T1,41,success,"{"total":41,"location_name":"T1 Shopping Mall","location_id":3}"
2026-09-21 18:35:05,+0300,9,Mustika,51,success,"{"total":51,"location_name":"Mustika","location_id":9}"
2026-09-21 18:35:05,+0300,10,Suur-Paala,21,success,"{"total":21,"location_name":"Suur-Paala","location_id":10}"
2026-09-21 18:37:06,+0300,1,Hipodroom,1,success,"{"total":1,"location_name":"Hipodroom","location_id":1}"
2026-09-21 18:37:06,+0300,3,T1,41,success,"{"total":41,"location_name":"T1 Shopping Mall","location_id":3}"
2026-09-21 18:37:06,+0300,9,Mustika,51,success,"{"total":51,"location_name":"Mustika","location_id":9}"
2026-09-21 18:37:06,+0300,10,Suur-Paala,21,success,"{"total":21,"location_name":"Suur-Paala","location_id":10}"
2026-09-21 18:39:06,+0300,1,Hipodroom,1,success,"{"total":1,"location_name":"Hipodroom","location_id":1}"
2026-09-21 18:39:06,+0300,3,T1,41,success,"{"total":41,"location_name":"T1 Shopping Mall","location_id":3}"
2026-09-21 18:39:06,+0300,9,Mustika,51,success,"{"total":51,"location_name":"Mustika","location_id":9}"
2026-09-21 18:39:06,+0300,10,Suur-Paala,21,success,"{"total":21,"location_name":"Suur-Paala","location_id":10}"
2026-09-21 18:41:07,+0300,1,Hipodroom,1,success,"{"total":1,"location_name":"Hipodroom","location_id":1}"
2026-09-21 18:41:07,+0300,3,T1,41,success,"{"total":41,"location_name":"T1 Shopping Mall","location_id":3}"
2026-09-21 18:41:07,+0300,9,Mustika,51,success,"{"total":51,"location_name":"Mustika","location_id":9}"
2026-09-21 18:41:07,+0300,10,Suur-Paala,21,success,"{"total":21,"location_name":"Suur-Paala","location_id":10}"
2026-09-21 18:43:07,+0300,1,Hipodroom,1,success,"{"total":1,"location_name":"Hipodroom","location_id":1}"
2026-09-21 18:43:07,+0300,3,T1,43,success,"{"total":43,"location_name":"T1 Shopping Mall","location_id":3}"
2026-09-21 18:43:07,+0300,9,Mustika,51,success,"{"total":51,"location_name":"Mustika","location_id":9}"
2026-09-21 18:43:07,+0300,10,Suur-Paala,22,success,"{"total":22,"location_name":"Suur-Paala","location_id":10}"
2026-09-21 18:45:08,+0300,1,Hipodroom,1,success,"{"total":1,"location_name":"Hipodroom","location_id":1}"
2026-09-21 18:45:08,+0300,3,T1,43,success,"{"total":43,"location_name":"T1 Shopping Mall","location_id":3}"
2026-09-21 18:45:08,+0300,9,Mustika,51,success,"{"total":51,"location_name":"Mustika","location_id":9}"
2026-09-21 18:45:08,+0300,10,Suur-Paala,22,success,"{"total":22,"location_name":"Suur-Paala","location_id":10}"
2026-09-21 18:47:09,+0300,1,Hipodroom,1,success,"{"total":1,"location_name":"Hipodroom","location_id":1}"
2026-09-21 18:47:09,+0300,3,T1,43,success,"{"total":43,"location_name":"T1 Shopping Mall","location_id":3}"
2026-09-21 18:47:09,+0300,9,Mustika,51,success,"{"total":51,"location_name":"Mustika","location_id":9}"
2026-09-21 18:47:09,+0300,10,Suur-Paala,22,success,"{"total":22,"location_name":"Suur-Paala","location_id":10}"
2026-09-21 18:49:10,+0300,1,Hipodroom,1,success,"{"total":1,"location_name":"Hipodroom","location_id":1}"
2026-09-21 18:49:10,+0300,3,T1,44,success,"{"total":44,"location_name":"T1 Shopping Mall","location_id":3}"
2026-09-21 18:49:10,+0300,9,Mustika,52,success,"{"total":52,"location_name":"Mustika","location_id":9}"
2026-09-21 18:49:10,+0300,10,Suur-Paala,22,success,"{"total":22,"location_name":"Suur-Paala","location_id":10}"
2026-09-21 18:51:11,+0300,1,Hipodroom,1,success,"{"total":1,"location_name":"Hipodroom","location_id":1}"
2026-09-21 18:51:11,+0300,3,T1,44,success,"{"total":44,"location_name":"T1 Shopping Mall","location_id":3}"
2026-09-21 18:51:11,+0300,9,Mustika,52,success,"{"total":52,"location_name":"Mustika","location_id":9}"
2026-09-21 18:51:11,+0300,10,Suur-Paala,22,success,"{"total":22,"location_name":"Suur-Paala","location_id":10}"
2026-09-21 18:53:11,+0300,1,Hipodroom,1,success,"{"total":1,"location_name":"Hipodroom","location_id":1}"
2026-09-21 18:53:11,+0300,3,T1,44,success,"{"total":44,"location_name":"T1 Shopping Mall","location_id":3}"
2026-09-21 18:53:11,+0300,9,Mustika,52,success,"{"total":52,"location_name":"Mustika","location_id":9}"
2026-09-21 18:53:11,+0300,10,Suur-Paala,22,success,"{"total":22,"location_name":"Suur-Paala","location_id":10}"
2026-09-21 18:55:12,+0300,1,Hipodroom,1,success,"{"total":1,"location_name":"Hipodroom","location_id":1}"
2026-09-21 18:55:12,+0300,3,T1,44,success,"{"total":44,"location_name":"T1 Shopping Mall","location_id":3}"
2026-09-21 18:55:12,+0300,9,Mustika,55,success,"{"total":55,"location_name":"Mustika","location_id":9}"
2026-09-21 18:55:12,+0300,10,Suur-Paala,21,success,"{"total":21,"location_name":"Suur-Paala","location_id":10}"
2026-09-21 18:57:12,+0300,1,Hipodroom,1,success,"{"total":1,"location_name":"Hipodroom","location_id":1}"
2026-09-21 18:57:12,+0300,3,T1,44,success,"{"total":44,"location_name":"T1 Shopping Mall","location_id":3}"
2026-09-21 18:57:12,+0300,9,Mustika,55,success,"{"total":55,"location_name":"Mustika","location_id":9}"
2026-09-21 18:57:12,+0300,10,Suur-Paala,21,success,"{"total":21,"location_name":"Suur-Paala","location_id":10}"
2026-09-21 18:59:13,+0300,1,Hipodroom,1,success,"{"total":1,"location_name":"Hipodroom","location_id":1}"
2026-09-21 18:59:13,+0300,3,T1,44,success,"{"total":44,"location_name":"T1 Shopping Mall","location_id":3}"
2026-09-21 18:59:13,+0300,9,Mustika,55,success,"{"total":55,"location_name":"Mustika","location_id":9}"
2026-09-21 18:59:13,+0300,10,Suur-Paala,21,success,"{"total":21,"location_name":"Suur-Paala","location_id":10}"
2026-09-21 19:01:13,+0300,1,Hipodroom,1,success,"{"total":1,"location_name":"Hipodroom","location_id":1}"
2026-09-21 19:01:13,+0300,3,T1,47,success,"{"total":47,"location_name":"T1 Shopping Mall","location_id":3}"
2026-09-21 19:01:13,+0300,9,Mustika,54,success,"{"total":54,"location_name":"Mustika","location_id":9}"
2026-09-21 19:01:13,+0300,10,Suur-Paala,19,success,"{"total":19,"location_name":"Suur-Paala","location_id":10}"
2026-09-21 19:03:14,+0300,1,Hipodroom,1,success,"{"total":1,"location_name":"Hipodroom","location_id":1}"
2026-09-21 19:03:14,+0300,3,T1,47,success,"{"total":47,"location_name":"T1 Shopping Mall","location_id":3}"
2026-09-21 19:03:14,+0300,9,Mustika,54,success,"{"total":54,"location_name":"Mustika","location_id":9}"
2026-09-21 19:03:14,+0300,10,Suur-Paala,19,success,"{"total":19,"location_name":"Suur-Paala","location_id":10}"
2026-09-21 19:05:15,+0300,1,Hipodroom,1,success,"{"total":1,"location_name":"Hipodroom","location_id":1}"
2026-09-21 19:05:15,+0300,3,T1,47,success,"{"total":47,"location_name":"T1 Shopping Mall","location_id":3}"
2026-09-21 19:05:15,+0300,9,Mustika,54,success,"{"total":54,"location_name":"Mustika","location_id":9}"
2026-09-21 19:05:15,+0300,10,Suur-Paala,19,success,"{"total":19,"location_name":"Suur-Paala","location_id":10}"
2026-09-21 19:07:16,+0300,1,Hipodroom,1,success,"{"total":1,"location_name":"Hipodroom","location_id":1}"
2026-09-21 19:07:16,+0300,3,T1,49,success,"{"total":49,"location_name":"T1 Shopping Mall","location_id":3}"
2026-09-21 19:07:16,+0300,9,Mustika,53,success,"{"total":53,"location_name":"Mustika","location_id":9}"
2026-09-21 19:07:16,+0300,10,Suur-Paala,19,success,"{"total":19,"location_name":"Suur-Paala","location_id":10}"
2026-09-21 19:09:17,+0300,1,Hipodroom,1,success,"{"total":1,"location_name":"Hipodroom","location_id":1}"
2026-09-21 19:09:17,+0300,3,T1,49,success,"{"total":49,"location_name":"T1 Shopping Mall","location_id":3}"
2026-09-21 19:09:17,+0300,9,Mustika,53,success,"{"total":53,"location_name":"Mustika","location_id":9}"
2026-09-21 19:09:17,+0300,10,Suur-Paala,19,success,"{"total":19,"location_name":"Suur-Paala","location_id":10}"
2026-09-21 19:11:18,+0300,1,Hipodroom,1,success,"{"total":1,"location_name":"Hipodroom","location_id":1}"
2026-09-21 19:11:18,+0300,3,T1,49,success,"{"total":49,"location_name":"T1 Shopping Mall","location_id":3}"
2026-09-21 19:11:18,+0300,9,Mustika,53,success,"{"total":53,"location_name":"Mustika","location_id":9}"
2026-09-21 19:11:18,+0300,10,Suur-Paala,19,success,"{"total":19,"location_name":"Suur-Paala","location_id":10}"
2026-09-21 19:13:19,+0300,1,Hipodroom,1,success,"{"total":1,"location_name":"Hipodroom","location_id":1}"
2026-09-21 19:13:19,+0300,3,T1,49,success,"{"total":49,"location_name":"T1 Shopping Mall","location_id":3}"
2026-09-21 19:13:19,+0300,9,Mustika,54,success,"{"total":54,"location_name":"Mustika","location_id":9}"
2026-09-21 19:13:19,+0300,10,Suur-Paala,20,success,"{"total":20,"location_name":"Suur-Paala","location_id":10}"
2026-09-21 19:15:19,+0300,1,Hipodroom,1,success,"{"total":1,"location_name":"Hipodroom","location_id":1}"
2026-09-21 19:15:19,+0300,3,T1,49,success,"{"total":49,"location_name":"T1 Shopping Mall","location_id":3}"
2026-09-21 19:15:19,+0300,9,Mustika,54,success,"{"total":54,"location_name":"Mustika","location_id":9}"
2026-09-21 19:15:19,+0300,10,Suur-Paala,20,success,"{"total":20,"location_name":"Suur-Paala","location_id":10}"
2026-09-21 19:17:20,+0300,1,Hipodroom,1,success,"{"total":1,"location_name":"Hipodroom","location_id":1}"
2026-09-21 19:17:20,+0300,3,T1,49,success,"{"total":49,"location_name":"T1 Shopping Mall","location_id":3}"
2026-09-21 19:17:20,+0300,9,Mustika,54,success,"{"total":54,"location_name":"Mustika","location_id":9}"
2026-09-21 19:17:20,+0300,10,Suur-Paala,20,success,"{"total":20,"location_name":"Suur-Paala","location_id":10}"
2026-09-21 19:19:20,+0300,1,Hipodroom,1,success,"{"total":1,"location_name":"Hipodroom","location_id":1}"
2026-09-21 19:19:20,+0300,3,T1,54,success,"{"total":54,"location_name":"T1 Shopping Mall","location_id":3}"
2026-09-21 19:19:20,+0300,9,Mustika,53,success,"{"total":53,"location_name":"Mustika","location_id":9}"
2026-09-21 19:19:20,+0300,10,Suur-Paala,23,success,"{"total":23,"location_name":"Suur-Paala","location_id":10}"
2026-09-21 19:21:21,+0300,1,Hipodroom,1,success,"{"total":1,"location_name":"Hipodroom","location_id":1}"
2026-09-21 19:21:21,+0300,3,T1,54,success,"{"total":54,"location_name":"T1 Shopping Mall","location_id":3}"
2026-09-21 19:21:21,+0300,9,Mustika,53,success,"{"total":53,"location_name":"Mustika","location_id":9}"
2026-09-21 19:21:21,+0300,10,Suur-Paala,23,success,"{"total":23,"location_name":"Suur-Paala","location_id":10}"
2026-09-21 19:23:21,+0300,1,Hipodroom,1,success,"{"total":1,"location_name":"Hipodroom","location_id":1}"
2026-09-21 19:23:21,+0300,3,T1,54,success,"{"total":54,"location_name":"T1 Shopping Mall","location_id":3}"
2026-09-21 19:23:21,+0300,9,Mustika,53,success,"{"total":53,"location_name":"Mustika","location_id":9}"
2026-09-21 19:23:21,+0300,10,Suur-Paala,23,success,"{"total":23,"location_name":"Suur-Paala","location_id":10}"
2026-09-21 19:25:22,+0300,1,Hipodroom,1,success,"{"total":1,"location_name":"Hipodroom","location_id":1}"
2026-09-21 19:25:22,+0300,3,T1,54,success,"{"total":54,"location_name":"T1 Shopping Mall","location_id":3}"
2026-09-21 19:25:22,+0300,9,Mustika,56,success,"{"total":56,"location_name":"Mustika","location_id":9}"
2026-09-21 19:25:22,+0300,10,Suur-Paala,23,success,"{"total":23,"location_name":"Suur-Paala","location_id":10}"
2026-09-21 19:27:22,+0300,1,Hipodroom,1,success,"{"total":1,"location_name":"Hipodroom","location_id":1}"
2026-09-21 19:27:22,+0300,3,T1,54,success,"{"total":54,"location_name":"T1 Shopping Mall","location_id":3}"
2026-09-21 19:27:22,+0300,9,Mustika,56,success,"{"total":56,"location_name":"Mustika","location_id":9}"
2026-09-21 19:27:22,+0300,10,Suur-Paala,23,success,"{"total":23,"location_name":"Suur-Paala","location_id":10}"
2026-09-21 19:29:23,+0300,1,Hipodroom,1,success,"{"total":1,"location_name":"Hipodroom","location_id":1}"
2026-09-21 19:29:23,+0300,3,T1,54,success,"{"total":54,"location_name":"T1 Shopping Mall","location_id":3}"
2026-09-21 19:29:23,+0300,9,Mustika,56,success,"{"total":56,"location_name":"Mustika","location_id":9}"
2026-09-21 19:29:23,+0300,10,Suur-Paala,23,success,"{"total":23,"location_name":"Suur-Paala","location_id":10}"
2026-09-21 19:31:23,+0300,1,Hipodroom,1,success,"{"total":1,"location_name":"Hipodroom","location_id":1}"
2026-09-21 19:31:23,+0300,3,T1,53,success,"{"total":53,"location_name":"T1 Shopping Mall","location_id":3}"
2026-09-21 19:31:23,+0300,9,Mustika,56,success,"{"total":56,"location_name":"Mustika","location_id":9}"
2026-09-21 19:31:23,+0300,10,Suur-Paala,22,success,"{"total":22,"location_name":"Suur-Paala","location_id":10}"
2026-09-21 19:33:24,+0300,1,Hipodroom,1,success,"{"total":1,"location_name":"Hipodroom","location_id":1}"
2026-09-21 19:33:24,+0300,3,T1,53,success,"{"total":53,"location_name":"T1 Shopping Mall","location_id":3}"
2026-09-21 19:33:24,+0300,9,Mustika,56,success,"{"total":56,"location_name":"Mustika","location_id":9}"
2026-09-21 19:33:24,+0300,10,Suur-Paala,22,success,"{"total":22,"location_name":"Suur-Paala","location_id":10}"
2026-09-21 19:35:25,+0300,1,Hipodroom,1,success,"{"total":1,"location_name":"Hipodroom","location_id":1}"
2026-09-21 19:35:25,+0300,3,T1,53,success,"{"total":53,"location_name":"T1 Shopping Mall","location_id":3}"
2026-09-21 19:35:25,+0300,9,Mustika,56,success,"{"total":56,"location_name":"Mustika","location_id":9}"
2026-09-21 19:35:25,+0300,10,Suur-Paala,22,success,"{"total":22,"location_name":"Suur-Paala","location_id":10}"
2026-09-21 19:37:25,+0300,1,Hipodroom,1,success,"{"total":1,"location_name":"Hipodroom","location_id":1}"
2026-09-21 19:37:25,+0300,3,T1,55,success,"{"total":55,"location_name":"T1 Shopping Mall","location_id":3}"
2026-09-21 19:37:25,+0300,9,Mustika,57,success,"{"total":57,"location_name":"Mustika","location_id":9}"
2026-09-21 19:37:25,+0300,10,Suur-Paala,22,success,"{"total":22,"location_name":"Suur-Paala","location_id":10}"
2026-09-21 19:39:26,+0300,1,Hipodroom,1,success,"{"total":1,"location_name":"Hipodroom","location_id":1}"
2026-09-21 19:39:26,+0300,3,T1,55,success,"{"total":55,"location_name":"T1 Shopping Mall","location_id":3}"
2026-09-21 19:39:26,+0300,9,Mustika,57,success,"{"total":57,"location_name":"Mustika","location_id":9}"
2026-09-21 19:39:26,+0300,10,Suur-Paala,22,success,"{"total":22,"location_name":"Suur-Paala","location_id":10}"
2026-09-21 19:41:26,+0300,1,Hipodroom,1,success,"{"total":1,"location_name":"Hipodroom","location_id":1}"
2026-09-21 19:41:26,+0300,3,T1,55,success,"{"total":55,"location_name":"T1 Shopping Mall","location_id":3}"
2026-09-21 19:41:26,+0300,9,Mustika,57,success,"{"total":57,"location_name":"Mustika","location_id":9}"
2026-09-21 19:41:26,+0300,10,Suur-Paala,22,success,"{"total":22,"location_name":"Suur-Paala","location_id":10}"
2026-09-21 19:43:27,+0300,1,Hipodroom,1,success,"{"total":1,"location_name":"Hipodroom","location_id":1}"
2026-09-21 19:43:27,+0300,3,T1,55,success,"{"total":55,"location_name":"T1 Shopping Mall","location_id":3}"
2026-09-21 19:43:27,+0300,9,Mustika,56,success,"{"total":56,"location_name":"Mustika","location_id":9}"
2026-09-21 19:43:27,+0300,10,Suur-Paala,22,success,"{"total":22,"location_name":"Suur-Paala","location_id":10}"
2026-09-21 19:45:27,+0300,1,Hipodroom,1,success,"{"total":1,"location_name":"Hipodroom","location_id":1}"
2026-09-21 19:45:27,+0300,3,T1,55,success,"{"total":55,"location_name":"T1 Shopping Mall","location_id":3}"
2026-09-21 19:45:27,+0300,9,Mustika,56,success,"{"total":56,"location_name":"Mustika","location_id":9}"
2026-09-21 19:45:27,+0300,10,Suur-Paala,22,success,"{"total":22,"location_name":"Suur-Paala","location_id":10}"
2026-09-21 19:47:28,+0300,1,Hipodroom,1,success,"{"total":1,"location_name":"Hipodroom","location_id":1}"
2026-09-21 19:47:28,+0300,3,T1,55,success,"{"total":55,"location_name":"T1 Shopping Mall","location_id":3}"
2026-09-21 19:47:28,+0300,9,Mustika,56,success,"{"total":56,"location_name":"Mustika","location_id":9}"
2026-09-21 19:47:28,+0300,10,Suur-Paala,22,success,"{"total":22,"location_name":"Suur-Paala","location_id":10}"
2026-09-21 19:49:29,+0300,1,Hipodroom,1,success,"{"total":1,"location_name":"Hipodroom","location_id":1}"
2026-09-21 19:49:29,+0300,3,T1,58,success,"{"total":58,"location_name":"T1 Shopping Mall","location_id":3}"
2026-09-21 19:49:29,+0300,9,Mustika,56,success,"{"total":56,"location_name":"Mustika","location_id":9}"
2026-09-21 19:49:29,+0300,10,Suur-Paala,22,success,"{"total":22,"location_name":"Suur-Paala","location_id":10}"
2026-09-21 19:51:29,+0300,1,Hipodroom,1,success,"{"total":1,"location_name":"Hipodroom","location_id":1}"
2026-09-21 19:51:29,+0300,3,T1,58,success,"{"total":58,"location_name":"T1 Shopping Mall","location_id":3}"
2026-09-21 19:51:29,+0300,9,Mustika,56,success,"{"total":56,"location_name":"Mustika","location_id":9}"
2026-09-21 19:51:29,+0300,10,Suur-Paala,22,success,"{"total":22,"location_name":"Suur-Paala","location_id":10}"
2026-09-21 19:53:30,+0300,1,Hipodroom,1,success,"{"total":1,"location_name":"Hipodroom","location_id":1}"
2026-09-21 19:53:30,+0300,3,T1,58,success,"{"total":58,"location_name":"T1 Shopping Mall","location_id":3}"
2026-09-21 19:53:30,+0300,9,Mustika,56,success,"{"total":56,"location_name":"Mustika","location_id":9}"
2026-09-21 19:53:30,+0300,10,Suur-Paala,22,success,"{"total":22,"location_name":"Suur-Paala","location_id":10}"
2026-09-21 19:55:30,+0300,1,Hipodroom,1,success,"{"total":1,"location_name":"Hipodroom","location_id":1}"
2026-09-21 19:55:30,+0300,3,T1,55,success,"{"total":55,"location_name":"T1 Shopping Mall","location_id":3}"
2026-09-21 19:55:30,+0300,9,Mustika,51,success,"{"total":51,"location_name":"Mustika","location_id":9}"
2026-09-21 19:55:30,+0300,10,Suur-Paala,23,success,"{"total":23,"location_name":"Suur-Paala","location_id":10}"
2026-09-21 19:57:31,+0300,1,Hipodroom,1,success,"{"total":1,"location_name":"Hipodroom","location_id":1}"
2026-09-21 19:57:31,+0300,3,T1,55,success,"{"total":55,"location_name":"T1 Shopping Mall","location_id":3}"
2026-09-21 19:57:31,+0300,9,Mustika,51,success,"{"total":51,"location_name":"Mustika","location_id":9}"
2026-09-21 19:57:31,+0300,10,Suur-Paala,23,success,"{"total":23,"location_name":"Suur-Paala","location_id":10}"
2026-09-21 19:59:32,+0300,1,Hipodroom,1,success,"{"total":1,"location_name":"Hipodroom","location_id":1}"
2026-09-21 19:59:32,+0300,3,T1,55,success,"{"total":55,"location_name":"T1 Shopping Mall","location_id":3}"
2026-09-21 19:59:32,+0300,9,Mustika,51,success,"{"total":51,"location_name":"Mustika","location_id":9}"
2026-09-21 19:59:32,+0300,10,Suur-Paala,23,success,"{"total":23,"location_name":"Suur-Paala","location_id":10}"
2026-09-21 20:01:33,+0300,1,Hipodroom,1,success,"{"total":1,"location_name":"Hipodroom","location_id":1}"
2026-09-21 20:01:33,+0300,3,T1,51,success,"{"total":51,"location_name":"T1 Shopping Mall","location_id":3}"
2026-09-21 20:01:33,+0300,9,Mustika,50,success,"{"total":50,"location_name":"Mustika","location_id":9}"
2026-09-21 20:01:33,+0300,10,Suur-Paala,23,success,"{"total":23,"location_name":"Suur-Paala","location_id":10}"
2026-09-21 20:03:33,+0300,1,Hipodroom,1,success,"{"total":1,"location_name":"Hipodroom","location_id":1}"
2026-09-21 20:03:33,+0300,3,T1,51,success,"{"total":51,"location_name":"T1 Shopping Mall","location_id":3}"
2026-09-21 20:03:33,+0300,9,Mustika,50,success,"{"total":50,"location_name":"Mustika","location_id":9}"
2026-09-21 20:03:33,+0300,10,Suur-Paala,23,success,"{"total":23,"location_name":"Suur-Paala","location_id":10}"
2026-09-21 20:05:34,+0300,1,Hipodroom,1,success,"{"total":1,"location_name":"Hipodroom","location_id":1}"
2026-09-21 20:05:34,+0300,3,T1,51,success,"{"total":51,"location_name":"T1 Shopping Mall","location_id":3}"
2026-09-21 20:05:34,+0300,9,Mustika,50,success,"{"total":50,"location_name":"Mustika","location_id":9}"
2026-09-21 20:05:34,+0300,10,Suur-Paala,23,success,"{"total":23,"location_name":"Suur-Paala","location_id":10}"
2026-09-21 20:07:34,+0300,1,Hipodroom,1,success,"{"total":1,"location_name":"Hipodroom","location_id":1}"
2026-09-21 20:07:34,+0300,3,T1,47,success,"{"total":47,"location_name":"T1 Shopping Mall","location_id":3}"
2026-09-21 20:07:34,+0300,9,Mustika,47,success,"{"total":47,"location_name":"Mustika","location_id":9}"
2026-09-21 20:07:34,+0300,10,Suur-Paala,24,success,"{"total":24,"location_name":"Suur-Paala","location_id":10}"
2026-09-21 20:09:35,+0300,1,Hipodroom,1,success,"{"total":1,"location_name":"Hipodroom","location_id":1}"
2026-09-21 20:09:35,+0300,3,T1,47,success,"{"total":47,"location_name":"T1 Shopping Mall","location_id":3}"
2026-09-21 20:09:35,+0300,9,Mustika,47,success,"{"total":47,"location_name":"Mustika","location_id":9}"
2026-09-21 20:09:35,+0300,10,Suur-Paala,24,success,"{"total":24,"location_name":"Suur-Paala","location_id":10}"
2026-09-21 20:11:35,+0300,1,Hipodroom,1,success,"{"total":1,"location_name":"Hipodroom","location_id":1}"
2026-09-21 20:11:35,+0300,3,T1,47,success,"{"total":47,"location_name":"T1 Shopping Mall","location_id":3}"
2026-09-21 20:11:35,+0300,9,Mustika,47,success,"{"total":47,"location_name":"Mustika","location_id":9}"
2026-09-21 20:11:35,+0300,10,Suur-Paala,24,success,"{"total":24,"location_name":"Suur-Paala","location_id":10}"
2026-09-21 20:13:36,+0300,1,Hipodroom,1,success,"{"total":1,"location_name":"Hipodroom","location_id":1}"
2026-09-21 20:13:36,+0300,3,T1,46,success,"{"total":46,"location_name":"T1 Shopping Mall","location_id":3}"
2026-09-21 20:13:36,+0300,9,Mustika,46,success,"{"total":46,"location_name":"Mustika","location_id":9}"
2026-09-21 20:13:36,+0300,10,Suur-Paala,23,success,"{"total":23,"location_name":"Suur-Paala","location_id":10}"
2026-09-21 20:15:37,+0300,1,Hipodroom,1,success,"{"total":1,"location_name":"Hipodroom","location_id":1}"
2026-09-21 20:15:37,+0300,3,T1,46,success,"{"total":46,"location_name":"T1 Shopping Mall","location_id":3}"
2026-09-21 20:15:37,+0300,9,Mustika,46,success,"{"total":46,"location_name":"Mustika","location_id":9}"
2026-09-21 20:15:37,+0300,10,Suur-Paala,23,success,"{"total":23,"location_name":"Suur-Paala","location_id":10}"
2026-09-21 20:17:37,+0300,1,Hipodroom,1,success,"{"total":1,"location_name":"Hipodroom","location_id":1}"
2026-09-21 20:17:37,+0300,3,T1,46,success,"{"total":46,"location_name":"T1 Shopping Mall","location_id":3}"
2026-09-21 20:17:37,+0300,9,Mustika,46,success,"{"total":46,"location_name":"Mustika","location_id":9}"
2026-09-21 20:17:37,+0300,10,Suur-Paala,23,success,"{"total":23,"location_name":"Suur-Paala","location_id":10}"
2026-09-21 20:19:38,+0300,1,Hipodroom,1,success,"{"total":1,"location_name":"Hipodroom","location_id":1}"
2026-09-21 20:19:38,+0300,3,T1,43,success,"{"total":43,"location_name":"T1 Shopping Mall","location_id":3}"
2026-09-21 20:19:38,+0300,9,Mustika,46,success,"{"total":46,"location_name":"Mustika","location_id":9}"
2026-09-21 20:19:38,+0300,10,Suur-Paala,23,success,"{"total":23,"location_name":"Suur-Paala","location_id":10}"
2026-09-21 20:21:38,+0300,1,Hipodroom,1,success,"{"total":1,"location_name":"Hipodroom","location_id":1}"
2026-09-21 20:21:38,+0300,3,T1,43,success,"{"total":43,"location_name":"T1 Shopping Mall","location_id":3}"
2026-09-21 20:21:38,+0300,9,Mustika,46,success,"{"total":46,"location_name":"Mustika","location_id":9}"
2026-09-21 20:21:38,+0300,10,Suur-Paala,23,success,"{"total":23,"location_name":"Suur-Paala","location_id":10}"
2026-09-21 20:23:39,+0300,1,Hipodroom,1,success,"{"total":1,"location_name":"Hipodroom","location_id":1}"
2026-09-21 20:23:39,+0300,3,T1,43,success,"{"total":43,"location_name":"T1 Shopping Mall","location_id":3}"
2026-09-21 20:23:39,+0300,9,Mustika,46,success,"{"total":46,"location_name":"Mustika","location_id":9}"
2026-09-21 20:23:39,+0300,10,Suur-Paala,23,success,"{"total":23,"location_name":"Suur-Paala","location_id":10}"
2026-09-21 20:25:39,+0300,1,Hipodroom,1,success,"{"total":1,"location_name":"Hipodroom","location_id":1}"
2026-09-21 20:25:39,+0300,3,T1,41,success,"{"total":41,"location_name":"T1 Shopping Mall","location_id":3}"
2026-09-21 20:25:39,+0300,9,Mustika,41,success,"{"total":41,"location_name":"Mustika","location_id":9}"
2026-09-21 20:25:39,+0300,10,Suur-Paala,23,success,"{"total":23,"location_name":"Suur-Paala","location_id":10}"
2026-09-21 20:27:40,+0300,1,Hipodroom,1,success,"{"total":1,"location_name":"Hipodroom","location_id":1}"
2026-09-21 20:27:40,+0300,3,T1,41,success,"{"total":41,"location_name":"T1 Shopping Mall","location_id":3}"
2026-09-21 20:27:40,+0300,9,Mustika,41,success,"{"total":41,"location_name":"Mustika","location_id":9}"
2026-09-21 20:27:40,+0300,10,Suur-Paala,23,success,"{"total":23,"location_name":"Suur-Paala","location_id":10}"
2026-09-21 20:29:40,+0300,1,Hipodroom,1,success,"{"total":1,"location_name":"Hipodroom","location_id":1}"
2026-09-21 20:29:40,+0300,3,T1,41,success,"{"total":41,"location_name":"T1 Shopping Mall","location_id":3}"
2026-09-21 20:29:40,+0300,9,Mustika,41,success,"{"total":41,"location_name":"Mustika","location_id":9}"
2026-09-21 20:29:40,+0300,10,Suur-Paala,23,success,"{"total":23,"location_name":"Suur-Paala","location_id":10}"
2026-09-21 20:31:41,+0300,1,Hipodroom,1,success,"{"total":1,"location_name":"Hipodroom","location_id":1}"
2026-09-21 20:31:41,+0300,3,T1,41,success,"{"total":41,"location_name":"T1 Shopping Mall","location_id":3}"
2026-09-21 20:31:41,+0300,9,Mustika,37,success,"{"total":37,"location_name":"Mustika","location_id":9}"
2026-09-21 20:31:41,+0300,10,Suur-Paala,21,success,"{"total":21,"location_name":"Suur-Paala","location_id":10}"
2026-09-21 20:33:41,+0300,1,Hipodroom,1,success,"{"total":1,"location_name":"Hipodroom","location_id":1}"
2026-09-21 20:33:41,+0300,3,T1,41,success,"{"total":41,"location_name":"T1 Shopping Mall","location_id":3}"
2026-09-21 20:33:41,+0300,9,Mustika,37,success,"{"total":37,"location_name":"Mustika","location_id":9}"
2026-09-21 20:33:41,+0300,10,Suur-Paala,21,success,"{"total":21,"location_name":"Suur-Paala","location_id":10}"
2026-09-21 20:35:42,+0300,1,Hipodroom,1,success,"{"total":1,"location_name":"Hipodroom","location_id":1}"
2026-09-21 20:35:42,+0300,3,T1,41,success,"{"total":41,"location_name":"T1 Shopping Mall","location_id":3}"
2026-09-21 20:35:42,+0300,9,Mustika,37,success,"{"total":37,"location_name":"Mustika","location_id":9}"
2026-09-21 20:35:42,+0300,10,Suur-Paala,21,success,"{"total":21,"location_name":"Suur-Paala","location_id":10}"
2026-09-21 20:37:42,+0300,1,Hipodroom,1,success,"{"total":1,"location_name":"Hipodroom","location_id":1}"
2026-09-21 20:37:42,+0300,3,T1,40,success,"{"total":40,"location_name":"T1 Shopping Mall","location_id":3}"
2026-09-21 20:37:42,+0300,9,Mustika,37,success,"{"total":37,"location_name":"Mustika","location_id":9}"
2026-09-21 20:37:42,+0300,10,Suur-Paala,19,success,"{"total":19,"location_name":"Suur-Paala","location_id":10}"
2026-09-21 20:39:43,+0300,1,Hipodroom,1,success,"{"total":1,"location_name":"Hipodroom","location_id":1}"
2026-09-21 20:39:43,+0300,3,T1,40,success,"{"total":40,"location_name":"T1 Shopping Mall","location_id":3}"
2026-09-21 20:39:43,+0300,9,Mustika,37,success,"{"total":37,"location_name":"Mustika","location_id":9}"
2026-09-21 20:39:43,+0300,10,Suur-Paala,19,success,"{"total":19,"location_name":"Suur-Paala","location_id":10}"
2026-09-21 20:41:43,+0300,1,Hipodroom,1,success,"{"total":1,"location_name":"Hipodroom","location_id":1}"
2026-09-21 20:41:43,+0300,3,T1,40,success,"{"total":40,"location_name":"T1 Shopping Mall","location_id":3}"
2026-09-21 20:41:43,+0300,9,Mustika,37,success,"{"total":37,"location_name":"Mustika","location_id":9}"
2026-09-21 20:41:43,+0300,10,Suur-Paala,19,success,"{"total":19,"location_name":"Suur-Paala","location_id":10}"
2026-09-21 20:43:44,+0300,1,Hipodroom,1,success,"{"total":1,"location_name":"Hipodroom","location_id":1}"
2026-09-21 20:43:44,+0300,3,T1,40,success,"{"total":40,"location_name":"T1 Shopping Mall","location_id":3}"
2026-09-21 20:43:44,+0300,9,Mustika,32,success,"{"total":32,"location_name":"Mustika","location_id":9}"
2026-09-21 20:43:44,+0300,10,Suur-Paala,18,success,"{"total":18,"location_name":"Suur-Paala","location_id":10}"
2026-09-21 20:45:45,+0300,1,Hipodroom,1,success,"{"total":1,"location_name":"Hipodroom","location_id":1}"
2026-09-21 20:45:45,+0300,3,T1,40,success,"{"total":40,"location_name":"T1 Shopping Mall","location_id":3}"
2026-09-21 20:45:45,+0300,9,Mustika,32,success,"{"total":32,"location_name":"Mustika","location_id":9}"
2026-09-21 20:45:45,+0300,10,Suur-Paala,18,success,"{"total":18,"location_name":"Suur-Paala","location_id":10}"
2026-09-21 20:47:45,+0300,1,Hipodroom,1,success,"{"total":1,"location_name":"Hipodroom","location_id":1}"
2026-09-21 20:47:45,+0300,3,T1,40,success,"{"total":40,"location_name":"T1 Shopping Mall","location_id":3}"
2026-09-21 20:47:45,+0300,9,Mustika,32,success,"{"total":32,"location_name":"Mustika","location_id":9}"
2026-09-21 20:47:45,+0300,10,Suur-Paala,18,success,"{"total":18,"location_name":"Suur-Paala","location_id":10}"
2026-09-21 20:49:46,+0300,1,Hipodroom,1,success,"{"total":1,"location_name":"Hipodroom","location_id":1}"
2026-09-21 20:49:46,+0300,3,T1,40,success,"{"total":40,"location_name":"T1 Shopping Mall","location_id":3}"
2026-09-21 20:49:46,+0300,9,Mustika,33,success,"{"total":33,"location_name":"Mustika","location_id":9}"
2026-09-21 20:49:46,+0300,10,Suur-Paala,18,success,"{"total":18,"location_name":"Suur-Paala","location_id":10}"
2026-09-21 20:51:46,+0300,1,Hipodroom,1,success,"{"total":1,"location_name":"Hipodroom","location_id":1}"
2026-09-21 20:51:46,+0300,3,T1,40,success,"{"total":40,"location_name":"T1 Shopping Mall","location_id":3}"
2026-09-21 20:51:46,+0300,9,Mustika,33,success,"{"total":33,"location_name":"Mustika","location_id":9}"
2026-09-21 20:51:46,+0300,10,Suur-Paala,18,success,"{"total":18,"location_name":"Suur-Paala","location_id":10}"
2026-09-21 20:53:47,+0300,1,Hipodroom,1,success,"{"total":1,"location_name":"Hipodroom","location_id":1}"
2026-09-21 20:53:47,+0300,3,T1,40,success,"{"total":40,"location_name":"T1 Shopping Mall","location_id":3}"
2026-09-21 20:53:47,+0300,9,Mustika,33,success,"{"total":33,"location_name":"Mustika","location_id":9}"
2026-09-21 20:53:47,+0300,10,Suur-Paala,18,success,"{"total":18,"location_name":"Suur-Paala","location_id":10}"
2026-09-21 20:55:48,+0300,1,Hipodroom,0,success,"{"total":0,"location_name":"Hipodroom","location_id":1}"
2026-09-21 20:55:48,+0300,3,T1,39,success,"{"total":39,"location_name":"T1 Shopping Mall","location_id":3}"
2026-09-21 20:55:48,+0300,9,Mustika,33,success,"{"total":33,"location_name":"Mustika","location_id":9}"
2026-09-21 20:55:48,+0300,10,Suur-Paala,18,success,"{"total":18,"location_name":"Suur-Paala","location_id":10}"
2026-09-21 20:57:48,+0300,1,Hipodroom,0,success,"{"total":0,"location_name":"Hipodroom","location_id":1}"
2026-09-21 20:57:48,+0300,3,T1,39,success,"{"total":39,"location_name":"T1 Shopping Mall","location_id":3}"
2026-09-21 20:57:48,+0300,9,Mustika,33,success,"{"total":33,"location_name":"Mustika","location_id":9}"
2026-09-21 20:57:48,+0300,10,Suur-Paala,18,success,"{"total":18,"location_name":"Suur-Paala","location_id":10}"
2026-09-21 20:59:49,+0300,1,Hipodroom,0,success,"{"total":0,"location_name":"Hipodroom","location_id":1}"
2026-09-21 20:59:49,+0300,3,T1,39,success,"{"total":39,"location_name":"T1 Shopping Mall","location_id":3}"
2026-09-21 20:59:49,+0300,9,Mustika,33,success,"{"total":33,"location_name":"Mustika","location_id":9}"
2026-09-21 20:59:49,+0300,10,Suur-Paala,18,success,"{"total":18,"location_name":"Suur-Paala","location_id":10}"
2026-09-21 21:01:49,+0300,1,Hipodroom,0,success,"{"total":0,"location_name":"Hipodroom","location_id":1}"
2026-09-21 21:01:49,+0300,3,T1,37,success,"{"total":37,"location_name":"T1 Shopping Mall","location_id":3}"
2026-09-21 21:01:49,+0300,9,Mustika,33,success,"{"total":33,"location_name":"Mustika","location_id":9}"
2026-09-21 21:01:49,+0300,10,Suur-Paala,17,success,"{"total":17,"location_name":"Suur-Paala","location_id":10}"
2026-09-21 21:03:50,+0300,1,Hipodroom,0,success,"{"total":0,"location_name":"Hipodroom","location_id":1}"
2026-09-21 21:03:50,+0300,3,T1,37,success,"{"total":37,"location_name":"T1 Shopping Mall","location_id":3}"
2026-09-21 21:03:50,+0300,9,Mustika,33,success,"{"total":33,"location_name":"Mustika","location_id":9}"
2026-09-21 21:03:50,+0300,10,Suur-Paala,17,success,"{"total":17,"location_name":"Suur-Paala","location_id":10}"
2026-09-21 21:05:51,+0300,1,Hipodroom,0,success,"{"total":0,"location_name":"Hipodroom","location_id":1}"
2026-09-21 21:05:51,+0300,3,T1,37,success,"{"total":37,"location_name":"T1 Shopping Mall","location_id":3}"
2026-09-21 21:05:51,+0300,9,Mustika,33,success,"{"total":33,"location_name":"Mustika","location_id":9}"
2026-09-21 21:05:51,+0300,10,Suur-Paala,17,success,"{"total":17,"location_name":"Suur-Paala","location_id":10}"
2026-09-21 21:07:51,+0300,1,Hipodroom,0,success,"{"total":0,"location_name":"Hipodroom","location_id":1}"
2026-09-21 21:07:51,+0300,3,T1,35,success,"{"total":35,"location_name":"T1 Shopping Mall","location_id":3}"
2026-09-21 21:07:51,+0300,9,Mustika,32,success,"{"total":32,"location_name":"Mustika","location_id":9}"
2026-09-21 21:07:51,+0300,10,Suur-Paala,16,success,"{"total":16,"location_name":"Suur-Paala","location_id":10}"
2026-09-21 21:09:52,+0300,1,Hipodroom,0,success,"{"total":0,"location_name":"Hipodroom","location_id":1}"
2026-09-21 21:09:52,+0300,3,T1,35,success,"{"total":35,"location_name":"T1 Shopping Mall","location_id":3}"
2026-09-21 21:09:52,+0300,9,Mustika,32,success,"{"total":32,"location_name":"Mustika","location_id":9}"
2026-09-21 21:09:52,+0300,10,Suur-Paala,16,success,"{"total":16,"location_name":"Suur-Paala","location_id":10}"
2026-09-21 21:11:53,+0300,1,Hipodroom,0,success,"{"total":0,"location_name":"Hipodroom","location_id":1}"
2026-09-21 21:11:53,+0300,3,T1,35,success,"{"total":35,"location_name":"T1 Shopping Mall","location_id":3}"
2026-09-21 21:11:53,+0300,9,Mustika,32,success,"{"total":32,"location_name":"Mustika","location_id":9}"
2026-09-21 21:11:53,+0300,10,Suur-Paala,16,success,"{"total":16,"location_name":"Suur-Paala","location_id":10}"
2026-09-21 21:13:54,+0300,1,Hipodroom,0,success,"{"total":0,"location_name":"Hipodroom","location_id":1}"
2026-09-21 21:13:54,+0300,3,T1,34,success,"{"total":34,"location_name":"T1 Shopping Mall","location_id":3}"
2026-09-21 21:13:54,+0300,9,Mustika,32,success,"{"total":32,"location_name":"Mustika","location_id":9}"
2026-09-21 21:13:54,+0300,10,Suur-Paala,15,success,"{"total":15,"location_name":"Suur-Paala","location_id":10}"
2026-09-21 21:15:54,+0300,1,Hipodroom,0,success,"{"total":0,"location_name":"Hipodroom","location_id":1}"
2026-09-21 21:15:54,+0300,3,T1,34,success,"{"total":34,"location_name":"T1 Shopping Mall","location_id":3}"
2026-09-21 21:15:54,+0300,9,Mustika,32,success,"{"total":32,"location_name":"Mustika","location_id":9}"
2026-09-21 21:15:54,+0300,10,Suur-Paala,15,success,"{"total":15,"location_name":"Suur-Paala","location_id":10}"
2026-09-21 21:17:55,+0300,1,Hipodroom,0,success,"{"total":0,"location_name":"Hipodroom","location_id":1}"
2026-09-21 21:17:55,+0300,3,T1,34,success,"{"total":34,"location_name":"T1 Shopping Mall","location_id":3}"
2026-09-21 21:17:55,+0300,9,Mustika,32,success,"{"total":32,"location_name":"Mustika","location_id":9}"
2026-09-21 21:17:55,+0300,10,Suur-Paala,15,success,"{"total":15,"location_name":"Suur-Paala","location_id":10}"
2026-09-21 21:19:56,+0300,1,Hipodroom,0,success,"{"total":0,"location_name":"Hipodroom","location_id":1}"
2026-09-21 21:19:56,+0300,3,T1,31,success,"{"total":31,"location_name":"T1 Shopping Mall","location_id":3}"
2026-09-21 21:19:56,+0300,9,Mustika,30,success,"{"total":30,"location_name":"Mustika","location_id":9}"
2026-09-21 21:19:56,+0300,10,Suur-Paala,13,success,"{"total":13,"location_name":"Suur-Paala","location_id":10}"
2026-09-21 21:21:56,+0300,1,Hipodroom,0,success,"{"total":0,"location_name":"Hipodroom","location_id":1}"
2026-09-21 21:21:56,+0300,3,T1,31,success,"{"total":31,"location_name":"T1 Shopping Mall","location_id":3}"
2026-09-21 21:21:56,+0300,9,Mustika,30,success,"{"total":30,"location_name":"Mustika","location_id":9}"
2026-09-21 21:21:56,+0300,10,Suur-Paala,13,success,"{"total":13,"location_name":"Suur-Paala","location_id":10}"
2026-09-21 21:23:57,+0300,1,Hipodroom,0,success,"{"total":0,"location_name":"Hipodroom","location_id":1}"
2026-09-21 21:23:57,+0300,3,T1,31,success,"{"total":31,"location_name":"T1 Shopping Mall","location_id":3}"
2026-09-21 21:23:57,+0300,9,Mustika,30,success,"{"total":30,"location_name":"Mustika","location_id":9}"
2026-09-21 21:23:57,+0300,10,Suur-Paala,13,success,"{"total":13,"location_name":"Suur-Paala","location_id":10}"
2026-09-21 21:25:58,+0300,1,Hipodroom,0,success,"{"total":0,"location_name":"Hipodroom","location_id":1}"
2026-09-21 21:25:58,+0300,3,T1,30,success,"{"total":30,"location_name":"T1 Shopping Mall","location_id":3}"
2026-09-21 21:25:58,+0300,9,Mustika,26,success,"{"total":26,"location_name":"Mustika","location_id":9}"
2026-09-21 21:25:58,+0300,10,Suur-Paala,12,success,"{"total":12,"location_name":"Suur-Paala","location_id":10}"
2026-09-21 21:27:58,+0300,1,Hipodroom,0,success,"{"total":0,"location_name":"Hipodroom","location_id":1}"
2026-09-21 21:27:58,+0300,3,T1,30,success,"{"total":30,"location_name":"T1 Shopping Mall","location_id":3}"
2026-09-21 21:27:58,+0300,9,Mustika,26,success,"{"total":26,"location_name":"Mustika","location_id":9}"
2026-09-21 21:27:58,+0300,10,Suur-Paala,12,success,"{"total":12,"location_name":"Suur-Paala","location_id":10}"
2026-09-21 21:29:59,+0300,1,Hipodroom,0,success,"{"total":0,"location_name":"Hipodroom","location_id":1}"
2026-09-21 21:29:59,+0300,3,T1,30,success,"{"total":30,"location_name":"T1 Shopping Mall","location_id":3}"
2026-09-21 21:29:59,+0300,9,Mustika,26,success,"{"total":26,"location_name":"Mustika","location_id":9}"
2026-09-21 21:29:59,+0300,10,Suur-Paala,12,success,"{"total":12,"location_name":"Suur-Paala","location_id":10}"
2026-09-21 21:32:00,+0300,1,Hipodroom,0,success,"{"total":0,"location_name":"Hipodroom","location_id":1}"
2026-09-21 21:32:00,+0300,3,T1,29,success,"{"total":29,"location_name":"T1 Shopping Mall","location_id":3}"
2026-09-21 21:32:00,+0300,9,Mustika,26,success,"{"total":26,"location_name":"Mustika","location_id":9}"
2026-09-21 21:32:00,+0300,10,Suur-Paala,11,success,"{"total":11,"location_name":"Suur-Paala","location_id":10}"
2026-09-21 21:34:00,+0300,1,Hipodroom,0,success,"{"total":0,"location_name":"Hipodroom","location_id":1}"
2026-09-21 21:34:00,+0300,3,T1,29,success,"{"total":29,"location_name":"T1 Shopping Mall","location_id":3}"
2026-09-21 21:34:00,+0300,9,Mustika,26,success,"{"total":26,"location_name":"Mustika","location_id":9}"
2026-09-21 21:34:00,+0300,10,Suur-Paala,11,success,"{"total":11,"location_name":"Suur-Paala","location_id":10}"
2026-09-21 21:36:01,+0300,1,Hipodroom,0,success,"{"total":0,"location_name":"Hipodroom","location_id":1}"
2026-09-21 21:36:01,+0300,3,T1,29,success,"{"total":29,"location_name":"T1 Shopping Mall","location_id":3}"
2026-09-21 21:36:01,+0300,9,Mustika,26,success,"{"total":26,"location_name":"Mustika","location_id":9}"
2026-09-21 21:36:01,+0300,10,Suur-Paala,11,success,"{"total":11,"location_name":"Suur-Paala","location_id":10}"
2026-09-21 21:38:02,+0300,1,Hipodroom,0,success,"{"total":0,"location_name":"Hipodroom","location_id":1}"
2026-09-21 21:38:02,+0300,3,T1,27,success,"{"total":27,"location_name":"T1 Shopping Mall","location_id":3}"
2026-09-21 21:38:02,+0300,9,Mustika,25,success,"{"total":25,"location_name":"Mustika","location_id":9}"
2026-09-21 21:38:02,+0300,10,Suur-Paala,11,success,"{"total":11,"location_name":"Suur-Paala","location_id":10}"
2026-09-21 21:40:04,+0300,1,Hipodroom,0,success,"{"total":0,"location_name":"Hipodroom","location_id":1}"
2026-09-21 21:40:04,+0300,3,T1,27,success,"{"total":27,"location_name":"T1 Shopping Mall","location_id":3}"
2026-09-21 21:40:04,+0300,9,Mustika,25,success,"{"total":25,"location_name":"Mustika","location_id":9}"
2026-09-21 21:40:04,+0300,10,Suur-Paala,11,success,"{"total":11,"location_name":"Suur-Paala","location_id":10}"
2026-09-21 21:42:04,+0300,1,Hipodroom,0,success,"{"total":0,"location_name":"Hipodroom","location_id":1}"
2026-09-21 21:42:04,+0300,3,T1,27,success,"{"total":27,"location_name":"T1 Shopping Mall","location_id":3}"
2026-09-21 21:42:04,+0300,9,Mustika,25,success,"{"total":25,"location_name":"Mustika","location_id":9}"
2026-09-21 21:42:04,+0300,10,Suur-Paala,11,success,"{"total":11,"location_name":"Suur-Paala","location_id":10}"
2026-09-21 21:44:05,+0300,1,Hipodroom,0,success,"{"total":0,"location_name":"Hipodroom","location_id":1}"
2026-09-21 21:44:05,+0300,3,T1,27,success,"{"total":27,"location_name":"T1 Shopping Mall","location_id":3}"
2026-09-21 21:44:05,+0300,9,Mustika,25,success,"{"total":25,"location_name":"Mustika","location_id":9}"
2026-09-21 21:44:05,+0300,10,Suur-Paala,10,success,"{"total":10,"location_name":"Suur-Paala","location_id":10}"
2026-09-21 21:46:05,+0300,1,Hipodroom,0,success,"{"total":0,"location_name":"Hipodroom","location_id":1}"
2026-09-21 21:46:05,+0300,3,T1,27,success,"{"total":27,"location_name":"T1 Shopping Mall","location_id":3}"
2026-09-21 21:46:05,+0300,9,Mustika,25,success,"{"total":25,"location_name":"Mustika","location_id":9}"
2026-09-21 21:46:05,+0300,10,Suur-Paala,10,success,"{"total":10,"location_name":"Suur-Paala","location_id":10}"
2026-09-21 21:48:07,+0300,1,Hipodroom,0,success,"{"total":0,"location_name":"Hipodroom","location_id":1}"
2026-09-21 21:48:07,+0300,3,T1,25,success,"{"total":25,"location_name":"T1 Shopping Mall","location_id":3}"
2026-09-21 21:48:07,+0300,9,Mustika,24,success,"{"total":24,"location_name":"Mustika","location_id":9}"
2026-09-21 21:48:07,+0300,10,Suur-Paala,10,success,"{"total":10,"location_name":"Suur-Paala","location_id":10}"
2026-09-21 21:50:08,+0300,1,Hipodroom,0,success,"{"total":0,"location_name":"Hipodroom","location_id":1}"
2026-09-21 21:50:08,+0300,3,T1,25,success,"{"total":25,"location_name":"T1 Shopping Mall","location_id":3}"
2026-09-21 21:50:08,+0300,9,Mustika,24,success,"{"total":24,"location_name":"Mustika","location_id":9}"
2026-09-21 21:50:08,+0300,10,Suur-Paala,10,success,"{"total":10,"location_name":"Suur-Paala","location_id":10}"
2026-09-21 21:52:09,+0300,1,Hipodroom,0,success,"{"total":0,"location_name":"Hipodroom","location_id":1}"
2026-09-21 21:52:09,+0300,3,T1,25,success,"{"total":25,"location_name":"T1 Shopping Mall","location_id":3}"
2026-09-21 21:52:09,+0300,9,Mustika,24,success,"{"total":24,"location_name":"Mustika","location_id":9}"
2026-09-21 21:52:09,+0300,10,Suur-Paala,10,success,"{"total":10,"location_name":"Suur-Paala","location_id":10}"
2026-09-21 21:54:10,+0300,1,Hipodroom,0,success,"{"total":0,"location_name":"Hipodroom","location_id":1}"
2026-09-21 21:54:10,+0300,3,T1,24,success,"{"total":24,"location_name":"T1 Shopping Mall","location_id":3}"
2026-09-21 21:54:10,+0300,9,Mustika,21,success,"{"total":21,"location_name":"Mustika","location_id":9}"
2026-09-21 21:54:10,+0300,10,Suur-Paala,10,success,"{"total":10,"location_name":"Suur-Paala","location_id":10}"
2026-09-21 21:56:10,+0300,1,Hipodroom,0,success,"{"total":0,"location_name":"Hipodroom","location_id":1}"
2026-09-21 21:56:10,+0300,3,T1,24,success,"{"total":24,"location_name":"T1 Shopping Mall","location_id":3}"
2026-09-21 21:56:10,+0300,9,Mustika,21,success,"{"total":21,"location_name":"Mustika","location_id":9}"
2026-09-21 21:56:10,+0300,10,Suur-Paala,10,success,"{"total":10,"location_name":"Suur-Paala","location_id":10}"
2026-09-21 21:58:11,+0300,1,Hipodroom,0,success,"{"total":0,"location_name":"Hipodroom","location_id":1}"
2026-09-21 21:58:11,+0300,3,T1,24,success,"{"total":24,"location_name":"T1 Shopping Mall","location_id":3}"
2026-09-21 21:58:11,+0300,9,Mustika,21,success,"{"total":21,"location_name":"Mustika","location_id":9}"
2026-09-21 21:58:11,+0300,10,Suur-Paala,10,success,"{"total":10,"location_name":"Suur-Paala","location_id":10}"
2026-09-21 22:00:11,+0300,1,Hipodroom,0,success,"{"total":0,"location_name":"Hipodroom","location_id":1}"
2026-09-21 22:00:11,+0300,3,T1,23,success,"{"total":23,"location_name":"T1 Shopping Mall","location_id":3}"
2026-09-21 22:00:11,+0300,9,Mustika,21,success,"{"total":21,"location_name":"Mustika","location_id":9}"
2026-09-21 22:00:11,+0300,10,Suur-Paala,10,success,"{"total":10,"location_name":"Suur-Paala","location_id":10}"
2026-09-21 22:02:12,+0300,1,Hipodroom,0,success,"{"total":0,"location_name":"Hipodroom","location_id":1}"
2026-09-21 22:02:12,+0300,3,T1,23,success,"{"total":23,"location_name":"T1 Shopping Mall","location_id":3}"
2026-09-21 22:02:12,+0300,9,Mustika,21,success,"{"total":21,"location_name":"Mustika","location_id":9}"
2026-09-21 22:02:12,+0300,10,Suur-Paala,9,success,"{"total":9,"location_name":"Suur-Paala","location_id":10}"
2026-09-21 22:04:13,+0300,1,Hipodroom,0,success,"{"total":0,"location_name":"Hipodroom","location_id":1}"
2026-09-21 22:04:13,+0300,3,T1,23,success,"{"total":23,"location_name":"T1 Shopping Mall","location_id":3}"
2026-09-21 22:04:13,+0300,9,Mustika,21,success,"{"total":21,"location_name":"Mustika","location_id":9}"
2026-09-21 22:04:13,+0300,10,Suur-Paala,9,success,"{"total":9,"location_name":"Suur-Paala","location_id":10}"
2026-09-21 22:06:13,+0300,1,Hipodroom,0,success,"{"total":0,"location_name":"Hipodroom","location_id":1}"
2026-09-21 22:06:13,+0300,3,T1,21,success,"{"total":21,"location_name":"T1 Shopping Mall","location_id":3}"
2026-09-21 22:06:13,+0300,9,Mustika,20,success,"{"total":20,"location_name":"Mustika","location_id":9}"
2026-09-21 22:06:13,+0300,10,Suur-Paala,9,success,"{"total":9,"location_name":"Suur-Paala","location_id":10}"
2026-09-21 22:08:14,+0300,1,Hipodroom,0,success,"{"total":0,"location_name":"Hipodroom","location_id":1}"
2026-09-21 22:08:14,+0300,3,T1,21,success,"{"total":21,"location_name":"T1 Shopping Mall","location_id":3}"
2026-09-21 22:08:14,+0300,9,Mustika,20,success,"{"total":20,"location_name":"Mustika","location_id":9}"
2026-09-21 22:08:14,+0300,10,Suur-Paala,9,success,"{"total":9,"location_name":"Suur-Paala","location_id":10}"
2026-09-21 22:10:16,+0300,1,Hipodroom,0,success,"{"total":0,"location_name":"Hipodroom","location_id":1}"
2026-09-21 22:10:16,+0300,3,T1,21,success,"{"total":21,"location_name":"T1 Shopping Mall","location_id":3}"
2026-09-21 22:10:16,+0300,9,Mustika,20,success,"{"total":20,"location_name":"Mustika","location_id":9}"
2026-09-21 22:10:16,+0300,10,Suur-Paala,9,success,"{"total":9,"location_name":"Suur-Paala","location_id":10}"
2026-09-21 22:12:17,+0300,1,Hipodroom,0,success,"{"total":0,"location_name":"Hipodroom","location_id":1}"
2026-09-21 22:12:17,+0300,3,T1,19,success,"{"total":19,"location_name":"T1 Shopping Mall","location_id":3}"
2026-09-21 22:12:17,+0300,9,Mustika,20,success,"{"total":20,"location_name":"Mustika","location_id":9}"
2026-09-21 22:12:17,+0300,10,Suur-Paala,9,success,"{"total":9,"location_name":"Suur-Paala","location_id":10}"
2026-09-21 22:14:18,+0300,1,Hipodroom,0,success,"{"total":0,"location_name":"Hipodroom","location_id":1}"
2026-09-21 22:14:18,+0300,3,T1,19,success,"{"total":19,"location_name":"T1 Shopping Mall","location_id":3}"
2026-09-21 22:14:18,+0300,9,Mustika,20,success,"{"total":20,"location_name":"Mustika","location_id":9}"
2026-09-21 22:14:18,+0300,10,Suur-Paala,7,success,"{"total":7,"location_name":"Suur-Paala","location_id":10}"
2026-09-21 22:16:18,+0300,1,Hipodroom,0,success,"{"total":0,"location_name":"Hipodroom","location_id":1}"
2026-09-21 22:16:18,+0300,3,T1,19,success,"{"total":19,"location_name":"T1 Shopping Mall","location_id":3}"
2026-09-21 22:16:18,+0300,9,Mustika,20,success,"{"total":20,"location_name":"Mustika","location_id":9}"
2026-09-21 22:16:18,+0300,10,Suur-Paala,7,success,"{"total":7,"location_name":"Suur-Paala","location_id":10}"
2026-09-21 22:18:19,+0300,1,Hipodroom,0,success,"{"total":0,"location_name":"Hipodroom","location_id":1}"
2026-09-21 22:18:19,+0300,3,T1,15,success,"{"total":15,"location_name":"T1 Shopping Mall","location_id":3}"
2026-09-21 22:18:19,+0300,9,Mustika,16,success,"{"total":16,"location_name":"Mustika","location_id":9}"
2026-09-21 22:18:19,+0300,10,Suur-Paala,7,success,"{"total":7,"location_name":"Suur-Paala","location_id":10}"
2026-09-21 22:20:19,+0300,1,Hipodroom,0,success,"{"total":0,"location_name":"Hipodroom","location_id":1}"
2026-09-21 22:20:19,+0300,3,T1,15,success,"{"total":15,"location_name":"T1 Shopping Mall","location_id":3}"
2026-09-21 22:20:19,+0300,9,Mustika,16,success,"{"total":16,"location_name":"Mustika","location_id":9}"
2026-09-21 22:20:19,+0300,10,Suur-Paala,5,success,"{"total":5,"location_name":"Suur-Paala","location_id":10}"
2026-09-21 22:22:20,+0300,1,Hipodroom,0,success,"{"total":0,"location_name":"Hipodroom","location_id":1}"
2026-09-21 22:22:20,+0300,3,T1,15,success,"{"total":15,"location_name":"T1 Shopping Mall","location_id":3}"
2026-09-21 22:22:20,+0300,9,Mustika,16,success,"{"total":16,"location_name":"Mustika","location_id":9}"
2026-09-21 22:22:20,+0300,10,Suur-Paala,5,success,"{"total":5,"location_name":"Suur-Paala","location_id":10}"
2026-09-21 22:24:21,+0300,1,Hipodroom,0,success,"{"total":0,"location_name":"Hipodroom","location_id":1}"
2026-09-21 22:24:21,+0300,3,T1,14,success,"{"total":14,"location_name":"T1 Shopping Mall","location_id":3}"
2026-09-21 22:24:21,+0300,9,Mustika,15,success,"{"total":15,"location_name":"Mustika","location_id":9}"
2026-09-21 22:24:21,+0300,10,Suur-Paala,5,success,"{"total":5,"location_name":"Suur-Paala","location_id":10}"
2026-09-21 22:26:21,+0300,1,Hipodroom,0,success,"{"total":0,"location_name":"Hipodroom","location_id":1}"
2026-09-21 22:26:21,+0300,3,T1,14,success,"{"total":14,"location_name":"T1 Shopping Mall","location_id":3}"
2026-09-21 22:26:21,+0300,9,Mustika,15,success,"{"total":15,"location_name":"Mustika","location_id":9}"
2026-09-21 22:26:21,+0300,10,Suur-Paala,3,success,"{"total":3,"location_name":"Suur-Paala","location_id":10}"
2026-09-21 22:28:22,+0300,1,Hipodroom,0,success,"{"total":0,"location_name":"Hipodroom","location_id":1}"
2026-09-21 22:28:22,+0300,3,T1,14,success,"{"total":14,"location_name":"T1 Shopping Mall","location_id":3}"
2026-09-21 22:28:22,+0300,9,Mustika,15,success,"{"total":15,"location_name":"Mustika","location_id":9}"
2026-09-21 22:28:22,+0300,10,Suur-Paala,3,success,"{"total":3,"location_name":"Suur-Paala","location_id":10}"
2026-09-21 22:30:23,+0300,1,Hipodroom,0,success,"{"total":0,"location_name":"Hipodroom","location_id":1}"
2026-09-21 22:30:23,+0300,3,T1,14,success,"{"total":14,"location_name":"T1 Shopping Mall","location_id":3}"
2026-09-21 22:30:23,+0300,9,Mustika,13,success,"{"total":13,"location_name":"Mustika","location_id":9}"
2026-09-21 22:30:23,+0300,10,Suur-Paala,3,success,"{"total":3,"location_name":"Suur-Paala","location_id":10}"
2026-09-21 22:32:23,+0300,1,Hipodroom,0,success,"{"total":0,"location_name":"Hipodroom","location_id":1}"
2026-09-21 22:32:23,+0300,3,T1,14,success,"{"total":14,"location_name":"T1 Shopping Mall","location_id":3}"
2026-09-21 22:32:23,+0300,9,Mustika,13,success,"{"total":13,"location_name":"Mustika","location_id":9}"
2026-09-21 22:32:23,+0300,10,Suur-Paala,3,success,"{"total":3,"location_name":"Suur-Paala","location_id":10}"
2026-09-21 22:34:24,+0300,1,Hipodroom,0,success,"{"total":0,"location_name":"Hipodroom","location_id":1}"
2026-09-21 22:34:24,+0300,3,T1,14,success,"{"total":14,"location_name":"T1 Shopping Mall","location_id":3}"
2026-09-21 22:34:24,+0300,9,Mustika,13,success,"{"total":13,"location_name":"Mustika","location_id":9}"
2026-09-21 22:34:24,+0300,10,Suur-Paala,3,success,"{"total":3,"location_name":"Suur-Paala","location_id":10}"
2026-09-21 22:36:24,+0300,1,Hipodroom,0,success,"{"total":0,"location_name":"Hipodroom","location_id":1}"
2026-09-21 22:36:24,+0300,3,T1,12,success,"{"total":12,"location_name":"T1 Shopping Mall","location_id":3}"
2026-09-21 22:36:24,+0300,9,Mustika,13,success,"{"total":13,"location_name":"Mustika","location_id":9}"
2026-09-21 22:36:24,+0300,10,Suur-Paala,3,success,"{"total":3,"location_name":"Suur-Paala","location_id":10}"
2026-09-21 22:38:25,+0300,1,Hipodroom,0,success,"{"total":0,"location_name":"Hipodroom","location_id":1}"
2026-09-21 22:38:25,+0300,3,T1,12,success,"{"total":12,"location_name":"T1 Shopping Mall","location_id":3}"
2026-09-21 22:38:25,+0300,9,Mustika,13,success,"{"total":13,"location_name":"Mustika","location_id":9}"
2026-09-21 22:38:25,+0300,10,Suur-Paala,3,success,"{"total":3,"location_name":"Suur-Paala","location_id":10}"
2026-09-21 22:40:26,+0300,1,Hipodroom,0,success,"{"total":0,"location_name":"Hipodroom","location_id":1}"
2026-09-21 22:40:26,+0300,3,T1,12,success,"{"total":12,"location_name":"T1 Shopping Mall","location_id":3}"
2026-09-21 22:40:26,+0300,9,Mustika,13,success,"{"total":13,"location_name":"Mustika","location_id":9}"
2026-09-21 22:40:26,+0300,10,Suur-Paala,3,success,"{"total":3,"location_name":"Suur-Paala","location_id":10}"
2026-09-21 22:42:26,+0300,1,Hipodroom,0,success,"{"total":0,"location_name":"Hipodroom","location_id":1}"
2026-09-21 22:42:26,+0300,3,T1,12,success,"{"total":12,"location_name":"T1 Shopping Mall","location_id":3}"
2026-09-21 22:42:26,+0300,9,Mustika,13,success,"{"total":13,"location_name":"Mustika","location_id":9}"
2026-09-21 22:42:26,+0300,10,Suur-Paala,3,success,"{"total":3,"location_name":"Suur-Paala","location_id":10}"
2026-09-21 22:44:27,+0300,1,Hipodroom,0,success,"{"total":0,"location_name":"Hipodroom","location_id":1}"
2026-09-21 22:44:27,+0300,3,T1,12,success,"{"total":12,"location_name":"T1 Shopping Mall","location_id":3}"
2026-09-21 22:44:27,+0300,9,Mustika,13,success,"{"total":13,"location_name":"Mustika","location_id":9}"
2026-09-21 22:44:27,+0300,10,Suur-Paala,3,success,"{"total":3,"location_name":"Suur-Paala","location_id":10}"
2026-09-21 22:46:27,+0300,1,Hipodroom,0,success,"{"total":0,"location_name":"Hipodroom","location_id":1}"
2026-09-21 22:46:27,+0300,3,T1,12,success,"{"total":12,"location_name":"T1 Shopping Mall","location_id":3}"
2026-09-21 22:46:27,+0300,9,Mustika,13,success,"{"total":13,"location_name":"Mustika","location_id":9}"
2026-09-21 22:46:27,+0300,10,Suur-Paala,3,success,"{"total":3,"location_name":"Suur-Paala","location_id":10}"
2026-09-21 22:48:27,+0300,1,Hipodroom,0,success,"{"total":0,"location_name":"Hipodroom","location_id":1}"
2026-09-21 22:48:27,+0300,3,T1,9,success,"{"total":9,"location_name":"T1 Shopping Mall","location_id":3}"
2026-09-21 22:48:27,+0300,9,Mustika,13,success,"{"total":13,"location_name":"Mustika","location_id":9}"
2026-09-21 22:48:27,+0300,10,Suur-Paala,3,success,"{"total":3,"location_name":"Suur-Paala","location_id":10}"
2026-09-21 22:50:28,+0300,1,Hipodroom,0,success,"{"total":0,"location_name":"Hipodroom","location_id":1}"
2026-09-21 22:50:28,+0300,3,T1,9,success,"{"total":9,"location_name":"T1 Shopping Mall","location_id":3}"
2026-09-21 22:50:28,+0300,9,Mustika,13,success,"{"total":13,"location_name":"Mustika","location_id":9}"
2026-09-21 22:50:28,+0300,10,Suur-Paala,2,success,"{"total":2,"location_name":"Suur-Paala","location_id":10}"
2026-09-21 22:52:29,+0300,1,Hipodroom,0,success,"{"total":0,"location_name":"Hipodroom","location_id":1}"
2026-09-21 22:52:29,+0300,3,T1,9,success,"{"total":9,"location_name":"T1 Shopping Mall","location_id":3}"
2026-09-21 22:52:29,+0300,9,Mustika,13,success,"{"total":13,"location_name":"Mustika","location_id":9}"
2026-09-21 22:52:29,+0300,10,Suur-Paala,2,success,"{"total":2,"location_name":"Suur-Paala","location_id":10}"
2026-09-21 22:54:30,+0300,1,Hipodroom,0,success,"{"total":0,"location_name":"Hipodroom","location_id":1}"
2026-09-21 22:54:30,+0300,3,T1,9,success,"{"total":9,"location_name":"T1 Shopping Mall","location_id":3}"
2026-09-21 22:54:30,+0300,9,Mustika,13,success,"{"total":13,"location_name":"Mustika","location_id":9}"
2026-09-21 22:54:30,+0300,10,Suur-Paala,2,success,"{"total":2,"location_name":"Suur-Paala","location_id":10}"
2026-09-21 22:56:31,+0300,1,Hipodroom,0,success,"{"total":0,"location_name":"Hipodroom","location_id":1}"
2026-09-21 22:56:31,+0300,3,T1,9,success,"{"total":9,"location_name":"T1 Shopping Mall","location_id":3}"
2026-09-21 22:56:31,+0300,9,Mustika,13,success,"{"total":13,"location_name":"Mustika","location_id":9}"
2026-09-21 22:56:31,+0300,10,Suur-Paala,2,success,"{"total":2,"location_name":"Suur-Paala","location_id":10}"
2026-09-21 22:58:31,+0300,1,Hipodroom,0,success,"{"total":0,"location_name":"Hipodroom","location_id":1}"
2026-09-21 22:58:31,+0300,3,T1,9,success,"{"total":9,"location_name":"T1 Shopping Mall","location_id":3}"
2026-09-21 22:58:31,+0300,9,Mustika,13,success,"{"total":13,"location_name":"Mustika","location_id":9}"
2026-09-21 22:58:31,+0300,10,Suur-Paala,2,success,"{"total":2,"location_name":"Suur-Paala","location_id":10}"
2026-09-21 23:00:32,+0300,1,Hipodroom,0,success,"{"total":0,"location_name":"Hipodroom","location_id":1}"
2026-09-21 23:00:32,+0300,3,T1,9,success,"{"total":9,"location_name":"T1 Shopping Mall","location_id":3}"
2026-09-21 23:00:32,+0300,9,Mustika,13,success,"{"total":13,"location_name":"Mustika","location_id":9}"
2026-09-21 23:00:32,+0300,10,Suur-Paala,2,success,"{"total":2,"location_name":"Suur-Paala","location_id":10}"
2026-09-21 23:02:34,+0300,1,Hipodroom,0,success,"{"total":0,"location_name":"Hipodroom","location_id":1}"
2026-09-21 23:02:34,+0300,3,T1,9,success,"{"total":9,"location_name":"T1 Shopping Mall","location_id":3}"
2026-09-21 23:02:34,+0300,9,Mustika,13,success,"{"total":13,"location_name":"Mustika","location_id":9}"
2026-09-21 23:02:34,+0300,10,Suur-Paala,1,success,"{"total":1,"location_name":"Suur-Paala","location_id":10}"
2026-09-21 23:04:34,+0300,1,Hipodroom,0,success,"{"total":0,"location_name":"Hipodroom","location_id":1}"
2026-09-21 23:04:34,+0300,3,T1,9,success,"{"total":9,"location_name":"T1 Shopping Mall","location_id":3}"
2026-09-21 23:04:34,+0300,9,Mustika,13,success,"{"total":13,"location_name":"Mustika","location_id":9}"
2026-09-21 23:04:34,+0300,10,Suur-Paala,1,success,"{"total":1,"location_name":"Suur-Paala","location_id":10}"
2026-09-21 23:06:35,+0300,1,Hipodroom,0,success,"{"total":0,"location_name":"Hipodroom","location_id":1}"
2026-09-21 23:06:35,+0300,3,T1,8,success,"{"total":8,"location_name":"T1 Shopping Mall","location_id":3}"
2026-09-21 23:06:35,+0300,9,Mustika,12,success,"{"total":12,"location_name":"Mustika","location_id":9}"
2026-09-21 23:06:35,+0300,10,Suur-Paala,1,success,"{"total":1,"location_name":"Suur-Paala","location_id":10}"
2026-09-21 23:08:36,+0300,1,Hipodroom,0,success,"{"total":0,"location_name":"Hipodroom","location_id":1}"
2026-09-21 23:08:36,+0300,3,T1,8,success,"{"total":8,"location_name":"T1 Shopping Mall","location_id":3}"
2026-09-21 23:08:36,+0300,9,Mustika,12,success,"{"total":12,"location_name":"Mustika","location_id":9}"
2026-09-21 23:08:36,+0300,10,Suur-Paala,1,success,"{"total":1,"location_name":"Suur-Paala","location_id":10}"
2026-09-21 23:10:38,+0300,1,Hipodroom,0,success,"{"total":0,"location_name":"Hipodroom","location_id":1}"
2026-09-21 23:10:38,+0300,3,T1,8,success,"{"total":8,"location_name":"T1 Shopping Mall","location_id":3}"
2026-09-21 23:10:38,+0300,9,Mustika,12,success,"{"total":12,"location_name":"Mustika","location_id":9}"
2026-09-21 23:10:38,+0300,10,Suur-Paala,1,success,"{"total":1,"location_name":"Suur-Paala","location_id":10}"
2026-09-21 23:12:38,+0300,1,Hipodroom,0,success,"{"total":0,"location_name":"Hipodroom","location_id":1}"
2026-09-21 23:12:38,+0300,3,T1,7,success,"{"total":7,"location_name":"T1 Shopping Mall","location_id":3}"
2026-09-21 23:12:38,+0300,9,Mustika,11,success,"{"total":11,"location_name":"Mustika","location_id":9}"
2026-09-21 23:12:38,+0300,10,Suur-Paala,1,success,"{"total":1,"location_name":"Suur-Paala","location_id":10}"
2026-09-21 23:14:39,+0300,1,Hipodroom,0,success,"{"total":0,"location_name":"Hipodroom","location_id":1}"
2026-09-21 23:14:39,+0300,3,T1,7,success,"{"total":7,"location_name":"T1 Shopping Mall","location_id":3}"
2026-09-21 23:14:39,+0300,9,Mustika,11,success,"{"total":11,"location_name":"Mustika","location_id":9}"
2026-09-21 23:14:39,+0300,10,Suur-Paala,1,success,"{"total":1,"location_name":"Suur-Paala","location_id":10}"
2026-09-21 23:16:40,+0300,1,Hipodroom,0,success,"{"total":0,"location_name":"Hipodroom","location_id":1}"
2026-09-21 23:16:40,+0300,3,T1,7,success,"{"total":7,"location_name":"T1 Shopping Mall","location_id":3}"
2026-09-21 23:16:40,+0300,9,Mustika,11,success,"{"total":11,"location_name":"Mustika","location_id":9}"
2026-09-21 23:16:40,+0300,10,Suur-Paala,1,success,"{"total":1,"location_name":"Suur-Paala","location_id":10}"
2026-09-21 23:18:40,+0300,1,Hipodroom,0,success,"{"total":0,"location_name":"Hipodroom","location_id":1}"
2026-09-21 23:18:40,+0300,3,T1,7,success,"{"total":7,"location_name":"T1 Shopping Mall","location_id":3}"
2026-09-21 23:18:40,+0300,9,Mustika,10,success,"{"total":10,"location_name":"Mustika","location_id":9}"
2026-09-21 23:18:40,+0300,10,Suur-Paala,1,success,"{"total":1,"location_name":"Suur-Paala","location_id":10}"
2026-09-21 23:20:41,+0300,1,Hipodroom,0,success,"{"total":0,"location_name":"Hipodroom","location_id":1}"
2026-09-21 23:20:41,+0300,3,T1,7,success,"{"total":7,"location_name":"T1 Shopping Mall","location_id":3}"
2026-09-21 23:20:41,+0300,9,Mustika,10,success,"{"total":10,"location_name":"Mustika","location_id":9}"
2026-09-21 23:20:41,+0300,10,Suur-Paala,1,success,"{"total":1,"location_name":"Suur-Paala","location_id":10}"
2026-09-21 23:22:42,+0300,1,Hipodroom,0,success,"{"total":0,"location_name":"Hipodroom","location_id":1}"
2026-09-21 23:22:42,+0300,3,T1,7,success,"{"total":7,"location_name":"T1 Shopping Mall","location_id":3}"
2026-09-21 23:22:42,+0300,9,Mustika,10,success,"{"total":10,"location_name":"Mustika","location_id":9}"
2026-09-21 23:22:42,+0300,10,Suur-Paala,1,success,"{"total":1,"location_name":"Suur-Paala","location_id":10}"
2026-09-21 23:24:42,+0300,1,Hipodroom,0,success,"{"total":0,"location_name":"Hipodroom","location_id":1}"
2026-09-21 23:24:42,+0300,3,T1,6,success,"{"total":6,"location_name":"T1 Shopping Mall","location_id":3}"
2026-09-21 23:24:42,+0300,9,Mustika,10,success,"{"total":10,"location_name":"Mustika","location_id":9}"
2026-09-21 23:24:42,+0300,10,Suur-Paala,1,success,"{"total":1,"location_name":"Suur-Paala","location_id":10}"
2026-09-21 23:26:43,+0300,1,Hipodroom,0,success,"{"total":0,"location_name":"Hipodroom","location_id":1}"
2026-09-21 23:26:43,+0300,3,T1,6,success,"{"total":6,"location_name":"T1 Shopping Mall","location_id":3}"
2026-09-21 23:26:43,+0300,9,Mustika,10,success,"{"total":10,"location_name":"Mustika","location_id":9}"
2026-09-21 23:26:43,+0300,10,Suur-Paala,0,success,"{"total":0,"location_name":"Suur-Paala","location_id":10}"
2026-09-21 23:28:44,+0300,1,Hipodroom,0,success,"{"total":0,"location_name":"Hipodroom","location_id":1}"
2026-09-21 23:28:44,+0300,3,T1,6,success,"{"total":6,"location_name":"T1 Shopping Mall","location_id":3}"
2026-09-21 23:28:44,+0300,9,Mustika,10,success,"{"total":10,"location_name":"Mustika","location_id":9}"
2026-09-21 23:28:44,+0300,10,Suur-Paala,0,success,"{"total":0,"location_name":"Suur-Paala","location_id":10}"
2026-09-21 23:30:44,+0300,1,Hipodroom,0,success,"{"total":0,"location_name":"Hipodroom","location_id":1}"
2026-09-21 23:30:44,+0300,3,T1,5,success,"{"total":5,"location_name":"T1 Shopping Mall","location_id":3}"
2026-09-21 23:30:44,+0300,9,Mustika,9,success,"{"total":9,"location_name":"Mustika","location_id":9}"
2026-09-21 23:30:44,+0300,10,Suur-Paala,0,success,"{"total":0,"location_name":"Suur-Paala","location_id":10}"
2026-09-21 23:32:45,+0300,1,Hipodroom,0,success,"{"total":0,"location_name":"Hipodroom","location_id":1}"
2026-09-21 23:32:45,+0300,3,T1,5,success,"{"total":5,"location_name":"T1 Shopping Mall","location_id":3}"
2026-09-21 23:32:45,+0300,9,Mustika,9,success,"{"total":9,"location_name":"Mustika","location_id":9}"
2026-09-21 23:32:45,+0300,10,Suur-Paala,0,success,"{"total":0,"location_name":"Suur-Paala","location_id":10}"
2026-09-21 23:34:46,+0300,1,Hipodroom,0,success,"{"total":0,"location_name":"Hipodroom","location_id":1}"
2026-09-21 23:34:46,+0300,3,T1,5,success,"{"total":5,"location_name":"T1 Shopping Mall","location_id":3}"
2026-09-21 23:34:46,+0300,9,Mustika,9,success,"{"total":9,"location_name":"Mustika","location_id":9}"
2026-09-21 23:34:46,+0300,10,Suur-Paala,0,success,"{"total":0,"location_name":"Suur-Paala","location_id":10}"
2026-09-21 23:36:46,+0300,1,Hipodroom,0,success,"{"total":0,"location_name":"Hipodroom","location_id":1}"
2026-09-21 23:36:46,+0300,3,T1,4,success,"{"total":4,"location_name":"T1 Shopping Mall","location_id":3}"
2026-09-21 23:36:46,+0300,9,Mustika,6,success,"{"total":6,"location_name":"Mustika","location_id":9}"
2026-09-21 23:36:46,+0300,10,Suur-Paala,0,success,"{"total":0,"location_name":"Suur-Paala","location_id":10}"
2026-09-21 23:38:47,+0300,1,Hipodroom,0,success,"{"total":0,"location_name":"Hipodroom","location_id":1}"
2026-09-21 23:38:47,+0300,3,T1,4,success,"{"total":4,"location_name":"T1 Shopping Mall","location_id":3}"
2026-09-21 23:38:47,+0300,9,Mustika,6,success,"{"total":6,"location_name":"Mustika","location_id":9}"
2026-09-21 23:38:47,+0300,10,Suur-Paala,0,success,"{"total":0,"location_name":"Suur-Paala","location_id":10}"
2026-09-21 23:40:48,+0300,1,Hipodroom,0,success,"{"total":0,"location_name":"Hipodroom","location_id":1}"
2026-09-21 23:40:48,+0300,3,T1,4,success,"{"total":4,"location_name":"T1 Shopping Mall","location_id":3}"
2026-09-21 23:40:48,+0300,9,Mustika,6,success,"{"total":6,"location_name":"Mustika","location_id":9}"
2026-09-21 23:40:48,+0300,10,Suur-Paala,0,success,"{"total":0,"location_name":"Suur-Paala","location_id":10}"
2026-09-21 23:42:48,+0300,1,Hipodroom,0,success,"{"total":0,"location_name":"Hipodroom","location_id":1}"
2026-09-21 23:42:48,+0300,3,T1,2,success,"{"total":2,"location_name":"T1 Shopping Mall","location_id":3}"
2026-09-21 23:42:48,+0300,9,Mustika,5,success,"{"total":5,"location_name":"Mustika","location_id":9}"
2026-09-21 23:42:48,+0300,10,Suur-Paala,0,success,"{"total":0,"location_name":"Suur-Paala","location_id":10}"
2026-09-21 23:44:49,+0300,1,Hipodroom,0,success,"{"total":0,"location_name":"Hipodroom","location_id":1}"
2026-09-21 23:44:49,+0300,3,T1,2,success,"{"total":2,"location_name":"T1 Shopping Mall","location_id":3}"
2026-09-21 23:44:49,+0300,9,Mustika,5,success,"{"total":5,"location_name":"Mustika","location_id":9}"
2026-09-21 23:44:49,+0300,10,Suur-Paala,0,success,"{"total":0,"location_name":"Suur-Paala","location_id":10}"
2026-09-21 23:46:51,+0300,1,Hipodroom,0,success,"{"total":0,"location_name":"Hipodroom","location_id":1}"
2026-09-21 23:46:51,+0300,3,T1,2,success,"{"total":2,"location_name":"T1 Shopping Mall","location_id":3}"
2026-09-21 23:46:51,+0300,9,Mustika,5,success,"{"total":5,"location_name":"Mustika","location_id":9}"
2026-09-21 23:46:51,+0300,10,Suur-Paala,0,success,"{"total":0,"location_name":"Suur-Paala","location_id":10}"
2026-09-21 23:48:51,+0300,1,Hipodroom,0,success,"{"total":0,"location_name":"Hipodroom","location_id":1}"
2026-09-21 23:48:51,+0300,3,T1,2,success,"{"total":2,"location_name":"T1 Shopping Mall","location_id":3}"
2026-09-21 23:48:51,+0300,9,Mustika,5,success,"{"total":5,"location_name":"Mustika","location_id":9}"
2026-09-21 23:48:51,+0300,10,Suur-Paala,0,success,"{"total":0,"location_name":"Suur-Paala","location_id":10}"
2026-09-21 23:50:52,+0300,1,Hipodroom,0,success,"{"total":0,"location_name":"Hipodroom","location_id":1}"
2026-09-21 23:50:52,+0300,3,T1,2,success,"{"total":2,"location_name":"T1 Shopping Mall","location_id":3}"
2026-09-21 23:50:52,+0300,9,Mustika,5,success,"{"total":5,"location_name":"Mustika","location_id":9}"
2026-09-21 23:50:52,+0300,10,Suur-Paala,0,success,"{"total":0,"location_name":"Suur-Paala","location_id":10}"
2026-09-21 23:52:53,+0300,1,Hipodroom,0,success,"{"total":0,"location_name":"Hipodroom","location_id":1}"
2026-09-21 23:52:53,+0300,3,T1,2,success,"{"total":2,"location_name":"T1 Shopping Mall","location_id":3}"
2026-09-21 23:52:53,+0300,9,Mustika,5,success,"{"total":5,"location_name":"Mustika","location_id":9}"
2026-09-21 23:52:53,+0300,10,Suur-Paala,0,success,"{"total":0,"location_name":"Suur-Paala","location_id":10}"
2026-09-21 23:54:54,+0300,1,Hipodroom,0,success,"{"total":0,"location_name":"Hipodroom","location_id":1}"
2026-09-21 23:54:54,+0300,3,T1,2,success,"{"total":2,"location_name":"T1 Shopping Mall","location_id":3}"
2026-09-21 23:54:54,+0300,9,Mustika,2,success,"{"total":2,"location_name":"Mustika","location_id":9}"
2026-09-21 23:54:54,+0300,10,Suur-Paala,0,success,"{"total":0,"location_name":"Suur-Paala","location_id":10}"
2026-09-21 23:56:55,+0300,1,Hipodroom,0,success,"{"total":0,"location_name":"Hipodroom","location_id":1}"
2026-09-21 23:56:55,+0300,3,T1,2,success,"{"total":2,"location_name":"T1 Shopping Mall","location_id":3}"
2026-09-21 23:56:55,+0300,9,Mustika,2,success,"{"total":2,"location_name":"Mustika","location_id":9}"
2026-09-21 23:56:55,+0300,10,Suur-Paala,0,success,"{"total":0,"location_name":"Suur-Paala","location_id":10}"
2026-09-21 23:58:55,+0300,1,Hipodroom,0,success,"{"total":0,"location_name":"Hipodroom","location_id":1}"
2026-09-21 23:58:55,+0300,3,T1,2,success,"{"total":2,"location_name":"T1 Shopping Mall","location_id":3}"
2026-09-21 23:58:55,+0300,9,Mustika,2,success,"{"total":2,"location_name":"Mustika","location_id":9}"
2026-09-21 23:58:55,+0300,10,Suur-Paala,0,success,"{"total":0,"location_name":"Suur-Paala","location_id":10}"
