timestamp,timezone,location_id,location_name,user_count,status,response
2026-09-24 00:01:52,+0300,1,Hipodroom,0,success,"{"total":0,"location_name":"Hipodroom","location_id":1}"
2026-09-24 00:01:52,+0300,3,T1,12,success,"{"total":12,"location_name":"T1 Shopping Mall","location_id":3}"
2026-09-24 00:01:52,+0300,9,Mustika,3,success,"{"total":3,"location_name":"Mustika","location_id":9}"
2026-09-24 00:01:52,+0300,10,Suur-Paala,2,success,"{"total":2,"location_name":"Suur-Paala","location_id":10}"
2026-09-24 00:03:54,+0300,1,Hipodroom,0,success,"{"total":0,"location_name":"Hipodroom","location_id":1}"
2026-09-24 00:03:54,+0300,3,T1,12,success,"{"total":12,"location_name":"T1 Shopping Mall","location_id":3}"
2026-09-24 00:03:54,+0300,9,Mustika,3,success,"{"total":3,"location_name":"Mustika","location_id":9}"
2026-09-24 00:03:54,+0300,10,Suur-Paala,2,success,"{"total":2,"location_name":"Suur-Paala","location_id":10}"
2026-09-24 00:05:54,+0300,1,Hipodroom,0,success,"{"total":0,"location_name":"Hipodroom","location_id":1}"
2026-09-24 00:05:54,+0300,3,T1,12,success,"{"total":12,"location_name":"T1 Shopping Mall","location_id":3}"
2026-09-24 00:05:54,+0300,9,Mustika,3,success,"{"total":3,"location_name":"Mustika","location_id":9}"
2026-09-24 00:05:54,+0300,10,Suur-Paala,2,success,"{"total":2,"location_name":"Suur-Paala","location_id":10}"
2026-09-24 00:07:55,+0300,1,Hipodroom,0,success,"{"total":0,"location_name":"Hipodroom","location_id":1}"
2026-09-24 00:07:55,+0300,3,T1,11,success,"{"total":11,"location_name":"T1 Shopping Mall","location_id":3}"
2026-09-24 00:07:55,+0300,9,Mustika,3,success,"{"total":3,"location_name":"Mustika","location_id":9}"
2026-09-24 00:07:55,+0300,10,Suur-Paala,2,success,"{"total":2,"location_name":"Suur-Paala","location_id":10}"
2026-09-24 00:09:56,+0300,1,Hipodroom,0,success,"{"total":0,"location_name":"Hipodroom","location_id":1}"
2026-09-24 00:09:56,+0300,3,T1,11,success,"{"total":11,"location_name":"T1 Shopping Mall","location_id":3}"
2026-09-24 00:09:56,+0300,9,Mustika,3,success,"{"total":3,"location_name":"Mustika","location_id":9}"
2026-09-24 00:09:56,+0300,10,Suur-Paala,2,success,"{"total":2,"location_name":"Suur-Paala","location_id":10}"
2026-09-24 00:11:56,+0300,1,Hipodroom,0,success,"{"total":0,"location_name":"Hipodroom","location_id":1}"
2026-09-24 00:11:56,+0300,3,T1,11,success,"{"total":11,"location_name":"T1 Shopping Mall","location_id":3}"
2026-09-24 00:11:56,+0300,9,Mustika,3,success,"{"total":3,"location_name":"Mustika","location_id":9}"
2026-09-24 00:11:56,+0300,10,Suur-Paala,2,success,"{"total":2,"location_name":"Suur-Paala","location_id":10}"
2026-09-24 00:13:57,+0300,1,Hipodroom,0,success,"{"total":0,"location_name":"Hipodroom","location_id":1}"
2026-09-24 00:13:57,+0300,3,T1,11,success,"{"total":11,"location_name":"T1 Shopping Mall","location_id":3}"
2026-09-24 00:13:57,+0300,9,Mustika,3,success,"{"total":3,"location_name":"Mustika","location_id":9}"
2026-09-24 00:13:57,+0300,10,Suur-Paala,2,success,"{"total":2,"location_name":"Suur-Paala","location_id":10}"
2026-09-24 00:15:58,+0300,1,Hipodroom,0,success,"{"total":0,"location_name":"Hipodroom","location_id":1}"
2026-09-24 00:15:58,+0300,3,T1,11,success,"{"total":11,"location_name":"T1 Shopping Mall","location_id":3}"
2026-09-24 00:15:58,+0300,9,Mustika,3,success,"{"total":3,"location_name":"Mustika","location_id":9}"
2026-09-24 00:15:58,+0300,10,Suur-Paala,2,success,"{"total":2,"location_name":"Suur-Paala","location_id":10}"
2026-09-24 00:17:58,+0300,1,Hipodroom,0,success,"{"total":0,"location_name":"Hipodroom","location_id":1}"
2026-09-24 00:17:58,+0300,3,T1,11,success,"{"total":11,"location_name":"T1 Shopping Mall","location_id":3}"
2026-09-24 00:17:58,+0300,9,Mustika,3,success,"{"total":3,"location_name":"Mustika","location_id":9}"
2026-09-24 00:17:58,+0300,10,Suur-Paala,1,success,"{"total":1,"location_name":"Suur-Paala","location_id":10}"
2026-09-24 00:19:59,+0300,1,Hipodroom,0,success,"{"total":0,"location_name":"Hipodroom","location_id":1}"
2026-09-24 00:19:59,+0300,3,T1,11,success,"{"total":11,"location_name":"T1 Shopping Mall","location_id":3}"
2026-09-24 00:19:59,+0300,9,Mustika,3,success,"{"total":3,"location_name":"Mustika","location_id":9}"
2026-09-24 00:19:59,+0300,10,Suur-Paala,1,success,"{"total":1,"location_name":"Suur-Paala","location_id":10}"
2026-09-24 00:22:00,+0300,1,Hipodroom,0,success,"{"total":0,"location_name":"Hipodroom","location_id":1}"
2026-09-24 00:22:00,+0300,3,T1,11,success,"{"total":11,"location_name":"T1 Shopping Mall","location_id":3}"
2026-09-24 00:22:00,+0300,9,Mustika,3,success,"{"total":3,"location_name":"Mustika","location_id":9}"
2026-09-24 00:22:00,+0300,10,Suur-Paala,1,success,"{"total":1,"location_name":"Suur-Paala","location_id":10}"
2026-09-24 00:24:01,+0300,1,Hipodroom,0,success,"{"total":0,"location_name":"Hipodroom","location_id":1}"
2026-09-24 00:24:01,+0300,3,T1,11,success,"{"total":11,"location_name":"T1 Shopping Mall","location_id":3}"
2026-09-24 00:24:01,+0300,9,Mustika,3,success,"{"total":3,"location_name":"Mustika","location_id":9}"
2026-09-24 00:24:01,+0300,10,Suur-Paala,0,success,"{"total":0,"location_name":"Suur-Paala","location_id":10}"
2026-09-24 00:26:01,+0300,1,Hipodroom,0,success,"{"total":0,"location_name":"Hipodroom","location_id":1}"
2026-09-24 00:26:01,+0300,3,T1,10,success,"{"total":10,"location_name":"T1 Shopping Mall","location_id":3}"
2026-09-24 00:26:01,+0300,9,Mustika,3,success,"{"total":3,"location_name":"Mustika","location_id":9}"
2026-09-24 00:26:01,+0300,10,Suur-Paala,0,success,"{"total":0,"location_name":"Suur-Paala","location_id":10}"
2026-09-24 00:28:02,+0300,1,Hipodroom,0,success,"{"total":0,"location_name":"Hipodroom","location_id":1}"
2026-09-24 00:28:02,+0300,3,T1,10,success,"{"total":10,"location_name":"T1 Shopping Mall","location_id":3}"
2026-09-24 00:28:02,+0300,9,Mustika,3,success,"{"total":3,"location_name":"Mustika","location_id":9}"
2026-09-24 00:28:02,+0300,10,Suur-Paala,0,success,"{"total":0,"location_name":"Suur-Paala","location_id":10}"
2026-09-24 00:30:03,+0300,1,Hipodroom,0,success,"{"total":0,"location_name":"Hipodroom","location_id":1}"
2026-09-24 00:30:03,+0300,3,T1,10,success,"{"total":10,"location_name":"T1 Shopping Mall","location_id":3}"
2026-09-24 00:30:03,+0300,9,Mustika,3,success,"{"total":3,"location_name":"Mustika","location_id":9}"
2026-09-24 00:30:03,+0300,10,Suur-Paala,0,success,"{"total":0,"location_name":"Suur-Paala","location_id":10}"
2026-09-24 00:32:04,+0300,1,Hipodroom,0,success,"{"total":0,"location_name":"Hipodroom","location_id":1}"
2026-09-24 00:32:04,+0300,3,T1,9,success,"{"total":9,"location_name":"T1 Shopping Mall","location_id":3}"
2026-09-24 00:32:04,+0300,9,Mustika,3,success,"{"total":3,"location_name":"Mustika","location_id":9}"
2026-09-24 00:32:04,+0300,10,Suur-Paala,0,success,"{"total":0,"location_name":"Suur-Paala","location_id":10}"
2026-09-24 00:34:04,+0300,1,Hipodroom,0,success,"{"total":0,"location_name":"Hipodroom","location_id":1}"
2026-09-24 00:34:04,+0300,3,T1,9,success,"{"total":9,"location_name":"T1 Shopping Mall","location_id":3}"
2026-09-24 00:34:04,+0300,9,Mustika,3,success,"{"total":3,"location_name":"Mustika","location_id":9}"
2026-09-24 00:34:04,+0300,10,Suur-Paala,0,success,"{"total":0,"location_name":"Suur-Paala","location_id":10}"
2026-09-24 00:36:05,+0300,1,Hipodroom,0,success,"{"total":0,"location_name":"Hipodroom","location_id":1}"
2026-09-24 00:36:05,+0300,3,T1,9,success,"{"total":9,"location_name":"T1 Shopping Mall","location_id":3}"
2026-09-24 00:36:05,+0300,9,Mustika,3,success,"{"total":3,"location_name":"Mustika","location_id":9}"
2026-09-24 00:36:05,+0300,10,Suur-Paala,0,success,"{"total":0,"location_name":"Suur-Paala","location_id":10}"
2026-09-24 00:38:06,+0300,1,Hipodroom,0,success,"{"total":0,"location_name":"Hipodroom","location_id":1}"
2026-09-24 00:38:06,+0300,3,T1,8,success,"{"total":8,"location_name":"T1 Shopping Mall","location_id":3}"
2026-09-24 00:38:06,+0300,9,Mustika,3,success,"{"total":3,"location_name":"Mustika","location_id":9}"
2026-09-24 00:38:06,+0300,10,Suur-Paala,0,success,"{"total":0,"location_name":"Suur-Paala","location_id":10}"
2026-09-24 00:40:07,+0300,1,Hipodroom,0,success,"{"total":0,"location_name":"Hipodroom","location_id":1}"
2026-09-24 00:40:07,+0300,3,T1,8,success,"{"total":8,"location_name":"T1 Shopping Mall","location_id":3}"
2026-09-24 00:40:07,+0300,9,Mustika,3,success,"{"total":3,"location_name":"Mustika","location_id":9}"
2026-09-24 00:40:07,+0300,10,Suur-Paala,0,success,"{"total":0,"location_name":"Suur-Paala","location_id":10}"
2026-09-24 00:42:07,+0300,1,Hipodroom,0,success,"{"total":0,"location_name":"Hipodroom","location_id":1}"
2026-09-24 00:42:07,+0300,3,T1,8,success,"{"total":8,"location_name":"T1 Shopping Mall","location_id":3}"
2026-09-24 00:42:07,+0300,9,Mustika,3,success,"{"total":3,"location_name":"Mustika","location_id":9}"
2026-09-24 00:42:07,+0300,10,Suur-Paala,0,success,"{"total":0,"location_name":"Suur-Paala","location_id":10}"
2026-09-24 00:44:08,+0300,1,Hipodroom,0,success,"{"total":0,"location_name":"Hipodroom","location_id":1}"
2026-09-24 00:44:08,+0300,3,T1,8,success,"{"total":8,"location_name":"T1 Shopping Mall","location_id":3}"
2026-09-24 00:44:08,+0300,9,Mustika,3,success,"{"total":3,"location_name":"Mustika","location_id":9}"
2026-09-24 00:44:08,+0300,10,Suur-Paala,0,success,"{"total":0,"location_name":"Suur-Paala","location_id":10}"
2026-09-24 00:46:09,+0300,1,Hipodroom,0,success,"{"total":0,"location_name":"Hipodroom","location_id":1}"
2026-09-24 00:46:09,+0300,3,T1,8,success,"{"total":8,"location_name":"T1 Shopping Mall","location_id":3}"
2026-09-24 00:46:09,+0300,9,Mustika,3,success,"{"total":3,"location_name":"Mustika","location_id":9}"
2026-09-24 00:46:09,+0300,10,Suur-Paala,0,success,"{"total":0,"location_name":"Suur-Paala","location_id":10}"
2026-09-24 00:48:09,+0300,1,Hipodroom,0,success,"{"total":0,"location_name":"Hipodroom","location_id":1}"
2026-09-24 00:48:09,+0300,3,T1,8,success,"{"total":8,"location_name":"T1 Shopping Mall","location_id":3}"
2026-09-24 00:48:09,+0300,9,Mustika,3,success,"{"total":3,"location_name":"Mustika","location_id":9}"
2026-09-24 00:48:09,+0300,10,Suur-Paala,0,success,"{"total":0,"location_name":"Suur-Paala","location_id":10}"
2026-09-24 00:50:10,+0300,1,Hipodroom,0,success,"{"total":0,"location_name":"Hipodroom","location_id":1}"
2026-09-24 00:50:10,+0300,3,T1,5,success,"{"total":5,"location_name":"T1 Shopping Mall","location_id":3}"
2026-09-24 00:50:10,+0300,9,Mustika,3,success,"{"total":3,"location_name":"Mustika","location_id":9}"
2026-09-24 00:50:10,+0300,10,Suur-Paala,0,success,"{"total":0,"location_name":"Suur-Paala","location_id":10}"
2026-09-24 00:52:11,+0300,1,Hipodroom,0,success,"{"total":0,"location_name":"Hipodroom","location_id":1}"
2026-09-24 00:52:11,+0300,3,T1,5,success,"{"total":5,"location_name":"T1 Shopping Mall","location_id":3}"
2026-09-24 00:52:11,+0300,9,Mustika,3,success,"{"total":3,"location_name":"Mustika","location_id":9}"
2026-09-24 00:52:11,+0300,10,Suur-Paala,0,success,"{"total":0,"location_name":"Suur-Paala","location_id":10}"
2026-09-24 00:54:12,+0300,1,Hipodroom,0,success,"{"total":0,"location_name":"Hipodroom","location_id":1}"
2026-09-24 00:54:12,+0300,3,T1,5,success,"{"total":5,"location_name":"T1 Shopping Mall","location_id":3}"
2026-09-24 00:54:12,+0300,9,Mustika,3,success,"{"total":3,"location_name":"Mustika","location_id":9}"
2026-09-24 00:54:12,+0300,10,Suur-Paala,0,success,"{"total":0,"location_name":"Suur-Paala","location_id":10}"
2026-09-24 00:56:12,+0300,1,Hipodroom,0,success,"{"total":0,"location_name":"Hipodroom","location_id":1}"
2026-09-24 00:56:12,+0300,3,T1,5,success,"{"total":5,"location_name":"T1 Shopping Mall","location_id":3}"
2026-09-24 00:56:12,+0300,9,Mustika,3,success,"{"total":3,"location_name":"Mustika","location_id":9}"
2026-09-24 00:56:12,+0300,10,Suur-Paala,0,success,"{"total":0,"location_name":"Suur-Paala","location_id":10}"
2026-09-24 00:58:13,+0300,1,Hipodroom,0,success,"{"total":0,"location_name":"Hipodroom","location_id":1}"
2026-09-24 00:58:13,+0300,3,T1,5,success,"{"total":5,"location_name":"T1 Shopping Mall","location_id":3}"
2026-09-24 00:58:13,+0300,9,Mustika,3,success,"{"total":3,"location_name":"Mustika","location_id":9}"
2026-09-24 00:58:13,+0300,10,Suur-Paala,0,success,"{"total":0,"location_name":"Suur-Paala","location_id":10}"
2026-09-24 01:00:14,+0300,1,Hipodroom,0,success,"{"total":0,"location_name":"Hipodroom","location_id":1}"
2026-09-24 01:00:14,+0300,3,T1,5,success,"{"total":5,"location_name":"T1 Shopping Mall","location_id":3}"
2026-09-24 01:00:14,+0300,9,Mustika,3,success,"{"total":3,"location_name":"Mustika","location_id":9}"
2026-09-24 01:00:14,+0300,10,Suur-Paala,0,success,"{"total":0,"location_name":"Suur-Paala","location_id":10}"
2026-09-24 01:02:14,+0300,1,Hipodroom,0,success,"{"total":0,"location_name":"Hipodroom","location_id":1}"
2026-09-24 01:02:14,+0300,3,T1,4,success,"{"total":4,"location_name":"T1 Shopping Mall","location_id":3}"
2026-09-24 01:02:14,+0300,9,Mustika,2,success,"{"total":2,"location_name":"Mustika","location_id":9}"
2026-09-24 01:02:14,+0300,10,Suur-Paala,0,success,"{"total":0,"location_name":"Suur-Paala","location_id":10}"
2026-09-24 01:04:15,+0300,1,Hipodroom,0,success,"{"total":0,"location_name":"Hipodroom","location_id":1}"
2026-09-24 01:04:15,+0300,3,T1,4,success,"{"total":4,"location_name":"T1 Shopping Mall","location_id":3}"
2026-09-24 01:04:15,+0300,9,Mustika,2,success,"{"total":2,"location_name":"Mustika","location_id":9}"
2026-09-24 01:04:15,+0300,10,Suur-Paala,0,success,"{"total":0,"location_name":"Suur-Paala","location_id":10}"
2026-09-24 01:06:16,+0300,1,Hipodroom,0,success,"{"total":0,"location_name":"Hipodroom","location_id":1}"
2026-09-24 01:06:16,+0300,3,T1,4,success,"{"total":4,"location_name":"T1 Shopping Mall","location_id":3}"
2026-09-24 01:06:16,+0300,9,Mustika,2,success,"{"total":2,"location_name":"Mustika","location_id":9}"
2026-09-24 01:06:16,+0300,10,Suur-Paala,0,success,"{"total":0,"location_name":"Suur-Paala","location_id":10}"
2026-09-24 01:08:17,+0300,1,Hipodroom,0,success,"{"total":0,"location_name":"Hipodroom","location_id":1}"
2026-09-24 01:08:17,+0300,3,T1,4,success,"{"total":4,"location_name":"T1 Shopping Mall","location_id":3}"
2026-09-24 01:08:17,+0300,9,Mustika,1,success,"{"total":1,"location_name":"Mustika","location_id":9}"
2026-09-24 01:08:17,+0300,10,Suur-Paala,0,success,"{"total":0,"location_name":"Suur-Paala","location_id":10}"
2026-09-24 01:10:17,+0300,1,Hipodroom,0,success,"{"total":0,"location_name":"Hipodroom","location_id":1}"
2026-09-24 01:10:17,+0300,3,T1,4,success,"{"total":4,"location_name":"T1 Shopping Mall","location_id":3}"
2026-09-24 01:10:17,+0300,9,Mustika,1,success,"{"total":1,"location_name":"Mustika","location_id":9}"
2026-09-24 01:10:17,+0300,10,Suur-Paala,0,success,"{"total":0,"location_name":"Suur-Paala","location_id":10}"
2026-09-24 01:12:18,+0300,1,Hipodroom,0,success,"{"total":0,"location_name":"Hipodroom","location_id":1}"
2026-09-24 01:12:18,+0300,3,T1,4,success,"{"total":4,"location_name":"T1 Shopping Mall","location_id":3}"
2026-09-24 01:12:18,+0300,9,Mustika,1,success,"{"total":1,"location_name":"Mustika","location_id":9}"
2026-09-24 01:12:18,+0300,10,Suur-Paala,0,success,"{"total":0,"location_name":"Suur-Paala","location_id":10}"
2026-09-24 01:14:18,+0300,1,Hipodroom,0,success,"{"total":0,"location_name":"Hipodroom","location_id":1}"
2026-09-24 01:14:18,+0300,3,T1,2,success,"{"total":2,"location_name":"T1 Shopping Mall","location_id":3}"
2026-09-24 01:14:18,+0300,9,Mustika,0,success,"{"total":0,"location_name":"Mustika","location_id":9}"
2026-09-24 01:14:18,+0300,10,Suur-Paala,0,success,"{"total":0,"location_name":"Suur-Paala","location_id":10}"
2026-09-24 01:16:19,+0300,1,Hipodroom,0,success,"{"total":0,"location_name":"Hipodroom","location_id":1}"
2026-09-24 01:16:19,+0300,3,T1,2,success,"{"total":2,"location_name":"T1 Shopping Mall","location_id":3}"
2026-09-24 01:16:19,+0300,9,Mustika,0,success,"{"total":0,"location_name":"Mustika","location_id":9}"
2026-09-24 01:16:19,+0300,10,Suur-Paala,0,success,"{"total":0,"location_name":"Suur-Paala","location_id":10}"
2026-09-24 01:18:20,+0300,1,Hipodroom,0,success,"{"total":0,"location_name":"Hipodroom","location_id":1}"
2026-09-24 01:18:20,+0300,3,T1,2,success,"{"total":2,"location_name":"T1 Shopping Mall","location_id":3}"
2026-09-24 01:18:20,+0300,9,Mustika,0,success,"{"total":0,"location_name":"Mustika","location_id":9}"
2026-09-24 01:18:20,+0300,10,Suur-Paala,0,success,"{"total":0,"location_name":"Suur-Paala","location_id":10}"
2026-09-24 01:20:20,+0300,1,Hipodroom,0,success,"{"total":0,"location_name":"Hipodroom","location_id":1}"
2026-09-24 01:20:20,+0300,3,T1,1,success,"{"total":1,"location_name":"T1 Shopping Mall","location_id":3}"
2026-09-24 01:20:20,+0300,9,Mustika,0,success,"{"total":0,"location_name":"Mustika","location_id":9}"
2026-09-24 01:20:20,+0300,10,Suur-Paala,0,success,"{"total":0,"location_name":"Suur-Paala","location_id":10}"
2026-09-24 01:22:21,+0300,1,Hipodroom,0,success,"{"total":0,"location_name":"Hipodroom","location_id":1}"
2026-09-24 01:22:21,+0300,3,T1,1,success,"{"total":1,"location_name":"T1 Shopping Mall","location_id":3}"
2026-09-24 01:22:21,+0300,9,Mustika,0,success,"{"total":0,"location_name":"Mustika","location_id":9}"
2026-09-24 01:22:21,+0300,10,Suur-Paala,0,success,"{"total":0,"location_name":"Suur-Paala","location_id":10}"
2026-09-24 01:24:22,+0300,1,Hipodroom,0,success,"{"total":0,"location_name":"Hipodroom","location_id":1}"
2026-09-24 01:24:22,+0300,3,T1,1,success,"{"total":1,"location_name":"T1 Shopping Mall","location_id":3}"
2026-09-24 01:24:22,+0300,9,Mustika,0,success,"{"total":0,"location_name":"Mustika","location_id":9}"
2026-09-24 01:24:22,+0300,10,Suur-Paala,0,success,"{"total":0,"location_name":"Suur-Paala","location_id":10}"
2026-09-24 01:26:22,+0300,1,Hipodroom,0,success,"{"total":0,"location_name":"Hipodroom","location_id":1}"
2026-09-24 01:26:22,+0300,3,T1,0,success,"{"total":0,"location_name":"T1 Shopping Mall","location_id":3}"
2026-09-24 01:26:22,+0300,9,Mustika,1,success,"{"total":1,"location_name":"Mustika","location_id":9}"
2026-09-24 01:26:22,+0300,10,Suur-Paala,0,success,"{"total":0,"location_name":"Suur-Paala","location_id":10}"
2026-09-24 01:28:23,+0300,1,Hipodroom,0,success,"{"total":0,"location_name":"Hipodroom","location_id":1}"
2026-09-24 01:28:23,+0300,3,T1,0,success,"{"total":0,"location_name":"T1 Shopping Mall","location_id":3}"
2026-09-24 01:28:23,+0300,9,Mustika,1,success,"{"total":1,"location_name":"Mustika","location_id":9}"
2026-09-24 01:28:23,+0300,10,Suur-Paala,0,success,"{"total":0,"location_name":"Suur-Paala","location_id":10}"
2026-09-24 01:30:24,+0300,1,Hipodroom,0,success,"{"total":0,"location_name":"Hipodroom","location_id":1}"
2026-09-24 01:30:24,+0300,3,T1,0,success,"{"total":0,"location_name":"T1 Shopping Mall","location_id":3}"
2026-09-24 01:30:24,+0300,9,Mustika,1,success,"{"total":1,"location_name":"Mustika","location_id":9}"
2026-09-24 01:30:24,+0300,10,Suur-Paala,0,success,"{"total":0,"location_name":"Suur-Paala","location_id":10}"
2026-09-24 01:32:25,+0300,1,Hipodroom,0,success,"{"total":0,"location_name":"Hipodroom","location_id":1}"
2026-09-24 01:32:25,+0300,3,T1,0,success,"{"total":0,"location_name":"T1 Shopping Mall","location_id":3}"
2026-09-24 01:32:25,+0300,9,Mustika,1,success,"{"total":1,"location_name":"Mustika","location_id":9}"
2026-09-24 01:32:25,+0300,10,Suur-Paala,0,success,"{"total":0,"location_name":"Suur-Paala","location_id":10}"
2026-09-24 01:34:25,+0300,1,Hipodroom,0,success,"{"total":0,"location_name":"Hipodroom","location_id":1}"
2026-09-24 01:34:25,+0300,3,T1,0,success,"{"total":0,"location_name":"T1 Shopping Mall","location_id":3}"
2026-09-24 01:34:25,+0300,9,Mustika,1,success,"{"total":1,"location_name":"Mustika","location_id":9}"
2026-09-24 01:34:25,+0300,10,Suur-Paala,0,success,"{"total":0,"location_name":"Suur-Paala","location_id":10}"
2026-09-24 01:36:26,+0300,1,Hipodroom,0,success,"{"total":0,"location_name":"Hipodroom","location_id":1}"
2026-09-24 01:36:26,+0300,3,T1,0,success,"{"total":0,"location_name":"T1 Shopping Mall","location_id":3}"
2026-09-24 01:36:26,+0300,9,Mustika,1,success,"{"total":1,"location_name":"Mustika","location_id":9}"
2026-09-24 01:36:26,+0300,10,Suur-Paala,0,success,"{"total":0,"location_name":"Suur-Paala","location_id":10}"
2026-09-24 01:38:27,+0300,1,Hipodroom,0,success,"{"total":0,"location_name":"Hipodroom","location_id":1}"
2026-09-24 01:38:27,+0300,3,T1,0,success,"{"total":0,"location_name":"T1 Shopping Mall","location_id":3}"
2026-09-24 01:38:27,+0300,9,Mustika,1,success,"{"total":1,"location_name":"Mustika","location_id":9}"
2026-09-24 01:38:27,+0300,10,Suur-Paala,0,success,"{"total":0,"location_name":"Suur-Paala","location_id":10}"
2026-09-24 01:40:27,+0300,1,Hipodroom,0,success,"{"total":0,"location_name":"Hipodroom","location_id":1}"
2026-09-24 01:40:27,+0300,3,T1,0,success,"{"total":0,"location_name":"T1 Shopping Mall","location_id":3}"
2026-09-24 01:40:27,+0300,9,Mustika,1,success,"{"total":1,"location_name":"Mustika","location_id":9}"
2026-09-24 01:40:27,+0300,10,Suur-Paala,0,success,"{"total":0,"location_name":"Suur-Paala","location_id":10}"
2026-09-24 01:42:28,+0300,1,Hipodroom,0,success,"{"total":0,"location_name":"Hipodroom","location_id":1}"
2026-09-24 01:42:28,+0300,3,T1,0,success,"{"total":0,"location_name":"T1 Shopping Mall","location_id":3}"
2026-09-24 01:42:28,+0300,9,Mustika,1,success,"{"total":1,"location_name":"Mustika","location_id":9}"
2026-09-24 01:42:28,+0300,10,Suur-Paala,0,success,"{"total":0,"location_name":"Suur-Paala","location_id":10}"
2026-09-24 01:44:29,+0300,1,Hipodroom,0,success,"{"total":0,"location_name":"Hipodroom","location_id":1}"
2026-09-24 01:44:29,+0300,3,T1,0,success,"{"total":0,"location_name":"T1 Shopping Mall","location_id":3}"
2026-09-24 01:44:29,+0300,9,Mustika,1,success,"{"total":1,"location_name":"Mustika","location_id":9}"
2026-09-24 01:44:29,+0300,10,Suur-Paala,0,success,"{"total":0,"location_name":"Suur-Paala","location_id":10}"
2026-09-24 01:46:30,+0300,1,Hipodroom,0,success,"{"total":0,"location_name":"Hipodroom","location_id":1}"
2026-09-24 01:46:30,+0300,3,T1,0,success,"{"total":0,"location_name":"T1 Shopping Mall","location_id":3}"
2026-09-24 01:46:30,+0300,9,Mustika,1,success,"{"total":1,"location_name":"Mustika","location_id":9}"
2026-09-24 01:46:30,+0300,10,Suur-Paala,0,success,"{"total":0,"location_name":"Suur-Paala","location_id":10}"
2026-09-24 01:48:30,+0300,1,Hipodroom,0,success,"{"total":0,"location_name":"Hipodroom","location_id":1}"
2026-09-24 01:48:30,+0300,3,T1,0,success,"{"total":0,"location_name":"T1 Shopping Mall","location_id":3}"
2026-09-24 01:48:30,+0300,9,Mustika,1,success,"{"total":1,"location_name":"Mustika","location_id":9}"
2026-09-24 01:48:30,+0300,10,Suur-Paala,0,success,"{"total":0,"location_name":"Suur-Paala","location_id":10}"
2026-09-24 01:50:31,+0300,1,Hipodroom,0,success,"{"total":0,"location_name":"Hipodroom","location_id":1}"
2026-09-24 01:50:31,+0300,3,T1,0,success,"{"total":0,"location_name":"T1 Shopping Mall","location_id":3}"
2026-09-24 01:50:31,+0300,9,Mustika,1,success,"{"total":1,"location_name":"Mustika","location_id":9}"
2026-09-24 01:50:31,+0300,10,Suur-Paala,0,success,"{"total":0,"location_name":"Suur-Paala","location_id":10}"
2026-09-24 01:52:32,+0300,1,Hipodroom,0,success,"{"total":0,"location_name":"Hipodroom","location_id":1}"
2026-09-24 01:52:32,+0300,3,T1,0,success,"{"total":0,"location_name":"T1 Shopping Mall","location_id":3}"
2026-09-24 01:52:32,+0300,9,Mustika,1,success,"{"total":1,"location_name":"Mustika","location_id":9}"
2026-09-24 01:52:32,+0300,10,Suur-Paala,0,success,"{"total":0,"location_name":"Suur-Paala","location_id":10}"
2026-09-24 01:54:33,+0300,1,Hipodroom,0,success,"{"total":0,"location_name":"Hipodroom","location_id":1}"
2026-09-24 01:54:33,+0300,3,T1,0,success,"{"total":0,"location_name":"T1 Shopping Mall","location_id":3}"
2026-09-24 01:54:33,+0300,9,Mustika,1,success,"{"total":1,"location_name":"Mustika","location_id":9}"
2026-09-24 01:54:33,+0300,10,Suur-Paala,0,success,"{"total":0,"location_name":"Suur-Paala","location_id":10}"
2026-09-24 01:56:33,+0300,1,Hipodroom,0,success,"{"total":0,"location_name":"Hipodroom","location_id":1}"
2026-09-24 01:56:33,+0300,3,T1,0,success,"{"total":0,"location_name":"T1 Shopping Mall","location_id":3}"
2026-09-24 01:56:33,+0300,9,Mustika,1,success,"{"total":1,"location_name":"Mustika","location_id":9}"
2026-09-24 01:56:33,+0300,10,Suur-Paala,0,success,"{"total":0,"location_name":"Suur-Paala","location_id":10}"
2026-09-24 01:58:34,+0300,1,Hipodroom,0,success,"{"total":0,"location_name":"Hipodroom","location_id":1}"
2026-09-24 01:58:34,+0300,3,T1,0,success,"{"total":0,"location_name":"T1 Shopping Mall","location_id":3}"
2026-09-24 01:58:34,+0300,9,Mustika,1,success,"{"total":1,"location_name":"Mustika","location_id":9}"
2026-09-24 01:58:34,+0300,10,Suur-Paala,0,success,"{"total":0,"location_name":"Suur-Paala","location_id":10}"
2026-09-24 02:00:35,+0300,1,Hipodroom,0,success,"{"total":0,"location_name":"Hipodroom","location_id":1}"
2026-09-24 02:00:35,+0300,3,T1,0,success,"{"total":0,"location_name":"T1 Shopping Mall","location_id":3}"
2026-09-24 02:00:35,+0300,9,Mustika,1,success,"{"total":1,"location_name":"Mustika","location_id":9}"
2026-09-24 02:00:35,+0300,10,Suur-Paala,0,success,"{"total":0,"location_name":"Suur-Paala","location_id":10}"
2026-09-24 02:02:35,+0300,1,Hipodroom,0,success,"{"total":0,"location_name":"Hipodroom","location_id":1}"
2026-09-24 02:02:35,+0300,3,T1,0,success,"{"total":0,"location_name":"T1 Shopping Mall","location_id":3}"
2026-09-24 02:02:35,+0300,9,Mustika,1,success,"{"total":1,"location_name":"Mustika","location_id":9}"
2026-09-24 02:02:35,+0300,10,Suur-Paala,0,success,"{"total":0,"location_name":"Suur-Paala","location_id":10}"
2026-09-24 02:04:36,+0300,1,Hipodroom,0,success,"{"total":0,"location_name":"Hipodroom","location_id":1}"
2026-09-24 02:04:36,+0300,3,T1,0,success,"{"total":0,"location_name":"T1 Shopping Mall","location_id":3}"
2026-09-24 02:04:36,+0300,9,Mustika,1,success,"{"total":1,"location_name":"Mustika","location_id":9}"
2026-09-24 02:04:36,+0300,10,Suur-Paala,0,success,"{"total":0,"location_name":"Suur-Paala","location_id":10}"
2026-09-24 02:06:37,+0300,1,Hipodroom,0,success,"{"total":0,"location_name":"Hipodroom","location_id":1}"
2026-09-24 02:06:37,+0300,3,T1,0,success,"{"total":0,"location_name":"T1 Shopping Mall","location_id":3}"
2026-09-24 02:06:37,+0300,9,Mustika,1,success,"{"total":1,"location_name":"Mustika","location_id":9}"
2026-09-24 02:06:37,+0300,10,Suur-Paala,0,success,"{"total":0,"location_name":"Suur-Paala","location_id":10}"
2026-09-24 02:08:37,+0300,1,Hipodroom,0,success,"{"total":0,"location_name":"Hipodroom","location_id":1}"
2026-09-24 02:08:37,+0300,3,T1,0,success,"{"total":0,"location_name":"T1 Shopping Mall","location_id":3}"
2026-09-24 02:08:37,+0300,9,Mustika,1,success,"{"total":1,"location_name":"Mustika","location_id":9}"
2026-09-24 02:08:37,+0300,10,Suur-Paala,0,success,"{"total":0,"location_name":"Suur-Paala","location_id":10}"
2026-09-24 02:10:38,+0300,1,Hipodroom,0,success,"{"total":0,"location_name":"Hipodroom","location_id":1}"
2026-09-24 02:10:38,+0300,3,T1,0,success,"{"total":0,"location_name":"T1 Shopping Mall","location_id":3}"
2026-09-24 02:10:38,+0300,9,Mustika,1,success,"{"total":1,"location_name":"Mustika","location_id":9}"
2026-09-24 02:10:38,+0300,10,Suur-Paala,0,success,"{"total":0,"location_name":"Suur-Paala","location_id":10}"
2026-09-24 02:12:39,+0300,1,Hipodroom,0,success,"{"total":0,"location_name":"Hipodroom","location_id":1}"
2026-09-24 02:12:39,+0300,3,T1,0,success,"{"total":0,"location_name":"T1 Shopping Mall","location_id":3}"
2026-09-24 02:12:39,+0300,9,Mustika,1,success,"{"total":1,"location_name":"Mustika","location_id":9}"
2026-09-24 02:12:39,+0300,10,Suur-Paala,0,success,"{"total":0,"location_name":"Suur-Paala","location_id":10}"
2026-09-24 02:14:39,+0300,1,Hipodroom,0,success,"{"total":0,"location_name":"Hipodroom","location_id":1}"
2026-09-24 02:14:39,+0300,3,T1,0,success,"{"total":0,"location_name":"T1 Shopping Mall","location_id":3}"
2026-09-24 02:14:39,+0300,9,Mustika,1,success,"{"total":1,"location_name":"Mustika","location_id":9}"
2026-09-24 02:14:39,+0300,10,Suur-Paala,0,success,"{"total":0,"location_name":"Suur-Paala","location_id":10}"
2026-09-24 02:16:40,+0300,1,Hipodroom,0,success,"{"total":0,"location_name":"Hipodroom","location_id":1}"
2026-09-24 02:16:40,+0300,3,T1,0,success,"{"total":0,"location_name":"T1 Shopping Mall","location_id":3}"
2026-09-24 02:16:40,+0300,9,Mustika,1,success,"{"total":1,"location_name":"Mustika","location_id":9}"
2026-09-24 02:16:40,+0300,10,Suur-Paala,0,success,"{"total":0,"location_name":"Suur-Paala","location_id":10}"
2026-09-24 02:18:41,+0300,1,Hipodroom,0,success,"{"total":0,"location_name":"Hipodroom","location_id":1}"
2026-09-24 02:18:41,+0300,3,T1,0,success,"{"total":0,"location_name":"T1 Shopping Mall","location_id":3}"
2026-09-24 02:18:41,+0300,9,Mustika,1,success,"{"total":1,"location_name":"Mustika","location_id":9}"
2026-09-24 02:18:41,+0300,10,Suur-Paala,0,success,"{"total":0,"location_name":"Suur-Paala","location_id":10}"
2026-09-24 02:20:42,+0300,1,Hipodroom,0,success,"{"total":0,"location_name":"Hipodroom","location_id":1}"
2026-09-24 02:20:42,+0300,3,T1,0,success,"{"total":0,"location_name":"T1 Shopping Mall","location_id":3}"
2026-09-24 02:20:42,+0300,9,Mustika,1,success,"{"total":1,"location_name":"Mustika","location_id":9}"
2026-09-24 02:20:42,+0300,10,Suur-Paala,0,success,"{"total":0,"location_name":"Suur-Paala","location_id":10}"
2026-09-24 02:22:43,+0300,1,Hipodroom,0,success,"{"total":0,"location_name":"Hipodroom","location_id":1}"
2026-09-24 02:22:43,+0300,3,T1,0,success,"{"total":0,"location_name":"T1 Shopping Mall","location_id":3}"
2026-09-24 02:22:43,+0300,9,Mustika,1,success,"{"total":1,"location_name":"Mustika","location_id":9}"
2026-09-24 02:22:43,+0300,10,Suur-Paala,0,success,"{"total":0,"location_name":"Suur-Paala","location_id":10}"
2026-09-24 02:24:43,+0300,1,Hipodroom,0,success,"{"total":0,"location_name":"Hipodroom","location_id":1}"
2026-09-24 02:24:43,+0300,3,T1,0,success,"{"total":0,"location_name":"T1 Shopping Mall","location_id":3}"
2026-09-24 02:24:43,+0300,9,Mustika,1,success,"{"total":1,"location_name":"Mustika","location_id":9}"
2026-09-24 02:24:43,+0300,10,Suur-Paala,0,success,"{"total":0,"location_name":"Suur-Paala","location_id":10}"
2026-09-24 02:26:44,+0300,1,Hipodroom,0,success,"{"total":0,"location_name":"Hipodroom","location_id":1}"
2026-09-24 02:26:44,+0300,3,T1,0,success,"{"total":0,"location_name":"T1 Shopping Mall","location_id":3}"
2026-09-24 02:26:44,+0300,9,Mustika,1,success,"{"total":1,"location_name":"Mustika","location_id":9}"
2026-09-24 02:26:44,+0300,10,Suur-Paala,0,success,"{"total":0,"location_name":"Suur-Paala","location_id":10}"
2026-09-24 02:28:45,+0300,1,Hipodroom,0,success,"{"total":0,"location_name":"Hipodroom","location_id":1}"
2026-09-24 02:28:45,+0300,3,T1,0,success,"{"total":0,"location_name":"T1 Shopping Mall","location_id":3}"
2026-09-24 02:28:45,+0300,9,Mustika,1,success,"{"total":1,"location_name":"Mustika","location_id":9}"
2026-09-24 02:28:45,+0300,10,Suur-Paala,0,success,"{"total":0,"location_name":"Suur-Paala","location_id":10}"
2026-09-24 02:30:45,+0300,1,Hipodroom,0,success,"{"total":0,"location_name":"Hipodroom","location_id":1}"
2026-09-24 02:30:45,+0300,3,T1,0,success,"{"total":0,"location_name":"T1 Shopping Mall","location_id":3}"
2026-09-24 02:30:45,+0300,9,Mustika,1,success,"{"total":1,"location_name":"Mustika","location_id":9}"
2026-09-24 02:30:45,+0300,10,Suur-Paala,0,success,"{"total":0,"location_name":"Suur-Paala","location_id":10}"
2026-09-24 02:32:46,+0300,1,Hipodroom,0,success,"{"total":0,"location_name":"Hipodroom","location_id":1}"
2026-09-24 02:32:46,+0300,3,T1,0,success,"{"total":0,"location_name":"T1 Shopping Mall","location_id":3}"
2026-09-24 02:32:46,+0300,9,Mustika,1,success,"{"total":1,"location_name":"Mustika","location_id":9}"
2026-09-24 02:32:46,+0300,10,Suur-Paala,0,success,"{"total":0,"location_name":"Suur-Paala","location_id":10}"
2026-09-24 02:34:47,+0300,1,Hipodroom,0,success,"{"total":0,"location_name":"Hipodroom","location_id":1}"
2026-09-24 02:34:47,+0300,3,T1,0,success,"{"total":0,"location_name":"T1 Shopping Mall","location_id":3}"
2026-09-24 02:34:47,+0300,9,Mustika,1,success,"{"total":1,"location_name":"Mustika","location_id":9}"
2026-09-24 02:34:47,+0300,10,Suur-Paala,0,success,"{"total":0,"location_name":"Suur-Paala","location_id":10}"
2026-09-24 02:36:47,+0300,1,Hipodroom,0,success,"{"total":0,"location_name":"Hipodroom","location_id":1}"
2026-09-24 02:36:47,+0300,3,T1,0,success,"{"total":0,"location_name":"T1 Shopping Mall","location_id":3}"
2026-09-24 02:36:47,+0300,9,Mustika,1,success,"{"total":1,"location_name":"Mustika","location_id":9}"
2026-09-24 02:36:47,+0300,10,Suur-Paala,0,success,"{"total":0,"location_name":"Suur-Paala","location_id":10}"
2026-09-24 02:38:48,+0300,1,Hipodroom,0,success,"{"total":0,"location_name":"Hipodroom","location_id":1}"
2026-09-24 02:38:48,+0300,3,T1,0,success,"{"total":0,"location_name":"T1 Shopping Mall","location_id":3}"
2026-09-24 02:38:48,+0300,9,Mustika,1,success,"{"total":1,"location_name":"Mustika","location_id":9}"
2026-09-24 02:38:48,+0300,10,Suur-Paala,0,success,"{"total":0,"location_name":"Suur-Paala","location_id":10}"
2026-09-24 02:40:49,+0300,1,Hipodroom,0,success,"{"total":0,"location_name":"Hipodroom","location_id":1}"
2026-09-24 02:40:49,+0300,3,T1,0,success,"{"total":0,"location_name":"T1 Shopping Mall","location_id":3}"
2026-09-24 02:40:49,+0300,9,Mustika,1,success,"{"total":1,"location_name":"Mustika","location_id":9}"
2026-09-24 02:40:49,+0300,10,Suur-Paala,0,success,"{"total":0,"location_name":"Suur-Paala","location_id":10}"
2026-09-24 02:42:49,+0300,1,Hipodroom,0,success,"{"total":0,"location_name":"Hipodroom","location_id":1}"
2026-09-24 02:42:49,+0300,3,T1,0,success,"{"total":0,"location_name":"T1 Shopping Mall","location_id":3}"
2026-09-24 02:42:49,+0300,9,Mustika,1,success,"{"total":1,"location_name":"Mustika","location_id":9}"
2026-09-24 02:42:49,+0300,10,Suur-Paala,0,success,"{"total":0,"location_name":"Suur-Paala","location_id":10}"
2026-09-24 02:44:50,+0300,1,Hipodroom,0,success,"{"total":0,"location_name":"Hipodroom","location_id":1}"
2026-09-24 02:44:50,+0300,3,T1,0,success,"{"total":0,"location_name":"T1 Shopping Mall","location_id":3}"
2026-09-24 02:44:50,+0300,9,Mustika,1,success,"{"total":1,"location_name":"Mustika","location_id":9}"
2026-09-24 02:44:50,+0300,10,Suur-Paala,0,success,"{"total":0,"location_name":"Suur-Paala","location_id":10}"
2026-09-24 02:46:51,+0300,1,Hipodroom,0,success,"{"total":0,"location_name":"Hipodroom","location_id":1}"
2026-09-24 02:46:51,+0300,3,T1,0,success,"{"total":0,"location_name":"T1 Shopping Mall","location_id":3}"
2026-09-24 02:46:51,+0300,9,Mustika,1,success,"{"total":1,"location_name":"Mustika","location_id":9}"
2026-09-24 02:46:51,+0300,10,Suur-Paala,0,success,"{"total":0,"location_name":"Suur-Paala","location_id":10}"
2026-09-24 02:48:51,+0300,1,Hipodroom,0,success,"{"total":0,"location_name":"Hipodroom","location_id":1}"
2026-09-24 02:48:51,+0300,3,T1,0,success,"{"total":0,"location_name":"T1 Shopping Mall","location_id":3}"
2026-09-24 02:48:51,+0300,9,Mustika,1,success,"{"total":1,"location_name":"Mustika","location_id":9}"
2026-09-24 02:48:51,+0300,10,Suur-Paala,0,success,"{"total":0,"location_name":"Suur-Paala","location_id":10}"
2026-09-24 02:50:52,+0300,1,Hipodroom,0,success,"{"total":0,"location_name":"Hipodroom","location_id":1}"
2026-09-24 02:50:52,+0300,3,T1,0,success,"{"total":0,"location_name":"T1 Shopping Mall","location_id":3}"
2026-09-24 02:50:52,+0300,9,Mustika,1,success,"{"total":1,"location_name":"Mustika","location_id":9}"
2026-09-24 02:50:52,+0300,10,Suur-Paala,0,success,"{"total":0,"location_name":"Suur-Paala","location_id":10}"
2026-09-24 02:52:53,+0300,1,Hipodroom,0,success,"{"total":0,"location_name":"Hipodroom","location_id":1}"
2026-09-24 02:52:53,+0300,3,T1,0,success,"{"total":0,"location_name":"T1 Shopping Mall","location_id":3}"
2026-09-24 02:52:53,+0300,9,Mustika,1,success,"{"total":1,"location_name":"Mustika","location_id":9}"
2026-09-24 02:52:53,+0300,10,Suur-Paala,0,success,"{"total":0,"location_name":"Suur-Paala","location_id":10}"
2026-09-24 02:54:54,+0300,1,Hipodroom,0,success,"{"total":0,"location_name":"Hipodroom","location_id":1}"
2026-09-24 02:54:54,+0300,3,T1,0,success,"{"total":0,"location_name":"T1 Shopping Mall","location_id":3}"
2026-09-24 02:54:54,+0300,9,Mustika,1,success,"{"total":1,"location_name":"Mustika","location_id":9}"
2026-09-24 02:54:54,+0300,10,Suur-Paala,0,success,"{"total":0,"location_name":"Suur-Paala","location_id":10}"
2026-09-24 02:56:54,+0300,1,Hipodroom,0,success,"{"total":0,"location_name":"Hipodroom","location_id":1}"
2026-09-24 02:56:54,+0300,3,T1,0,success,"{"total":0,"location_name":"T1 Shopping Mall","location_id":3}"
2026-09-24 02:56:54,+0300,9,Mustika,1,success,"{"total":1,"location_name":"Mustika","location_id":9}"
2026-09-24 02:56:54,+0300,10,Suur-Paala,0,success,"{"total":0,"location_name":"Suur-Paala","location_id":10}"
2026-09-24 02:58:55,+0300,1,Hipodroom,0,success,"{"total":0,"location_name":"Hipodroom","location_id":1}"
2026-09-24 02:58:55,+0300,3,T1,0,success,"{"total":0,"location_name":"T1 Shopping Mall","location_id":3}"
2026-09-24 02:58:55,+0300,9,Mustika,1,success,"{"total":1,"location_name":"Mustika","location_id":9}"
2026-09-24 02:58:55,+0300,10,Suur-Paala,0,success,"{"total":0,"location_name":"Suur-Paala","location_id":10}"
2026-09-24 03:00:56,+0300,1,Hipodroom,0,success,"{"total":0,"location_name":"Hipodroom","location_id":1}"
2026-09-24 03:00:56,+0300,3,T1,0,success,"{"total":0,"location_name":"T1 Shopping Mall","location_id":3}"
2026-09-24 03:00:56,+0300,9,Mustika,0,success,"{"total":0,"location_name":"Mustika","location_id":9}"
2026-09-24 03:00:56,+0300,10,Suur-Paala,0,success,"{"total":0,"location_name":"Suur-Paala","location_id":10}"
2026-09-24 03:02:56,+0300,1,Hipodroom,0,success,"{"total":0,"location_name":"Hipodroom","location_id":1}"
2026-09-24 03:02:56,+0300,3,T1,0,success,"{"total":0,"location_name":"T1 Shopping Mall","location_id":3}"
2026-09-24 03:02:56,+0300,9,Mustika,0,success,"{"total":0,"location_name":"Mustika","location_id":9}"
2026-09-24 03:02:56,+0300,10,Suur-Paala,0,success,"{"total":0,"location_name":"Suur-Paala","location_id":10}"
2026-09-24 03:04:57,+0300,1,Hipodroom,0,success,"{"total":0,"location_name":"Hipodroom","location_id":1}"
2026-09-24 03:04:57,+0300,3,T1,0,success,"{"total":0,"location_name":"T1 Shopping Mall","location_id":3}"
2026-09-24 03:04:57,+0300,9,Mustika,0,success,"{"total":0,"location_name":"Mustika","location_id":9}"
2026-09-24 03:04:57,+0300,10,Suur-Paala,0,success,"{"total":0,"location_name":"Suur-Paala","location_id":10}"
2026-09-24 03:06:57,+0300,1,Hipodroom,0,success,"{"total":0,"location_name":"Hipodroom","location_id":1}"
2026-09-24 03:06:57,+0300,3,T1,0,success,"{"total":0,"location_name":"T1 Shopping Mall","location_id":3}"
2026-09-24 03:06:57,+0300,9,Mustika,0,success,"{"total":0,"location_name":"Mustika","location_id":9}"
2026-09-24 03:06:57,+0300,10,Suur-Paala,0,success,"{"total":0,"location_name":"Suur-Paala","location_id":10}"
2026-09-24 03:08:58,+0300,1,Hipodroom,0,success,"{"total":0,"location_name":"Hipodroom","location_id":1}"
2026-09-24 03:08:58,+0300,3,T1,0,success,"{"total":0,"location_name":"T1 Shopping Mall","location_id":3}"
2026-09-24 03:08:58,+0300,9,Mustika,0,success,"{"total":0,"location_name":"Mustika","location_id":9}"
2026-09-24 03:08:58,+0300,10,Suur-Paala,0,success,"{"total":0,"location_name":"Suur-Paala","location_id":10}"
2026-09-24 03:10:58,+0300,1,Hipodroom,0,success,"{"total":0,"location_name":"Hipodroom","location_id":1}"
2026-09-24 03:10:58,+0300,3,T1,0,success,"{"total":0,"location_name":"T1 Shopping Mall","location_id":3}"
2026-09-24 03:10:58,+0300,9,Mustika,0,success,"{"total":0,"location_name":"Mustika","location_id":9}"
2026-09-24 03:10:58,+0300,10,Suur-Paala,0,success,"{"total":0,"location_name":"Suur-Paala","location_id":10}"
2026-09-24 03:12:59,+0300,1,Hipodroom,0,success,"{"total":0,"location_name":"Hipodroom","location_id":1}"
2026-09-24 03:12:59,+0300,3,T1,0,success,"{"total":0,"location_name":"T1 Shopping Mall","location_id":3}"
2026-09-24 03:12:59,+0300,9,Mustika,0,success,"{"total":0,"location_name":"Mustika","location_id":9}"
2026-09-24 03:12:59,+0300,10,Suur-Paala,0,success,"{"total":0,"location_name":"Suur-Paala","location_id":10}"
2026-09-24 03:15:00,+0300,1,Hipodroom,0,success,"{"total":0,"location_name":"Hipodroom","location_id":1}"
2026-09-24 03:15:00,+0300,3,T1,0,success,"{"total":0,"location_name":"T1 Shopping Mall","location_id":3}"
2026-09-24 03:15:00,+0300,9,Mustika,0,success,"{"total":0,"location_name":"Mustika","location_id":9}"
2026-09-24 03:15:00,+0300,10,Suur-Paala,0,success,"{"total":0,"location_name":"Suur-Paala","location_id":10}"
2026-09-24 03:17:00,+0300,1,Hipodroom,0,success,"{"total":0,"location_name":"Hipodroom","location_id":1}"
2026-09-24 03:17:00,+0300,3,T1,0,success,"{"total":0,"location_name":"T1 Shopping Mall","location_id":3}"
2026-09-24 03:17:00,+0300,9,Mustika,0,success,"{"total":0,"location_name":"Mustika","location_id":9}"
2026-09-24 03:17:00,+0300,10,Suur-Paala,0,success,"{"total":0,"location_name":"Suur-Paala","location_id":10}"
2026-09-24 03:19:01,+0300,1,Hipodroom,0,success,"{"total":0,"location_name":"Hipodroom","location_id":1}"
2026-09-24 03:19:01,+0300,3,T1,0,success,"{"total":0,"location_name":"T1 Shopping Mall","location_id":3}"
2026-09-24 03:19:01,+0300,9,Mustika,0,success,"{"total":0,"location_name":"Mustika","location_id":9}"
2026-09-24 03:19:01,+0300,10,Suur-Paala,0,success,"{"total":0,"location_name":"Suur-Paala","location_id":10}"
2026-09-24 03:21:01,+0300,1,Hipodroom,0,success,"{"total":0,"location_name":"Hipodroom","location_id":1}"
2026-09-24 03:21:01,+0300,3,T1,0,success,"{"total":0,"location_name":"T1 Shopping Mall","location_id":3}"
2026-09-24 03:21:01,+0300,9,Mustika,0,success,"{"total":0,"location_name":"Mustika","location_id":9}"
2026-09-24 03:21:01,+0300,10,Suur-Paala,0,success,"{"total":0,"location_name":"Suur-Paala","location_id":10}"
2026-09-24 03:23:02,+0300,1,Hipodroom,0,success,"{"total":0,"location_name":"Hipodroom","location_id":1}"
2026-09-24 03:23:02,+0300,3,T1,0,success,"{"total":0,"location_name":"T1 Shopping Mall","location_id":3}"
2026-09-24 03:23:02,+0300,9,Mustika,0,success,"{"total":0,"location_name":"Mustika","location_id":9}"
2026-09-24 03:23:02,+0300,10,Suur-Paala,0,success,"{"total":0,"location_name":"Suur-Paala","location_id":10}"
2026-09-24 03:25:02,+0300,1,Hipodroom,0,success,"{"total":0,"location_name":"Hipodroom","location_id":1}"
2026-09-24 03:25:02,+0300,3,T1,0,success,"{"total":0,"location_name":"T1 Shopping Mall","location_id":3}"
2026-09-24 03:25:02,+0300,9,Mustika,0,success,"{"total":0,"location_name":"Mustika","location_id":9}"
2026-09-24 03:25:02,+0300,10,Suur-Paala,0,success,"{"total":0,"location_name":"Suur-Paala","location_id":10}"
2026-09-24 03:27:03,+0300,1,Hipodroom,0,success,"{"total":0,"location_name":"Hipodroom","location_id":1}"
2026-09-24 03:27:03,+0300,3,T1,0,success,"{"total":0,"location_name":"T1 Shopping Mall","location_id":3}"
2026-09-24 03:27:03,+0300,9,Mustika,0,success,"{"total":0,"location_name":"Mustika","location_id":9}"
2026-09-24 03:27:03,+0300,10,Suur-Paala,0,success,"{"total":0,"location_name":"Suur-Paala","location_id":10}"
2026-09-24 03:29:04,+0300,1,Hipodroom,0,success,"{"total":0,"location_name":"Hipodroom","location_id":1}"
2026-09-24 03:29:04,+0300,3,T1,0,success,"{"total":0,"location_name":"T1 Shopping Mall","location_id":3}"
2026-09-24 03:29:04,+0300,9,Mustika,0,success,"{"total":0,"location_name":"Mustika","location_id":9}"
2026-09-24 03:29:04,+0300,10,Suur-Paala,0,success,"{"total":0,"location_name":"Suur-Paala","location_id":10}"
2026-09-24 03:31:04,+0300,1,Hipodroom,0,success,"{"total":0,"location_name":"Hipodroom","location_id":1}"
2026-09-24 03:31:04,+0300,3,T1,0,success,"{"total":0,"location_name":"T1 Shopping Mall","location_id":3}"
2026-09-24 03:31:04,+0300,9,Mustika,0,success,"{"total":0,"location_name":"Mustika","location_id":9}"
2026-09-24 03:31:04,+0300,10,Suur-Paala,0,success,"{"total":0,"location_name":"Suur-Paala","location_id":10}"
2026-09-24 03:33:05,+0300,1,Hipodroom,0,success,"{"total":0,"location_name":"Hipodroom","location_id":1}"
2026-09-24 03:33:05,+0300,3,T1,0,success,"{"total":0,"location_name":"T1 Shopping Mall","location_id":3}"
2026-09-24 03:33:05,+0300,9,Mustika,0,success,"{"total":0,"location_name":"Mustika","location_id":9}"
2026-09-24 03:33:05,+0300,10,Suur-Paala,0,success,"{"total":0,"location_name":"Suur-Paala","location_id":10}"
2026-09-24 03:35:05,+0300,1,Hipodroom,0,success,"{"total":0,"location_name":"Hipodroom","location_id":1}"
2026-09-24 03:35:05,+0300,3,T1,0,success,"{"total":0,"location_name":"T1 Shopping Mall","location_id":3}"
2026-09-24 03:35:05,+0300,9,Mustika,0,success,"{"total":0,"location_name":"Mustika","location_id":9}"
2026-09-24 03:35:05,+0300,10,Suur-Paala,0,success,"{"total":0,"location_name":"Suur-Paala","location_id":10}"
2026-09-24 03:37:06,+0300,1,Hipodroom,0,success,"{"total":0,"location_name":"Hipodroom","location_id":1}"
2026-09-24 03:37:06,+0300,3,T1,0,success,"{"total":0,"location_name":"T1 Shopping Mall","location_id":3}"
2026-09-24 03:37:06,+0300,9,Mustika,0,success,"{"total":0,"location_name":"Mustika","location_id":9}"
2026-09-24 03:37:06,+0300,10,Suur-Paala,0,success,"{"total":0,"location_name":"Suur-Paala","location_id":10}"
2026-09-24 03:39:06,+0300,1,Hipodroom,0,success,"{"total":0,"location_name":"Hipodroom","location_id":1}"
2026-09-24 03:39:06,+0300,3,T1,0,success,"{"total":0,"location_name":"T1 Shopping Mall","location_id":3}"
2026-09-24 03:39:06,+0300,9,Mustika,0,success,"{"total":0,"location_name":"Mustika","location_id":9}"
2026-09-24 03:39:06,+0300,10,Suur-Paala,0,success,"{"total":0,"location_name":"Suur-Paala","location_id":10}"
2026-09-24 03:41:07,+0300,1,Hipodroom,0,success,"{"total":0,"location_name":"Hipodroom","location_id":1}"
2026-09-24 03:41:07,+0300,3,T1,0,success,"{"total":0,"location_name":"T1 Shopping Mall","location_id":3}"
2026-09-24 03:41:07,+0300,9,Mustika,0,success,"{"total":0,"location_name":"Mustika","location_id":9}"
2026-09-24 03:41:07,+0300,10,Suur-Paala,0,success,"{"total":0,"location_name":"Suur-Paala","location_id":10}"
2026-09-24 03:43:08,+0300,1,Hipodroom,0,success,"{"total":0,"location_name":"Hipodroom","location_id":1}"
2026-09-24 03:43:08,+0300,3,T1,0,success,"{"total":0,"location_name":"T1 Shopping Mall","location_id":3}"
2026-09-24 03:43:08,+0300,9,Mustika,0,success,"{"total":0,"location_name":"Mustika","location_id":9}"
2026-09-24 03:43:08,+0300,10,Suur-Paala,0,success,"{"total":0,"location_name":"Suur-Paala","location_id":10}"
2026-09-24 03:45:08,+0300,1,Hipodroom,0,success,"{"total":0,"location_name":"Hipodroom","location_id":1}"
2026-09-24 03:45:08,+0300,3,T1,0,success,"{"total":0,"location_name":"T1 Shopping Mall","location_id":3}"
2026-09-24 03:45:08,+0300,9,Mustika,0,success,"{"total":0,"location_name":"Mustika","location_id":9}"
2026-09-24 03:45:08,+0300,10,Suur-Paala,0,success,"{"total":0,"location_name":"Suur-Paala","location_id":10}"
2026-09-24 03:47:09,+0300,1,Hipodroom,0,success,"{"total":0,"location_name":"Hipodroom","location_id":1}"
2026-09-24 03:47:09,+0300,3,T1,0,success,"{"total":0,"location_name":"T1 Shopping Mall","location_id":3}"
2026-09-24 03:47:09,+0300,9,Mustika,0,success,"{"total":0,"location_name":"Mustika","location_id":9}"
2026-09-24 03:47:09,+0300,10,Suur-Paala,0,success,"{"total":0,"location_name":"Suur-Paala","location_id":10}"
2026-09-24 03:49:09,+0300,1,Hipodroom,0,success,"{"total":0,"location_name":"Hipodroom","location_id":1}"
2026-09-24 03:49:09,+0300,3,T1,0,success,"{"total":0,"location_name":"T1 Shopping Mall","location_id":3}"
2026-09-24 03:49:09,+0300,9,Mustika,0,success,"{"total":0,"location_name":"Mustika","location_id":9}"
2026-09-24 03:49:09,+0300,10,Suur-Paala,0,success,"{"total":0,"location_name":"Suur-Paala","location_id":10}"
2026-09-24 03:51:10,+0300,1,Hipodroom,0,success,"{"total":0,"location_name":"Hipodroom","location_id":1}"
2026-09-24 03:51:10,+0300,3,T1,0,success,"{"total":0,"location_name":"T1 Shopping Mall","location_id":3}"
2026-09-24 03:51:10,+0300,9,Mustika,0,success,"{"total":0,"location_name":"Mustika","location_id":9}"
2026-09-24 03:51:10,+0300,10,Suur-Paala,0,success,"{"total":0,"location_name":"Suur-Paala","location_id":10}"
2026-09-24 03:53:11,+0300,1,Hipodroom,0,success,"{"total":0,"location_name":"Hipodroom","location_id":1}"
2026-09-24 03:53:11,+0300,3,T1,0,success,"{"total":0,"location_name":"T1 Shopping Mall","location_id":3}"
2026-09-24 03:53:11,+0300,9,Mustika,0,success,"{"total":0,"location_name":"Mustika","location_id":9}"
2026-09-24 03:53:11,+0300,10,Suur-Paala,0,success,"{"total":0,"location_name":"Suur-Paala","location_id":10}"
2026-09-24 03:55:11,+0300,1,Hipodroom,0,success,"{"total":0,"location_name":"Hipodroom","location_id":1}"
2026-09-24 03:55:11,+0300,3,T1,0,success,"{"total":0,"location_name":"T1 Shopping Mall","location_id":3}"
2026-09-24 03:55:11,+0300,9,Mustika,0,success,"{"total":0,"location_name":"Mustika","location_id":9}"
2026-09-24 03:55:11,+0300,10,Suur-Paala,0,success,"{"total":0,"location_name":"Suur-Paala","location_id":10}"
2026-09-24 03:57:12,+0300,1,Hipodroom,0,success,"{"total":0,"location_name":"Hipodroom","location_id":1}"
2026-09-24 03:57:12,+0300,3,T1,0,success,"{"total":0,"location_name":"T1 Shopping Mall","location_id":3}"
2026-09-24 03:57:12,+0300,9,Mustika,0,success,"{"total":0,"location_name":"Mustika","location_id":9}"
2026-09-24 03:57:12,+0300,10,Suur-Paala,0,success,"{"total":0,"location_name":"Suur-Paala","location_id":10}"
2026-09-24 03:59:12,+0300,1,Hipodroom,0,success,"{"total":0,"location_name":"Hipodroom","location_id":1}"
2026-09-24 03:59:12,+0300,3,T1,0,success,"{"total":0,"location_name":"T1 Shopping Mall","location_id":3}"
2026-09-24 03:59:12,+0300,9,Mustika,0,success,"{"total":0,"location_name":"Mustika","location_id":9}"
2026-09-24 03:59:12,+0300,10,Suur-Paala,0,success,"{"total":0,"location_name":"Suur-Paala","location_id":10}"
2026-09-24 04:01:13,+0300,1,Hipodroom,0,success,"{"total":0,"location_name":"Hipodroom","location_id":1}"
2026-09-24 04:01:13,+0300,3,T1,0,success,"{"total":0,"location_name":"T1 Shopping Mall","location_id":3}"
2026-09-24 04:01:13,+0300,9,Mustika,0,success,"{"total":0,"location_name":"Mustika","location_id":9}"
2026-09-24 04:01:13,+0300,10,Suur-Paala,0,success,"{"total":0,"location_name":"Suur-Paala","location_id":10}"
2026-09-24 04:03:13,+0300,1,Hipodroom,0,success,"{"total":0,"location_name":"Hipodroom","location_id":1}"
2026-09-24 04:03:13,+0300,3,T1,0,success,"{"total":0,"location_name":"T1 Shopping Mall","location_id":3}"
2026-09-24 04:03:13,+0300,9,Mustika,0,success,"{"total":0,"location_name":"Mustika","location_id":9}"
2026-09-24 04:03:13,+0300,10,Suur-Paala,0,success,"{"total":0,"location_name":"Suur-Paala","location_id":10}"
2026-09-24 04:05:14,+0300,1,Hipodroom,0,success,"{"total":0,"location_name":"Hipodroom","location_id":1}"
2026-09-24 04:05:14,+0300,3,T1,0,success,"{"total":0,"location_name":"T1 Shopping Mall","location_id":3}"
2026-09-24 04:05:14,+0300,9,Mustika,0,success,"{"total":0,"location_name":"Mustika","location_id":9}"
2026-09-24 04:05:14,+0300,10,Suur-Paala,0,success,"{"total":0,"location_name":"Suur-Paala","location_id":10}"
2026-09-24 04:07:15,+0300,1,Hipodroom,0,success,"{"total":0,"location_name":"Hipodroom","location_id":1}"
2026-09-24 04:07:15,+0300,3,T1,0,success,"{"total":0,"location_name":"T1 Shopping Mall","location_id":3}"
2026-09-24 04:07:15,+0300,9,Mustika,0,success,"{"total":0,"location_name":"Mustika","location_id":9}"
2026-09-24 04:07:15,+0300,10,Suur-Paala,0,success,"{"total":0,"location_name":"Suur-Paala","location_id":10}"
2026-09-24 04:09:15,+0300,1,Hipodroom,0,success,"{"total":0,"location_name":"Hipodroom","location_id":1}"
2026-09-24 04:09:15,+0300,3,T1,0,success,"{"total":0,"location_name":"T1 Shopping Mall","location_id":3}"
2026-09-24 04:09:15,+0300,9,Mustika,0,success,"{"total":0,"location_name":"Mustika","location_id":9}"
2026-09-24 04:09:15,+0300,10,Suur-Paala,0,success,"{"total":0,"location_name":"Suur-Paala","location_id":10}"
2026-09-24 04:11:16,+0300,1,Hipodroom,0,success,"{"total":0,"location_name":"Hipodroom","location_id":1}"
2026-09-24 04:11:16,+0300,3,T1,0,success,"{"total":0,"location_name":"T1 Shopping Mall","location_id":3}"
2026-09-24 04:11:16,+0300,9,Mustika,0,success,"{"total":0,"location_name":"Mustika","location_id":9}"
2026-09-24 04:11:16,+0300,10,Suur-Paala,0,success,"{"total":0,"location_name":"Suur-Paala","location_id":10}"
2026-09-24 04:13:17,+0300,1,Hipodroom,0,success,"{"total":0,"location_name":"Hipodroom","location_id":1}"
2026-09-24 04:13:17,+0300,3,T1,0,success,"{"total":0,"location_name":"T1 Shopping Mall","location_id":3}"
2026-09-24 04:13:17,+0300,9,Mustika,0,success,"{"total":0,"location_name":"Mustika","location_id":9}"
2026-09-24 04:13:17,+0300,10,Suur-Paala,0,success,"{"total":0,"location_name":"Suur-Paala","location_id":10}"
2026-09-24 04:15:17,+0300,1,Hipodroom,0,success,"{"total":0,"location_name":"Hipodroom","location_id":1}"
2026-09-24 04:15:17,+0300,3,T1,0,success,"{"total":0,"location_name":"T1 Shopping Mall","location_id":3}"
2026-09-24 04:15:17,+0300,9,Mustika,0,success,"{"total":0,"location_name":"Mustika","location_id":9}"
2026-09-24 04:15:17,+0300,10,Suur-Paala,0,success,"{"total":0,"location_name":"Suur-Paala","location_id":10}"
2026-09-24 04:17:18,+0300,1,Hipodroom,0,success,"{"total":0,"location_name":"Hipodroom","location_id":1}"
2026-09-24 04:17:18,+0300,3,T1,0,success,"{"total":0,"location_name":"T1 Shopping Mall","location_id":3}"
2026-09-24 04:17:18,+0300,9,Mustika,0,success,"{"total":0,"location_name":"Mustika","location_id":9}"
2026-09-24 04:17:18,+0300,10,Suur-Paala,0,success,"{"total":0,"location_name":"Suur-Paala","location_id":10}"
2026-09-24 04:19:18,+0300,1,Hipodroom,0,success,"{"total":0,"location_name":"Hipodroom","location_id":1}"
2026-09-24 04:19:18,+0300,3,T1,0,success,"{"total":0,"location_name":"T1 Shopping Mall","location_id":3}"
2026-09-24 04:19:18,+0300,9,Mustika,0,success,"{"total":0,"location_name":"Mustika","location_id":9}"
2026-09-24 04:19:18,+0300,10,Suur-Paala,0,success,"{"total":0,"location_name":"Suur-Paala","location_id":10}"
2026-09-24 04:21:19,+0300,1,Hipodroom,0,success,"{"total":0,"location_name":"Hipodroom","location_id":1}"
2026-09-24 04:21:19,+0300,3,T1,0,success,"{"total":0,"location_name":"T1 Shopping Mall","location_id":3}"
2026-09-24 04:21:19,+0300,9,Mustika,0,success,"{"total":0,"location_name":"Mustika","location_id":9}"
2026-09-24 04:21:19,+0300,10,Suur-Paala,0,success,"{"total":0,"location_name":"Suur-Paala","location_id":10}"
2026-09-24 04:23:20,+0300,1,Hipodroom,0,success,"{"total":0,"location_name":"Hipodroom","location_id":1}"
2026-09-24 04:23:20,+0300,3,T1,0,success,"{"total":0,"location_name":"T1 Shopping Mall","location_id":3}"
2026-09-24 04:23:20,+0300,9,Mustika,0,success,"{"total":0,"location_name":"Mustika","location_id":9}"
2026-09-24 04:23:20,+0300,10,Suur-Paala,0,success,"{"total":0,"location_name":"Suur-Paala","location_id":10}"
2026-09-24 04:25:20,+0300,1,Hipodroom,0,success,"{"total":0,"location_name":"Hipodroom","location_id":1}"
2026-09-24 04:25:20,+0300,3,T1,0,success,"{"total":0,"location_name":"T1 Shopping Mall","location_id":3}"
2026-09-24 04:25:20,+0300,9,Mustika,0,success,"{"total":0,"location_name":"Mustika","location_id":9}"
2026-09-24 04:25:20,+0300,10,Suur-Paala,0,success,"{"total":0,"location_name":"Suur-Paala","location_id":10}"
2026-09-24 04:27:21,+0300,1,Hipodroom,0,success,"{"total":0,"location_name":"Hipodroom","location_id":1}"
2026-09-24 04:27:21,+0300,3,T1,0,success,"{"total":0,"location_name":"T1 Shopping Mall","location_id":3}"
2026-09-24 04:27:21,+0300,9,Mustika,0,success,"{"total":0,"location_name":"Mustika","location_id":9}"
2026-09-24 04:27:21,+0300,10,Suur-Paala,0,success,"{"total":0,"location_name":"Suur-Paala","location_id":10}"
2026-09-24 04:29:21,+0300,1,Hipodroom,0,success,"{"total":0,"location_name":"Hipodroom","location_id":1}"
2026-09-24 04:29:21,+0300,3,T1,0,success,"{"total":0,"location_name":"T1 Shopping Mall","location_id":3}"
2026-09-24 04:29:21,+0300,9,Mustika,0,success,"{"total":0,"location_name":"Mustika","location_id":9}"
2026-09-24 04:29:21,+0300,10,Suur-Paala,0,success,"{"total":0,"location_name":"Suur-Paala","location_id":10}"
2026-09-24 04:31:22,+0300,1,Hipodroom,0,success,"{"total":0,"location_name":"Hipodroom","location_id":1}"
2026-09-24 04:31:22,+0300,3,T1,0,success,"{"total":0,"location_name":"T1 Shopping Mall","location_id":3}"
2026-09-24 04:31:22,+0300,9,Mustika,0,success,"{"total":0,"location_name":"Mustika","location_id":9}"
2026-09-24 04:31:22,+0300,10,Suur-Paala,0,success,"{"total":0,"location_name":"Suur-Paala","location_id":10}"
2026-09-24 04:33:23,+0300,1,Hipodroom,0,success,"{"total":0,"location_name":"Hipodroom","location_id":1}"
2026-09-24 04:33:23,+0300,3,T1,0,success,"{"total":0,"location_name":"T1 Shopping Mall","location_id":3}"
2026-09-24 04:33:23,+0300,9,Mustika,0,success,"{"total":0,"location_name":"Mustika","location_id":9}"
2026-09-24 04:33:23,+0300,10,Suur-Paala,0,success,"{"total":0,"location_name":"Suur-Paala","location_id":10}"
2026-09-24 04:35:23,+0300,1,Hipodroom,0,success,"{"total":0,"location_name":"Hipodroom","location_id":1}"
2026-09-24 04:35:23,+0300,3,T1,0,success,"{"total":0,"location_name":"T1 Shopping Mall","location_id":3}"
2026-09-24 04:35:23,+0300,9,Mustika,0,success,"{"total":0,"location_name":"Mustika","location_id":9}"
2026-09-24 04:35:23,+0300,10,Suur-Paala,0,success,"{"total":0,"location_name":"Suur-Paala","location_id":10}"
2026-09-24 04:37:24,+0300,1,Hipodroom,0,success,"{"total":0,"location_name":"Hipodroom","location_id":1}"
2026-09-24 04:37:24,+0300,3,T1,0,success,"{"total":0,"location_name":"T1 Shopping Mall","location_id":3}"
2026-09-24 04:37:24,+0300,9,Mustika,0,success,"{"total":0,"location_name":"Mustika","location_id":9}"
2026-09-24 04:37:24,+0300,10,Suur-Paala,0,success,"{"total":0,"location_name":"Suur-Paala","location_id":10}"
2026-09-24 04:39:24,+0300,1,Hipodroom,0,success,"{"total":0,"location_name":"Hipodroom","location_id":1}"
2026-09-24 04:39:24,+0300,3,T1,0,success,"{"total":0,"location_name":"T1 Shopping Mall","location_id":3}"
2026-09-24 04:39:24,+0300,9,Mustika,0,success,"{"total":0,"location_name":"Mustika","location_id":9}"
2026-09-24 04:39:24,+0300,10,Suur-Paala,0,success,"{"total":0,"location_name":"Suur-Paala","location_id":10}"
2026-09-24 04:41:25,+0300,1,Hipodroom,0,success,"{"total":0,"location_name":"Hipodroom","location_id":1}"
2026-09-24 04:41:25,+0300,3,T1,0,success,"{"total":0,"location_name":"T1 Shopping Mall","location_id":3}"
2026-09-24 04:41:25,+0300,9,Mustika,0,success,"{"total":0,"location_name":"Mustika","location_id":9}"
2026-09-24 04:41:25,+0300,10,Suur-Paala,0,success,"{"total":0,"location_name":"Suur-Paala","location_id":10}"
2026-09-24 04:43:26,+0300,1,Hipodroom,0,success,"{"total":0,"location_name":"Hipodroom","location_id":1}"
2026-09-24 04:43:26,+0300,3,T1,0,success,"{"total":0,"location_name":"T1 Shopping Mall","location_id":3}"
2026-09-24 04:43:26,+0300,9,Mustika,0,success,"{"total":0,"location_name":"Mustika","location_id":9}"
2026-09-24 04:43:26,+0300,10,Suur-Paala,0,success,"{"total":0,"location_name":"Suur-Paala","location_id":10}"
2026-09-24 04:45:26,+0300,1,Hipodroom,0,success,"{"total":0,"location_name":"Hipodroom","location_id":1}"
2026-09-24 04:45:26,+0300,3,T1,0,success,"{"total":0,"location_name":"T1 Shopping Mall","location_id":3}"
2026-09-24 04:45:26,+0300,9,Mustika,0,success,"{"total":0,"location_name":"Mustika","location_id":9}"
2026-09-24 04:45:26,+0300,10,Suur-Paala,0,success,"{"total":0,"location_name":"Suur-Paala","location_id":10}"
2026-09-24 04:47:27,+0300,1,Hipodroom,0,success,"{"total":0,"location_name":"Hipodroom","location_id":1}"
2026-09-24 04:47:27,+0300,3,T1,0,success,"{"total":0,"location_name":"T1 Shopping Mall","location_id":3}"
2026-09-24 04:47:27,+0300,9,Mustika,0,success,"{"total":0,"location_name":"Mustika","location_id":9}"
2026-09-24 04:47:27,+0300,10,Suur-Paala,0,success,"{"total":0,"location_name":"Suur-Paala","location_id":10}"
2026-09-24 04:49:27,+0300,1,Hipodroom,0,success,"{"total":0,"location_name":"Hipodroom","location_id":1}"
2026-09-24 04:49:27,+0300,3,T1,0,success,"{"total":0,"location_name":"T1 Shopping Mall","location_id":3}"
2026-09-24 04:49:27,+0300,9,Mustika,0,success,"{"total":0,"location_name":"Mustika","location_id":9}"
2026-09-24 04:49:27,+0300,10,Suur-Paala,0,success,"{"total":0,"location_name":"Suur-Paala","location_id":10}"
2026-09-24 04:51:28,+0300,1,Hipodroom,0,success,"{"total":0,"location_name":"Hipodroom","location_id":1}"
2026-09-24 04:51:28,+0300,3,T1,0,success,"{"total":0,"location_name":"T1 Shopping Mall","location_id":3}"
2026-09-24 04:51:28,+0300,9,Mustika,0,success,"{"total":0,"location_name":"Mustika","location_id":9}"
2026-09-24 04:51:28,+0300,10,Suur-Paala,0,success,"{"total":0,"location_name":"Suur-Paala","location_id":10}"
2026-09-24 04:53:29,+0300,1,Hipodroom,0,success,"{"total":0,"location_name":"Hipodroom","location_id":1}"
2026-09-24 04:53:29,+0300,3,T1,0,success,"{"total":0,"location_name":"T1 Shopping Mall","location_id":3}"
2026-09-24 04:53:29,+0300,9,Mustika,0,success,"{"total":0,"location_name":"Mustika","location_id":9}"
2026-09-24 04:53:29,+0300,10,Suur-Paala,0,success,"{"total":0,"location_name":"Suur-Paala","location_id":10}"
2026-09-24 04:55:29,+0300,1,Hipodroom,0,success,"{"total":0,"location_name":"Hipodroom","location_id":1}"
2026-09-24 04:55:29,+0300,3,T1,0,success,"{"total":0,"location_name":"T1 Shopping Mall","location_id":3}"
2026-09-24 04:55:29,+0300,9,Mustika,0,success,"{"total":0,"location_name":"Mustika","location_id":9}"
2026-09-24 04:55:29,+0300,10,Suur-Paala,0,success,"{"total":0,"location_name":"Suur-Paala","location_id":10}"
2026-09-24 04:57:30,+0300,1,Hipodroom,0,success,"{"total":0,"location_name":"Hipodroom","location_id":1}"
2026-09-24 04:57:30,+0300,3,T1,0,success,"{"total":0,"location_name":"T1 Shopping Mall","location_id":3}"
2026-09-24 04:57:30,+0300,9,Mustika,0,success,"{"total":0,"location_name":"Mustika","location_id":9}"
2026-09-24 04:57:30,+0300,10,Suur-Paala,0,success,"{"total":0,"location_name":"Suur-Paala","location_id":10}"
2026-09-24 04:59:30,+0300,1,Hipodroom,0,success,"{"total":0,"location_name":"Hipodroom","location_id":1}"
2026-09-24 04:59:30,+0300,3,T1,0,success,"{"total":0,"location_name":"T1 Shopping Mall","location_id":3}"
2026-09-24 04:59:30,+0300,9,Mustika,0,success,"{"total":0,"location_name":"Mustika","location_id":9}"
2026-09-24 04:59:30,+0300,10,Suur-Paala,0,success,"{"total":0,"location_name":"Suur-Paala","location_id":10}"
2026-09-24 05:01:31,+0300,1,Hipodroom,0,success,"{"total":0,"location_name":"Hipodroom","location_id":1}"
2026-09-24 05:01:31,+0300,3,T1,0,success,"{"total":0,"location_name":"T1 Shopping Mall","location_id":3}"
2026-09-24 05:01:31,+0300,9,Mustika,0,success,"{"total":0,"location_name":"Mustika","location_id":9}"
2026-09-24 05:01:31,+0300,10,Suur-Paala,0,success,"{"total":0,"location_name":"Suur-Paala","location_id":10}"
2026-09-24 05:03:32,+0300,1,Hipodroom,0,success,"{"total":0,"location_name":"Hipodroom","location_id":1}"
2026-09-24 05:03:32,+0300,3,T1,0,success,"{"total":0,"location_name":"T1 Shopping Mall","location_id":3}"
2026-09-24 05:03:32,+0300,9,Mustika,0,success,"{"total":0,"location_name":"Mustika","location_id":9}"
2026-09-24 05:03:32,+0300,10,Suur-Paala,0,success,"{"total":0,"location_name":"Suur-Paala","location_id":10}"
2026-09-24 05:05:32,+0300,1,Hipodroom,0,success,"{"total":0,"location_name":"Hipodroom","location_id":1}"
2026-09-24 05:05:32,+0300,3,T1,0,success,"{"total":0,"location_name":"T1 Shopping Mall","location_id":3}"
2026-09-24 05:05:32,+0300,9,Mustika,0,success,"{"total":0,"location_name":"Mustika","location_id":9}"
2026-09-24 05:05:32,+0300,10,Suur-Paala,0,success,"{"total":0,"location_name":"Suur-Paala","location_id":10}"
2026-09-24 05:07:33,+0300,1,Hipodroom,0,success,"{"total":0,"location_name":"Hipodroom","location_id":1}"
2026-09-24 05:07:33,+0300,3,T1,0,success,"{"total":0,"location_name":"T1 Shopping Mall","location_id":3}"
2026-09-24 05:07:33,+0300,9,Mustika,0,success,"{"total":0,"location_name":"Mustika","location_id":9}"
2026-09-24 05:07:33,+0300,10,Suur-Paala,0,success,"{"total":0,"location_name":"Suur-Paala","location_id":10}"
2026-09-24 05:09:34,+0300,1,Hipodroom,0,success,"{"total":0,"location_name":"Hipodroom","location_id":1}"
2026-09-24 05:09:34,+0300,3,T1,0,success,"{"total":0,"location_name":"T1 Shopping Mall","location_id":3}"
2026-09-24 05:09:34,+0300,9,Mustika,0,success,"{"total":0,"location_name":"Mustika","location_id":9}"
2026-09-24 05:09:34,+0300,10,Suur-Paala,0,success,"{"total":0,"location_name":"Suur-Paala","location_id":10}"
2026-09-24 05:11:34,+0300,1,Hipodroom,0,success,"{"total":0,"location_name":"Hipodroom","location_id":1}"
2026-09-24 05:11:34,+0300,3,T1,0,success,"{"total":0,"location_name":"T1 Shopping Mall","location_id":3}"
2026-09-24 05:11:34,+0300,9,Mustika,0,success,"{"total":0,"location_name":"Mustika","location_id":9}"
2026-09-24 05:11:34,+0300,10,Suur-Paala,0,success,"{"total":0,"location_name":"Suur-Paala","location_id":10}"
2026-09-24 05:13:35,+0300,1,Hipodroom,0,success,"{"total":0,"location_name":"Hipodroom","location_id":1}"
2026-09-24 05:13:35,+0300,3,T1,0,success,"{"total":0,"location_name":"T1 Shopping Mall","location_id":3}"
2026-09-24 05:13:35,+0300,9,Mustika,0,success,"{"total":0,"location_name":"Mustika","location_id":9}"
2026-09-24 05:13:35,+0300,10,Suur-Paala,0,success,"{"total":0,"location_name":"Suur-Paala","location_id":10}"
2026-09-24 05:15:35,+0300,1,Hipodroom,0,success,"{"total":0,"location_name":"Hipodroom","location_id":1}"
2026-09-24 05:15:35,+0300,3,T1,0,success,"{"total":0,"location_name":"T1 Shopping Mall","location_id":3}"
2026-09-24 05:15:35,+0300,9,Mustika,0,success,"{"total":0,"location_name":"Mustika","location_id":9}"
2026-09-24 05:15:35,+0300,10,Suur-Paala,0,success,"{"total":0,"location_name":"Suur-Paala","location_id":10}"
2026-09-24 05:17:36,+0300,1,Hipodroom,0,success,"{"total":0,"location_name":"Hipodroom","location_id":1}"
2026-09-24 05:17:36,+0300,3,T1,0,success,"{"total":0,"location_name":"T1 Shopping Mall","location_id":3}"
2026-09-24 05:17:36,+0300,9,Mustika,0,success,"{"total":0,"location_name":"Mustika","location_id":9}"
2026-09-24 05:17:36,+0300,10,Suur-Paala,0,success,"{"total":0,"location_name":"Suur-Paala","location_id":10}"
2026-09-24 05:19:36,+0300,1,Hipodroom,0,success,"{"total":0,"location_name":"Hipodroom","location_id":1}"
2026-09-24 05:19:36,+0300,3,T1,0,success,"{"total":0,"location_name":"T1 Shopping Mall","location_id":3}"
2026-09-24 05:19:36,+0300,9,Mustika,0,success,"{"total":0,"location_name":"Mustika","location_id":9}"
2026-09-24 05:19:36,+0300,10,Suur-Paala,0,success,"{"total":0,"location_name":"Suur-Paala","location_id":10}"
2026-09-24 05:21:37,+0300,1,Hipodroom,0,success,"{"total":0,"location_name":"Hipodroom","location_id":1}"
2026-09-24 05:21:37,+0300,3,T1,0,success,"{"total":0,"location_name":"T1 Shopping Mall","location_id":3}"
2026-09-24 05:21:37,+0300,9,Mustika,0,success,"{"total":0,"location_name":"Mustika","location_id":9}"
2026-09-24 05:21:37,+0300,10,Suur-Paala,0,success,"{"total":0,"location_name":"Suur-Paala","location_id":10}"
2026-09-24 05:23:38,+0300,1,Hipodroom,0,success,"{"total":0,"location_name":"Hipodroom","location_id":1}"
2026-09-24 05:23:38,+0300,3,T1,0,success,"{"total":0,"location_name":"T1 Shopping Mall","location_id":3}"
2026-09-24 05:23:38,+0300,9,Mustika,0,success,"{"total":0,"location_name":"Mustika","location_id":9}"
2026-09-24 05:23:38,+0300,10,Suur-Paala,0,success,"{"total":0,"location_name":"Suur-Paala","location_id":10}"
2026-09-24 05:25:38,+0300,1,Hipodroom,0,success,"{"total":0,"location_name":"Hipodroom","location_id":1}"
2026-09-24 05:25:38,+0300,3,T1,0,success,"{"total":0,"location_name":"T1 Shopping Mall","location_id":3}"
2026-09-24 05:25:38,+0300,9,Mustika,0,success,"{"total":0,"location_name":"Mustika","location_id":9}"
2026-09-24 05:25:38,+0300,10,Suur-Paala,0,success,"{"total":0,"location_name":"Suur-Paala","location_id":10}"
2026-09-24 05:27:39,+0300,1,Hipodroom,0,success,"{"total":0,"location_name":"Hipodroom","location_id":1}"
2026-09-24 05:27:39,+0300,3,T1,0,success,"{"total":0,"location_name":"T1 Shopping Mall","location_id":3}"
2026-09-24 05:27:39,+0300,9,Mustika,0,success,"{"total":0,"location_name":"Mustika","location_id":9}"
2026-09-24 05:27:39,+0300,10,Suur-Paala,0,success,"{"total":0,"location_name":"Suur-Paala","location_id":10}"
2026-09-24 05:29:40,+0300,1,Hipodroom,0,success,"{"total":0,"location_name":"Hipodroom","location_id":1}"
2026-09-24 05:29:40,+0300,3,T1,0,success,"{"total":0,"location_name":"T1 Shopping Mall","location_id":3}"
2026-09-24 05:29:40,+0300,9,Mustika,0,success,"{"total":0,"location_name":"Mustika","location_id":9}"
2026-09-24 05:29:40,+0300,10,Suur-Paala,0,success,"{"total":0,"location_name":"Suur-Paala","location_id":10}"
2026-09-24 05:31:40,+0300,1,Hipodroom,0,success,"{"total":0,"location_name":"Hipodroom","location_id":1}"
2026-09-24 05:31:40,+0300,3,T1,0,success,"{"total":0,"location_name":"T1 Shopping Mall","location_id":3}"
2026-09-24 05:31:40,+0300,9,Mustika,0,success,"{"total":0,"location_name":"Mustika","location_id":9}"
2026-09-24 05:31:40,+0300,10,Suur-Paala,0,success,"{"total":0,"location_name":"Suur-Paala","location_id":10}"
2026-09-24 05:33:41,+0300,1,Hipodroom,0,success,"{"total":0,"location_name":"Hipodroom","location_id":1}"
2026-09-24 05:33:41,+0300,3,T1,0,success,"{"total":0,"location_name":"T1 Shopping Mall","location_id":3}"
2026-09-24 05:33:41,+0300,9,Mustika,0,success,"{"total":0,"location_name":"Mustika","location_id":9}"
2026-09-24 05:33:41,+0300,10,Suur-Paala,0,success,"{"total":0,"location_name":"Suur-Paala","location_id":10}"
2026-09-24 05:35:42,+0300,1,Hipodroom,0,success,"{"total":0,"location_name":"Hipodroom","location_id":1}"
2026-09-24 05:35:42,+0300,3,T1,0,success,"{"total":0,"location_name":"T1 Shopping Mall","location_id":3}"
2026-09-24 05:35:42,+0300,9,Mustika,0,success,"{"total":0,"location_name":"Mustika","location_id":9}"
2026-09-24 05:35:42,+0300,10,Suur-Paala,0,success,"{"total":0,"location_name":"Suur-Paala","location_id":10}"
2026-09-24 05:37:42,+0300,1,Hipodroom,0,success,"{"total":0,"location_name":"Hipodroom","location_id":1}"
2026-09-24 05:37:42,+0300,3,T1,0,success,"{"total":0,"location_name":"T1 Shopping Mall","location_id":3}"
2026-09-24 05:37:42,+0300,9,Mustika,0,success,"{"total":0,"location_name":"Mustika","location_id":9}"
2026-09-24 05:37:42,+0300,10,Suur-Paala,0,success,"{"total":0,"location_name":"Suur-Paala","location_id":10}"
2026-09-24 05:39:43,+0300,1,Hipodroom,0,success,"{"total":0,"location_name":"Hipodroom","location_id":1}"
2026-09-24 05:39:43,+0300,3,T1,0,success,"{"total":0,"location_name":"T1 Shopping Mall","location_id":3}"
2026-09-24 05:39:43,+0300,9,Mustika,0,success,"{"total":0,"location_name":"Mustika","location_id":9}"
2026-09-24 05:39:43,+0300,10,Suur-Paala,0,success,"{"total":0,"location_name":"Suur-Paala","location_id":10}"
2026-09-24 05:41:43,+0300,1,Hipodroom,0,success,"{"total":0,"location_name":"Hipodroom","location_id":1}"
2026-09-24 05:41:43,+0300,3,T1,0,success,"{"total":0,"location_name":"T1 Shopping Mall","location_id":3}"
2026-09-24 05:41:43,+0300,9,Mustika,0,success,"{"total":0,"location_name":"Mustika","location_id":9}"
2026-09-24 05:41:43,+0300,10,Suur-Paala,0,success,"{"total":0,"location_name":"Suur-Paala","location_id":10}"
2026-09-24 05:43:44,+0300,1,Hipodroom,0,success,"{"total":0,"location_name":"Hipodroom","location_id":1}"
2026-09-24 05:43:44,+0300,3,T1,0,success,"{"total":0,"location_name":"T1 Shopping Mall","location_id":3}"
2026-09-24 05:43:44,+0300,9,Mustika,0,success,"{"total":0,"location_name":"Mustika","location_id":9}"
2026-09-24 05:43:44,+0300,10,Suur-Paala,0,success,"{"total":0,"location_name":"Suur-Paala","location_id":10}"
2026-09-24 05:45:45,+0300,1,Hipodroom,0,success,"{"total":0,"location_name":"Hipodroom","location_id":1}"
2026-09-24 05:45:45,+0300,3,T1,0,success,"{"total":0,"location_name":"T1 Shopping Mall","location_id":3}"
2026-09-24 05:45:45,+0300,9,Mustika,0,success,"{"total":0,"location_name":"Mustika","location_id":9}"
2026-09-24 05:45:45,+0300,10,Suur-Paala,0,success,"{"total":0,"location_name":"Suur-Paala","location_id":10}"
2026-09-24 05:47:45,+0300,1,Hipodroom,0,success,"{"total":0,"location_name":"Hipodroom","location_id":1}"
2026-09-24 05:47:45,+0300,3,T1,0,success,"{"total":0,"location_name":"T1 Shopping Mall","location_id":3}"
2026-09-24 05:47:45,+0300,9,Mustika,0,success,"{"total":0,"location_name":"Mustika","location_id":9}"
2026-09-24 05:47:45,+0300,10,Suur-Paala,0,success,"{"total":0,"location_name":"Suur-Paala","location_id":10}"
2026-09-24 05:49:46,+0300,1,Hipodroom,0,success,"{"total":0,"location_name":"Hipodroom","location_id":1}"
2026-09-24 05:49:46,+0300,3,T1,0,success,"{"total":0,"location_name":"T1 Shopping Mall","location_id":3}"
2026-09-24 05:49:46,+0300,9,Mustika,0,success,"{"total":0,"location_name":"Mustika","location_id":9}"
2026-09-24 05:49:46,+0300,10,Suur-Paala,0,success,"{"total":0,"location_name":"Suur-Paala","location_id":10}"
2026-09-24 05:51:47,+0300,1,Hipodroom,0,success,"{"total":0,"location_name":"Hipodroom","location_id":1}"
2026-09-24 05:51:47,+0300,3,T1,0,success,"{"total":0,"location_name":"T1 Shopping Mall","location_id":3}"
2026-09-24 05:51:47,+0300,9,Mustika,0,success,"{"total":0,"location_name":"Mustika","location_id":9}"
2026-09-24 05:51:47,+0300,10,Suur-Paala,0,success,"{"total":0,"location_name":"Suur-Paala","location_id":10}"
2026-09-24 05:53:47,+0300,1,Hipodroom,0,success,"{"total":0,"location_name":"Hipodroom","location_id":1}"
2026-09-24 05:53:47,+0300,3,T1,0,success,"{"total":0,"location_name":"T1 Shopping Mall","location_id":3}"
2026-09-24 05:53:47,+0300,9,Mustika,0,success,"{"total":0,"location_name":"Mustika","location_id":9}"
2026-09-24 05:53:47,+0300,10,Suur-Paala,0,success,"{"total":0,"location_name":"Suur-Paala","location_id":10}"
2026-09-24 05:55:48,+0300,1,Hipodroom,0,success,"{"total":0,"location_name":"Hipodroom","location_id":1}"
2026-09-24 05:55:48,+0300,3,T1,0,success,"{"total":0,"location_name":"T1 Shopping Mall","location_id":3}"
2026-09-24 05:55:48,+0300,9,Mustika,0,success,"{"total":0,"location_name":"Mustika","location_id":9}"
2026-09-24 05:55:48,+0300,10,Suur-Paala,0,success,"{"total":0,"location_name":"Suur-Paala","location_id":10}"
2026-09-24 05:57:49,+0300,1,Hipodroom,0,success,"{"total":0,"location_name":"Hipodroom","location_id":1}"
2026-09-24 05:57:49,+0300,3,T1,0,success,"{"total":0,"location_name":"T1 Shopping Mall","location_id":3}"
2026-09-24 05:57:49,+0300,9,Mustika,0,success,"{"total":0,"location_name":"Mustika","location_id":9}"
2026-09-24 05:57:49,+0300,10,Suur-Paala,0,success,"{"total":0,"location_name":"Suur-Paala","location_id":10}"
2026-09-24 05:59:49,+0300,1,Hipodroom,0,success,"{"total":0,"location_name":"Hipodroom","location_id":1}"
2026-09-24 05:59:49,+0300,3,T1,0,success,"{"total":0,"location_name":"T1 Shopping Mall","location_id":3}"
2026-09-24 05:59:49,+0300,9,Mustika,0,success,"{"total":0,"location_name":"Mustika","location_id":9}"
2026-09-24 05:59:49,+0300,10,Suur-Paala,0,success,"{"total":0,"location_name":"Suur-Paala","location_id":10}"
2026-09-24 06:01:50,+0300,1,Hipodroom,0,success,"{"total":0,"location_name":"Hipodroom","location_id":1}"
2026-09-24 06:01:50,+0300,3,T1,0,success,"{"total":0,"location_name":"T1 Shopping Mall","location_id":3}"
2026-09-24 06:01:50,+0300,9,Mustika,0,success,"{"total":0,"location_name":"Mustika","location_id":9}"
2026-09-24 06:01:50,+0300,10,Suur-Paala,0,success,"{"total":0,"location_name":"Suur-Paala","location_id":10}"
2026-09-24 06:03:50,+0300,1,Hipodroom,0,success,"{"total":0,"location_name":"Hipodroom","location_id":1}"
2026-09-24 06:03:50,+0300,3,T1,0,success,"{"total":0,"location_name":"T1 Shopping Mall","location_id":3}"
2026-09-24 06:03:50,+0300,9,Mustika,0,success,"{"total":0,"location_name":"Mustika","location_id":9}"
2026-09-24 06:03:50,+0300,10,Suur-Paala,0,success,"{"total":0,"location_name":"Suur-Paala","location_id":10}"
2026-09-24 06:05:51,+0300,1,Hipodroom,0,success,"{"total":0,"location_name":"Hipodroom","location_id":1}"
2026-09-24 06:05:51,+0300,3,T1,0,success,"{"total":0,"location_name":"T1 Shopping Mall","location_id":3}"
2026-09-24 06:05:51,+0300,9,Mustika,0,success,"{"total":0,"location_name":"Mustika","location_id":9}"
2026-09-24 06:05:51,+0300,10,Suur-Paala,0,success,"{"total":0,"location_name":"Suur-Paala","location_id":10}"
2026-09-24 06:07:51,+0300,1,Hipodroom,0,success,"{"total":0,"location_name":"Hipodroom","location_id":1}"
2026-09-24 06:07:51,+0300,3,T1,0,success,"{"total":0,"location_name":"T1 Shopping Mall","location_id":3}"
2026-09-24 06:07:51,+0300,9,Mustika,0,success,"{"total":0,"location_name":"Mustika","location_id":9}"
2026-09-24 06:07:51,+0300,10,Suur-Paala,0,success,"{"total":0,"location_name":"Suur-Paala","location_id":10}"
2026-09-24 06:09:52,+0300,1,Hipodroom,0,success,"{"total":0,"location_name":"Hipodroom","location_id":1}"
2026-09-24 06:09:52,+0300,3,T1,0,success,"{"total":0,"location_name":"T1 Shopping Mall","location_id":3}"
2026-09-24 06:09:52,+0300,9,Mustika,0,success,"{"total":0,"location_name":"Mustika","location_id":9}"
2026-09-24 06:09:52,+0300,10,Suur-Paala,0,success,"{"total":0,"location_name":"Suur-Paala","location_id":10}"
2026-09-24 06:11:52,+0300,1,Hipodroom,0,success,"{"total":0,"location_name":"Hipodroom","location_id":1}"
2026-09-24 06:11:52,+0300,3,T1,0,success,"{"total":0,"location_name":"T1 Shopping Mall","location_id":3}"
2026-09-24 06:11:52,+0300,9,Mustika,0,success,"{"total":0,"location_name":"Mustika","location_id":9}"
2026-09-24 06:11:52,+0300,10,Suur-Paala,0,success,"{"total":0,"location_name":"Suur-Paala","location_id":10}"
2026-09-24 06:13:53,+0300,1,Hipodroom,0,success,"{"total":0,"location_name":"Hipodroom","location_id":1}"
2026-09-24 06:13:53,+0300,3,T1,0,success,"{"total":0,"location_name":"T1 Shopping Mall","location_id":3}"
2026-09-24 06:13:53,+0300,9,Mustika,0,success,"{"total":0,"location_name":"Mustika","location_id":9}"
2026-09-24 06:13:53,+0300,10,Suur-Paala,0,success,"{"total":0,"location_name":"Suur-Paala","location_id":10}"
2026-09-24 06:15:54,+0300,1,Hipodroom,0,success,"{"total":0,"location_name":"Hipodroom","location_id":1}"
2026-09-24 06:15:54,+0300,3,T1,0,success,"{"total":0,"location_name":"T1 Shopping Mall","location_id":3}"
2026-09-24 06:15:54,+0300,9,Mustika,0,success,"{"total":0,"location_name":"Mustika","location_id":9}"
2026-09-24 06:15:54,+0300,10,Suur-Paala,0,success,"{"total":0,"location_name":"Suur-Paala","location_id":10}"
2026-09-24 06:17:54,+0300,1,Hipodroom,0,success,"{"total":0,"location_name":"Hipodroom","location_id":1}"
2026-09-24 06:17:54,+0300,3,T1,0,success,"{"total":0,"location_name":"T1 Shopping Mall","location_id":3}"
2026-09-24 06:17:54,+0300,9,Mustika,0,success,"{"total":0,"location_name":"Mustika","location_id":9}"
2026-09-24 06:17:54,+0300,10,Suur-Paala,0,success,"{"total":0,"location_name":"Suur-Paala","location_id":10}"
2026-09-24 06:19:55,+0300,1,Hipodroom,0,success,"{"total":0,"location_name":"Hipodroom","location_id":1}"
2026-09-24 06:19:55,+0300,3,T1,0,success,"{"total":0,"location_name":"T1 Shopping Mall","location_id":3}"
2026-09-24 06:19:55,+0300,9,Mustika,0,success,"{"total":0,"location_name":"Mustika","location_id":9}"
2026-09-24 06:19:55,+0300,10,Suur-Paala,0,success,"{"total":0,"location_name":"Suur-Paala","location_id":10}"
2026-09-24 06:21:55,+0300,1,Hipodroom,0,success,"{"total":0,"location_name":"Hipodroom","location_id":1}"
2026-09-24 06:21:55,+0300,3,T1,0,success,"{"total":0,"location_name":"T1 Shopping Mall","location_id":3}"
2026-09-24 06:21:55,+0300,9,Mustika,0,success,"{"total":0,"location_name":"Mustika","location_id":9}"
2026-09-24 06:21:55,+0300,10,Suur-Paala,0,success,"{"total":0,"location_name":"Suur-Paala","location_id":10}"
2026-09-24 06:23:56,+0300,1,Hipodroom,0,success,"{"total":0,"location_name":"Hipodroom","location_id":1}"
2026-09-24 06:23:56,+0300,3,T1,0,success,"{"total":0,"location_name":"T1 Shopping Mall","location_id":3}"
2026-09-24 06:23:56,+0300,9,Mustika,0,success,"{"total":0,"location_name":"Mustika","location_id":9}"
2026-09-24 06:23:56,+0300,10,Suur-Paala,0,success,"{"total":0,"location_name":"Suur-Paala","location_id":10}"
2026-09-24 06:25:56,+0300,1,Hipodroom,0,success,"{"total":0,"location_name":"Hipodroom","location_id":1}"
2026-09-24 06:25:56,+0300,3,T1,1,success,"{"total":1,"location_name":"T1 Shopping Mall","location_id":3}"
2026-09-24 06:25:56,+0300,9,Mustika,0,success,"{"total":0,"location_name":"Mustika","location_id":9}"
2026-09-24 06:25:56,+0300,10,Suur-Paala,0,success,"{"total":0,"location_name":"Suur-Paala","location_id":10}"
2026-09-24 06:27:57,+0300,1,Hipodroom,0,success,"{"total":0,"location_name":"Hipodroom","location_id":1}"
2026-09-24 06:27:57,+0300,3,T1,1,success,"{"total":1,"location_name":"T1 Shopping Mall","location_id":3}"
2026-09-24 06:27:57,+0300,9,Mustika,0,success,"{"total":0,"location_name":"Mustika","location_id":9}"
2026-09-24 06:27:57,+0300,10,Suur-Paala,0,success,"{"total":0,"location_name":"Suur-Paala","location_id":10}"
2026-09-24 06:29:58,+0300,1,Hipodroom,0,success,"{"total":0,"location_name":"Hipodroom","location_id":1}"
2026-09-24 06:29:58,+0300,3,T1,1,success,"{"total":1,"location_name":"T1 Shopping Mall","location_id":3}"
2026-09-24 06:29:58,+0300,9,Mustika,0,success,"{"total":0,"location_name":"Mustika","location_id":9}"
2026-09-24 06:29:58,+0300,10,Suur-Paala,0,success,"{"total":0,"location_name":"Suur-Paala","location_id":10}"
2026-09-24 06:31:58,+0300,1,Hipodroom,0,success,"{"total":0,"location_name":"Hipodroom","location_id":1}"
2026-09-24 06:31:58,+0300,3,T1,1,success,"{"total":1,"location_name":"T1 Shopping Mall","location_id":3}"
2026-09-24 06:31:58,+0300,9,Mustika,0,success,"{"total":0,"location_name":"Mustika","location_id":9}"
2026-09-24 06:31:58,+0300,10,Suur-Paala,0,success,"{"total":0,"location_name":"Suur-Paala","location_id":10}"
2026-09-24 06:33:59,+0300,1,Hipodroom,0,success,"{"total":0,"location_name":"Hipodroom","location_id":1}"
2026-09-24 06:33:59,+0300,3,T1,1,success,"{"total":1,"location_name":"T1 Shopping Mall","location_id":3}"
2026-09-24 06:33:59,+0300,9,Mustika,0,success,"{"total":0,"location_name":"Mustika","location_id":9}"
2026-09-24 06:33:59,+0300,10,Suur-Paala,0,success,"{"total":0,"location_name":"Suur-Paala","location_id":10}"
2026-09-24 06:36:00,+0300,1,Hipodroom,0,success,"{"total":0,"location_name":"Hipodroom","location_id":1}"
2026-09-24 06:36:00,+0300,3,T1,1,success,"{"total":1,"location_name":"T1 Shopping Mall","location_id":3}"
2026-09-24 06:36:00,+0300,9,Mustika,0,success,"{"total":0,"location_name":"Mustika","location_id":9}"
2026-09-24 06:36:00,+0300,10,Suur-Paala,0,success,"{"total":0,"location_name":"Suur-Paala","location_id":10}"
2026-09-24 06:38:00,+0300,1,Hipodroom,0,success,"{"total":0,"location_name":"Hipodroom","location_id":1}"
2026-09-24 06:38:00,+0300,3,T1,1,success,"{"total":1,"location_name":"T1 Shopping Mall","location_id":3}"
2026-09-24 06:38:00,+0300,9,Mustika,0,success,"{"total":0,"location_name":"Mustika","location_id":9}"
2026-09-24 06:38:00,+0300,10,Suur-Paala,0,success,"{"total":0,"location_name":"Suur-Paala","location_id":10}"
2026-09-24 06:40:01,+0300,1,Hipodroom,0,success,"{"total":0,"location_name":"Hipodroom","location_id":1}"
2026-09-24 06:40:01,+0300,3,T1,1,success,"{"total":1,"location_name":"T1 Shopping Mall","location_id":3}"
2026-09-24 06:40:01,+0300,9,Mustika,0,success,"{"total":0,"location_name":"Mustika","location_id":9}"
2026-09-24 06:40:01,+0300,10,Suur-Paala,0,success,"{"total":0,"location_name":"Suur-Paala","location_id":10}"
2026-09-24 06:42:02,+0300,1,Hipodroom,0,success,"{"total":0,"location_name":"Hipodroom","location_id":1}"
2026-09-24 06:42:02,+0300,3,T1,1,success,"{"total":1,"location_name":"T1 Shopping Mall","location_id":3}"
2026-09-24 06:42:02,+0300,9,Mustika,0,success,"{"total":0,"location_name":"Mustika","location_id":9}"
2026-09-24 06:42:02,+0300,10,Suur-Paala,0,success,"{"total":0,"location_name":"Suur-Paala","location_id":10}"
2026-09-24 06:44:02,+0300,1,Hipodroom,0,success,"{"total":0,"location_name":"Hipodroom","location_id":1}"
2026-09-24 06:44:02,+0300,3,T1,1,success,"{"total":1,"location_name":"T1 Shopping Mall","location_id":3}"
2026-09-24 06:44:02,+0300,9,Mustika,0,success,"{"total":0,"location_name":"Mustika","location_id":9}"
2026-09-24 06:44:02,+0300,10,Suur-Paala,0,success,"{"total":0,"location_name":"Suur-Paala","location_id":10}"
2026-09-24 06:46:03,+0300,1,Hipodroom,0,success,"{"total":0,"location_name":"Hipodroom","location_id":1}"
2026-09-24 06:46:03,+0300,3,T1,1,success,"{"total":1,"location_name":"T1 Shopping Mall","location_id":3}"
2026-09-24 06:46:03,+0300,9,Mustika,0,success,"{"total":0,"location_name":"Mustika","location_id":9}"
2026-09-24 06:46:03,+0300,10,Suur-Paala,0,success,"{"total":0,"location_name":"Suur-Paala","location_id":10}"
2026-09-24 06:48:03,+0300,1,Hipodroom,0,success,"{"total":0,"location_name":"Hipodroom","location_id":1}"
2026-09-24 06:48:03,+0300,3,T1,1,success,"{"total":1,"location_name":"T1 Shopping Mall","location_id":3}"
2026-09-24 06:48:03,+0300,9,Mustika,0,success,"{"total":0,"location_name":"Mustika","location_id":9}"
2026-09-24 06:48:03,+0300,10,Suur-Paala,0,success,"{"total":0,"location_name":"Suur-Paala","location_id":10}"
2026-09-24 06:50:04,+0300,1,Hipodroom,0,success,"{"total":0,"location_name":"Hipodroom","location_id":1}"
2026-09-24 06:50:04,+0300,3,T1,1,success,"{"total":1,"location_name":"T1 Shopping Mall","location_id":3}"
2026-09-24 06:50:04,+0300,9,Mustika,0,success,"{"total":0,"location_name":"Mustika","location_id":9}"
2026-09-24 06:50:04,+0300,10,Suur-Paala,0,success,"{"total":0,"location_name":"Suur-Paala","location_id":10}"
2026-09-24 06:52:04,+0300,1,Hipodroom,0,success,"{"total":0,"location_name":"Hipodroom","location_id":1}"
2026-09-24 06:52:04,+0300,3,T1,1,success,"{"total":1,"location_name":"T1 Shopping Mall","location_id":3}"
2026-09-24 06:52:04,+0300,9,Mustika,0,success,"{"total":0,"location_name":"Mustika","location_id":9}"
2026-09-24 06:52:04,+0300,10,Suur-Paala,0,success,"{"total":0,"location_name":"Suur-Paala","location_id":10}"
2026-09-24 06:54:05,+0300,1,Hipodroom,0,success,"{"total":0,"location_name":"Hipodroom","location_id":1}"
2026-09-24 06:54:05,+0300,3,T1,1,success,"{"total":1,"location_name":"T1 Shopping Mall","location_id":3}"
2026-09-24 06:54:05,+0300,9,Mustika,0,success,"{"total":0,"location_name":"Mustika","location_id":9}"
2026-09-24 06:54:05,+0300,10,Suur-Paala,0,success,"{"total":0,"location_name":"Suur-Paala","location_id":10}"
2026-09-24 06:56:06,+0300,1,Hipodroom,0,success,"{"total":0,"location_name":"Hipodroom","location_id":1}"
2026-09-24 06:56:06,+0300,3,T1,1,success,"{"total":1,"location_name":"T1 Shopping Mall","location_id":3}"
2026-09-24 06:56:06,+0300,9,Mustika,0,success,"{"total":0,"location_name":"Mustika","location_id":9}"
2026-09-24 06:56:06,+0300,10,Suur-Paala,0,success,"{"total":0,"location_name":"Suur-Paala","location_id":10}"
2026-09-24 06:58:06,+0300,1,Hipodroom,0,success,"{"total":0,"location_name":"Hipodroom","location_id":1}"
2026-09-24 06:58:06,+0300,3,T1,1,success,"{"total":1,"location_name":"T1 Shopping Mall","location_id":3}"
2026-09-24 06:58:06,+0300,9,Mustika,0,success,"{"total":0,"location_name":"Mustika","location_id":9}"
2026-09-24 06:58:06,+0300,10,Suur-Paala,0,success,"{"total":0,"location_name":"Suur-Paala","location_id":10}"
2026-09-24 07:00:07,+0300,1,Hipodroom,0,success,"{"total":0,"location_name":"Hipodroom","location_id":1}"
2026-09-24 07:00:07,+0300,3,T1,1,success,"{"total":1,"location_name":"T1 Shopping Mall","location_id":3}"
2026-09-24 07:00:07,+0300,9,Mustika,0,success,"{"total":0,"location_name":"Mustika","location_id":9}"
2026-09-24 07:00:07,+0300,10,Suur-Paala,0,success,"{"total":0,"location_name":"Suur-Paala","location_id":10}"
2026-09-24 07:02:08,+0300,1,Hipodroom,0,success,"{"total":0,"location_name":"Hipodroom","location_id":1}"
2026-09-24 07:02:08,+0300,3,T1,1,success,"{"total":1,"location_name":"T1 Shopping Mall","location_id":3}"
2026-09-24 07:02:08,+0300,9,Mustika,0,success,"{"total":0,"location_name":"Mustika","location_id":9}"
2026-09-24 07:02:08,+0300,10,Suur-Paala,0,success,"{"total":0,"location_name":"Suur-Paala","location_id":10}"
2026-09-24 07:04:08,+0300,1,Hipodroom,0,success,"{"total":0,"location_name":"Hipodroom","location_id":1}"
2026-09-24 07:04:08,+0300,3,T1,1,success,"{"total":1,"location_name":"T1 Shopping Mall","location_id":3}"
2026-09-24 07:04:08,+0300,9,Mustika,0,success,"{"total":0,"location_name":"Mustika","location_id":9}"
2026-09-24 07:04:08,+0300,10,Suur-Paala,0,success,"{"total":0,"location_name":"Suur-Paala","location_id":10}"
2026-09-24 07:06:09,+0300,1,Hipodroom,0,success,"{"total":0,"location_name":"Hipodroom","location_id":1}"
2026-09-24 07:06:09,+0300,3,T1,1,success,"{"total":1,"location_name":"T1 Shopping Mall","location_id":3}"
2026-09-24 07:06:09,+0300,9,Mustika,0,success,"{"total":0,"location_name":"Mustika","location_id":9}"
2026-09-24 07:06:09,+0300,10,Suur-Paala,0,success,"{"total":0,"location_name":"Suur-Paala","location_id":10}"
2026-09-24 07:08:09,+0300,1,Hipodroom,0,success,"{"total":0,"location_name":"Hipodroom","location_id":1}"
2026-09-24 07:08:09,+0300,3,T1,1,success,"{"total":1,"location_name":"T1 Shopping Mall","location_id":3}"
2026-09-24 07:08:09,+0300,9,Mustika,0,success,"{"total":0,"location_name":"Mustika","location_id":9}"
2026-09-24 07:08:09,+0300,10,Suur-Paala,0,success,"{"total":0,"location_name":"Suur-Paala","location_id":10}"
2026-09-24 07:10:10,+0300,1,Hipodroom,0,success,"{"total":0,"location_name":"Hipodroom","location_id":1}"
2026-09-24 07:10:10,+0300,3,T1,1,success,"{"total":1,"location_name":"T1 Shopping Mall","location_id":3}"
2026-09-24 07:10:10,+0300,9,Mustika,0,success,"{"total":0,"location_name":"Mustika","location_id":9}"
2026-09-24 07:10:10,+0300,10,Suur-Paala,0,success,"{"total":0,"location_name":"Suur-Paala","location_id":10}"
2026-09-24 07:12:10,+0300,1,Hipodroom,0,success,"{"total":0,"location_name":"Hipodroom","location_id":1}"
2026-09-24 07:12:10,+0300,3,T1,1,success,"{"total":1,"location_name":"T1 Shopping Mall","location_id":3}"
2026-09-24 07:12:10,+0300,9,Mustika,0,success,"{"total":0,"location_name":"Mustika","location_id":9}"
2026-09-24 07:12:10,+0300,10,Suur-Paala,0,success,"{"total":0,"location_name":"Suur-Paala","location_id":10}"
2026-09-24 07:14:11,+0300,1,Hipodroom,0,success,"{"total":0,"location_name":"Hipodroom","location_id":1}"
2026-09-24 07:14:11,+0300,3,T1,1,success,"{"total":1,"location_name":"T1 Shopping Mall","location_id":3}"
2026-09-24 07:14:11,+0300,9,Mustika,0,success,"{"total":0,"location_name":"Mustika","location_id":9}"
2026-09-24 07:14:11,+0300,10,Suur-Paala,0,success,"{"total":0,"location_name":"Suur-Paala","location_id":10}"
2026-09-24 07:16:12,+0300,1,Hipodroom,0,success,"{"total":0,"location_name":"Hipodroom","location_id":1}"
2026-09-24 07:16:12,+0300,3,T1,1,success,"{"total":1,"location_name":"T1 Shopping Mall","location_id":3}"
2026-09-24 07:16:12,+0300,9,Mustika,0,success,"{"total":0,"location_name":"Mustika","location_id":9}"
2026-09-24 07:16:12,+0300,10,Suur-Paala,0,success,"{"total":0,"location_name":"Suur-Paala","location_id":10}"
2026-09-24 07:18:13,+0300,1,Hipodroom,0,success,"{"total":0,"location_name":"Hipodroom","location_id":1}"
2026-09-24 07:18:13,+0300,3,T1,1,success,"{"total":1,"location_name":"T1 Shopping Mall","location_id":3}"
2026-09-24 07:18:13,+0300,9,Mustika,0,success,"{"total":0,"location_name":"Mustika","location_id":9}"
2026-09-24 07:18:13,+0300,10,Suur-Paala,0,success,"{"total":0,"location_name":"Suur-Paala","location_id":10}"
2026-09-24 07:20:14,+0300,1,Hipodroom,0,success,"{"total":0,"location_name":"Hipodroom","location_id":1}"
2026-09-24 07:20:14,+0300,3,T1,1,success,"{"total":1,"location_name":"T1 Shopping Mall","location_id":3}"
2026-09-24 07:20:14,+0300,9,Mustika,0,success,"{"total":0,"location_name":"Mustika","location_id":9}"
2026-09-24 07:20:14,+0300,10,Suur-Paala,0,success,"{"total":0,"location_name":"Suur-Paala","location_id":10}"
2026-09-24 07:22:14,+0300,1,Hipodroom,0,success,"{"total":0,"location_name":"Hipodroom","location_id":1}"
2026-09-24 07:22:14,+0300,3,T1,1,success,"{"total":1,"location_name":"T1 Shopping Mall","location_id":3}"
2026-09-24 07:22:14,+0300,9,Mustika,0,success,"{"total":0,"location_name":"Mustika","location_id":9}"
2026-09-24 07:22:14,+0300,10,Suur-Paala,0,success,"{"total":0,"location_name":"Suur-Paala","location_id":10}"
2026-09-24 07:24:15,+0300,1,Hipodroom,0,success,"{"total":0,"location_name":"Hipodroom","location_id":1}"
2026-09-24 07:24:15,+0300,3,T1,1,success,"{"total":1,"location_name":"T1 Shopping Mall","location_id":3}"
2026-09-24 07:24:15,+0300,9,Mustika,0,success,"{"total":0,"location_name":"Mustika","location_id":9}"
2026-09-24 07:24:15,+0300,10,Suur-Paala,0,success,"{"total":0,"location_name":"Suur-Paala","location_id":10}"
2026-09-24 07:26:16,+0300,1,Hipodroom,0,success,"{"total":0,"location_name":"Hipodroom","location_id":1}"
2026-09-24 07:26:16,+0300,3,T1,1,success,"{"total":1,"location_name":"T1 Shopping Mall","location_id":3}"
2026-09-24 07:26:16,+0300,9,Mustika,0,success,"{"total":0,"location_name":"Mustika","location_id":9}"
2026-09-24 07:26:16,+0300,10,Suur-Paala,0,success,"{"total":0,"location_name":"Suur-Paala","location_id":10}"
2026-09-24 07:28:16,+0300,1,Hipodroom,0,success,"{"total":0,"location_name":"Hipodroom","location_id":1}"
2026-09-24 07:28:16,+0300,3,T1,1,success,"{"total":1,"location_name":"T1 Shopping Mall","location_id":3}"
2026-09-24 07:28:16,+0300,9,Mustika,0,success,"{"total":0,"location_name":"Mustika","location_id":9}"
2026-09-24 07:28:16,+0300,10,Suur-Paala,0,success,"{"total":0,"location_name":"Suur-Paala","location_id":10}"
2026-09-24 07:30:17,+0300,1,Hipodroom,0,success,"{"total":0,"location_name":"Hipodroom","location_id":1}"
2026-09-24 07:30:17,+0300,3,T1,1,success,"{"total":1,"location_name":"T1 Shopping Mall","location_id":3}"
2026-09-24 07:30:17,+0300,9,Mustika,0,success,"{"total":0,"location_name":"Mustika","location_id":9}"
2026-09-24 07:30:17,+0300,10,Suur-Paala,0,success,"{"total":0,"location_name":"Suur-Paala","location_id":10}"
2026-09-24 07:32:17,+0300,1,Hipodroom,0,success,"{"total":0,"location_name":"Hipodroom","location_id":1}"
2026-09-24 07:32:17,+0300,3,T1,1,success,"{"total":1,"location_name":"T1 Shopping Mall","location_id":3}"
2026-09-24 07:32:17,+0300,9,Mustika,0,success,"{"total":0,"location_name":"Mustika","location_id":9}"
2026-09-24 07:32:17,+0300,10,Suur-Paala,0,success,"{"total":0,"location_name":"Suur-Paala","location_id":10}"
2026-09-24 07:34:18,+0300,1,Hipodroom,0,success,"{"total":0,"location_name":"Hipodroom","location_id":1}"
2026-09-24 07:34:18,+0300,3,T1,1,success,"{"total":1,"location_name":"T1 Shopping Mall","location_id":3}"
2026-09-24 07:34:18,+0300,9,Mustika,0,success,"{"total":0,"location_name":"Mustika","location_id":9}"
2026-09-24 07:34:18,+0300,10,Suur-Paala,0,success,"{"total":0,"location_name":"Suur-Paala","location_id":10}"
2026-09-24 07:36:18,+0300,1,Hipodroom,0,success,"{"total":0,"location_name":"Hipodroom","location_id":1}"
2026-09-24 07:36:18,+0300,3,T1,1,success,"{"total":1,"location_name":"T1 Shopping Mall","location_id":3}"
2026-09-24 07:36:18,+0300,9,Mustika,0,success,"{"total":0,"location_name":"Mustika","location_id":9}"
2026-09-24 07:36:18,+0300,10,Suur-Paala,0,success,"{"total":0,"location_name":"Suur-Paala","location_id":10}"
2026-09-24 07:38:19,+0300,1,Hipodroom,0,success,"{"total":0,"location_name":"Hipodroom","location_id":1}"
2026-09-24 07:38:19,+0300,3,T1,1,success,"{"total":1,"location_name":"T1 Shopping Mall","location_id":3}"
2026-09-24 07:38:19,+0300,9,Mustika,0,success,"{"total":0,"location_name":"Mustika","location_id":9}"
2026-09-24 07:38:19,+0300,10,Suur-Paala,0,success,"{"total":0,"location_name":"Suur-Paala","location_id":10}"
2026-09-24 07:40:19,+0300,1,Hipodroom,0,success,"{"total":0,"location_name":"Hipodroom","location_id":1}"
2026-09-24 07:40:19,+0300,3,T1,1,success,"{"total":1,"location_name":"T1 Shopping Mall","location_id":3}"
2026-09-24 07:40:19,+0300,9,Mustika,0,success,"{"total":0,"location_name":"Mustika","location_id":9}"
2026-09-24 07:40:19,+0300,10,Suur-Paala,0,success,"{"total":0,"location_name":"Suur-Paala","location_id":10}"
2026-09-24 07:42:20,+0300,1,Hipodroom,0,success,"{"total":0,"location_name":"Hipodroom","location_id":1}"
2026-09-24 07:42:20,+0300,3,T1,1,success,"{"total":1,"location_name":"T1 Shopping Mall","location_id":3}"
2026-09-24 07:42:20,+0300,9,Mustika,1,success,"{"total":1,"location_name":"Mustika","location_id":9}"
2026-09-24 07:42:20,+0300,10,Suur-Paala,0,success,"{"total":0,"location_name":"Suur-Paala","location_id":10}"
2026-09-24 07:44:20,+0300,1,Hipodroom,0,success,"{"total":0,"location_name":"Hipodroom","location_id":1}"
2026-09-24 07:44:20,+0300,3,T1,1,success,"{"total":1,"location_name":"T1 Shopping Mall","location_id":3}"
2026-09-24 07:44:20,+0300,9,Mustika,1,success,"{"total":1,"location_name":"Mustika","location_id":9}"
2026-09-24 07:44:20,+0300,10,Suur-Paala,0,success,"{"total":0,"location_name":"Suur-Paala","location_id":10}"
2026-09-24 07:46:21,+0300,1,Hipodroom,0,success,"{"total":0,"location_name":"Hipodroom","location_id":1}"
2026-09-24 07:46:21,+0300,3,T1,1,success,"{"total":1,"location_name":"T1 Shopping Mall","location_id":3}"
2026-09-24 07:46:21,+0300,9,Mustika,1,success,"{"total":1,"location_name":"Mustika","location_id":9}"
2026-09-24 07:46:21,+0300,10,Suur-Paala,0,success,"{"total":0,"location_name":"Suur-Paala","location_id":10}"
2026-09-24 07:48:22,+0300,1,Hipodroom,0,success,"{"total":0,"location_name":"Hipodroom","location_id":1}"
2026-09-24 07:48:22,+0300,3,T1,1,success,"{"total":1,"location_name":"T1 Shopping Mall","location_id":3}"
2026-09-24 07:48:22,+0300,9,Mustika,1,success,"{"total":1,"location_name":"Mustika","location_id":9}"
2026-09-24 07:48:22,+0300,10,Suur-Paala,0,success,"{"total":0,"location_name":"Suur-Paala","location_id":10}"
2026-09-24 07:50:22,+0300,1,Hipodroom,0,success,"{"total":0,"location_name":"Hipodroom","location_id":1}"
2026-09-24 07:50:22,+0300,3,T1,1,success,"{"total":1,"location_name":"T1 Shopping Mall","location_id":3}"
2026-09-24 07:50:22,+0300,9,Mustika,1,success,"{"total":1,"location_name":"Mustika","location_id":9}"
2026-09-24 07:50:22,+0300,10,Suur-Paala,0,success,"{"total":0,"location_name":"Suur-Paala","location_id":10}"
2026-09-24 07:52:23,+0300,1,Hipodroom,0,success,"{"total":0,"location_name":"Hipodroom","location_id":1}"
2026-09-24 07:52:23,+0300,3,T1,1,success,"{"total":1,"location_name":"T1 Shopping Mall","location_id":3}"
2026-09-24 07:52:23,+0300,9,Mustika,1,success,"{"total":1,"location_name":"Mustika","location_id":9}"
2026-09-24 07:52:23,+0300,10,Suur-Paala,0,success,"{"total":0,"location_name":"Suur-Paala","location_id":10}"
2026-09-24 07:54:23,+0300,1,Hipodroom,0,success,"{"total":0,"location_name":"Hipodroom","location_id":1}"
2026-09-24 07:54:23,+0300,3,T1,1,success,"{"total":1,"location_name":"T1 Shopping Mall","location_id":3}"
2026-09-24 07:54:23,+0300,9,Mustika,2,success,"{"total":2,"location_name":"Mustika","location_id":9}"
2026-09-24 07:54:23,+0300,10,Suur-Paala,0,success,"{"total":0,"location_name":"Suur-Paala","location_id":10}"
2026-09-24 07:56:24,+0300,1,Hipodroom,0,success,"{"total":0,"location_name":"Hipodroom","location_id":1}"
2026-09-24 07:56:24,+0300,3,T1,1,success,"{"total":1,"location_name":"T1 Shopping Mall","location_id":3}"
2026-09-24 07:56:24,+0300,9,Mustika,2,success,"{"total":2,"location_name":"Mustika","location_id":9}"
2026-09-24 07:56:24,+0300,10,Suur-Paala,0,success,"{"total":0,"location_name":"Suur-Paala","location_id":10}"
2026-09-24 07:58:24,+0300,1,Hipodroom,0,success,"{"total":0,"location_name":"Hipodroom","location_id":1}"
2026-09-24 07:58:24,+0300,3,T1,1,success,"{"total":1,"location_name":"T1 Shopping Mall","location_id":3}"
2026-09-24 07:58:24,+0300,9,Mustika,2,success,"{"total":2,"location_name":"Mustika","location_id":9}"
2026-09-24 07:58:24,+0300,10,Suur-Paala,0,success,"{"total":0,"location_name":"Suur-Paala","location_id":10}"
2026-09-24 08:00:25,+0300,1,Hipodroom,0,success,"{"total":0,"location_name":"Hipodroom","location_id":1}"
2026-09-24 08:00:25,+0300,3,T1,1,success,"{"total":1,"location_name":"T1 Shopping Mall","location_id":3}"
2026-09-24 08:00:25,+0300,9,Mustika,2,success,"{"total":2,"location_name":"Mustika","location_id":9}"
2026-09-24 08:00:25,+0300,10,Suur-Paala,0,success,"{"total":0,"location_name":"Suur-Paala","location_id":10}"
2026-09-24 08:02:25,+0300,1,Hipodroom,0,success,"{"total":0,"location_name":"Hipodroom","location_id":1}"
2026-09-24 08:02:25,+0300,3,T1,1,success,"{"total":1,"location_name":"T1 Shopping Mall","location_id":3}"
2026-09-24 08:02:25,+0300,9,Mustika,2,success,"{"total":2,"location_name":"Mustika","location_id":9}"
2026-09-24 08:02:25,+0300,10,Suur-Paala,0,success,"{"total":0,"location_name":"Suur-Paala","location_id":10}"
2026-09-24 08:04:26,+0300,1,Hipodroom,0,success,"{"total":0,"location_name":"Hipodroom","location_id":1}"
2026-09-24 08:04:26,+0300,3,T1,1,success,"{"total":1,"location_name":"T1 Shopping Mall","location_id":3}"
2026-09-24 08:04:26,+0300,9,Mustika,2,success,"{"total":2,"location_name":"Mustika","location_id":9}"
2026-09-24 08:04:26,+0300,10,Suur-Paala,0,success,"{"total":0,"location_name":"Suur-Paala","location_id":10}"
2026-09-24 08:06:26,+0300,1,Hipodroom,0,success,"{"total":0,"location_name":"Hipodroom","location_id":1}"
2026-09-24 08:06:26,+0300,3,T1,1,success,"{"total":1,"location_name":"T1 Shopping Mall","location_id":3}"
2026-09-24 08:06:26,+0300,9,Mustika,2,success,"{"total":2,"location_name":"Mustika","location_id":9}"
2026-09-24 08:06:26,+0300,10,Suur-Paala,0,success,"{"total":0,"location_name":"Suur-Paala","location_id":10}"
2026-09-24 08:08:27,+0300,1,Hipodroom,0,success,"{"total":0,"location_name":"Hipodroom","location_id":1}"
2026-09-24 08:08:27,+0300,3,T1,1,success,"{"total":1,"location_name":"T1 Shopping Mall","location_id":3}"
2026-09-24 08:08:27,+0300,9,Mustika,2,success,"{"total":2,"location_name":"Mustika","location_id":9}"
2026-09-24 08:08:27,+0300,10,Suur-Paala,0,success,"{"total":0,"location_name":"Suur-Paala","location_id":10}"
2026-09-24 08:10:28,+0300,1,Hipodroom,0,success,"{"total":0,"location_name":"Hipodroom","location_id":1}"
2026-09-24 08:10:28,+0300,3,T1,1,success,"{"total":1,"location_name":"T1 Shopping Mall","location_id":3}"
2026-09-24 08:10:28,+0300,9,Mustika,2,success,"{"total":2,"location_name":"Mustika","location_id":9}"
2026-09-24 08:10:28,+0300,10,Suur-Paala,0,success,"{"total":0,"location_name":"Suur-Paala","location_id":10}"
2026-09-24 08:12:28,+0300,1,Hipodroom,0,success,"{"total":0,"location_name":"Hipodroom","location_id":1}"
2026-09-24 08:12:28,+0300,3,T1,1,success,"{"total":1,"location_name":"T1 Shopping Mall","location_id":3}"
2026-09-24 08:12:28,+0300,9,Mustika,2,success,"{"total":2,"location_name":"Mustika","location_id":9}"
2026-09-24 08:12:28,+0300,10,Suur-Paala,0,success,"{"total":0,"location_name":"Suur-Paala","location_id":10}"
2026-09-24 08:14:29,+0300,1,Hipodroom,0,success,"{"total":0,"location_name":"Hipodroom","location_id":1}"
2026-09-24 08:14:29,+0300,3,T1,1,success,"{"total":1,"location_name":"T1 Shopping Mall","location_id":3}"
2026-09-24 08:14:29,+0300,9,Mustika,2,success,"{"total":2,"location_name":"Mustika","location_id":9}"
2026-09-24 08:14:29,+0300,10,Suur-Paala,0,success,"{"total":0,"location_name":"Suur-Paala","location_id":10}"
2026-09-24 08:16:30,+0300,1,Hipodroom,0,success,"{"total":0,"location_name":"Hipodroom","location_id":1}"
2026-09-24 08:16:30,+0300,3,T1,1,success,"{"total":1,"location_name":"T1 Shopping Mall","location_id":3}"
2026-09-24 08:16:30,+0300,9,Mustika,2,success,"{"total":2,"location_name":"Mustika","location_id":9}"
2026-09-24 08:16:30,+0300,10,Suur-Paala,0,success,"{"total":0,"location_name":"Suur-Paala","location_id":10}"
2026-09-24 08:18:30,+0300,1,Hipodroom,0,success,"{"total":0,"location_name":"Hipodroom","location_id":1}"
2026-09-24 08:18:30,+0300,3,T1,1,success,"{"total":1,"location_name":"T1 Shopping Mall","location_id":3}"
2026-09-24 08:18:30,+0300,9,Mustika,2,success,"{"total":2,"location_name":"Mustika","location_id":9}"
2026-09-24 08:18:30,+0300,10,Suur-Paala,0,success,"{"total":0,"location_name":"Suur-Paala","location_id":10}"
2026-09-24 08:20:31,+0300,1,Hipodroom,0,success,"{"total":0,"location_name":"Hipodroom","location_id":1}"
2026-09-24 08:20:31,+0300,3,T1,1,success,"{"total":1,"location_name":"T1 Shopping Mall","location_id":3}"
2026-09-24 08:20:31,+0300,9,Mustika,2,success,"{"total":2,"location_name":"Mustika","location_id":9}"
2026-09-24 08:20:31,+0300,10,Suur-Paala,0,success,"{"total":0,"location_name":"Suur-Paala","location_id":10}"
2026-09-24 08:22:32,+0300,1,Hipodroom,0,success,"{"total":0,"location_name":"Hipodroom","location_id":1}"
2026-09-24 08:22:32,+0300,3,T1,1,success,"{"total":1,"location_name":"T1 Shopping Mall","location_id":3}"
2026-09-24 08:22:32,+0300,9,Mustika,2,success,"{"total":2,"location_name":"Mustika","location_id":9}"
2026-09-24 08:22:32,+0300,10,Suur-Paala,0,success,"{"total":0,"location_name":"Suur-Paala","location_id":10}"
2026-09-24 08:24:32,+0300,1,Hipodroom,0,success,"{"total":0,"location_name":"Hipodroom","location_id":1}"
2026-09-24 08:24:32,+0300,3,T1,1,success,"{"total":1,"location_name":"T1 Shopping Mall","location_id":3}"
2026-09-24 08:24:32,+0300,9,Mustika,2,success,"{"total":2,"location_name":"Mustika","location_id":9}"
2026-09-24 08:24:32,+0300,10,Suur-Paala,0,success,"{"total":0,"location_name":"Suur-Paala","location_id":10}"
2026-09-24 08:26:33,+0300,1,Hipodroom,0,success,"{"total":0,"location_name":"Hipodroom","location_id":1}"
2026-09-24 08:26:33,+0300,3,T1,1,success,"{"total":1,"location_name":"T1 Shopping Mall","location_id":3}"
2026-09-24 08:26:33,+0300,9,Mustika,2,success,"{"total":2,"location_name":"Mustika","location_id":9}"
2026-09-24 08:26:33,+0300,10,Suur-Paala,0,success,"{"total":0,"location_name":"Suur-Paala","location_id":10}"
2026-09-24 08:28:33,+0300,1,Hipodroom,0,success,"{"total":0,"location_name":"Hipodroom","location_id":1}"
2026-09-24 08:28:33,+0300,3,T1,1,success,"{"total":1,"location_name":"T1 Shopping Mall","location_id":3}"
2026-09-24 08:28:33,+0300,9,Mustika,2,success,"{"total":2,"location_name":"Mustika","location_id":9}"
2026-09-24 08:28:33,+0300,10,Suur-Paala,0,success,"{"total":0,"location_name":"Suur-Paala","location_id":10}"
2026-09-24 08:30:34,+0300,1,Hipodroom,0,success,"{"total":0,"location_name":"Hipodroom","location_id":1}"
2026-09-24 08:30:34,+0300,3,T1,1,success,"{"total":1,"location_name":"T1 Shopping Mall","location_id":3}"
2026-09-24 08:30:34,+0300,9,Mustika,2,success,"{"total":2,"location_name":"Mustika","location_id":9}"
2026-09-24 08:30:34,+0300,10,Suur-Paala,0,success,"{"total":0,"location_name":"Suur-Paala","location_id":10}"
2026-09-24 08:32:35,+0300,1,Hipodroom,0,success,"{"total":0,"location_name":"Hipodroom","location_id":1}"
2026-09-24 08:32:35,+0300,3,T1,1,success,"{"total":1,"location_name":"T1 Shopping Mall","location_id":3}"
2026-09-24 08:32:35,+0300,9,Mustika,2,success,"{"total":2,"location_name":"Mustika","location_id":9}"
2026-09-24 08:32:35,+0300,10,Suur-Paala,0,success,"{"total":0,"location_name":"Suur-Paala","location_id":10}"
2026-09-24 08:34:35,+0300,1,Hipodroom,0,success,"{"total":0,"location_name":"Hipodroom","location_id":1}"
2026-09-24 08:34:35,+0300,3,T1,1,success,"{"total":1,"location_name":"T1 Shopping Mall","location_id":3}"
2026-09-24 08:34:35,+0300,9,Mustika,2,success,"{"total":2,"location_name":"Mustika","location_id":9}"
2026-09-24 08:34:35,+0300,10,Suur-Paala,0,success,"{"total":0,"location_name":"Suur-Paala","location_id":10}"
2026-09-24 08:36:36,+0300,1,Hipodroom,0,success,"{"total":0,"location_name":"Hipodroom","location_id":1}"
2026-09-24 08:36:36,+0300,3,T1,2,success,"{"total":2,"location_name":"T1 Shopping Mall","location_id":3}"
2026-09-24 08:36:36,+0300,9,Mustika,2,success,"{"total":2,"location_name":"Mustika","location_id":9}"
2026-09-24 08:36:36,+0300,10,Suur-Paala,0,success,"{"total":0,"location_name":"Suur-Paala","location_id":10}"
2026-09-24 08:38:36,+0300,1,Hipodroom,0,success,"{"total":0,"location_name":"Hipodroom","location_id":1}"
2026-09-24 08:38:36,+0300,3,T1,2,success,"{"total":2,"location_name":"T1 Shopping Mall","location_id":3}"
2026-09-24 08:38:36,+0300,9,Mustika,2,success,"{"total":2,"location_name":"Mustika","location_id":9}"
2026-09-24 08:38:36,+0300,10,Suur-Paala,0,success,"{"total":0,"location_name":"Suur-Paala","location_id":10}"
2026-09-24 08:40:37,+0300,1,Hipodroom,0,success,"{"total":0,"location_name":"Hipodroom","location_id":1}"
2026-09-24 08:40:37,+0300,3,T1,2,success,"{"total":2,"location_name":"T1 Shopping Mall","location_id":3}"
2026-09-24 08:40:37,+0300,9,Mustika,2,success,"{"total":2,"location_name":"Mustika","location_id":9}"
2026-09-24 08:40:37,+0300,10,Suur-Paala,0,success,"{"total":0,"location_name":"Suur-Paala","location_id":10}"
2026-09-24 08:42:38,+0300,1,Hipodroom,0,success,"{"total":0,"location_name":"Hipodroom","location_id":1}"
2026-09-24 08:42:38,+0300,3,T1,2,success,"{"total":2,"location_name":"T1 Shopping Mall","location_id":3}"
2026-09-24 08:42:38,+0300,9,Mustika,2,success,"{"total":2,"location_name":"Mustika","location_id":9}"
2026-09-24 08:42:38,+0300,10,Suur-Paala,0,success,"{"total":0,"location_name":"Suur-Paala","location_id":10}"
2026-09-24 08:44:38,+0300,1,Hipodroom,0,success,"{"total":0,"location_name":"Hipodroom","location_id":1}"
2026-09-24 08:44:38,+0300,3,T1,2,success,"{"total":2,"location_name":"T1 Shopping Mall","location_id":3}"
2026-09-24 08:44:38,+0300,9,Mustika,2,success,"{"total":2,"location_name":"Mustika","location_id":9}"
2026-09-24 08:44:38,+0300,10,Suur-Paala,0,success,"{"total":0,"location_name":"Suur-Paala","location_id":10}"
2026-09-24 08:46:39,+0300,1,Hipodroom,0,success,"{"total":0,"location_name":"Hipodroom","location_id":1}"
2026-09-24 08:46:39,+0300,3,T1,2,success,"{"total":2,"location_name":"T1 Shopping Mall","location_id":3}"
2026-09-24 08:46:39,+0300,9,Mustika,2,success,"{"total":2,"location_name":"Mustika","location_id":9}"
2026-09-24 08:46:39,+0300,10,Suur-Paala,0,success,"{"total":0,"location_name":"Suur-Paala","location_id":10}"
2026-09-24 08:48:40,+0300,1,Hipodroom,0,success,"{"total":0,"location_name":"Hipodroom","location_id":1}"
2026-09-24 08:48:40,+0300,3,T1,2,success,"{"total":2,"location_name":"T1 Shopping Mall","location_id":3}"
2026-09-24 08:48:40,+0300,9,Mustika,2,success,"{"total":2,"location_name":"Mustika","location_id":9}"
2026-09-24 08:48:40,+0300,10,Suur-Paala,0,success,"{"total":0,"location_name":"Suur-Paala","location_id":10}"
2026-09-24 08:50:40,+0300,1,Hipodroom,0,success,"{"total":0,"location_name":"Hipodroom","location_id":1}"
2026-09-24 08:50:40,+0300,3,T1,2,success,"{"total":2,"location_name":"T1 Shopping Mall","location_id":3}"
2026-09-24 08:50:40,+0300,9,Mustika,2,success,"{"total":2,"location_name":"Mustika","location_id":9}"
2026-09-24 08:50:40,+0300,10,Suur-Paala,0,success,"{"total":0,"location_name":"Suur-Paala","location_id":10}"
2026-09-24 08:52:41,+0300,1,Hipodroom,0,success,"{"total":0,"location_name":"Hipodroom","location_id":1}"
2026-09-24 08:52:41,+0300,3,T1,2,success,"{"total":2,"location_name":"T1 Shopping Mall","location_id":3}"
2026-09-24 08:52:41,+0300,9,Mustika,2,success,"{"total":2,"location_name":"Mustika","location_id":9}"
2026-09-24 08:52:41,+0300,10,Suur-Paala,0,success,"{"total":0,"location_name":"Suur-Paala","location_id":10}"
2026-09-24 08:54:41,+0300,1,Hipodroom,0,success,"{"total":0,"location_name":"Hipodroom","location_id":1}"
2026-09-24 08:54:41,+0300,3,T1,2,success,"{"total":2,"location_name":"T1 Shopping Mall","location_id":3}"
2026-09-24 08:54:41,+0300,9,Mustika,2,success,"{"total":2,"location_name":"Mustika","location_id":9}"
2026-09-24 08:54:41,+0300,10,Suur-Paala,0,success,"{"total":0,"location_name":"Suur-Paala","location_id":10}"
2026-09-24 08:56:42,+0300,1,Hipodroom,0,success,"{"total":0,"location_name":"Hipodroom","location_id":1}"
2026-09-24 08:56:42,+0300,3,T1,2,success,"{"total":2,"location_name":"T1 Shopping Mall","location_id":3}"
2026-09-24 08:56:42,+0300,9,Mustika,2,success,"{"total":2,"location_name":"Mustika","location_id":9}"
2026-09-24 08:56:42,+0300,10,Suur-Paala,0,success,"{"total":0,"location_name":"Suur-Paala","location_id":10}"
2026-09-24 08:58:43,+0300,1,Hipodroom,0,success,"{"total":0,"location_name":"Hipodroom","location_id":1}"
2026-09-24 08:58:43,+0300,3,T1,2,success,"{"total":2,"location_name":"T1 Shopping Mall","location_id":3}"
2026-09-24 08:58:43,+0300,9,Mustika,2,success,"{"total":2,"location_name":"Mustika","location_id":9}"
2026-09-24 08:58:43,+0300,10,Suur-Paala,0,success,"{"total":0,"location_name":"Suur-Paala","location_id":10}"
2026-09-24 09:00:43,+0300,1,Hipodroom,0,success,"{"total":0,"location_name":"Hipodroom","location_id":1}"
2026-09-24 09:00:43,+0300,3,T1,2,success,"{"total":2,"location_name":"T1 Shopping Mall","location_id":3}"
2026-09-24 09:00:43,+0300,9,Mustika,2,success,"{"total":2,"location_name":"Mustika","location_id":9}"
2026-09-24 09:00:43,+0300,10,Suur-Paala,0,success,"{"total":0,"location_name":"Suur-Paala","location_id":10}"
2026-09-24 09:02:44,+0300,1,Hipodroom,0,success,"{"total":0,"location_name":"Hipodroom","location_id":1}"
2026-09-24 09:02:44,+0300,3,T1,2,success,"{"total":2,"location_name":"T1 Shopping Mall","location_id":3}"
2026-09-24 09:02:44,+0300,9,Mustika,2,success,"{"total":2,"location_name":"Mustika","location_id":9}"
2026-09-24 09:02:44,+0300,10,Suur-Paala,0,success,"{"total":0,"location_name":"Suur-Paala","location_id":10}"
2026-09-24 09:04:45,+0300,1,Hipodroom,0,success,"{"total":0,"location_name":"Hipodroom","location_id":1}"
2026-09-24 09:04:45,+0300,3,T1,2,success,"{"total":2,"location_name":"T1 Shopping Mall","location_id":3}"
2026-09-24 09:04:45,+0300,9,Mustika,2,success,"{"total":2,"location_name":"Mustika","location_id":9}"
2026-09-24 09:04:45,+0300,10,Suur-Paala,0,success,"{"total":0,"location_name":"Suur-Paala","location_id":10}"
2026-09-24 09:06:45,+0300,1,Hipodroom,0,success,"{"total":0,"location_name":"Hipodroom","location_id":1}"
2026-09-24 09:06:45,+0300,3,T1,2,success,"{"total":2,"location_name":"T1 Shopping Mall","location_id":3}"
2026-09-24 09:06:45,+0300,9,Mustika,3,success,"{"total":3,"location_name":"Mustika","location_id":9}"
2026-09-24 09:06:45,+0300,10,Suur-Paala,0,success,"{"total":0,"location_name":"Suur-Paala","location_id":10}"
2026-09-24 09:08:46,+0300,1,Hipodroom,0,success,"{"total":0,"location_name":"Hipodroom","location_id":1}"
2026-09-24 09:08:46,+0300,3,T1,2,success,"{"total":2,"location_name":"T1 Shopping Mall","location_id":3}"
2026-09-24 09:08:46,+0300,9,Mustika,3,success,"{"total":3,"location_name":"Mustika","location_id":9}"
2026-09-24 09:08:46,+0300,10,Suur-Paala,0,success,"{"total":0,"location_name":"Suur-Paala","location_id":10}"
2026-09-24 09:10:46,+0300,1,Hipodroom,0,success,"{"total":0,"location_name":"Hipodroom","location_id":1}"
2026-09-24 09:10:46,+0300,3,T1,2,success,"{"total":2,"location_name":"T1 Shopping Mall","location_id":3}"
2026-09-24 09:10:46,+0300,9,Mustika,3,success,"{"total":3,"location_name":"Mustika","location_id":9}"
2026-09-24 09:10:46,+0300,10,Suur-Paala,0,success,"{"total":0,"location_name":"Suur-Paala","location_id":10}"
2026-09-24 09:12:47,+0300,1,Hipodroom,0,success,"{"total":0,"location_name":"Hipodroom","location_id":1}"
2026-09-24 09:12:47,+0300,3,T1,2,success,"{"total":2,"location_name":"T1 Shopping Mall","location_id":3}"
2026-09-24 09:12:47,+0300,9,Mustika,3,success,"{"total":3,"location_name":"Mustika","location_id":9}"
2026-09-24 09:12:47,+0300,10,Suur-Paala,0,success,"{"total":0,"location_name":"Suur-Paala","location_id":10}"
2026-09-24 09:14:47,+0300,1,Hipodroom,0,success,"{"total":0,"location_name":"Hipodroom","location_id":1}"
2026-09-24 09:14:47,+0300,3,T1,2,success,"{"total":2,"location_name":"T1 Shopping Mall","location_id":3}"
2026-09-24 09:14:47,+0300,9,Mustika,3,success,"{"total":3,"location_name":"Mustika","location_id":9}"
2026-09-24 09:14:47,+0300,10,Suur-Paala,0,success,"{"total":0,"location_name":"Suur-Paala","location_id":10}"
2026-09-24 09:16:48,+0300,1,Hipodroom,0,success,"{"total":0,"location_name":"Hipodroom","location_id":1}"
2026-09-24 09:16:48,+0300,3,T1,2,success,"{"total":2,"location_name":"T1 Shopping Mall","location_id":3}"
2026-09-24 09:16:48,+0300,9,Mustika,3,success,"{"total":3,"location_name":"Mustika","location_id":9}"
2026-09-24 09:16:48,+0300,10,Suur-Paala,0,success,"{"total":0,"location_name":"Suur-Paala","location_id":10}"
2026-09-24 09:18:49,+0300,1,Hipodroom,0,success,"{"total":0,"location_name":"Hipodroom","location_id":1}"
2026-09-24 09:18:49,+0300,3,T1,2,success,"{"total":2,"location_name":"T1 Shopping Mall","location_id":3}"
2026-09-24 09:18:49,+0300,9,Mustika,3,success,"{"total":3,"location_name":"Mustika","location_id":9}"
2026-09-24 09:18:49,+0300,10,Suur-Paala,0,success,"{"total":0,"location_name":"Suur-Paala","location_id":10}"
2026-09-24 09:20:49,+0300,1,Hipodroom,0,success,"{"total":0,"location_name":"Hipodroom","location_id":1}"
2026-09-24 09:20:49,+0300,3,T1,2,success,"{"total":2,"location_name":"T1 Shopping Mall","location_id":3}"
2026-09-24 09:20:49,+0300,9,Mustika,3,success,"{"total":3,"location_name":"Mustika","location_id":9}"
2026-09-24 09:20:49,+0300,10,Suur-Paala,0,success,"{"total":0,"location_name":"Suur-Paala","location_id":10}"
2026-09-24 09:22:50,+0300,1,Hipodroom,0,success,"{"total":0,"location_name":"Hipodroom","location_id":1}"
2026-09-24 09:22:50,+0300,3,T1,2,success,"{"total":2,"location_name":"T1 Shopping Mall","location_id":3}"
2026-09-24 09:22:50,+0300,9,Mustika,3,success,"{"total":3,"location_name":"Mustika","location_id":9}"
2026-09-24 09:22:50,+0300,10,Suur-Paala,0,success,"{"total":0,"location_name":"Suur-Paala","location_id":10}"
2026-09-24 09:24:50,+0300,1,Hipodroom,0,success,"{"total":0,"location_name":"Hipodroom","location_id":1}"
2026-09-24 09:24:50,+0300,3,T1,1,success,"{"total":1,"location_name":"T1 Shopping Mall","location_id":3}"
2026-09-24 09:24:50,+0300,9,Mustika,3,success,"{"total":3,"location_name":"Mustika","location_id":9}"
2026-09-24 09:24:50,+0300,10,Suur-Paala,0,success,"{"total":0,"location_name":"Suur-Paala","location_id":10}"
2026-09-24 09:26:51,+0300,1,Hipodroom,0,success,"{"total":0,"location_name":"Hipodroom","location_id":1}"
2026-09-24 09:26:51,+0300,3,T1,1,success,"{"total":1,"location_name":"T1 Shopping Mall","location_id":3}"
2026-09-24 09:26:51,+0300,9,Mustika,3,success,"{"total":3,"location_name":"Mustika","location_id":9}"
2026-09-24 09:26:51,+0300,10,Suur-Paala,0,success,"{"total":0,"location_name":"Suur-Paala","location_id":10}"
2026-09-24 09:28:52,+0300,1,Hipodroom,0,success,"{"total":0,"location_name":"Hipodroom","location_id":1}"
2026-09-24 09:28:52,+0300,3,T1,1,success,"{"total":1,"location_name":"T1 Shopping Mall","location_id":3}"
2026-09-24 09:28:52,+0300,9,Mustika,3,success,"{"total":3,"location_name":"Mustika","location_id":9}"
2026-09-24 09:28:52,+0300,10,Suur-Paala,0,success,"{"total":0,"location_name":"Suur-Paala","location_id":10}"
2026-09-24 09:30:52,+0300,1,Hipodroom,0,success,"{"total":0,"location_name":"Hipodroom","location_id":1}"
2026-09-24 09:30:52,+0300,3,T1,1,success,"{"total":1,"location_name":"T1 Shopping Mall","location_id":3}"
2026-09-24 09:30:52,+0300,9,Mustika,4,success,"{"total":4,"location_name":"Mustika","location_id":9}"
2026-09-24 09:30:52,+0300,10,Suur-Paala,0,success,"{"total":0,"location_name":"Suur-Paala","location_id":10}"
2026-09-24 09:32:53,+0300,1,Hipodroom,0,success,"{"total":0,"location_name":"Hipodroom","location_id":1}"
2026-09-24 09:32:53,+0300,3,T1,1,success,"{"total":1,"location_name":"T1 Shopping Mall","location_id":3}"
2026-09-24 09:32:53,+0300,9,Mustika,4,success,"{"total":4,"location_name":"Mustika","location_id":9}"
2026-09-24 09:32:53,+0300,10,Suur-Paala,0,success,"{"total":0,"location_name":"Suur-Paala","location_id":10}"
2026-09-24 09:34:54,+0300,1,Hipodroom,0,success,"{"total":0,"location_name":"Hipodroom","location_id":1}"
2026-09-24 09:34:54,+0300,3,T1,1,success,"{"total":1,"location_name":"T1 Shopping Mall","location_id":3}"
2026-09-24 09:34:54,+0300,9,Mustika,4,success,"{"total":4,"location_name":"Mustika","location_id":9}"
2026-09-24 09:34:54,+0300,10,Suur-Paala,0,success,"{"total":0,"location_name":"Suur-Paala","location_id":10}"
2026-09-24 09:36:54,+0300,1,Hipodroom,0,success,"{"total":0,"location_name":"Hipodroom","location_id":1}"
2026-09-24 09:36:54,+0300,3,T1,1,success,"{"total":1,"location_name":"T1 Shopping Mall","location_id":3}"
2026-09-24 09:36:54,+0300,9,Mustika,5,success,"{"total":5,"location_name":"Mustika","location_id":9}"
2026-09-24 09:36:54,+0300,10,Suur-Paala,0,success,"{"total":0,"location_name":"Suur-Paala","location_id":10}"
2026-09-24 09:38:55,+0300,1,Hipodroom,0,success,"{"total":0,"location_name":"Hipodroom","location_id":1}"
2026-09-24 09:38:55,+0300,3,T1,1,success,"{"total":1,"location_name":"T1 Shopping Mall","location_id":3}"
2026-09-24 09:38:55,+0300,9,Mustika,5,success,"{"total":5,"location_name":"Mustika","location_id":9}"
2026-09-24 09:38:55,+0300,10,Suur-Paala,0,success,"{"total":0,"location_name":"Suur-Paala","location_id":10}"
2026-09-24 09:40:55,+0300,1,Hipodroom,0,success,"{"total":0,"location_name":"Hipodroom","location_id":1}"
2026-09-24 09:40:55,+0300,3,T1,1,success,"{"total":1,"location_name":"T1 Shopping Mall","location_id":3}"
2026-09-24 09:40:55,+0300,9,Mustika,5,success,"{"total":5,"location_name":"Mustika","location_id":9}"
2026-09-24 09:40:55,+0300,10,Suur-Paala,0,success,"{"total":0,"location_name":"Suur-Paala","location_id":10}"
2026-09-24 09:42:56,+0300,1,Hipodroom,0,success,"{"total":0,"location_name":"Hipodroom","location_id":1}"
2026-09-24 09:42:56,+0300,3,T1,2,success,"{"total":2,"location_name":"T1 Shopping Mall","location_id":3}"
2026-09-24 09:42:56,+0300,9,Mustika,5,success,"{"total":5,"location_name":"Mustika","location_id":9}"
2026-09-24 09:42:56,+0300,10,Suur-Paala,0,success,"{"total":0,"location_name":"Suur-Paala","location_id":10}"
2026-09-24 09:44:56,+0300,1,Hipodroom,0,success,"{"total":0,"location_name":"Hipodroom","location_id":1}"
2026-09-24 09:44:56,+0300,3,T1,2,success,"{"total":2,"location_name":"T1 Shopping Mall","location_id":3}"
2026-09-24 09:44:56,+0300,9,Mustika,5,success,"{"total":5,"location_name":"Mustika","location_id":9}"
2026-09-24 09:44:56,+0300,10,Suur-Paala,0,success,"{"total":0,"location_name":"Suur-Paala","location_id":10}"
2026-09-24 09:46:57,+0300,1,Hipodroom,0,success,"{"total":0,"location_name":"Hipodroom","location_id":1}"
2026-09-24 09:46:57,+0300,3,T1,2,success,"{"total":2,"location_name":"T1 Shopping Mall","location_id":3}"
2026-09-24 09:46:57,+0300,9,Mustika,5,success,"{"total":5,"location_name":"Mustika","location_id":9}"
2026-09-24 09:46:57,+0300,10,Suur-Paala,0,success,"{"total":0,"location_name":"Suur-Paala","location_id":10}"
2026-09-24 09:48:58,+0300,1,Hipodroom,0,success,"{"total":0,"location_name":"Hipodroom","location_id":1}"
2026-09-24 09:48:58,+0300,3,T1,2,success,"{"total":2,"location_name":"T1 Shopping Mall","location_id":3}"
2026-09-24 09:48:58,+0300,9,Mustika,5,success,"{"total":5,"location_name":"Mustika","location_id":9}"
2026-09-24 09:48:58,+0300,10,Suur-Paala,0,success,"{"total":0,"location_name":"Suur-Paala","location_id":10}"
2026-09-24 09:50:58,+0300,1,Hipodroom,0,success,"{"total":0,"location_name":"Hipodroom","location_id":1}"
2026-09-24 09:50:58,+0300,3,T1,2,success,"{"total":2,"location_name":"T1 Shopping Mall","location_id":3}"
2026-09-24 09:50:58,+0300,9,Mustika,5,success,"{"total":5,"location_name":"Mustika","location_id":9}"
2026-09-24 09:50:58,+0300,10,Suur-Paala,0,success,"{"total":0,"location_name":"Suur-Paala","location_id":10}"
2026-09-24 09:52:59,+0300,1,Hipodroom,0,success,"{"total":0,"location_name":"Hipodroom","location_id":1}"
2026-09-24 09:52:59,+0300,3,T1,2,success,"{"total":2,"location_name":"T1 Shopping Mall","location_id":3}"
2026-09-24 09:52:59,+0300,9,Mustika,5,success,"{"total":5,"location_name":"Mustika","location_id":9}"
2026-09-24 09:52:59,+0300,10,Suur-Paala,0,success,"{"total":0,"location_name":"Suur-Paala","location_id":10}"
2026-09-24 09:54:59,+0300,1,Hipodroom,0,success,"{"total":0,"location_name":"Hipodroom","location_id":1}"
2026-09-24 09:54:59,+0300,3,T1,2,success,"{"total":2,"location_name":"T1 Shopping Mall","location_id":3}"
2026-09-24 09:54:59,+0300,9,Mustika,5,success,"{"total":5,"location_name":"Mustika","location_id":9}"
2026-09-24 09:54:59,+0300,10,Suur-Paala,0,success,"{"total":0,"location_name":"Suur-Paala","location_id":10}"
2026-09-24 09:57:00,+0300,1,Hipodroom,0,success,"{"total":0,"location_name":"Hipodroom","location_id":1}"
2026-09-24 09:57:00,+0300,3,T1,2,success,"{"total":2,"location_name":"T1 Shopping Mall","location_id":3}"
2026-09-24 09:57:00,+0300,9,Mustika,5,success,"{"total":5,"location_name":"Mustika","location_id":9}"
2026-09-24 09:57:00,+0300,10,Suur-Paala,0,success,"{"total":0,"location_name":"Suur-Paala","location_id":10}"
2026-09-24 09:59:00,+0300,1,Hipodroom,0,success,"{"total":0,"location_name":"Hipodroom","location_id":1}"
2026-09-24 09:59:00,+0300,3,T1,2,success,"{"total":2,"location_name":"T1 Shopping Mall","location_id":3}"
2026-09-24 09:59:00,+0300,9,Mustika,5,success,"{"total":5,"location_name":"Mustika","location_id":9}"
2026-09-24 09:59:00,+0300,10,Suur-Paala,0,success,"{"total":0,"location_name":"Suur-Paala","location_id":10}"
2026-09-24 10:01:01,+0300,1,Hipodroom,0,success,"{"total":0,"location_name":"Hipodroom","location_id":1}"
2026-09-24 10:01:01,+0300,3,T1,3,success,"{"total":3,"location_name":"T1 Shopping Mall","location_id":3}"
2026-09-24 10:01:01,+0300,9,Mustika,5,success,"{"total":5,"location_name":"Mustika","location_id":9}"
2026-09-24 10:01:01,+0300,10,Suur-Paala,0,success,"{"total":0,"location_name":"Suur-Paala","location_id":10}"
2026-09-24 10:03:01,+0300,1,Hipodroom,0,success,"{"total":0,"location_name":"Hipodroom","location_id":1}"
2026-09-24 10:03:01,+0300,3,T1,3,success,"{"total":3,"location_name":"T1 Shopping Mall","location_id":3}"
2026-09-24 10:03:01,+0300,9,Mustika,5,success,"{"total":5,"location_name":"Mustika","location_id":9}"
2026-09-24 10:03:01,+0300,10,Suur-Paala,0,success,"{"total":0,"location_name":"Suur-Paala","location_id":10}"
2026-09-24 10:05:02,+0300,1,Hipodroom,0,success,"{"total":0,"location_name":"Hipodroom","location_id":1}"
2026-09-24 10:05:02,+0300,3,T1,3,success,"{"total":3,"location_name":"T1 Shopping Mall","location_id":3}"
2026-09-24 10:05:02,+0300,9,Mustika,5,success,"{"total":5,"location_name":"Mustika","location_id":9}"
2026-09-24 10:05:02,+0300,10,Suur-Paala,0,success,"{"total":0,"location_name":"Suur-Paala","location_id":10}"
2026-09-24 10:07:03,+0300,1,Hipodroom,0,success,"{"total":0,"location_name":"Hipodroom","location_id":1}"
2026-09-24 10:07:03,+0300,3,T1,4,success,"{"total":4,"location_name":"T1 Shopping Mall","location_id":3}"
2026-09-24 10:07:03,+0300,9,Mustika,6,success,"{"total":6,"location_name":"Mustika","location_id":9}"
2026-09-24 10:07:03,+0300,10,Suur-Paala,0,success,"{"total":0,"location_name":"Suur-Paala","location_id":10}"
2026-09-24 10:09:03,+0300,1,Hipodroom,0,success,"{"total":0,"location_name":"Hipodroom","location_id":1}"
2026-09-24 10:09:03,+0300,3,T1,4,success,"{"total":4,"location_name":"T1 Shopping Mall","location_id":3}"
2026-09-24 10:09:03,+0300,9,Mustika,6,success,"{"total":6,"location_name":"Mustika","location_id":9}"
2026-09-24 10:09:03,+0300,10,Suur-Paala,0,success,"{"total":0,"location_name":"Suur-Paala","location_id":10}"
2026-09-24 10:11:04,+0300,1,Hipodroom,0,success,"{"total":0,"location_name":"Hipodroom","location_id":1}"
2026-09-24 10:11:04,+0300,3,T1,4,success,"{"total":4,"location_name":"T1 Shopping Mall","location_id":3}"
2026-09-24 10:11:04,+0300,9,Mustika,6,success,"{"total":6,"location_name":"Mustika","location_id":9}"
2026-09-24 10:11:04,+0300,10,Suur-Paala,0,success,"{"total":0,"location_name":"Suur-Paala","location_id":10}"
2026-09-24 10:13:04,+0300,1,Hipodroom,0,success,"{"total":0,"location_name":"Hipodroom","location_id":1}"
2026-09-24 10:13:04,+0300,3,T1,4,success,"{"total":4,"location_name":"T1 Shopping Mall","location_id":3}"
2026-09-24 10:13:04,+0300,9,Mustika,8,success,"{"total":8,"location_name":"Mustika","location_id":9}"
2026-09-24 10:13:04,+0300,10,Suur-Paala,0,success,"{"total":0,"location_name":"Suur-Paala","location_id":10}"
2026-09-24 10:15:05,+0300,1,Hipodroom,0,success,"{"total":0,"location_name":"Hipodroom","location_id":1}"
2026-09-24 10:15:05,+0300,3,T1,4,success,"{"total":4,"location_name":"T1 Shopping Mall","location_id":3}"
2026-09-24 10:15:05,+0300,9,Mustika,8,success,"{"total":8,"location_name":"Mustika","location_id":9}"
2026-09-24 10:15:05,+0300,10,Suur-Paala,0,success,"{"total":0,"location_name":"Suur-Paala","location_id":10}"
2026-09-24 10:17:05,+0300,1,Hipodroom,0,success,"{"total":0,"location_name":"Hipodroom","location_id":1}"
2026-09-24 10:17:05,+0300,3,T1,4,success,"{"total":4,"location_name":"T1 Shopping Mall","location_id":3}"
2026-09-24 10:17:05,+0300,9,Mustika,8,success,"{"total":8,"location_name":"Mustika","location_id":9}"
2026-09-24 10:17:05,+0300,10,Suur-Paala,0,success,"{"total":0,"location_name":"Suur-Paala","location_id":10}"
2026-09-24 10:19:06,+0300,1,Hipodroom,0,success,"{"total":0,"location_name":"Hipodroom","location_id":1}"
2026-09-24 10:19:06,+0300,3,T1,5,success,"{"total":5,"location_name":"T1 Shopping Mall","location_id":3}"
2026-09-24 10:19:06,+0300,9,Mustika,8,success,"{"total":8,"location_name":"Mustika","location_id":9}"
2026-09-24 10:19:06,+0300,10,Suur-Paala,0,success,"{"total":0,"location_name":"Suur-Paala","location_id":10}"
2026-09-24 10:21:07,+0300,1,Hipodroom,0,success,"{"total":0,"location_name":"Hipodroom","location_id":1}"
2026-09-24 10:21:07,+0300,3,T1,5,success,"{"total":5,"location_name":"T1 Shopping Mall","location_id":3}"
2026-09-24 10:21:07,+0300,9,Mustika,8,success,"{"total":8,"location_name":"Mustika","location_id":9}"
2026-09-24 10:21:07,+0300,10,Suur-Paala,0,success,"{"total":0,"location_name":"Suur-Paala","location_id":10}"
2026-09-24 10:23:07,+0300,1,Hipodroom,0,success,"{"total":0,"location_name":"Hipodroom","location_id":1}"
2026-09-24 10:23:07,+0300,3,T1,5,success,"{"total":5,"location_name":"T1 Shopping Mall","location_id":3}"
2026-09-24 10:23:07,+0300,9,Mustika,8,success,"{"total":8,"location_name":"Mustika","location_id":9}"
2026-09-24 10:23:07,+0300,10,Suur-Paala,0,success,"{"total":0,"location_name":"Suur-Paala","location_id":10}"
2026-09-24 10:25:08,+0300,1,Hipodroom,0,success,"{"total":0,"location_name":"Hipodroom","location_id":1}"
2026-09-24 10:25:08,+0300,3,T1,5,success,"{"total":5,"location_name":"T1 Shopping Mall","location_id":3}"
2026-09-24 10:25:08,+0300,9,Mustika,8,success,"{"total":8,"location_name":"Mustika","location_id":9}"
2026-09-24 10:25:08,+0300,10,Suur-Paala,0,success,"{"total":0,"location_name":"Suur-Paala","location_id":10}"
2026-09-24 10:27:08,+0300,1,Hipodroom,0,success,"{"total":0,"location_name":"Hipodroom","location_id":1}"
2026-09-24 10:27:08,+0300,3,T1,5,success,"{"total":5,"location_name":"T1 Shopping Mall","location_id":3}"
2026-09-24 10:27:08,+0300,9,Mustika,8,success,"{"total":8,"location_name":"Mustika","location_id":9}"
2026-09-24 10:27:08,+0300,10,Suur-Paala,0,success,"{"total":0,"location_name":"Suur-Paala","location_id":10}"
2026-09-24 10:29:09,+0300,1,Hipodroom,0,success,"{"total":0,"location_name":"Hipodroom","location_id":1}"
2026-09-24 10:29:09,+0300,3,T1,5,success,"{"total":5,"location_name":"T1 Shopping Mall","location_id":3}"
2026-09-24 10:29:09,+0300,9,Mustika,8,success,"{"total":8,"location_name":"Mustika","location_id":9}"
2026-09-24 10:29:09,+0300,10,Suur-Paala,0,success,"{"total":0,"location_name":"Suur-Paala","location_id":10}"
2026-09-24 10:31:10,+0300,1,Hipodroom,1,success,"{"total":1,"location_name":"Hipodroom","location_id":1}"
2026-09-24 10:31:10,+0300,3,T1,6,success,"{"total":6,"location_name":"T1 Shopping Mall","location_id":3}"
2026-09-24 10:31:10,+0300,9,Mustika,8,success,"{"total":8,"location_name":"Mustika","location_id":9}"
2026-09-24 10:31:10,+0300,10,Suur-Paala,0,success,"{"total":0,"location_name":"Suur-Paala","location_id":10}"
2026-09-24 10:33:10,+0300,1,Hipodroom,1,success,"{"total":1,"location_name":"Hipodroom","location_id":1}"
2026-09-24 10:33:10,+0300,3,T1,6,success,"{"total":6,"location_name":"T1 Shopping Mall","location_id":3}"
2026-09-24 10:33:10,+0300,9,Mustika,8,success,"{"total":8,"location_name":"Mustika","location_id":9}"
2026-09-24 10:33:10,+0300,10,Suur-Paala,0,success,"{"total":0,"location_name":"Suur-Paala","location_id":10}"
2026-09-24 10:35:11,+0300,1,Hipodroom,1,success,"{"total":1,"location_name":"Hipodroom","location_id":1}"
2026-09-24 10:35:11,+0300,3,T1,6,success,"{"total":6,"location_name":"T1 Shopping Mall","location_id":3}"
2026-09-24 10:35:11,+0300,9,Mustika,8,success,"{"total":8,"location_name":"Mustika","location_id":9}"
2026-09-24 10:35:11,+0300,10,Suur-Paala,0,success,"{"total":0,"location_name":"Suur-Paala","location_id":10}"
2026-09-24 10:37:12,+0300,1,Hipodroom,1,success,"{"total":1,"location_name":"Hipodroom","location_id":1}"
2026-09-24 10:37:12,+0300,3,T1,6,success,"{"total":6,"location_name":"T1 Shopping Mall","location_id":3}"
2026-09-24 10:37:12,+0300,9,Mustika,8,success,"{"total":8,"location_name":"Mustika","location_id":9}"
2026-09-24 10:37:12,+0300,10,Suur-Paala,0,success,"{"total":0,"location_name":"Suur-Paala","location_id":10}"
2026-09-24 10:39:12,+0300,1,Hipodroom,1,success,"{"total":1,"location_name":"Hipodroom","location_id":1}"
2026-09-24 10:39:12,+0300,3,T1,6,success,"{"total":6,"location_name":"T1 Shopping Mall","location_id":3}"
2026-09-24 10:39:12,+0300,9,Mustika,8,success,"{"total":8,"location_name":"Mustika","location_id":9}"
2026-09-24 10:39:12,+0300,10,Suur-Paala,0,success,"{"total":0,"location_name":"Suur-Paala","location_id":10}"
2026-09-24 10:41:13,+0300,1,Hipodroom,1,success,"{"total":1,"location_name":"Hipodroom","location_id":1}"
2026-09-24 10:41:13,+0300,3,T1,6,success,"{"total":6,"location_name":"T1 Shopping Mall","location_id":3}"
2026-09-24 10:41:13,+0300,9,Mustika,8,success,"{"total":8,"location_name":"Mustika","location_id":9}"
2026-09-24 10:41:13,+0300,10,Suur-Paala,0,success,"{"total":0,"location_name":"Suur-Paala","location_id":10}"
2026-09-24 10:43:13,+0300,1,Hipodroom,1,success,"{"total":1,"location_name":"Hipodroom","location_id":1}"
2026-09-24 10:43:13,+0300,3,T1,6,success,"{"total":6,"location_name":"T1 Shopping Mall","location_id":3}"
2026-09-24 10:43:13,+0300,9,Mustika,7,success,"{"total":7,"location_name":"Mustika","location_id":9}"
2026-09-24 10:43:13,+0300,10,Suur-Paala,0,success,"{"total":0,"location_name":"Suur-Paala","location_id":10}"
2026-09-24 10:45:14,+0300,1,Hipodroom,1,success,"{"total":1,"location_name":"Hipodroom","location_id":1}"
2026-09-24 10:45:14,+0300,3,T1,6,success,"{"total":6,"location_name":"T1 Shopping Mall","location_id":3}"
2026-09-24 10:45:14,+0300,9,Mustika,7,success,"{"total":7,"location_name":"Mustika","location_id":9}"
2026-09-24 10:45:14,+0300,10,Suur-Paala,0,success,"{"total":0,"location_name":"Suur-Paala","location_id":10}"
2026-09-24 10:47:15,+0300,1,Hipodroom,1,success,"{"total":1,"location_name":"Hipodroom","location_id":1}"
2026-09-24 10:47:15,+0300,3,T1,6,success,"{"total":6,"location_name":"T1 Shopping Mall","location_id":3}"
2026-09-24 10:47:15,+0300,9,Mustika,7,success,"{"total":7,"location_name":"Mustika","location_id":9}"
2026-09-24 10:47:15,+0300,10,Suur-Paala,0,success,"{"total":0,"location_name":"Suur-Paala","location_id":10}"
2026-09-24 10:49:15,+0300,1,Hipodroom,1,success,"{"total":1,"location_name":"Hipodroom","location_id":1}"
2026-09-24 10:49:15,+0300,3,T1,6,success,"{"total":6,"location_name":"T1 Shopping Mall","location_id":3}"
2026-09-24 10:49:15,+0300,9,Mustika,6,success,"{"total":6,"location_name":"Mustika","location_id":9}"
2026-09-24 10:49:15,+0300,10,Suur-Paala,0,success,"{"total":0,"location_name":"Suur-Paala","location_id":10}"
2026-09-24 10:51:16,+0300,1,Hipodroom,1,success,"{"total":1,"location_name":"Hipodroom","location_id":1}"
2026-09-24 10:51:16,+0300,3,T1,6,success,"{"total":6,"location_name":"T1 Shopping Mall","location_id":3}"
2026-09-24 10:51:16,+0300,9,Mustika,6,success,"{"total":6,"location_name":"Mustika","location_id":9}"
2026-09-24 10:51:16,+0300,10,Suur-Paala,0,success,"{"total":0,"location_name":"Suur-Paala","location_id":10}"
2026-09-24 10:53:16,+0300,1,Hipodroom,1,success,"{"total":1,"location_name":"Hipodroom","location_id":1}"
2026-09-24 10:53:16,+0300,3,T1,6,success,"{"total":6,"location_name":"T1 Shopping Mall","location_id":3}"
2026-09-24 10:53:16,+0300,9,Mustika,6,success,"{"total":6,"location_name":"Mustika","location_id":9}"
2026-09-24 10:53:16,+0300,10,Suur-Paala,0,success,"{"total":0,"location_name":"Suur-Paala","location_id":10}"
2026-09-24 10:55:17,+0300,1,Hipodroom,1,success,"{"total":1,"location_name":"Hipodroom","location_id":1}"
2026-09-24 10:55:17,+0300,3,T1,6,success,"{"total":6,"location_name":"T1 Shopping Mall","location_id":3}"
2026-09-24 10:55:17,+0300,9,Mustika,7,success,"{"total":7,"location_name":"Mustika","location_id":9}"
2026-09-24 10:55:17,+0300,10,Suur-Paala,0,success,"{"total":0,"location_name":"Suur-Paala","location_id":10}"
2026-09-24 10:57:17,+0300,1,Hipodroom,1,success,"{"total":1,"location_name":"Hipodroom","location_id":1}"
2026-09-24 10:57:17,+0300,3,T1,6,success,"{"total":6,"location_name":"T1 Shopping Mall","location_id":3}"
2026-09-24 10:57:17,+0300,9,Mustika,7,success,"{"total":7,"location_name":"Mustika","location_id":9}"
2026-09-24 10:57:17,+0300,10,Suur-Paala,0,success,"{"total":0,"location_name":"Suur-Paala","location_id":10}"
2026-09-24 10:59:18,+0300,1,Hipodroom,1,success,"{"total":1,"location_name":"Hipodroom","location_id":1}"
2026-09-24 10:59:18,+0300,3,T1,6,success,"{"total":6,"location_name":"T1 Shopping Mall","location_id":3}"
2026-09-24 10:59:18,+0300,9,Mustika,7,success,"{"total":7,"location_name":"Mustika","location_id":9}"
2026-09-24 10:59:18,+0300,10,Suur-Paala,0,success,"{"total":0,"location_name":"Suur-Paala","location_id":10}"
2026-09-24 11:01:19,+0300,1,Hipodroom,1,success,"{"total":1,"location_name":"Hipodroom","location_id":1}"
2026-09-24 11:01:19,+0300,3,T1,6,success,"{"total":6,"location_name":"T1 Shopping Mall","location_id":3}"
2026-09-24 11:01:19,+0300,9,Mustika,7,success,"{"total":7,"location_name":"Mustika","location_id":9}"
2026-09-24 11:01:19,+0300,10,Suur-Paala,0,success,"{"total":0,"location_name":"Suur-Paala","location_id":10}"
2026-09-24 11:03:19,+0300,1,Hipodroom,1,success,"{"total":1,"location_name":"Hipodroom","location_id":1}"
2026-09-24 11:03:19,+0300,3,T1,6,success,"{"total":6,"location_name":"T1 Shopping Mall","location_id":3}"
2026-09-24 11:03:19,+0300,9,Mustika,7,success,"{"total":7,"location_name":"Mustika","location_id":9}"
2026-09-24 11:03:19,+0300,10,Suur-Paala,0,success,"{"total":0,"location_name":"Suur-Paala","location_id":10}"
2026-09-24 11:05:20,+0300,1,Hipodroom,1,success,"{"total":1,"location_name":"Hipodroom","location_id":1}"
2026-09-24 11:05:20,+0300,3,T1,6,success,"{"total":6,"location_name":"T1 Shopping Mall","location_id":3}"
2026-09-24 11:05:20,+0300,9,Mustika,7,success,"{"total":7,"location_name":"Mustika","location_id":9}"
2026-09-24 11:05:20,+0300,10,Suur-Paala,0,success,"{"total":0,"location_name":"Suur-Paala","location_id":10}"
2026-09-24 11:07:20,+0300,1,Hipodroom,1,success,"{"total":1,"location_name":"Hipodroom","location_id":1}"
2026-09-24 11:07:20,+0300,3,T1,6,success,"{"total":6,"location_name":"T1 Shopping Mall","location_id":3}"
2026-09-24 11:07:20,+0300,9,Mustika,7,success,"{"total":7,"location_name":"Mustika","location_id":9}"
2026-09-24 11:07:20,+0300,10,Suur-Paala,0,success,"{"total":0,"location_name":"Suur-Paala","location_id":10}"
2026-09-24 11:09:21,+0300,1,Hipodroom,1,success,"{"total":1,"location_name":"Hipodroom","location_id":1}"
2026-09-24 11:09:21,+0300,3,T1,6,success,"{"total":6,"location_name":"T1 Shopping Mall","location_id":3}"
2026-09-24 11:09:21,+0300,9,Mustika,7,success,"{"total":7,"location_name":"Mustika","location_id":9}"
2026-09-24 11:09:21,+0300,10,Suur-Paala,0,success,"{"total":0,"location_name":"Suur-Paala","location_id":10}"
2026-09-24 11:11:21,+0300,1,Hipodroom,1,success,"{"total":1,"location_name":"Hipodroom","location_id":1}"
2026-09-24 11:11:21,+0300,3,T1,6,success,"{"total":6,"location_name":"T1 Shopping Mall","location_id":3}"
2026-09-24 11:11:21,+0300,9,Mustika,7,success,"{"total":7,"location_name":"Mustika","location_id":9}"
2026-09-24 11:11:21,+0300,10,Suur-Paala,0,success,"{"total":0,"location_name":"Suur-Paala","location_id":10}"
2026-09-24 11:13:22,+0300,1,Hipodroom,1,success,"{"total":1,"location_name":"Hipodroom","location_id":1}"
2026-09-24 11:13:22,+0300,3,T1,6,success,"{"total":6,"location_name":"T1 Shopping Mall","location_id":3}"
2026-09-24 11:13:22,+0300,9,Mustika,7,success,"{"total":7,"location_name":"Mustika","location_id":9}"
2026-09-24 11:13:22,+0300,10,Suur-Paala,0,success,"{"total":0,"location_name":"Suur-Paala","location_id":10}"
2026-09-24 11:15:23,+0300,1,Hipodroom,1,success,"{"total":1,"location_name":"Hipodroom","location_id":1}"
2026-09-24 11:15:23,+0300,3,T1,6,success,"{"total":6,"location_name":"T1 Shopping Mall","location_id":3}"
2026-09-24 11:15:23,+0300,9,Mustika,7,success,"{"total":7,"location_name":"Mustika","location_id":9}"
2026-09-24 11:15:23,+0300,10,Suur-Paala,0,success,"{"total":0,"location_name":"Suur-Paala","location_id":10}"
2026-09-24 11:17:23,+0300,1,Hipodroom,1,success,"{"total":1,"location_name":"Hipodroom","location_id":1}"
2026-09-24 11:17:23,+0300,3,T1,6,success,"{"total":6,"location_name":"T1 Shopping Mall","location_id":3}"
2026-09-24 11:17:23,+0300,9,Mustika,7,success,"{"total":7,"location_name":"Mustika","location_id":9}"
2026-09-24 11:17:23,+0300,10,Suur-Paala,0,success,"{"total":0,"location_name":"Suur-Paala","location_id":10}"
2026-09-24 11:19:24,+0300,1,Hipodroom,1,success,"{"total":1,"location_name":"Hipodroom","location_id":1}"
2026-09-24 11:19:24,+0300,3,T1,6,success,"{"total":6,"location_name":"T1 Shopping Mall","location_id":3}"
2026-09-24 11:19:24,+0300,9,Mustika,7,success,"{"total":7,"location_name":"Mustika","location_id":9}"
2026-09-24 11:19:24,+0300,10,Suur-Paala,0,success,"{"total":0,"location_name":"Suur-Paala","location_id":10}"
2026-09-24 11:21:24,+0300,1,Hipodroom,1,success,"{"total":1,"location_name":"Hipodroom","location_id":1}"
2026-09-24 11:21:24,+0300,3,T1,6,success,"{"total":6,"location_name":"T1 Shopping Mall","location_id":3}"
2026-09-24 11:21:24,+0300,9,Mustika,7,success,"{"total":7,"location_name":"Mustika","location_id":9}"
2026-09-24 11:21:24,+0300,10,Suur-Paala,0,success,"{"total":0,"location_name":"Suur-Paala","location_id":10}"
2026-09-24 11:23:25,+0300,1,Hipodroom,1,success,"{"total":1,"location_name":"Hipodroom","location_id":1}"
2026-09-24 11:23:25,+0300,3,T1,6,success,"{"total":6,"location_name":"T1 Shopping Mall","location_id":3}"
2026-09-24 11:23:25,+0300,9,Mustika,7,success,"{"total":7,"location_name":"Mustika","location_id":9}"
2026-09-24 11:23:25,+0300,10,Suur-Paala,0,success,"{"total":0,"location_name":"Suur-Paala","location_id":10}"
2026-09-24 11:25:26,+0300,1,Hipodroom,1,success,"{"total":1,"location_name":"Hipodroom","location_id":1}"
2026-09-24 11:25:26,+0300,3,T1,6,success,"{"total":6,"location_name":"T1 Shopping Mall","location_id":3}"
2026-09-24 11:25:26,+0300,9,Mustika,7,success,"{"total":7,"location_name":"Mustika","location_id":9}"
2026-09-24 11:25:26,+0300,10,Suur-Paala,0,success,"{"total":0,"location_name":"Suur-Paala","location_id":10}"
2026-09-24 11:27:26,+0300,1,Hipodroom,1,success,"{"total":1,"location_name":"Hipodroom","location_id":1}"
2026-09-24 11:27:26,+0300,3,T1,6,success,"{"total":6,"location_name":"T1 Shopping Mall","location_id":3}"
2026-09-24 11:27:26,+0300,9,Mustika,7,success,"{"total":7,"location_name":"Mustika","location_id":9}"
2026-09-24 11:27:26,+0300,10,Suur-Paala,0,success,"{"total":0,"location_name":"Suur-Paala","location_id":10}"
2026-09-24 11:29:27,+0300,1,Hipodroom,1,success,"{"total":1,"location_name":"Hipodroom","location_id":1}"
2026-09-24 11:29:27,+0300,3,T1,6,success,"{"total":6,"location_name":"T1 Shopping Mall","location_id":3}"
2026-09-24 11:29:27,+0300,9,Mustika,7,success,"{"total":7,"location_name":"Mustika","location_id":9}"
2026-09-24 11:29:27,+0300,10,Suur-Paala,0,success,"{"total":0,"location_name":"Suur-Paala","location_id":10}"
2026-09-24 11:31:27,+0300,1,Hipodroom,1,success,"{"total":1,"location_name":"Hipodroom","location_id":1}"
2026-09-24 11:31:27,+0300,3,T1,6,success,"{"total":6,"location_name":"T1 Shopping Mall","location_id":3}"
2026-09-24 11:31:27,+0300,9,Mustika,7,success,"{"total":7,"location_name":"Mustika","location_id":9}"
2026-09-24 11:31:27,+0300,10,Suur-Paala,0,success,"{"total":0,"location_name":"Suur-Paala","location_id":10}"
2026-09-24 11:33:28,+0300,1,Hipodroom,1,success,"{"total":1,"location_name":"Hipodroom","location_id":1}"
2026-09-24 11:33:28,+0300,3,T1,6,success,"{"total":6,"location_name":"T1 Shopping Mall","location_id":3}"
2026-09-24 11:33:28,+0300,9,Mustika,7,success,"{"total":7,"location_name":"Mustika","location_id":9}"
2026-09-24 11:33:28,+0300,10,Suur-Paala,0,success,"{"total":0,"location_name":"Suur-Paala","location_id":10}"
2026-09-24 11:35:29,+0300,1,Hipodroom,1,success,"{"total":1,"location_name":"Hipodroom","location_id":1}"
2026-09-24 11:35:29,+0300,3,T1,6,success,"{"total":6,"location_name":"T1 Shopping Mall","location_id":3}"
2026-09-24 11:35:29,+0300,9,Mustika,7,success,"{"total":7,"location_name":"Mustika","location_id":9}"
2026-09-24 11:35:29,+0300,10,Suur-Paala,0,success,"{"total":0,"location_name":"Suur-Paala","location_id":10}"
2026-09-24 11:37:29,+0300,1,Hipodroom,1,success,"{"total":1,"location_name":"Hipodroom","location_id":1}"
2026-09-24 11:37:29,+0300,3,T1,5,success,"{"total":5,"location_name":"T1 Shopping Mall","location_id":3}"
2026-09-24 11:37:29,+0300,9,Mustika,7,success,"{"total":7,"location_name":"Mustika","location_id":9}"
2026-09-24 11:37:29,+0300,10,Suur-Paala,0,success,"{"total":0,"location_name":"Suur-Paala","location_id":10}"
2026-09-24 11:39:30,+0300,1,Hipodroom,1,success,"{"total":1,"location_name":"Hipodroom","location_id":1}"
2026-09-24 11:39:30,+0300,3,T1,5,success,"{"total":5,"location_name":"T1 Shopping Mall","location_id":3}"
2026-09-24 11:39:30,+0300,9,Mustika,7,success,"{"total":7,"location_name":"Mustika","location_id":9}"
2026-09-24 11:39:30,+0300,10,Suur-Paala,0,success,"{"total":0,"location_name":"Suur-Paala","location_id":10}"
2026-09-24 11:41:31,+0300,1,Hipodroom,1,success,"{"total":1,"location_name":"Hipodroom","location_id":1}"
2026-09-24 11:41:31,+0300,3,T1,5,success,"{"total":5,"location_name":"T1 Shopping Mall","location_id":3}"
2026-09-24 11:41:31,+0300,9,Mustika,7,success,"{"total":7,"location_name":"Mustika","location_id":9}"
2026-09-24 11:41:31,+0300,10,Suur-Paala,0,success,"{"total":0,"location_name":"Suur-Paala","location_id":10}"
2026-09-24 11:43:31,+0300,1,Hipodroom,1,success,"{"total":1,"location_name":"Hipodroom","location_id":1}"
2026-09-24 11:43:31,+0300,3,T1,6,success,"{"total":6,"location_name":"T1 Shopping Mall","location_id":3}"
2026-09-24 11:43:31,+0300,9,Mustika,7,success,"{"total":7,"location_name":"Mustika","location_id":9}"
2026-09-24 11:43:31,+0300,10,Suur-Paala,0,success,"{"total":0,"location_name":"Suur-Paala","location_id":10}"
2026-09-24 11:45:32,+0300,1,Hipodroom,1,success,"{"total":1,"location_name":"Hipodroom","location_id":1}"
2026-09-24 11:45:32,+0300,3,T1,6,success,"{"total":6,"location_name":"T1 Shopping Mall","location_id":3}"
2026-09-24 11:45:32,+0300,9,Mustika,7,success,"{"total":7,"location_name":"Mustika","location_id":9}"
2026-09-24 11:45:32,+0300,10,Suur-Paala,0,success,"{"total":0,"location_name":"Suur-Paala","location_id":10}"
2026-09-24 11:47:32,+0300,1,Hipodroom,1,success,"{"total":1,"location_name":"Hipodroom","location_id":1}"
2026-09-24 11:47:32,+0300,3,T1,6,success,"{"total":6,"location_name":"T1 Shopping Mall","location_id":3}"
2026-09-24 11:47:32,+0300,9,Mustika,7,success,"{"total":7,"location_name":"Mustika","location_id":9}"
2026-09-24 11:47:32,+0300,10,Suur-Paala,0,success,"{"total":0,"location_name":"Suur-Paala","location_id":10}"
2026-09-24 11:49:33,+0300,1,Hipodroom,1,success,"{"total":1,"location_name":"Hipodroom","location_id":1}"
2026-09-24 11:49:33,+0300,3,T1,6,success,"{"total":6,"location_name":"T1 Shopping Mall","location_id":3}"
2026-09-24 11:49:33,+0300,9,Mustika,7,success,"{"total":7,"location_name":"Mustika","location_id":9}"
2026-09-24 11:49:33,+0300,10,Suur-Paala,0,success,"{"total":0,"location_name":"Suur-Paala","location_id":10}"
2026-09-24 11:51:33,+0300,1,Hipodroom,1,success,"{"total":1,"location_name":"Hipodroom","location_id":1}"
2026-09-24 11:51:33,+0300,3,T1,6,success,"{"total":6,"location_name":"T1 Shopping Mall","location_id":3}"
2026-09-24 11:51:33,+0300,9,Mustika,7,success,"{"total":7,"location_name":"Mustika","location_id":9}"
2026-09-24 11:51:33,+0300,10,Suur-Paala,0,success,"{"total":0,"location_name":"Suur-Paala","location_id":10}"
2026-09-24 11:53:34,+0300,1,Hipodroom,1,success,"{"total":1,"location_name":"Hipodroom","location_id":1}"
2026-09-24 11:53:34,+0300,3,T1,6,success,"{"total":6,"location_name":"T1 Shopping Mall","location_id":3}"
2026-09-24 11:53:34,+0300,9,Mustika,7,success,"{"total":7,"location_name":"Mustika","location_id":9}"
2026-09-24 11:53:34,+0300,10,Suur-Paala,0,success,"{"total":0,"location_name":"Suur-Paala","location_id":10}"
2026-09-24 11:55:34,+0300,1,Hipodroom,1,success,"{"total":1,"location_name":"Hipodroom","location_id":1}"
2026-09-24 11:55:34,+0300,3,T1,6,success,"{"total":6,"location_name":"T1 Shopping Mall","location_id":3}"
2026-09-24 11:55:34,+0300,9,Mustika,7,success,"{"total":7,"location_name":"Mustika","location_id":9}"
2026-09-24 11:55:34,+0300,10,Suur-Paala,0,success,"{"total":0,"location_name":"Suur-Paala","location_id":10}"
2026-09-24 11:57:35,+0300,1,Hipodroom,1,success,"{"total":1,"location_name":"Hipodroom","location_id":1}"
2026-09-24 11:57:35,+0300,3,T1,6,success,"{"total":6,"location_name":"T1 Shopping Mall","location_id":3}"
2026-09-24 11:57:35,+0300,9,Mustika,7,success,"{"total":7,"location_name":"Mustika","location_id":9}"
2026-09-24 11:57:35,+0300,10,Suur-Paala,0,success,"{"total":0,"location_name":"Suur-Paala","location_id":10}"
2026-09-24 11:59:36,+0300,1,Hipodroom,1,success,"{"total":1,"location_name":"Hipodroom","location_id":1}"
2026-09-24 11:59:36,+0300,3,T1,6,success,"{"total":6,"location_name":"T1 Shopping Mall","location_id":3}"
2026-09-24 11:59:36,+0300,9,Mustika,7,success,"{"total":7,"location_name":"Mustika","location_id":9}"
2026-09-24 11:59:36,+0300,10,Suur-Paala,0,success,"{"total":0,"location_name":"Suur-Paala","location_id":10}"
2026-09-24 12:01:36,+0300,1,Hipodroom,1,success,"{"total":1,"location_name":"Hipodroom","location_id":1}"
2026-09-24 12:01:36,+0300,3,T1,6,success,"{"total":6,"location_name":"T1 Shopping Mall","location_id":3}"
2026-09-24 12:01:36,+0300,9,Mustika,7,success,"{"total":7,"location_name":"Mustika","location_id":9}"
2026-09-24 12:01:36,+0300,10,Suur-Paala,0,success,"{"total":0,"location_name":"Suur-Paala","location_id":10}"
2026-09-24 12:03:37,+0300,1,Hipodroom,1,success,"{"total":1,"location_name":"Hipodroom","location_id":1}"
2026-09-24 12:03:37,+0300,3,T1,6,success,"{"total":6,"location_name":"T1 Shopping Mall","location_id":3}"
2026-09-24 12:03:37,+0300,9,Mustika,7,success,"{"total":7,"location_name":"Mustika","location_id":9}"
2026-09-24 12:03:37,+0300,10,Suur-Paala,0,success,"{"total":0,"location_name":"Suur-Paala","location_id":10}"
2026-09-24 12:05:37,+0300,1,Hipodroom,1,success,"{"total":1,"location_name":"Hipodroom","location_id":1}"
2026-09-24 12:05:37,+0300,3,T1,6,success,"{"total":6,"location_name":"T1 Shopping Mall","location_id":3}"
2026-09-24 12:05:37,+0300,9,Mustika,7,success,"{"total":7,"location_name":"Mustika","location_id":9}"
2026-09-24 12:05:37,+0300,10,Suur-Paala,0,success,"{"total":0,"location_name":"Suur-Paala","location_id":10}"
2026-09-24 12:07:38,+0300,1,Hipodroom,1,success,"{"total":1,"location_name":"Hipodroom","location_id":1}"
2026-09-24 12:07:38,+0300,3,T1,8,success,"{"total":8,"location_name":"T1 Shopping Mall","location_id":3}"
2026-09-24 12:07:38,+0300,9,Mustika,6,success,"{"total":6,"location_name":"Mustika","location_id":9}"
2026-09-24 12:07:38,+0300,10,Suur-Paala,0,success,"{"total":0,"location_name":"Suur-Paala","location_id":10}"
2026-09-24 12:09:38,+0300,1,Hipodroom,1,success,"{"total":1,"location_name":"Hipodroom","location_id":1}"
2026-09-24 12:09:38,+0300,3,T1,8,success,"{"total":8,"location_name":"T1 Shopping Mall","location_id":3}"
2026-09-24 12:09:38,+0300,9,Mustika,6,success,"{"total":6,"location_name":"Mustika","location_id":9}"
2026-09-24 12:09:38,+0300,10,Suur-Paala,0,success,"{"total":0,"location_name":"Suur-Paala","location_id":10}"
2026-09-24 12:11:39,+0300,1,Hipodroom,1,success,"{"total":1,"location_name":"Hipodroom","location_id":1}"
2026-09-24 12:11:39,+0300,3,T1,8,success,"{"total":8,"location_name":"T1 Shopping Mall","location_id":3}"
2026-09-24 12:11:39,+0300,9,Mustika,6,success,"{"total":6,"location_name":"Mustika","location_id":9}"
2026-09-24 12:11:39,+0300,10,Suur-Paala,0,success,"{"total":0,"location_name":"Suur-Paala","location_id":10}"
2026-09-24 12:13:40,+0300,1,Hipodroom,1,success,"{"total":1,"location_name":"Hipodroom","location_id":1}"
2026-09-24 12:13:40,+0300,3,T1,8,success,"{"total":8,"location_name":"T1 Shopping Mall","location_id":3}"
2026-09-24 12:13:40,+0300,9,Mustika,6,success,"{"total":6,"location_name":"Mustika","location_id":9}"
2026-09-24 12:13:40,+0300,10,Suur-Paala,0,success,"{"total":0,"location_name":"Suur-Paala","location_id":10}"
2026-09-24 12:15:40,+0300,1,Hipodroom,1,success,"{"total":1,"location_name":"Hipodroom","location_id":1}"
2026-09-24 12:15:40,+0300,3,T1,8,success,"{"total":8,"location_name":"T1 Shopping Mall","location_id":3}"
2026-09-24 12:15:40,+0300,9,Mustika,6,success,"{"total":6,"location_name":"Mustika","location_id":9}"
2026-09-24 12:15:40,+0300,10,Suur-Paala,0,success,"{"total":0,"location_name":"Suur-Paala","location_id":10}"
2026-09-24 12:17:41,+0300,1,Hipodroom,1,success,"{"total":1,"location_name":"Hipodroom","location_id":1}"
2026-09-24 12:17:41,+0300,3,T1,8,success,"{"total":8,"location_name":"T1 Shopping Mall","location_id":3}"
2026-09-24 12:17:41,+0300,9,Mustika,6,success,"{"total":6,"location_name":"Mustika","location_id":9}"
2026-09-24 12:17:41,+0300,10,Suur-Paala,0,success,"{"total":0,"location_name":"Suur-Paala","location_id":10}"
2026-09-24 12:19:41,+0300,1,Hipodroom,1,success,"{"total":1,"location_name":"Hipodroom","location_id":1}"
2026-09-24 12:19:41,+0300,3,T1,8,success,"{"total":8,"location_name":"T1 Shopping Mall","location_id":3}"
2026-09-24 12:19:41,+0300,9,Mustika,6,success,"{"total":6,"location_name":"Mustika","location_id":9}"
2026-09-24 12:19:41,+0300,10,Suur-Paala,0,success,"{"total":0,"location_name":"Suur-Paala","location_id":10}"
2026-09-24 12:21:42,+0300,1,Hipodroom,1,success,"{"total":1,"location_name":"Hipodroom","location_id":1}"
2026-09-24 12:21:42,+0300,3,T1,8,success,"{"total":8,"location_name":"T1 Shopping Mall","location_id":3}"
2026-09-24 12:21:42,+0300,9,Mustika,6,success,"{"total":6,"location_name":"Mustika","location_id":9}"
2026-09-24 12:21:42,+0300,10,Suur-Paala,0,success,"{"total":0,"location_name":"Suur-Paala","location_id":10}"
2026-09-24 12:23:42,+0300,1,Hipodroom,1,success,"{"total":1,"location_name":"Hipodroom","location_id":1}"
2026-09-24 12:23:42,+0300,3,T1,8,success,"{"total":8,"location_name":"T1 Shopping Mall","location_id":3}"
2026-09-24 12:23:42,+0300,9,Mustika,6,success,"{"total":6,"location_name":"Mustika","location_id":9}"
2026-09-24 12:23:42,+0300,10,Suur-Paala,0,success,"{"total":0,"location_name":"Suur-Paala","location_id":10}"
2026-09-24 12:25:43,+0300,1,Hipodroom,1,success,"{"total":1,"location_name":"Hipodroom","location_id":1}"
2026-09-24 12:25:43,+0300,3,T1,8,success,"{"total":8,"location_name":"T1 Shopping Mall","location_id":3}"
2026-09-24 12:25:43,+0300,9,Mustika,6,success,"{"total":6,"location_name":"Mustika","location_id":9}"
2026-09-24 12:25:43,+0300,10,Suur-Paala,0,success,"{"total":0,"location_name":"Suur-Paala","location_id":10}"
2026-09-24 12:27:44,+0300,1,Hipodroom,1,success,"{"total":1,"location_name":"Hipodroom","location_id":1}"
2026-09-24 12:27:44,+0300,3,T1,8,success,"{"total":8,"location_name":"T1 Shopping Mall","location_id":3}"
2026-09-24 12:27:44,+0300,9,Mustika,6,success,"{"total":6,"location_name":"Mustika","location_id":9}"
2026-09-24 12:27:44,+0300,10,Suur-Paala,0,success,"{"total":0,"location_name":"Suur-Paala","location_id":10}"
2026-09-24 12:29:44,+0300,1,Hipodroom,1,success,"{"total":1,"location_name":"Hipodroom","location_id":1}"
2026-09-24 12:29:44,+0300,3,T1,8,success,"{"total":8,"location_name":"T1 Shopping Mall","location_id":3}"
2026-09-24 12:29:44,+0300,9,Mustika,6,success,"{"total":6,"location_name":"Mustika","location_id":9}"
2026-09-24 12:29:44,+0300,10,Suur-Paala,0,success,"{"total":0,"location_name":"Suur-Paala","location_id":10}"
2026-09-24 12:31:45,+0300,1,Hipodroom,1,success,"{"total":1,"location_name":"Hipodroom","location_id":1}"
2026-09-24 12:31:45,+0300,3,T1,8,success,"{"total":8,"location_name":"T1 Shopping Mall","location_id":3}"
2026-09-24 12:31:45,+0300,9,Mustika,5,success,"{"total":5,"location_name":"Mustika","location_id":9}"
2026-09-24 12:31:45,+0300,10,Suur-Paala,0,success,"{"total":0,"location_name":"Suur-Paala","location_id":10}"
2026-09-24 12:33:46,+0300,1,Hipodroom,1,success,"{"total":1,"location_name":"Hipodroom","location_id":1}"
2026-09-24 12:33:46,+0300,3,T1,8,success,"{"total":8,"location_name":"T1 Shopping Mall","location_id":3}"
2026-09-24 12:33:46,+0300,9,Mustika,5,success,"{"total":5,"location_name":"Mustika","location_id":9}"
2026-09-24 12:33:46,+0300,10,Suur-Paala,0,success,"{"total":0,"location_name":"Suur-Paala","location_id":10}"
2026-09-24 12:35:46,+0300,1,Hipodroom,1,success,"{"total":1,"location_name":"Hipodroom","location_id":1}"
2026-09-24 12:35:46,+0300,3,T1,8,success,"{"total":8,"location_name":"T1 Shopping Mall","location_id":3}"
2026-09-24 12:35:46,+0300,9,Mustika,5,success,"{"total":5,"location_name":"Mustika","location_id":9}"
2026-09-24 12:35:46,+0300,10,Suur-Paala,0,success,"{"total":0,"location_name":"Suur-Paala","location_id":10}"
2026-09-24 12:37:47,+0300,1,Hipodroom,1,success,"{"total":1,"location_name":"Hipodroom","location_id":1}"
2026-09-24 12:37:47,+0300,3,T1,9,success,"{"total":9,"location_name":"T1 Shopping Mall","location_id":3}"
2026-09-24 12:37:47,+0300,9,Mustika,4,success,"{"total":4,"location_name":"Mustika","location_id":9}"
2026-09-24 12:37:47,+0300,10,Suur-Paala,0,success,"{"total":0,"location_name":"Suur-Paala","location_id":10}"
2026-09-24 12:39:48,+0300,1,Hipodroom,1,success,"{"total":1,"location_name":"Hipodroom","location_id":1}"
2026-09-24 12:39:48,+0300,3,T1,9,success,"{"total":9,"location_name":"T1 Shopping Mall","location_id":3}"
2026-09-24 12:39:48,+0300,9,Mustika,4,success,"{"total":4,"location_name":"Mustika","location_id":9}"
2026-09-24 12:39:48,+0300,10,Suur-Paala,0,success,"{"total":0,"location_name":"Suur-Paala","location_id":10}"
2026-09-24 12:41:48,+0300,1,Hipodroom,1,success,"{"total":1,"location_name":"Hipodroom","location_id":1}"
2026-09-24 12:41:48,+0300,3,T1,9,success,"{"total":9,"location_name":"T1 Shopping Mall","location_id":3}"
2026-09-24 12:41:48,+0300,9,Mustika,4,success,"{"total":4,"location_name":"Mustika","location_id":9}"
2026-09-24 12:41:48,+0300,10,Suur-Paala,0,success,"{"total":0,"location_name":"Suur-Paala","location_id":10}"
2026-09-24 12:43:49,+0300,1,Hipodroom,1,success,"{"total":1,"location_name":"Hipodroom","location_id":1}"
2026-09-24 12:43:49,+0300,3,T1,8,success,"{"total":8,"location_name":"T1 Shopping Mall","location_id":3}"
2026-09-24 12:43:49,+0300,9,Mustika,4,success,"{"total":4,"location_name":"Mustika","location_id":9}"
2026-09-24 12:43:49,+0300,10,Suur-Paala,0,success,"{"total":0,"location_name":"Suur-Paala","location_id":10}"
2026-09-24 12:45:50,+0300,1,Hipodroom,1,success,"{"total":1,"location_name":"Hipodroom","location_id":1}"
2026-09-24 12:45:50,+0300,3,T1,8,success,"{"total":8,"location_name":"T1 Shopping Mall","location_id":3}"
2026-09-24 12:45:50,+0300,9,Mustika,4,success,"{"total":4,"location_name":"Mustika","location_id":9}"
2026-09-24 12:45:50,+0300,10,Suur-Paala,0,success,"{"total":0,"location_name":"Suur-Paala","location_id":10}"
2026-09-24 12:47:50,+0300,1,Hipodroom,1,success,"{"total":1,"location_name":"Hipodroom","location_id":1}"
2026-09-24 12:47:50,+0300,3,T1,8,success,"{"total":8,"location_name":"T1 Shopping Mall","location_id":3}"
2026-09-24 12:47:50,+0300,9,Mustika,4,success,"{"total":4,"location_name":"Mustika","location_id":9}"
2026-09-24 12:47:50,+0300,10,Suur-Paala,0,success,"{"total":0,"location_name":"Suur-Paala","location_id":10}"
2026-09-24 12:49:51,+0300,1,Hipodroom,1,success,"{"total":1,"location_name":"Hipodroom","location_id":1}"
2026-09-24 12:49:51,+0300,3,T1,8,success,"{"total":8,"location_name":"T1 Shopping Mall","location_id":3}"
2026-09-24 12:49:51,+0300,9,Mustika,4,success,"{"total":4,"location_name":"Mustika","location_id":9}"
2026-09-24 12:49:51,+0300,10,Suur-Paala,0,success,"{"total":0,"location_name":"Suur-Paala","location_id":10}"
2026-09-24 12:51:51,+0300,1,Hipodroom,1,success,"{"total":1,"location_name":"Hipodroom","location_id":1}"
2026-09-24 12:51:51,+0300,3,T1,8,success,"{"total":8,"location_name":"T1 Shopping Mall","location_id":3}"
2026-09-24 12:51:51,+0300,9,Mustika,4,success,"{"total":4,"location_name":"Mustika","location_id":9}"
2026-09-24 12:51:51,+0300,10,Suur-Paala,0,success,"{"total":0,"location_name":"Suur-Paala","location_id":10}"
2026-09-24 12:53:52,+0300,1,Hipodroom,1,success,"{"total":1,"location_name":"Hipodroom","location_id":1}"
2026-09-24 12:53:52,+0300,3,T1,8,success,"{"total":8,"location_name":"T1 Shopping Mall","location_id":3}"
2026-09-24 12:53:52,+0300,9,Mustika,4,success,"{"total":4,"location_name":"Mustika","location_id":9}"
2026-09-24 12:53:52,+0300,10,Suur-Paala,0,success,"{"total":0,"location_name":"Suur-Paala","location_id":10}"
2026-09-24 12:55:53,+0300,1,Hipodroom,2,success,"{"total":2,"location_name":"Hipodroom","location_id":1}"
2026-09-24 12:55:53,+0300,3,T1,8,success,"{"total":8,"location_name":"T1 Shopping Mall","location_id":3}"
2026-09-24 12:55:53,+0300,9,Mustika,5,success,"{"total":5,"location_name":"Mustika","location_id":9}"
2026-09-24 12:55:53,+0300,10,Suur-Paala,0,success,"{"total":0,"location_name":"Suur-Paala","location_id":10}"
2026-09-24 12:57:53,+0300,1,Hipodroom,2,success,"{"total":2,"location_name":"Hipodroom","location_id":1}"
2026-09-24 12:57:53,+0300,3,T1,8,success,"{"total":8,"location_name":"T1 Shopping Mall","location_id":3}"
2026-09-24 12:57:53,+0300,9,Mustika,5,success,"{"total":5,"location_name":"Mustika","location_id":9}"
2026-09-24 12:57:53,+0300,10,Suur-Paala,0,success,"{"total":0,"location_name":"Suur-Paala","location_id":10}"
2026-09-24 12:59:54,+0300,1,Hipodroom,2,success,"{"total":2,"location_name":"Hipodroom","location_id":1}"
2026-09-24 12:59:54,+0300,3,T1,8,success,"{"total":8,"location_name":"T1 Shopping Mall","location_id":3}"
2026-09-24 12:59:54,+0300,9,Mustika,5,success,"{"total":5,"location_name":"Mustika","location_id":9}"
2026-09-24 12:59:54,+0300,10,Suur-Paala,0,success,"{"total":0,"location_name":"Suur-Paala","location_id":10}"
2026-09-24 13:01:55,+0300,1,Hipodroom,2,success,"{"total":2,"location_name":"Hipodroom","location_id":1}"
2026-09-24 13:01:55,+0300,3,T1,8,success,"{"total":8,"location_name":"T1 Shopping Mall","location_id":3}"
2026-09-24 13:01:55,+0300,9,Mustika,5,success,"{"total":5,"location_name":"Mustika","location_id":9}"
2026-09-24 13:01:55,+0300,10,Suur-Paala,0,success,"{"total":0,"location_name":"Suur-Paala","location_id":10}"
2026-09-24 13:03:55,+0300,1,Hipodroom,2,success,"{"total":2,"location_name":"Hipodroom","location_id":1}"
2026-09-24 13:03:55,+0300,3,T1,8,success,"{"total":8,"location_name":"T1 Shopping Mall","location_id":3}"
2026-09-24 13:03:55,+0300,9,Mustika,5,success,"{"total":5,"location_name":"Mustika","location_id":9}"
2026-09-24 13:03:55,+0300,10,Suur-Paala,0,success,"{"total":0,"location_name":"Suur-Paala","location_id":10}"
2026-09-24 13:05:56,+0300,1,Hipodroom,2,success,"{"total":2,"location_name":"Hipodroom","location_id":1}"
2026-09-24 13:05:56,+0300,3,T1,8,success,"{"total":8,"location_name":"T1 Shopping Mall","location_id":3}"
2026-09-24 13:05:56,+0300,9,Mustika,5,success,"{"total":5,"location_name":"Mustika","location_id":9}"
2026-09-24 13:05:56,+0300,10,Suur-Paala,0,success,"{"total":0,"location_name":"Suur-Paala","location_id":10}"
2026-09-24 13:07:56,+0300,1,Hipodroom,2,success,"{"total":2,"location_name":"Hipodroom","location_id":1}"
2026-09-24 13:07:56,+0300,3,T1,9,success,"{"total":9,"location_name":"T1 Shopping Mall","location_id":3}"
2026-09-24 13:07:56,+0300,9,Mustika,3,success,"{"total":3,"location_name":"Mustika","location_id":9}"
2026-09-24 13:07:56,+0300,10,Suur-Paala,0,success,"{"total":0,"location_name":"Suur-Paala","location_id":10}"
2026-09-24 13:09:57,+0300,1,Hipodroom,2,success,"{"total":2,"location_name":"Hipodroom","location_id":1}"
2026-09-24 13:09:57,+0300,3,T1,9,success,"{"total":9,"location_name":"T1 Shopping Mall","location_id":3}"
2026-09-24 13:09:57,+0300,9,Mustika,3,success,"{"total":3,"location_name":"Mustika","location_id":9}"
2026-09-24 13:09:57,+0300,10,Suur-Paala,0,success,"{"total":0,"location_name":"Suur-Paala","location_id":10}"
2026-09-24 13:11:58,+0300,1,Hipodroom,2,success,"{"total":2,"location_name":"Hipodroom","location_id":1}"
2026-09-24 13:11:58,+0300,3,T1,9,success,"{"total":9,"location_name":"T1 Shopping Mall","location_id":3}"
2026-09-24 13:11:58,+0300,9,Mustika,3,success,"{"total":3,"location_name":"Mustika","location_id":9}"
2026-09-24 13:11:58,+0300,10,Suur-Paala,0,success,"{"total":0,"location_name":"Suur-Paala","location_id":10}"
2026-09-24 13:13:58,+0300,1,Hipodroom,2,success,"{"total":2,"location_name":"Hipodroom","location_id":1}"
2026-09-24 13:13:58,+0300,3,T1,9,success,"{"total":9,"location_name":"T1 Shopping Mall","location_id":3}"
2026-09-24 13:13:58,+0300,9,Mustika,2,success,"{"total":2,"location_name":"Mustika","location_id":9}"
2026-09-24 13:13:58,+0300,10,Suur-Paala,0,success,"{"total":0,"location_name":"Suur-Paala","location_id":10}"
2026-09-24 13:15:59,+0300,1,Hipodroom,2,success,"{"total":2,"location_name":"Hipodroom","location_id":1}"
2026-09-24 13:15:59,+0300,3,T1,9,success,"{"total":9,"location_name":"T1 Shopping Mall","location_id":3}"
2026-09-24 13:15:59,+0300,9,Mustika,2,success,"{"total":2,"location_name":"Mustika","location_id":9}"
2026-09-24 13:15:59,+0300,10,Suur-Paala,0,success,"{"total":0,"location_name":"Suur-Paala","location_id":10}"
2026-09-24 13:17:59,+0300,1,Hipodroom,2,success,"{"total":2,"location_name":"Hipodroom","location_id":1}"
2026-09-24 13:17:59,+0300,3,T1,9,success,"{"total":9,"location_name":"T1 Shopping Mall","location_id":3}"
2026-09-24 13:17:59,+0300,9,Mustika,2,success,"{"total":2,"location_name":"Mustika","location_id":9}"
2026-09-24 13:17:59,+0300,10,Suur-Paala,0,success,"{"total":0,"location_name":"Suur-Paala","location_id":10}"
2026-09-24 13:20:00,+0300,1,Hipodroom,2,success,"{"total":2,"location_name":"Hipodroom","location_id":1}"
2026-09-24 13:20:00,+0300,3,T1,8,success,"{"total":8,"location_name":"T1 Shopping Mall","location_id":3}"
2026-09-24 13:20:00,+0300,9,Mustika,2,success,"{"total":2,"location_name":"Mustika","location_id":9}"
2026-09-24 13:20:00,+0300,10,Suur-Paala,0,success,"{"total":0,"location_name":"Suur-Paala","location_id":10}"
2026-09-24 13:22:00,+0300,1,Hipodroom,2,success,"{"total":2,"location_name":"Hipodroom","location_id":1}"
2026-09-24 13:22:00,+0300,3,T1,8,success,"{"total":8,"location_name":"T1 Shopping Mall","location_id":3}"
2026-09-24 13:22:00,+0300,9,Mustika,2,success,"{"total":2,"location_name":"Mustika","location_id":9}"
2026-09-24 13:22:00,+0300,10,Suur-Paala,0,success,"{"total":0,"location_name":"Suur-Paala","location_id":10}"
2026-09-24 13:24:01,+0300,1,Hipodroom,2,success,"{"total":2,"location_name":"Hipodroom","location_id":1}"
2026-09-24 13:24:01,+0300,3,T1,8,success,"{"total":8,"location_name":"T1 Shopping Mall","location_id":3}"
2026-09-24 13:24:01,+0300,9,Mustika,2,success,"{"total":2,"location_name":"Mustika","location_id":9}"
2026-09-24 13:24:01,+0300,10,Suur-Paala,0,success,"{"total":0,"location_name":"Suur-Paala","location_id":10}"
2026-09-24 13:26:02,+0300,1,Hipodroom,2,success,"{"total":2,"location_name":"Hipodroom","location_id":1}"
2026-09-24 13:26:02,+0300,3,T1,9,success,"{"total":9,"location_name":"T1 Shopping Mall","location_id":3}"
2026-09-24 13:26:02,+0300,9,Mustika,4,success,"{"total":4,"location_name":"Mustika","location_id":9}"
2026-09-24 13:26:02,+0300,10,Suur-Paala,0,success,"{"total":0,"location_name":"Suur-Paala","location_id":10}"
2026-09-24 13:28:02,+0300,1,Hipodroom,2,success,"{"total":2,"location_name":"Hipodroom","location_id":1}"
2026-09-24 13:28:02,+0300,3,T1,9,success,"{"total":9,"location_name":"T1 Shopping Mall","location_id":3}"
2026-09-24 13:28:02,+0300,9,Mustika,4,success,"{"total":4,"location_name":"Mustika","location_id":9}"
2026-09-24 13:28:02,+0300,10,Suur-Paala,0,success,"{"total":0,"location_name":"Suur-Paala","location_id":10}"
2026-09-24 13:30:03,+0300,1,Hipodroom,2,success,"{"total":2,"location_name":"Hipodroom","location_id":1}"
2026-09-24 13:30:03,+0300,3,T1,9,success,"{"total":9,"location_name":"T1 Shopping Mall","location_id":3}"
2026-09-24 13:30:03,+0300,9,Mustika,4,success,"{"total":4,"location_name":"Mustika","location_id":9}"
2026-09-24 13:30:03,+0300,10,Suur-Paala,0,success,"{"total":0,"location_name":"Suur-Paala","location_id":10}"
2026-09-24 13:32:03,+0300,1,Hipodroom,1,success,"{"total":1,"location_name":"Hipodroom","location_id":1}"
2026-09-24 13:32:03,+0300,3,T1,8,success,"{"total":8,"location_name":"T1 Shopping Mall","location_id":3}"
2026-09-24 13:32:03,+0300,9,Mustika,4,success,"{"total":4,"location_name":"Mustika","location_id":9}"
2026-09-24 13:32:03,+0300,10,Suur-Paala,0,success,"{"total":0,"location_name":"Suur-Paala","location_id":10}"
2026-09-24 13:34:04,+0300,1,Hipodroom,1,success,"{"total":1,"location_name":"Hipodroom","location_id":1}"
2026-09-24 13:34:04,+0300,3,T1,8,success,"{"total":8,"location_name":"T1 Shopping Mall","location_id":3}"
2026-09-24 13:34:04,+0300,9,Mustika,4,success,"{"total":4,"location_name":"Mustika","location_id":9}"
2026-09-24 13:34:04,+0300,10,Suur-Paala,0,success,"{"total":0,"location_name":"Suur-Paala","location_id":10}"
2026-09-24 13:36:04,+0300,1,Hipodroom,1,success,"{"total":1,"location_name":"Hipodroom","location_id":1}"
2026-09-24 13:36:04,+0300,3,T1,8,success,"{"total":8,"location_name":"T1 Shopping Mall","location_id":3}"
2026-09-24 13:36:04,+0300,9,Mustika,4,success,"{"total":4,"location_name":"Mustika","location_id":9}"
2026-09-24 13:36:04,+0300,10,Suur-Paala,0,success,"{"total":0,"location_name":"Suur-Paala","location_id":10}"
2026-09-24 13:38:05,+0300,1,Hipodroom,1,success,"{"total":1,"location_name":"Hipodroom","location_id":1}"
2026-09-24 13:38:05,+0300,3,T1,9,success,"{"total":9,"location_name":"T1 Shopping Mall","location_id":3}"
2026-09-24 13:38:05,+0300,9,Mustika,6,success,"{"total":6,"location_name":"Mustika","location_id":9}"
2026-09-24 13:38:05,+0300,10,Suur-Paala,0,success,"{"total":0,"location_name":"Suur-Paala","location_id":10}"
2026-09-24 13:40:06,+0300,1,Hipodroom,1,success,"{"total":1,"location_name":"Hipodroom","location_id":1}"
2026-09-24 13:40:06,+0300,3,T1,9,success,"{"total":9,"location_name":"T1 Shopping Mall","location_id":3}"
2026-09-24 13:40:06,+0300,9,Mustika,6,success,"{"total":6,"location_name":"Mustika","location_id":9}"
2026-09-24 13:40:06,+0300,10,Suur-Paala,0,success,"{"total":0,"location_name":"Suur-Paala","location_id":10}"
2026-09-24 13:42:06,+0300,1,Hipodroom,1,success,"{"total":1,"location_name":"Hipodroom","location_id":1}"
2026-09-24 13:42:06,+0300,3,T1,9,success,"{"total":9,"location_name":"T1 Shopping Mall","location_id":3}"
2026-09-24 13:42:06,+0300,9,Mustika,6,success,"{"total":6,"location_name":"Mustika","location_id":9}"
2026-09-24 13:42:06,+0300,10,Suur-Paala,0,success,"{"total":0,"location_name":"Suur-Paala","location_id":10}"
2026-09-24 13:44:07,+0300,1,Hipodroom,1,success,"{"total":1,"location_name":"Hipodroom","location_id":1}"
2026-09-24 13:44:07,+0300,3,T1,9,success,"{"total":9,"location_name":"T1 Shopping Mall","location_id":3}"
2026-09-24 13:44:07,+0300,9,Mustika,9,success,"{"total":9,"location_name":"Mustika","location_id":9}"
2026-09-24 13:44:07,+0300,10,Suur-Paala,0,success,"{"total":0,"location_name":"Suur-Paala","location_id":10}"
2026-09-24 13:46:07,+0300,1,Hipodroom,1,success,"{"total":1,"location_name":"Hipodroom","location_id":1}"
2026-09-24 13:46:07,+0300,3,T1,9,success,"{"total":9,"location_name":"T1 Shopping Mall","location_id":3}"
2026-09-24 13:46:07,+0300,9,Mustika,9,success,"{"total":9,"location_name":"Mustika","location_id":9}"
2026-09-24 13:46:07,+0300,10,Suur-Paala,0,success,"{"total":0,"location_name":"Suur-Paala","location_id":10}"
2026-09-24 13:48:08,+0300,1,Hipodroom,1,success,"{"total":1,"location_name":"Hipodroom","location_id":1}"
2026-09-24 13:48:08,+0300,3,T1,9,success,"{"total":9,"location_name":"T1 Shopping Mall","location_id":3}"
2026-09-24 13:48:08,+0300,9,Mustika,9,success,"{"total":9,"location_name":"Mustika","location_id":9}"
2026-09-24 13:48:08,+0300,10,Suur-Paala,0,success,"{"total":0,"location_name":"Suur-Paala","location_id":10}"
2026-09-24 13:50:08,+0300,1,Hipodroom,1,success,"{"total":1,"location_name":"Hipodroom","location_id":1}"
2026-09-24 13:50:08,+0300,3,T1,9,success,"{"total":9,"location_name":"T1 Shopping Mall","location_id":3}"
2026-09-24 13:50:08,+0300,9,Mustika,9,success,"{"total":9,"location_name":"Mustika","location_id":9}"
2026-09-24 13:50:08,+0300,10,Suur-Paala,0,success,"{"total":0,"location_name":"Suur-Paala","location_id":10}"
2026-09-24 13:52:09,+0300,1,Hipodroom,1,success,"{"total":1,"location_name":"Hipodroom","location_id":1}"
2026-09-24 13:52:09,+0300,3,T1,9,success,"{"total":9,"location_name":"T1 Shopping Mall","location_id":3}"
2026-09-24 13:52:09,+0300,9,Mustika,9,success,"{"total":9,"location_name":"Mustika","location_id":9}"
2026-09-24 13:52:09,+0300,10,Suur-Paala,0,success,"{"total":0,"location_name":"Suur-Paala","location_id":10}"
2026-09-24 13:54:10,+0300,1,Hipodroom,1,success,"{"total":1,"location_name":"Hipodroom","location_id":1}"
2026-09-24 13:54:10,+0300,3,T1,9,success,"{"total":9,"location_name":"T1 Shopping Mall","location_id":3}"
2026-09-24 13:54:10,+0300,9,Mustika,8,success,"{"total":8,"location_name":"Mustika","location_id":9}"
2026-09-24 13:54:10,+0300,10,Suur-Paala,0,success,"{"total":0,"location_name":"Suur-Paala","location_id":10}"
2026-09-24 13:56:11,+0300,1,Hipodroom,1,success,"{"total":1,"location_name":"Hipodroom","location_id":1}"
2026-09-24 13:56:11,+0300,3,T1,9,success,"{"total":9,"location_name":"T1 Shopping Mall","location_id":3}"
2026-09-24 13:56:11,+0300,9,Mustika,8,success,"{"total":8,"location_name":"Mustika","location_id":9}"
2026-09-24 13:56:11,+0300,10,Suur-Paala,0,success,"{"total":0,"location_name":"Suur-Paala","location_id":10}"
2026-09-24 13:58:11,+0300,1,Hipodroom,1,success,"{"total":1,"location_name":"Hipodroom","location_id":1}"
2026-09-24 13:58:11,+0300,3,T1,9,success,"{"total":9,"location_name":"T1 Shopping Mall","location_id":3}"
2026-09-24 13:58:11,+0300,9,Mustika,8,success,"{"total":8,"location_name":"Mustika","location_id":9}"
2026-09-24 13:58:11,+0300,10,Suur-Paala,0,success,"{"total":0,"location_name":"Suur-Paala","location_id":10}"
2026-09-24 14:00:12,+0300,1,Hipodroom,1,success,"{"total":1,"location_name":"Hipodroom","location_id":1}"
2026-09-24 14:00:12,+0300,3,T1,9,success,"{"total":9,"location_name":"T1 Shopping Mall","location_id":3}"
2026-09-24 14:00:12,+0300,9,Mustika,8,success,"{"total":8,"location_name":"Mustika","location_id":9}"
2026-09-24 14:00:12,+0300,10,Suur-Paala,0,success,"{"total":0,"location_name":"Suur-Paala","location_id":10}"
2026-09-24 14:02:13,+0300,1,Hipodroom,1,success,"{"total":1,"location_name":"Hipodroom","location_id":1}"
2026-09-24 14:02:13,+0300,3,T1,9,success,"{"total":9,"location_name":"T1 Shopping Mall","location_id":3}"
2026-09-24 14:02:13,+0300,9,Mustika,8,success,"{"total":8,"location_name":"Mustika","location_id":9}"
2026-09-24 14:02:13,+0300,10,Suur-Paala,0,success,"{"total":0,"location_name":"Suur-Paala","location_id":10}"
2026-09-24 14:04:14,+0300,1,Hipodroom,1,success,"{"total":1,"location_name":"Hipodroom","location_id":1}"
2026-09-24 14:04:14,+0300,3,T1,9,success,"{"total":9,"location_name":"T1 Shopping Mall","location_id":3}"
2026-09-24 14:04:14,+0300,9,Mustika,8,success,"{"total":8,"location_name":"Mustika","location_id":9}"
2026-09-24 14:04:14,+0300,10,Suur-Paala,0,success,"{"total":0,"location_name":"Suur-Paala","location_id":10}"
2026-09-24 14:06:15,+0300,1,Hipodroom,1,success,"{"total":1,"location_name":"Hipodroom","location_id":1}"
2026-09-24 14:06:15,+0300,3,T1,9,success,"{"total":9,"location_name":"T1 Shopping Mall","location_id":3}"
2026-09-24 14:06:15,+0300,9,Mustika,9,success,"{"total":9,"location_name":"Mustika","location_id":9}"
2026-09-24 14:06:15,+0300,10,Suur-Paala,0,success,"{"total":0,"location_name":"Suur-Paala","location_id":10}"
2026-09-24 14:08:16,+0300,1,Hipodroom,1,success,"{"total":1,"location_name":"Hipodroom","location_id":1}"
2026-09-24 14:08:16,+0300,3,T1,9,success,"{"total":9,"location_name":"T1 Shopping Mall","location_id":3}"
2026-09-24 14:08:16,+0300,9,Mustika,9,success,"{"total":9,"location_name":"Mustika","location_id":9}"
2026-09-24 14:08:16,+0300,10,Suur-Paala,0,success,"{"total":0,"location_name":"Suur-Paala","location_id":10}"
2026-09-24 14:10:16,+0300,1,Hipodroom,1,success,"{"total":1,"location_name":"Hipodroom","location_id":1}"
2026-09-24 14:10:16,+0300,3,T1,9,success,"{"total":9,"location_name":"T1 Shopping Mall","location_id":3}"
2026-09-24 14:10:16,+0300,9,Mustika,9,success,"{"total":9,"location_name":"Mustika","location_id":9}"
2026-09-24 14:10:16,+0300,10,Suur-Paala,0,success,"{"total":0,"location_name":"Suur-Paala","location_id":10}"
2026-09-24 14:12:17,+0300,1,Hipodroom,1,success,"{"total":1,"location_name":"Hipodroom","location_id":1}"
2026-09-24 14:12:17,+0300,3,T1,9,success,"{"total":9,"location_name":"T1 Shopping Mall","location_id":3}"
2026-09-24 14:12:17,+0300,9,Mustika,9,success,"{"total":9,"location_name":"Mustika","location_id":9}"
2026-09-24 14:12:17,+0300,10,Suur-Paala,0,success,"{"total":0,"location_name":"Suur-Paala","location_id":10}"
2026-09-24 14:14:18,+0300,1,Hipodroom,1,success,"{"total":1,"location_name":"Hipodroom","location_id":1}"
2026-09-24 14:14:18,+0300,3,T1,9,success,"{"total":9,"location_name":"T1 Shopping Mall","location_id":3}"
2026-09-24 14:14:18,+0300,9,Mustika,9,success,"{"total":9,"location_name":"Mustika","location_id":9}"
2026-09-24 14:14:18,+0300,10,Suur-Paala,0,success,"{"total":0,"location_name":"Suur-Paala","location_id":10}"
2026-09-24 14:16:19,+0300,1,Hipodroom,1,success,"{"total":1,"location_name":"Hipodroom","location_id":1}"
2026-09-24 14:16:19,+0300,3,T1,9,success,"{"total":9,"location_name":"T1 Shopping Mall","location_id":3}"
2026-09-24 14:16:19,+0300,9,Mustika,9,success,"{"total":9,"location_name":"Mustika","location_id":9}"
2026-09-24 14:16:19,+0300,10,Suur-Paala,0,success,"{"total":0,"location_name":"Suur-Paala","location_id":10}"
2026-09-24 14:18:19,+0300,1,Hipodroom,1,success,"{"total":1,"location_name":"Hipodroom","location_id":1}"
2026-09-24 14:18:19,+0300,3,T1,11,success,"{"total":11,"location_name":"T1 Shopping Mall","location_id":3}"
2026-09-24 14:18:19,+0300,9,Mustika,9,success,"{"total":9,"location_name":"Mustika","location_id":9}"
2026-09-24 14:18:19,+0300,10,Suur-Paala,0,success,"{"total":0,"location_name":"Suur-Paala","location_id":10}"
2026-09-24 14:20:20,+0300,1,Hipodroom,1,success,"{"total":1,"location_name":"Hipodroom","location_id":1}"
2026-09-24 14:20:20,+0300,3,T1,11,success,"{"total":11,"location_name":"T1 Shopping Mall","location_id":3}"
2026-09-24 14:20:20,+0300,9,Mustika,9,success,"{"total":9,"location_name":"Mustika","location_id":9}"
2026-09-24 14:20:20,+0300,10,Suur-Paala,0,success,"{"total":0,"location_name":"Suur-Paala","location_id":10}"
2026-09-24 14:22:21,+0300,1,Hipodroom,1,success,"{"total":1,"location_name":"Hipodroom","location_id":1}"
2026-09-24 14:22:21,+0300,3,T1,11,success,"{"total":11,"location_name":"T1 Shopping Mall","location_id":3}"
2026-09-24 14:22:21,+0300,9,Mustika,9,success,"{"total":9,"location_name":"Mustika","location_id":9}"
2026-09-24 14:22:21,+0300,10,Suur-Paala,0,success,"{"total":0,"location_name":"Suur-Paala","location_id":10}"
2026-09-24 14:24:21,+0300,1,Hipodroom,1,success,"{"total":1,"location_name":"Hipodroom","location_id":1}"
2026-09-24 14:24:21,+0300,3,T1,14,success,"{"total":14,"location_name":"T1 Shopping Mall","location_id":3}"
2026-09-24 14:24:21,+0300,9,Mustika,10,success,"{"total":10,"location_name":"Mustika","location_id":9}"
2026-09-24 14:24:21,+0300,10,Suur-Paala,0,success,"{"total":0,"location_name":"Suur-Paala","location_id":10}"
2026-09-24 14:26:22,+0300,1,Hipodroom,1,success,"{"total":1,"location_name":"Hipodroom","location_id":1}"
2026-09-24 14:26:22,+0300,3,T1,14,success,"{"total":14,"location_name":"T1 Shopping Mall","location_id":3}"
2026-09-24 14:26:22,+0300,9,Mustika,10,success,"{"total":10,"location_name":"Mustika","location_id":9}"
2026-09-24 14:26:22,+0300,10,Suur-Paala,0,success,"{"total":0,"location_name":"Suur-Paala","location_id":10}"
2026-09-24 14:28:22,+0300,1,Hipodroom,1,success,"{"total":1,"location_name":"Hipodroom","location_id":1}"
2026-09-24 14:28:22,+0300,3,T1,14,success,"{"total":14,"location_name":"T1 Shopping Mall","location_id":3}"
2026-09-24 14:28:22,+0300,9,Mustika,10,success,"{"total":10,"location_name":"Mustika","location_id":9}"
2026-09-24 14:28:22,+0300,10,Suur-Paala,0,success,"{"total":0,"location_name":"Suur-Paala","location_id":10}"
2026-09-24 14:30:23,+0300,1,Hipodroom,1,success,"{"total":1,"location_name":"Hipodroom","location_id":1}"
2026-09-24 14:30:23,+0300,3,T1,15,success,"{"total":15,"location_name":"T1 Shopping Mall","location_id":3}"
2026-09-24 14:30:23,+0300,9,Mustika,10,success,"{"total":10,"location_name":"Mustika","location_id":9}"
2026-09-24 14:30:23,+0300,10,Suur-Paala,0,success,"{"total":0,"location_name":"Suur-Paala","location_id":10}"
2026-09-24 14:32:23,+0300,1,Hipodroom,1,success,"{"total":1,"location_name":"Hipodroom","location_id":1}"
2026-09-24 14:32:23,+0300,3,T1,15,success,"{"total":15,"location_name":"T1 Shopping Mall","location_id":3}"
2026-09-24 14:32:23,+0300,9,Mustika,10,success,"{"total":10,"location_name":"Mustika","location_id":9}"
2026-09-24 14:32:23,+0300,10,Suur-Paala,0,success,"{"total":0,"location_name":"Suur-Paala","location_id":10}"
2026-09-24 14:34:24,+0300,1,Hipodroom,1,success,"{"total":1,"location_name":"Hipodroom","location_id":1}"
2026-09-24 14:34:24,+0300,3,T1,15,success,"{"total":15,"location_name":"T1 Shopping Mall","location_id":3}"
2026-09-24 14:34:24,+0300,9,Mustika,10,success,"{"total":10,"location_name":"Mustika","location_id":9}"
2026-09-24 14:34:24,+0300,10,Suur-Paala,0,success,"{"total":0,"location_name":"Suur-Paala","location_id":10}"
2026-09-24 14:36:25,+0300,1,Hipodroom,1,success,"{"total":1,"location_name":"Hipodroom","location_id":1}"
2026-09-24 14:36:25,+0300,3,T1,16,success,"{"total":16,"location_name":"T1 Shopping Mall","location_id":3}"
2026-09-24 14:36:25,+0300,9,Mustika,10,success,"{"total":10,"location_name":"Mustika","location_id":9}"
2026-09-24 14:36:25,+0300,10,Suur-Paala,0,success,"{"total":0,"location_name":"Suur-Paala","location_id":10}"
2026-09-24 14:38:25,+0300,1,Hipodroom,1,success,"{"total":1,"location_name":"Hipodroom","location_id":1}"
2026-09-24 14:38:25,+0300,3,T1,16,success,"{"total":16,"location_name":"T1 Shopping Mall","location_id":3}"
2026-09-24 14:38:25,+0300,9,Mustika,10,success,"{"total":10,"location_name":"Mustika","location_id":9}"
2026-09-24 14:38:25,+0300,10,Suur-Paala,0,success,"{"total":0,"location_name":"Suur-Paala","location_id":10}"
2026-09-24 14:40:26,+0300,1,Hipodroom,1,success,"{"total":1,"location_name":"Hipodroom","location_id":1}"
2026-09-24 14:40:26,+0300,3,T1,16,success,"{"total":16,"location_name":"T1 Shopping Mall","location_id":3}"
2026-09-24 14:40:26,+0300,9,Mustika,10,success,"{"total":10,"location_name":"Mustika","location_id":9}"
2026-09-24 14:40:26,+0300,10,Suur-Paala,0,success,"{"total":0,"location_name":"Suur-Paala","location_id":10}"
2026-09-24 14:42:27,+0300,1,Hipodroom,1,success,"{"total":1,"location_name":"Hipodroom","location_id":1}"
2026-09-24 14:42:27,+0300,3,T1,16,success,"{"total":16,"location_name":"T1 Shopping Mall","location_id":3}"
2026-09-24 14:42:27,+0300,9,Mustika,10,success,"{"total":10,"location_name":"Mustika","location_id":9}"
2026-09-24 14:42:27,+0300,10,Suur-Paala,0,success,"{"total":0,"location_name":"Suur-Paala","location_id":10}"
2026-09-24 14:44:27,+0300,1,Hipodroom,1,success,"{"total":1,"location_name":"Hipodroom","location_id":1}"
2026-09-24 14:44:27,+0300,3,T1,16,success,"{"total":16,"location_name":"T1 Shopping Mall","location_id":3}"
2026-09-24 14:44:27,+0300,9,Mustika,10,success,"{"total":10,"location_name":"Mustika","location_id":9}"
2026-09-24 14:44:27,+0300,10,Suur-Paala,0,success,"{"total":0,"location_name":"Suur-Paala","location_id":10}"
2026-09-24 14:46:28,+0300,1,Hipodroom,1,success,"{"total":1,"location_name":"Hipodroom","location_id":1}"
2026-09-24 14:46:28,+0300,3,T1,16,success,"{"total":16,"location_name":"T1 Shopping Mall","location_id":3}"
2026-09-24 14:46:28,+0300,9,Mustika,10,success,"{"total":10,"location_name":"Mustika","location_id":9}"
2026-09-24 14:46:28,+0300,10,Suur-Paala,1,success,"{"total":1,"location_name":"Suur-Paala","location_id":10}"
2026-09-24 14:48:29,+0300,1,Hipodroom,1,success,"{"total":1,"location_name":"Hipodroom","location_id":1}"
2026-09-24 14:48:29,+0300,3,T1,17,success,"{"total":17,"location_name":"T1 Shopping Mall","location_id":3}"
2026-09-24 14:48:29,+0300,9,Mustika,10,success,"{"total":10,"location_name":"Mustika","location_id":9}"
2026-09-24 14:48:29,+0300,10,Suur-Paala,1,success,"{"total":1,"location_name":"Suur-Paala","location_id":10}"
2026-09-24 14:50:29,+0300,1,Hipodroom,1,success,"{"total":1,"location_name":"Hipodroom","location_id":1}"
2026-09-24 14:50:29,+0300,3,T1,17,success,"{"total":17,"location_name":"T1 Shopping Mall","location_id":3}"
2026-09-24 14:50:29,+0300,9,Mustika,10,success,"{"total":10,"location_name":"Mustika","location_id":9}"
2026-09-24 14:50:29,+0300,10,Suur-Paala,1,success,"{"total":1,"location_name":"Suur-Paala","location_id":10}"
2026-09-24 14:52:30,+0300,1,Hipodroom,1,success,"{"total":1,"location_name":"Hipodroom","location_id":1}"
2026-09-24 14:52:30,+0300,3,T1,17,success,"{"total":17,"location_name":"T1 Shopping Mall","location_id":3}"
2026-09-24 14:52:30,+0300,9,Mustika,10,success,"{"total":10,"location_name":"Mustika","location_id":9}"
2026-09-24 14:52:30,+0300,10,Suur-Paala,1,success,"{"total":1,"location_name":"Suur-Paala","location_id":10}"
2026-09-24 14:54:31,+0300,1,Hipodroom,1,success,"{"total":1,"location_name":"Hipodroom","location_id":1}"
2026-09-24 14:54:31,+0300,3,T1,17,success,"{"total":17,"location_name":"T1 Shopping Mall","location_id":3}"
2026-09-24 14:54:31,+0300,9,Mustika,11,success,"{"total":11,"location_name":"Mustika","location_id":9}"
2026-09-24 14:54:31,+0300,10,Suur-Paala,1,success,"{"total":1,"location_name":"Suur-Paala","location_id":10}"
2026-09-24 14:56:31,+0300,1,Hipodroom,1,success,"{"total":1,"location_name":"Hipodroom","location_id":1}"
2026-09-24 14:56:31,+0300,3,T1,17,success,"{"total":17,"location_name":"T1 Shopping Mall","location_id":3}"
2026-09-24 14:56:31,+0300,9,Mustika,11,success,"{"total":11,"location_name":"Mustika","location_id":9}"
2026-09-24 14:56:31,+0300,10,Suur-Paala,1,success,"{"total":1,"location_name":"Suur-Paala","location_id":10}"
2026-09-24 14:58:32,+0300,1,Hipodroom,1,success,"{"total":1,"location_name":"Hipodroom","location_id":1}"
2026-09-24 14:58:32,+0300,3,T1,17,success,"{"total":17,"location_name":"T1 Shopping Mall","location_id":3}"
2026-09-24 14:58:32,+0300,9,Mustika,11,success,"{"total":11,"location_name":"Mustika","location_id":9}"
2026-09-24 14:58:32,+0300,10,Suur-Paala,1,success,"{"total":1,"location_name":"Suur-Paala","location_id":10}"
2026-09-24 15:00:33,+0300,1,Hipodroom,1,success,"{"total":1,"location_name":"Hipodroom","location_id":1}"
2026-09-24 15:00:33,+0300,3,T1,17,success,"{"total":17,"location_name":"T1 Shopping Mall","location_id":3}"
2026-09-24 15:00:33,+0300,9,Mustika,13,success,"{"total":13,"location_name":"Mustika","location_id":9}"
2026-09-24 15:00:33,+0300,10,Suur-Paala,1,success,"{"total":1,"location_name":"Suur-Paala","location_id":10}"
2026-09-24 15:02:33,+0300,1,Hipodroom,1,success,"{"total":1,"location_name":"Hipodroom","location_id":1}"
2026-09-24 15:02:33,+0300,3,T1,17,success,"{"total":17,"location_name":"T1 Shopping Mall","location_id":3}"
2026-09-24 15:02:33,+0300,9,Mustika,13,success,"{"total":13,"location_name":"Mustika","location_id":9}"
2026-09-24 15:02:33,+0300,10,Suur-Paala,1,success,"{"total":1,"location_name":"Suur-Paala","location_id":10}"
2026-09-24 15:04:34,+0300,1,Hipodroom,1,success,"{"total":1,"location_name":"Hipodroom","location_id":1}"
2026-09-24 15:04:34,+0300,3,T1,17,success,"{"total":17,"location_name":"T1 Shopping Mall","location_id":3}"
2026-09-24 15:04:34,+0300,9,Mustika,13,success,"{"total":13,"location_name":"Mustika","location_id":9}"
2026-09-24 15:04:34,+0300,10,Suur-Paala,1,success,"{"total":1,"location_name":"Suur-Paala","location_id":10}"
2026-09-24 15:06:35,+0300,1,Hipodroom,1,success,"{"total":1,"location_name":"Hipodroom","location_id":1}"
2026-09-24 15:06:35,+0300,3,T1,17,success,"{"total":17,"location_name":"T1 Shopping Mall","location_id":3}"
2026-09-24 15:06:35,+0300,9,Mustika,13,success,"{"total":13,"location_name":"Mustika","location_id":9}"
2026-09-24 15:06:35,+0300,10,Suur-Paala,1,success,"{"total":1,"location_name":"Suur-Paala","location_id":10}"
2026-09-24 15:08:35,+0300,1,Hipodroom,1,success,"{"total":1,"location_name":"Hipodroom","location_id":1}"
2026-09-24 15:08:35,+0300,3,T1,17,success,"{"total":17,"location_name":"T1 Shopping Mall","location_id":3}"
2026-09-24 15:08:35,+0300,9,Mustika,13,success,"{"total":13,"location_name":"Mustika","location_id":9}"
2026-09-24 15:08:35,+0300,10,Suur-Paala,1,success,"{"total":1,"location_name":"Suur-Paala","location_id":10}"
2026-09-24 15:10:36,+0300,1,Hipodroom,1,success,"{"total":1,"location_name":"Hipodroom","location_id":1}"
2026-09-24 15:10:36,+0300,3,T1,17,success,"{"total":17,"location_name":"T1 Shopping Mall","location_id":3}"
2026-09-24 15:10:36,+0300,9,Mustika,13,success,"{"total":13,"location_name":"Mustika","location_id":9}"
2026-09-24 15:10:36,+0300,10,Suur-Paala,1,success,"{"total":1,"location_name":"Suur-Paala","location_id":10}"
2026-09-24 15:12:36,+0300,1,Hipodroom,1,success,"{"total":1,"location_name":"Hipodroom","location_id":1}"
2026-09-24 15:12:36,+0300,3,T1,18,success,"{"total":18,"location_name":"T1 Shopping Mall","location_id":3}"
2026-09-24 15:12:36,+0300,9,Mustika,14,success,"{"total":14,"location_name":"Mustika","location_id":9}"
2026-09-24 15:12:36,+0300,10,Suur-Paala,1,success,"{"total":1,"location_name":"Suur-Paala","location_id":10}"
2026-09-24 15:14:37,+0300,1,Hipodroom,1,success,"{"total":1,"location_name":"Hipodroom","location_id":1}"
2026-09-24 15:14:37,+0300,3,T1,18,success,"{"total":18,"location_name":"T1 Shopping Mall","location_id":3}"
2026-09-24 15:14:37,+0300,9,Mustika,14,success,"{"total":14,"location_name":"Mustika","location_id":9}"
2026-09-24 15:14:37,+0300,10,Suur-Paala,1,success,"{"total":1,"location_name":"Suur-Paala","location_id":10}"
2026-09-24 15:16:37,+0300,1,Hipodroom,1,success,"{"total":1,"location_name":"Hipodroom","location_id":1}"
2026-09-24 15:16:37,+0300,3,T1,18,success,"{"total":18,"location_name":"T1 Shopping Mall","location_id":3}"
2026-09-24 15:16:37,+0300,9,Mustika,14,success,"{"total":14,"location_name":"Mustika","location_id":9}"
2026-09-24 15:16:37,+0300,10,Suur-Paala,1,success,"{"total":1,"location_name":"Suur-Paala","location_id":10}"
2026-09-24 15:18:38,+0300,1,Hipodroom,1,success,"{"total":1,"location_name":"Hipodroom","location_id":1}"
2026-09-24 15:18:38,+0300,3,T1,18,success,"{"total":18,"location_name":"T1 Shopping Mall","location_id":3}"
2026-09-24 15:18:38,+0300,9,Mustika,14,success,"{"total":14,"location_name":"Mustika","location_id":9}"
2026-09-24 15:18:38,+0300,10,Suur-Paala,1,success,"{"total":1,"location_name":"Suur-Paala","location_id":10}"
2026-09-24 15:20:39,+0300,1,Hipodroom,1,success,"{"total":1,"location_name":"Hipodroom","location_id":1}"
2026-09-24 15:20:39,+0300,3,T1,18,success,"{"total":18,"location_name":"T1 Shopping Mall","location_id":3}"
2026-09-24 15:20:39,+0300,9,Mustika,14,success,"{"total":14,"location_name":"Mustika","location_id":9}"
2026-09-24 15:20:39,+0300,10,Suur-Paala,1,success,"{"total":1,"location_name":"Suur-Paala","location_id":10}"
2026-09-24 15:22:39,+0300,1,Hipodroom,1,success,"{"total":1,"location_name":"Hipodroom","location_id":1}"
2026-09-24 15:22:39,+0300,3,T1,18,success,"{"total":18,"location_name":"T1 Shopping Mall","location_id":3}"
2026-09-24 15:22:39,+0300,9,Mustika,14,success,"{"total":14,"location_name":"Mustika","location_id":9}"
2026-09-24 15:22:39,+0300,10,Suur-Paala,1,success,"{"total":1,"location_name":"Suur-Paala","location_id":10}"
2026-09-24 15:24:40,+0300,1,Hipodroom,1,success,"{"total":1,"location_name":"Hipodroom","location_id":1}"
2026-09-24 15:24:40,+0300,3,T1,19,success,"{"total":19,"location_name":"T1 Shopping Mall","location_id":3}"
2026-09-24 15:24:40,+0300,9,Mustika,14,success,"{"total":14,"location_name":"Mustika","location_id":9}"
2026-09-24 15:24:40,+0300,10,Suur-Paala,1,success,"{"total":1,"location_name":"Suur-Paala","location_id":10}"
2026-09-24 15:26:40,+0300,1,Hipodroom,1,success,"{"total":1,"location_name":"Hipodroom","location_id":1}"
2026-09-24 15:26:40,+0300,3,T1,19,success,"{"total":19,"location_name":"T1 Shopping Mall","location_id":3}"
2026-09-24 15:26:40,+0300,9,Mustika,14,success,"{"total":14,"location_name":"Mustika","location_id":9}"
2026-09-24 15:26:40,+0300,10,Suur-Paala,1,success,"{"total":1,"location_name":"Suur-Paala","location_id":10}"
2026-09-24 15:28:41,+0300,1,Hipodroom,1,success,"{"total":1,"location_name":"Hipodroom","location_id":1}"
2026-09-24 15:28:41,+0300,3,T1,19,success,"{"total":19,"location_name":"T1 Shopping Mall","location_id":3}"
2026-09-24 15:28:41,+0300,9,Mustika,14,success,"{"total":14,"location_name":"Mustika","location_id":9}"
2026-09-24 15:28:41,+0300,10,Suur-Paala,1,success,"{"total":1,"location_name":"Suur-Paala","location_id":10}"
2026-09-24 15:30:41,+0300,1,Hipodroom,1,success,"{"total":1,"location_name":"Hipodroom","location_id":1}"
2026-09-24 15:30:41,+0300,3,T1,19,success,"{"total":19,"location_name":"T1 Shopping Mall","location_id":3}"
2026-09-24 15:30:41,+0300,9,Mustika,14,success,"{"total":14,"location_name":"Mustika","location_id":9}"
2026-09-24 15:30:41,+0300,10,Suur-Paala,1,success,"{"total":1,"location_name":"Suur-Paala","location_id":10}"
2026-09-24 15:32:42,+0300,1,Hipodroom,1,success,"{"total":1,"location_name":"Hipodroom","location_id":1}"
2026-09-24 15:32:42,+0300,3,T1,19,success,"{"total":19,"location_name":"T1 Shopping Mall","location_id":3}"
2026-09-24 15:32:42,+0300,9,Mustika,14,success,"{"total":14,"location_name":"Mustika","location_id":9}"
2026-09-24 15:32:42,+0300,10,Suur-Paala,1,success,"{"total":1,"location_name":"Suur-Paala","location_id":10}"
2026-09-24 15:34:42,+0300,1,Hipodroom,1,success,"{"total":1,"location_name":"Hipodroom","location_id":1}"
2026-09-24 15:34:42,+0300,3,T1,19,success,"{"total":19,"location_name":"T1 Shopping Mall","location_id":3}"
2026-09-24 15:34:42,+0300,9,Mustika,14,success,"{"total":14,"location_name":"Mustika","location_id":9}"
2026-09-24 15:34:42,+0300,10,Suur-Paala,1,success,"{"total":1,"location_name":"Suur-Paala","location_id":10}"
2026-09-24 15:36:43,+0300,1,Hipodroom,1,success,"{"total":1,"location_name":"Hipodroom","location_id":1}"
2026-09-24 15:36:43,+0300,3,T1,20,success,"{"total":20,"location_name":"T1 Shopping Mall","location_id":3}"
2026-09-24 15:36:43,+0300,9,Mustika,14,success,"{"total":14,"location_name":"Mustika","location_id":9}"
2026-09-24 15:36:43,+0300,10,Suur-Paala,1,success,"{"total":1,"location_name":"Suur-Paala","location_id":10}"
2026-09-24 15:38:45,+0300,1,Hipodroom,1,success,"{"total":1,"location_name":"Hipodroom","location_id":1}"
2026-09-24 15:38:45,+0300,3,T1,20,success,"{"total":20,"location_name":"T1 Shopping Mall","location_id":3}"
2026-09-24 15:38:45,+0300,9,Mustika,14,success,"{"total":14,"location_name":"Mustika","location_id":9}"
2026-09-24 15:38:45,+0300,10,Suur-Paala,1,success,"{"total":1,"location_name":"Suur-Paala","location_id":10}"
2026-09-24 15:40:46,+0300,1,Hipodroom,1,success,"{"total":1,"location_name":"Hipodroom","location_id":1}"
2026-09-24 15:40:46,+0300,3,T1,20,success,"{"total":20,"location_name":"T1 Shopping Mall","location_id":3}"
2026-09-24 15:40:46,+0300,9,Mustika,14,success,"{"total":14,"location_name":"Mustika","location_id":9}"
2026-09-24 15:40:46,+0300,10,Suur-Paala,1,success,"{"total":1,"location_name":"Suur-Paala","location_id":10}"
2026-09-24 15:42:46,+0300,1,Hipodroom,1,success,"{"total":1,"location_name":"Hipodroom","location_id":1}"
2026-09-24 15:42:46,+0300,3,T1,21,success,"{"total":21,"location_name":"T1 Shopping Mall","location_id":3}"
2026-09-24 15:42:46,+0300,9,Mustika,14,success,"{"total":14,"location_name":"Mustika","location_id":9}"
2026-09-24 15:42:46,+0300,10,Suur-Paala,1,success,"{"total":1,"location_name":"Suur-Paala","location_id":10}"
2026-09-24 15:44:47,+0300,1,Hipodroom,1,success,"{"total":1,"location_name":"Hipodroom","location_id":1}"
2026-09-24 15:44:47,+0300,3,T1,21,success,"{"total":21,"location_name":"T1 Shopping Mall","location_id":3}"
2026-09-24 15:44:47,+0300,9,Mustika,14,success,"{"total":14,"location_name":"Mustika","location_id":9}"
2026-09-24 15:44:47,+0300,10,Suur-Paala,1,success,"{"total":1,"location_name":"Suur-Paala","location_id":10}"
2026-09-24 15:46:47,+0300,1,Hipodroom,1,success,"{"total":1,"location_name":"Hipodroom","location_id":1}"
2026-09-24 15:46:47,+0300,3,T1,21,success,"{"total":21,"location_name":"T1 Shopping Mall","location_id":3}"
2026-09-24 15:46:47,+0300,9,Mustika,14,success,"{"total":14,"location_name":"Mustika","location_id":9}"
2026-09-24 15:46:47,+0300,10,Suur-Paala,1,success,"{"total":1,"location_name":"Suur-Paala","location_id":10}"
2026-09-24 15:48:48,+0300,1,Hipodroom,1,success,"{"total":1,"location_name":"Hipodroom","location_id":1}"
2026-09-24 15:48:48,+0300,3,T1,21,success,"{"total":21,"location_name":"T1 Shopping Mall","location_id":3}"
2026-09-24 15:48:48,+0300,9,Mustika,13,success,"{"total":13,"location_name":"Mustika","location_id":9}"
2026-09-24 15:48:48,+0300,10,Suur-Paala,1,success,"{"total":1,"location_name":"Suur-Paala","location_id":10}"
2026-09-24 15:50:49,+0300,1,Hipodroom,1,success,"{"total":1,"location_name":"Hipodroom","location_id":1}"
2026-09-24 15:50:49,+0300,3,T1,21,success,"{"total":21,"location_name":"T1 Shopping Mall","location_id":3}"
2026-09-24 15:50:49,+0300,9,Mustika,13,success,"{"total":13,"location_name":"Mustika","location_id":9}"
2026-09-24 15:50:49,+0300,10,Suur-Paala,1,success,"{"total":1,"location_name":"Suur-Paala","location_id":10}"
2026-09-24 15:52:49,+0300,1,Hipodroom,1,success,"{"total":1,"location_name":"Hipodroom","location_id":1}"
2026-09-24 15:52:49,+0300,3,T1,21,success,"{"total":21,"location_name":"T1 Shopping Mall","location_id":3}"
2026-09-24 15:52:49,+0300,9,Mustika,13,success,"{"total":13,"location_name":"Mustika","location_id":9}"
2026-09-24 15:52:49,+0300,10,Suur-Paala,1,success,"{"total":1,"location_name":"Suur-Paala","location_id":10}"
2026-09-24 15:54:50,+0300,1,Hipodroom,0,success,"{"total":0,"location_name":"Hipodroom","location_id":1}"
2026-09-24 15:54:50,+0300,3,T1,24,success,"{"total":24,"location_name":"T1 Shopping Mall","location_id":3}"
2026-09-24 15:54:50,+0300,9,Mustika,14,success,"{"total":14,"location_name":"Mustika","location_id":9}"
2026-09-24 15:54:50,+0300,10,Suur-Paala,1,success,"{"total":1,"location_name":"Suur-Paala","location_id":10}"
2026-09-24 15:56:51,+0300,1,Hipodroom,0,success,"{"total":0,"location_name":"Hipodroom","location_id":1}"
2026-09-24 15:56:51,+0300,3,T1,24,success,"{"total":24,"location_name":"T1 Shopping Mall","location_id":3}"
2026-09-24 15:56:51,+0300,9,Mustika,14,success,"{"total":14,"location_name":"Mustika","location_id":9}"
2026-09-24 15:56:51,+0300,10,Suur-Paala,1,success,"{"total":1,"location_name":"Suur-Paala","location_id":10}"
2026-09-24 15:58:51,+0300,1,Hipodroom,0,success,"{"total":0,"location_name":"Hipodroom","location_id":1}"
2026-09-24 15:58:51,+0300,3,T1,24,success,"{"total":24,"location_name":"T1 Shopping Mall","location_id":3}"
2026-09-24 15:58:51,+0300,9,Mustika,14,success,"{"total":14,"location_name":"Mustika","location_id":9}"
2026-09-24 15:58:51,+0300,10,Suur-Paala,3,success,"{"total":3,"location_name":"Suur-Paala","location_id":10}"
2026-09-24 16:00:52,+0300,1,Hipodroom,0,success,"{"total":0,"location_name":"Hipodroom","location_id":1}"
2026-09-24 16:00:52,+0300,3,T1,26,success,"{"total":26,"location_name":"T1 Shopping Mall","location_id":3}"
2026-09-24 16:00:52,+0300,9,Mustika,15,success,"{"total":15,"location_name":"Mustika","location_id":9}"
2026-09-24 16:00:52,+0300,10,Suur-Paala,3,success,"{"total":3,"location_name":"Suur-Paala","location_id":10}"
2026-09-24 16:02:52,+0300,1,Hipodroom,0,success,"{"total":0,"location_name":"Hipodroom","location_id":1}"
2026-09-24 16:02:52,+0300,3,T1,26,success,"{"total":26,"location_name":"T1 Shopping Mall","location_id":3}"
2026-09-24 16:02:52,+0300,9,Mustika,15,success,"{"total":15,"location_name":"Mustika","location_id":9}"
2026-09-24 16:02:52,+0300,10,Suur-Paala,3,success,"{"total":3,"location_name":"Suur-Paala","location_id":10}"
2026-09-24 16:04:53,+0300,1,Hipodroom,0,success,"{"total":0,"location_name":"Hipodroom","location_id":1}"
2026-09-24 16:04:53,+0300,3,T1,26,success,"{"total":26,"location_name":"T1 Shopping Mall","location_id":3}"
2026-09-24 16:04:53,+0300,9,Mustika,15,success,"{"total":15,"location_name":"Mustika","location_id":9}"
2026-09-24 16:04:53,+0300,10,Suur-Paala,3,success,"{"total":3,"location_name":"Suur-Paala","location_id":10}"
2026-09-24 16:06:54,+0300,1,Hipodroom,0,success,"{"total":0,"location_name":"Hipodroom","location_id":1}"
2026-09-24 16:06:54,+0300,3,T1,26,success,"{"total":26,"location_name":"T1 Shopping Mall","location_id":3}"
2026-09-24 16:06:54,+0300,9,Mustika,17,success,"{"total":17,"location_name":"Mustika","location_id":9}"
2026-09-24 16:06:54,+0300,10,Suur-Paala,3,success,"{"total":3,"location_name":"Suur-Paala","location_id":10}"
2026-09-24 16:08:54,+0300,1,Hipodroom,0,success,"{"total":0,"location_name":"Hipodroom","location_id":1}"
2026-09-24 16:08:54,+0300,3,T1,26,success,"{"total":26,"location_name":"T1 Shopping Mall","location_id":3}"
2026-09-24 16:08:54,+0300,9,Mustika,17,success,"{"total":17,"location_name":"Mustika","location_id":9}"
2026-09-24 16:08:54,+0300,10,Suur-Paala,3,success,"{"total":3,"location_name":"Suur-Paala","location_id":10}"
2026-09-24 16:10:55,+0300,1,Hipodroom,0,success,"{"total":0,"location_name":"Hipodroom","location_id":1}"
2026-09-24 16:10:55,+0300,3,T1,26,success,"{"total":26,"location_name":"T1 Shopping Mall","location_id":3}"
2026-09-24 16:10:55,+0300,9,Mustika,17,success,"{"total":17,"location_name":"Mustika","location_id":9}"
2026-09-24 16:10:55,+0300,10,Suur-Paala,3,success,"{"total":3,"location_name":"Suur-Paala","location_id":10}"
2026-09-24 16:12:55,+0300,1,Hipodroom,0,success,"{"total":0,"location_name":"Hipodroom","location_id":1}"
2026-09-24 16:12:55,+0300,3,T1,27,success,"{"total":27,"location_name":"T1 Shopping Mall","location_id":3}"
2026-09-24 16:12:55,+0300,9,Mustika,18,success,"{"total":18,"location_name":"Mustika","location_id":9}"
2026-09-24 16:12:55,+0300,10,Suur-Paala,3,success,"{"total":3,"location_name":"Suur-Paala","location_id":10}"
2026-09-24 16:14:56,+0300,1,Hipodroom,0,success,"{"total":0,"location_name":"Hipodroom","location_id":1}"
2026-09-24 16:14:56,+0300,3,T1,27,success,"{"total":27,"location_name":"T1 Shopping Mall","location_id":3}"
2026-09-24 16:14:56,+0300,9,Mustika,18,success,"{"total":18,"location_name":"Mustika","location_id":9}"
2026-09-24 16:14:56,+0300,10,Suur-Paala,3,success,"{"total":3,"location_name":"Suur-Paala","location_id":10}"
2026-09-24 16:16:56,+0300,1,Hipodroom,0,success,"{"total":0,"location_name":"Hipodroom","location_id":1}"
2026-09-24 16:16:56,+0300,3,T1,27,success,"{"total":27,"location_name":"T1 Shopping Mall","location_id":3}"
2026-09-24 16:16:56,+0300,9,Mustika,18,success,"{"total":18,"location_name":"Mustika","location_id":9}"
2026-09-24 16:16:56,+0300,10,Suur-Paala,3,success,"{"total":3,"location_name":"Suur-Paala","location_id":10}"
2026-09-24 16:18:57,+0300,1,Hipodroom,0,success,"{"total":0,"location_name":"Hipodroom","location_id":1}"
2026-09-24 16:18:57,+0300,3,T1,29,success,"{"total":29,"location_name":"T1 Shopping Mall","location_id":3}"
2026-09-24 16:18:57,+0300,9,Mustika,20,success,"{"total":20,"location_name":"Mustika","location_id":9}"
2026-09-24 16:18:57,+0300,10,Suur-Paala,3,success,"{"total":3,"location_name":"Suur-Paala","location_id":10}"
2026-09-24 16:20:57,+0300,1,Hipodroom,0,success,"{"total":0,"location_name":"Hipodroom","location_id":1}"
2026-09-24 16:20:57,+0300,3,T1,29,success,"{"total":29,"location_name":"T1 Shopping Mall","location_id":3}"
2026-09-24 16:20:57,+0300,9,Mustika,20,success,"{"total":20,"location_name":"Mustika","location_id":9}"
2026-09-24 16:20:57,+0300,10,Suur-Paala,3,success,"{"total":3,"location_name":"Suur-Paala","location_id":10}"
2026-09-24 16:22:58,+0300,1,Hipodroom,0,success,"{"total":0,"location_name":"Hipodroom","location_id":1}"
2026-09-24 16:22:58,+0300,3,T1,29,success,"{"total":29,"location_name":"T1 Shopping Mall","location_id":3}"
2026-09-24 16:22:58,+0300,9,Mustika,20,success,"{"total":20,"location_name":"Mustika","location_id":9}"
2026-09-24 16:22:58,+0300,10,Suur-Paala,3,success,"{"total":3,"location_name":"Suur-Paala","location_id":10}"
2026-09-24 16:24:59,+0300,1,Hipodroom,0,success,"{"total":0,"location_name":"Hipodroom","location_id":1}"
2026-09-24 16:24:59,+0300,3,T1,28,success,"{"total":28,"location_name":"T1 Shopping Mall","location_id":3}"
2026-09-24 16:24:59,+0300,9,Mustika,23,success,"{"total":23,"location_name":"Mustika","location_id":9}"
2026-09-24 16:24:59,+0300,10,Suur-Paala,3,success,"{"total":3,"location_name":"Suur-Paala","location_id":10}"
2026-09-24 16:26:59,+0300,1,Hipodroom,0,success,"{"total":0,"location_name":"Hipodroom","location_id":1}"
2026-09-24 16:26:59,+0300,3,T1,28,success,"{"total":28,"location_name":"T1 Shopping Mall","location_id":3}"
2026-09-24 16:26:59,+0300,9,Mustika,23,success,"{"total":23,"location_name":"Mustika","location_id":9}"
2026-09-24 16:26:59,+0300,10,Suur-Paala,3,success,"{"total":3,"location_name":"Suur-Paala","location_id":10}"
2026-09-24 16:29:00,+0300,1,Hipodroom,0,success,"{"total":0,"location_name":"Hipodroom","location_id":1}"
2026-09-24 16:29:00,+0300,3,T1,28,success,"{"total":28,"location_name":"T1 Shopping Mall","location_id":3}"
2026-09-24 16:29:00,+0300,9,Mustika,23,success,"{"total":23,"location_name":"Mustika","location_id":9}"
2026-09-24 16:29:00,+0300,10,Suur-Paala,4,success,"{"total":4,"location_name":"Suur-Paala","location_id":10}"
2026-09-24 16:31:00,+0300,1,Hipodroom,0,success,"{"total":0,"location_name":"Hipodroom","location_id":1}"
2026-09-24 16:31:00,+0300,3,T1,28,success,"{"total":28,"location_name":"T1 Shopping Mall","location_id":3}"
2026-09-24 16:31:00,+0300,9,Mustika,25,success,"{"total":25,"location_name":"Mustika","location_id":9}"
2026-09-24 16:31:00,+0300,10,Suur-Paala,4,success,"{"total":4,"location_name":"Suur-Paala","location_id":10}"
2026-09-24 16:33:01,+0300,1,Hipodroom,0,success,"{"total":0,"location_name":"Hipodroom","location_id":1}"
2026-09-24 16:33:01,+0300,3,T1,28,success,"{"total":28,"location_name":"T1 Shopping Mall","location_id":3}"
2026-09-24 16:33:01,+0300,9,Mustika,25,success,"{"total":25,"location_name":"Mustika","location_id":9}"
2026-09-24 16:33:01,+0300,10,Suur-Paala,4,success,"{"total":4,"location_name":"Suur-Paala","location_id":10}"
2026-09-24 16:35:02,+0300,1,Hipodroom,0,success,"{"total":0,"location_name":"Hipodroom","location_id":1}"
2026-09-24 16:35:02,+0300,3,T1,28,success,"{"total":28,"location_name":"T1 Shopping Mall","location_id":3}"
2026-09-24 16:35:02,+0300,9,Mustika,25,success,"{"total":25,"location_name":"Mustika","location_id":9}"
2026-09-24 16:35:02,+0300,10,Suur-Paala,4,success,"{"total":4,"location_name":"Suur-Paala","location_id":10}"
2026-09-24 16:37:02,+0300,1,Hipodroom,0,success,"{"total":0,"location_name":"Hipodroom","location_id":1}"
2026-09-24 16:37:02,+0300,3,T1,28,success,"{"total":28,"location_name":"T1 Shopping Mall","location_id":3}"
2026-09-24 16:37:02,+0300,9,Mustika,23,success,"{"total":23,"location_name":"Mustika","location_id":9}"
2026-09-24 16:37:02,+0300,10,Suur-Paala,4,success,"{"total":4,"location_name":"Suur-Paala","location_id":10}"
2026-09-24 16:39:03,+0300,1,Hipodroom,0,success,"{"total":0,"location_name":"Hipodroom","location_id":1}"
2026-09-24 16:39:03,+0300,3,T1,28,success,"{"total":28,"location_name":"T1 Shopping Mall","location_id":3}"
2026-09-24 16:39:03,+0300,9,Mustika,23,success,"{"total":23,"location_name":"Mustika","location_id":9}"
2026-09-24 16:39:03,+0300,10,Suur-Paala,4,success,"{"total":4,"location_name":"Suur-Paala","location_id":10}"
2026-09-24 16:41:03,+0300,1,Hipodroom,0,success,"{"total":0,"location_name":"Hipodroom","location_id":1}"
2026-09-24 16:41:03,+0300,3,T1,28,success,"{"total":28,"location_name":"T1 Shopping Mall","location_id":3}"
2026-09-24 16:41:03,+0300,9,Mustika,23,success,"{"total":23,"location_name":"Mustika","location_id":9}"
2026-09-24 16:41:03,+0300,10,Suur-Paala,7,success,"{"total":7,"location_name":"Suur-Paala","location_id":10}"
2026-09-24 16:43:04,+0300,1,Hipodroom,0,success,"{"total":0,"location_name":"Hipodroom","location_id":1}"
2026-09-24 16:43:04,+0300,3,T1,29,success,"{"total":29,"location_name":"T1 Shopping Mall","location_id":3}"
2026-09-24 16:43:04,+0300,9,Mustika,22,success,"{"total":22,"location_name":"Mustika","location_id":9}"
2026-09-24 16:43:04,+0300,10,Suur-Paala,7,success,"{"total":7,"location_name":"Suur-Paala","location_id":10}"
2026-09-24 16:45:04,+0300,1,Hipodroom,0,success,"{"total":0,"location_name":"Hipodroom","location_id":1}"
2026-09-24 16:45:04,+0300,3,T1,29,success,"{"total":29,"location_name":"T1 Shopping Mall","location_id":3}"
2026-09-24 16:45:04,+0300,9,Mustika,22,success,"{"total":22,"location_name":"Mustika","location_id":9}"
2026-09-24 16:45:04,+0300,10,Suur-Paala,7,success,"{"total":7,"location_name":"Suur-Paala","location_id":10}"
2026-09-24 16:47:05,+0300,1,Hipodroom,0,success,"{"total":0,"location_name":"Hipodroom","location_id":1}"
2026-09-24 16:47:05,+0300,3,T1,29,success,"{"total":29,"location_name":"T1 Shopping Mall","location_id":3}"
2026-09-24 16:47:05,+0300,9,Mustika,22,success,"{"total":22,"location_name":"Mustika","location_id":9}"
2026-09-24 16:47:05,+0300,10,Suur-Paala,8,success,"{"total":8,"location_name":"Suur-Paala","location_id":10}"
2026-09-24 16:49:06,+0300,1,Hipodroom,0,success,"{"total":0,"location_name":"Hipodroom","location_id":1}"
2026-09-24 16:49:06,+0300,3,T1,33,success,"{"total":33,"location_name":"T1 Shopping Mall","location_id":3}"
2026-09-24 16:49:06,+0300,9,Mustika,22,success,"{"total":22,"location_name":"Mustika","location_id":9}"
2026-09-24 16:49:06,+0300,10,Suur-Paala,8,success,"{"total":8,"location_name":"Suur-Paala","location_id":10}"
2026-09-24 16:51:06,+0300,1,Hipodroom,0,success,"{"total":0,"location_name":"Hipodroom","location_id":1}"
2026-09-24 16:51:06,+0300,3,T1,33,success,"{"total":33,"location_name":"T1 Shopping Mall","location_id":3}"
2026-09-24 16:51:06,+0300,9,Mustika,22,success,"{"total":22,"location_name":"Mustika","location_id":9}"
2026-09-24 16:51:06,+0300,10,Suur-Paala,8,success,"{"total":8,"location_name":"Suur-Paala","location_id":10}"
2026-09-24 16:53:07,+0300,1,Hipodroom,0,success,"{"total":0,"location_name":"Hipodroom","location_id":1}"
2026-09-24 16:53:07,+0300,3,T1,33,success,"{"total":33,"location_name":"T1 Shopping Mall","location_id":3}"
2026-09-24 16:53:07,+0300,9,Mustika,22,success,"{"total":22,"location_name":"Mustika","location_id":9}"
2026-09-24 16:53:07,+0300,10,Suur-Paala,8,success,"{"total":8,"location_name":"Suur-Paala","location_id":10}"
2026-09-24 16:55:07,+0300,1,Hipodroom,0,success,"{"total":0,"location_name":"Hipodroom","location_id":1}"
2026-09-24 16:55:07,+0300,3,T1,37,success,"{"total":37,"location_name":"T1 Shopping Mall","location_id":3}"
2026-09-24 16:55:07,+0300,9,Mustika,22,success,"{"total":22,"location_name":"Mustika","location_id":9}"
2026-09-24 16:55:07,+0300,10,Suur-Paala,8,success,"{"total":8,"location_name":"Suur-Paala","location_id":10}"
2026-09-24 16:57:08,+0300,1,Hipodroom,0,success,"{"total":0,"location_name":"Hipodroom","location_id":1}"
2026-09-24 16:57:08,+0300,3,T1,37,success,"{"total":37,"location_name":"T1 Shopping Mall","location_id":3}"
2026-09-24 16:57:08,+0300,9,Mustika,22,success,"{"total":22,"location_name":"Mustika","location_id":9}"
2026-09-24 16:57:08,+0300,10,Suur-Paala,8,success,"{"total":8,"location_name":"Suur-Paala","location_id":10}"
2026-09-24 16:59:09,+0300,1,Hipodroom,0,success,"{"total":0,"location_name":"Hipodroom","location_id":1}"
2026-09-24 16:59:09,+0300,3,T1,37,success,"{"total":37,"location_name":"T1 Shopping Mall","location_id":3}"
2026-09-24 16:59:09,+0300,9,Mustika,22,success,"{"total":22,"location_name":"Mustika","location_id":9}"
2026-09-24 16:59:09,+0300,10,Suur-Paala,10,success,"{"total":10,"location_name":"Suur-Paala","location_id":10}"
2026-09-24 17:01:09,+0300,1,Hipodroom,0,success,"{"total":0,"location_name":"Hipodroom","location_id":1}"
2026-09-24 17:01:09,+0300,3,T1,40,success,"{"total":40,"location_name":"T1 Shopping Mall","location_id":3}"
2026-09-24 17:01:09,+0300,9,Mustika,22,success,"{"total":22,"location_name":"Mustika","location_id":9}"
2026-09-24 17:01:09,+0300,10,Suur-Paala,10,success,"{"total":10,"location_name":"Suur-Paala","location_id":10}"
2026-09-24 17:03:10,+0300,1,Hipodroom,0,success,"{"total":0,"location_name":"Hipodroom","location_id":1}"
2026-09-24 17:03:10,+0300,3,T1,40,success,"{"total":40,"location_name":"T1 Shopping Mall","location_id":3}"
2026-09-24 17:03:10,+0300,9,Mustika,22,success,"{"total":22,"location_name":"Mustika","location_id":9}"
2026-09-24 17:03:10,+0300,10,Suur-Paala,10,success,"{"total":10,"location_name":"Suur-Paala","location_id":10}"
2026-09-24 17:05:10,+0300,1,Hipodroom,0,success,"{"total":0,"location_name":"Hipodroom","location_id":1}"
2026-09-24 17:05:10,+0300,3,T1,40,success,"{"total":40,"location_name":"T1 Shopping Mall","location_id":3}"
2026-09-24 17:05:10,+0300,9,Mustika,22,success,"{"total":22,"location_name":"Mustika","location_id":9}"
2026-09-24 17:05:10,+0300,10,Suur-Paala,10,success,"{"total":10,"location_name":"Suur-Paala","location_id":10}"
2026-09-24 17:07:11,+0300,1,Hipodroom,0,success,"{"total":0,"location_name":"Hipodroom","location_id":1}"
2026-09-24 17:07:11,+0300,3,T1,43,success,"{"total":43,"location_name":"T1 Shopping Mall","location_id":3}"
2026-09-24 17:07:11,+0300,9,Mustika,24,success,"{"total":24,"location_name":"Mustika","location_id":9}"
2026-09-24 17:07:11,+0300,10,Suur-Paala,10,success,"{"total":10,"location_name":"Suur-Paala","location_id":10}"
2026-09-24 17:09:12,+0300,1,Hipodroom,0,success,"{"total":0,"location_name":"Hipodroom","location_id":1}"
2026-09-24 17:09:12,+0300,3,T1,43,success,"{"total":43,"location_name":"T1 Shopping Mall","location_id":3}"
2026-09-24 17:09:12,+0300,9,Mustika,24,success,"{"total":24,"location_name":"Mustika","location_id":9}"
2026-09-24 17:09:12,+0300,10,Suur-Paala,10,success,"{"total":10,"location_name":"Suur-Paala","location_id":10}"
2026-09-24 17:11:12,+0300,1,Hipodroom,0,success,"{"total":0,"location_name":"Hipodroom","location_id":1}"
2026-09-24 17:11:12,+0300,3,T1,43,success,"{"total":43,"location_name":"T1 Shopping Mall","location_id":3}"
2026-09-24 17:11:12,+0300,9,Mustika,24,success,"{"total":24,"location_name":"Mustika","location_id":9}"
2026-09-24 17:11:12,+0300,10,Suur-Paala,10,success,"{"total":10,"location_name":"Suur-Paala","location_id":10}"
2026-09-24 17:13:13,+0300,1,Hipodroom,0,success,"{"total":0,"location_name":"Hipodroom","location_id":1}"
2026-09-24 17:13:13,+0300,3,T1,43,success,"{"total":43,"location_name":"T1 Shopping Mall","location_id":3}"
2026-09-24 17:13:13,+0300,9,Mustika,26,success,"{"total":26,"location_name":"Mustika","location_id":9}"
2026-09-24 17:13:13,+0300,10,Suur-Paala,10,success,"{"total":10,"location_name":"Suur-Paala","location_id":10}"
2026-09-24 17:15:13,+0300,1,Hipodroom,0,success,"{"total":0,"location_name":"Hipodroom","location_id":1}"
2026-09-24 17:15:13,+0300,3,T1,43,success,"{"total":43,"location_name":"T1 Shopping Mall","location_id":3}"
2026-09-24 17:15:13,+0300,9,Mustika,26,success,"{"total":26,"location_name":"Mustika","location_id":9}"
2026-09-24 17:15:13,+0300,10,Suur-Paala,10,success,"{"total":10,"location_name":"Suur-Paala","location_id":10}"
2026-09-24 17:17:14,+0300,1,Hipodroom,0,success,"{"total":0,"location_name":"Hipodroom","location_id":1}"
2026-09-24 17:17:14,+0300,3,T1,43,success,"{"total":43,"location_name":"T1 Shopping Mall","location_id":3}"
2026-09-24 17:17:14,+0300,9,Mustika,26,success,"{"total":26,"location_name":"Mustika","location_id":9}"
2026-09-24 17:17:14,+0300,10,Suur-Paala,10,success,"{"total":10,"location_name":"Suur-Paala","location_id":10}"
2026-09-24 17:19:15,+0300,1,Hipodroom,0,success,"{"total":0,"location_name":"Hipodroom","location_id":1}"
2026-09-24 17:19:15,+0300,3,T1,43,success,"{"total":43,"location_name":"T1 Shopping Mall","location_id":3}"
2026-09-24 17:19:15,+0300,9,Mustika,25,success,"{"total":25,"location_name":"Mustika","location_id":9}"
2026-09-24 17:19:15,+0300,10,Suur-Paala,10,success,"{"total":10,"location_name":"Suur-Paala","location_id":10}"
2026-09-24 17:21:15,+0300,1,Hipodroom,0,success,"{"total":0,"location_name":"Hipodroom","location_id":1}"
2026-09-24 17:21:15,+0300,3,T1,43,success,"{"total":43,"location_name":"T1 Shopping Mall","location_id":3}"
2026-09-24 17:21:15,+0300,9,Mustika,25,success,"{"total":25,"location_name":"Mustika","location_id":9}"
2026-09-24 17:21:15,+0300,10,Suur-Paala,10,success,"{"total":10,"location_name":"Suur-Paala","location_id":10}"
2026-09-24 17:23:16,+0300,1,Hipodroom,0,success,"{"total":0,"location_name":"Hipodroom","location_id":1}"
2026-09-24 17:23:16,+0300,3,T1,43,success,"{"total":43,"location_name":"T1 Shopping Mall","location_id":3}"
2026-09-24 17:23:16,+0300,9,Mustika,25,success,"{"total":25,"location_name":"Mustika","location_id":9}"
2026-09-24 17:23:16,+0300,10,Suur-Paala,10,success,"{"total":10,"location_name":"Suur-Paala","location_id":10}"
2026-09-24 17:25:17,+0300,1,Hipodroom,0,success,"{"total":0,"location_name":"Hipodroom","location_id":1}"
2026-09-24 17:25:17,+0300,3,T1,39,success,"{"total":39,"location_name":"T1 Shopping Mall","location_id":3}"
2026-09-24 17:25:17,+0300,9,Mustika,29,success,"{"total":29,"location_name":"Mustika","location_id":9}"
2026-09-24 17:25:17,+0300,10,Suur-Paala,10,success,"{"total":10,"location_name":"Suur-Paala","location_id":10}"
2026-09-24 17:27:17,+0300,1,Hipodroom,0,success,"{"total":0,"location_name":"Hipodroom","location_id":1}"
2026-09-24 17:27:17,+0300,3,T1,39,success,"{"total":39,"location_name":"T1 Shopping Mall","location_id":3}"
2026-09-24 17:27:17,+0300,9,Mustika,29,success,"{"total":29,"location_name":"Mustika","location_id":9}"
2026-09-24 17:27:17,+0300,10,Suur-Paala,10,success,"{"total":10,"location_name":"Suur-Paala","location_id":10}"
2026-09-24 17:29:18,+0300,1,Hipodroom,0,success,"{"total":0,"location_name":"Hipodroom","location_id":1}"
2026-09-24 17:29:18,+0300,3,T1,39,success,"{"total":39,"location_name":"T1 Shopping Mall","location_id":3}"
2026-09-24 17:29:18,+0300,9,Mustika,29,success,"{"total":29,"location_name":"Mustika","location_id":9}"
2026-09-24 17:29:18,+0300,10,Suur-Paala,11,success,"{"total":11,"location_name":"Suur-Paala","location_id":10}"
2026-09-24 17:31:18,+0300,1,Hipodroom,0,success,"{"total":0,"location_name":"Hipodroom","location_id":1}"
2026-09-24 17:31:18,+0300,3,T1,42,success,"{"total":42,"location_name":"T1 Shopping Mall","location_id":3}"
2026-09-24 17:31:18,+0300,9,Mustika,30,success,"{"total":30,"location_name":"Mustika","location_id":9}"
2026-09-24 17:31:18,+0300,10,Suur-Paala,11,success,"{"total":11,"location_name":"Suur-Paala","location_id":10}"
2026-09-24 17:33:19,+0300,1,Hipodroom,0,success,"{"total":0,"location_name":"Hipodroom","location_id":1}"
2026-09-24 17:33:19,+0300,3,T1,42,success,"{"total":42,"location_name":"T1 Shopping Mall","location_id":3}"
2026-09-24 17:33:19,+0300,9,Mustika,30,success,"{"total":30,"location_name":"Mustika","location_id":9}"
2026-09-24 17:33:19,+0300,10,Suur-Paala,11,success,"{"total":11,"location_name":"Suur-Paala","location_id":10}"
2026-09-24 17:35:19,+0300,1,Hipodroom,0,success,"{"total":0,"location_name":"Hipodroom","location_id":1}"
2026-09-24 17:35:19,+0300,3,T1,42,success,"{"total":42,"location_name":"T1 Shopping Mall","location_id":3}"
2026-09-24 17:35:19,+0300,9,Mustika,30,success,"{"total":30,"location_name":"Mustika","location_id":9}"
2026-09-24 17:35:19,+0300,10,Suur-Paala,11,success,"{"total":11,"location_name":"Suur-Paala","location_id":10}"
2026-09-24 17:37:20,+0300,1,Hipodroom,0,success,"{"total":0,"location_name":"Hipodroom","location_id":1}"
2026-09-24 17:37:20,+0300,3,T1,46,success,"{"total":46,"location_name":"T1 Shopping Mall","location_id":3}"
2026-09-24 17:37:20,+0300,9,Mustika,33,success,"{"total":33,"location_name":"Mustika","location_id":9}"
2026-09-24 17:37:20,+0300,10,Suur-Paala,11,success,"{"total":11,"location_name":"Suur-Paala","location_id":10}"
2026-09-24 17:39:21,+0300,1,Hipodroom,0,success,"{"total":0,"location_name":"Hipodroom","location_id":1}"
2026-09-24 17:39:21,+0300,3,T1,46,success,"{"total":46,"location_name":"T1 Shopping Mall","location_id":3}"
2026-09-24 17:39:21,+0300,9,Mustika,33,success,"{"total":33,"location_name":"Mustika","location_id":9}"
2026-09-24 17:39:21,+0300,10,Suur-Paala,11,success,"{"total":11,"location_name":"Suur-Paala","location_id":10}"
2026-09-24 17:41:21,+0300,1,Hipodroom,0,success,"{"total":0,"location_name":"Hipodroom","location_id":1}"
2026-09-24 17:41:21,+0300,3,T1,46,success,"{"total":46,"location_name":"T1 Shopping Mall","location_id":3}"
2026-09-24 17:41:21,+0300,9,Mustika,33,success,"{"total":33,"location_name":"Mustika","location_id":9}"
2026-09-24 17:41:21,+0300,10,Suur-Paala,11,success,"{"total":11,"location_name":"Suur-Paala","location_id":10}"
2026-09-24 17:43:22,+0300,1,Hipodroom,0,success,"{"total":0,"location_name":"Hipodroom","location_id":1}"
2026-09-24 17:43:22,+0300,3,T1,47,success,"{"total":47,"location_name":"T1 Shopping Mall","location_id":3}"
2026-09-24 17:43:22,+0300,9,Mustika,36,success,"{"total":36,"location_name":"Mustika","location_id":9}"
2026-09-24 17:43:22,+0300,10,Suur-Paala,11,success,"{"total":11,"location_name":"Suur-Paala","location_id":10}"
2026-09-24 17:45:22,+0300,1,Hipodroom,0,success,"{"total":0,"location_name":"Hipodroom","location_id":1}"
2026-09-24 17:45:22,+0300,3,T1,47,success,"{"total":47,"location_name":"T1 Shopping Mall","location_id":3}"
2026-09-24 17:45:22,+0300,9,Mustika,36,success,"{"total":36,"location_name":"Mustika","location_id":9}"
2026-09-24 17:45:22,+0300,10,Suur-Paala,11,success,"{"total":11,"location_name":"Suur-Paala","location_id":10}"
2026-09-24 17:47:23,+0300,1,Hipodroom,0,success,"{"total":0,"location_name":"Hipodroom","location_id":1}"
2026-09-24 17:47:23,+0300,3,T1,47,success,"{"total":47,"location_name":"T1 Shopping Mall","location_id":3}"
2026-09-24 17:47:23,+0300,9,Mustika,36,success,"{"total":36,"location_name":"Mustika","location_id":9}"
2026-09-24 17:47:23,+0300,10,Suur-Paala,13,success,"{"total":13,"location_name":"Suur-Paala","location_id":10}"
2026-09-24 17:49:23,+0300,1,Hipodroom,0,success,"{"total":0,"location_name":"Hipodroom","location_id":1}"
2026-09-24 17:49:23,+0300,3,T1,50,success,"{"total":50,"location_name":"T1 Shopping Mall","location_id":3}"
2026-09-24 17:49:23,+0300,9,Mustika,38,success,"{"total":38,"location_name":"Mustika","location_id":9}"
2026-09-24 17:49:23,+0300,10,Suur-Paala,13,success,"{"total":13,"location_name":"Suur-Paala","location_id":10}"
2026-09-24 17:51:24,+0300,1,Hipodroom,0,success,"{"total":0,"location_name":"Hipodroom","location_id":1}"
2026-09-24 17:51:24,+0300,3,T1,50,success,"{"total":50,"location_name":"T1 Shopping Mall","location_id":3}"
2026-09-24 17:51:24,+0300,9,Mustika,38,success,"{"total":38,"location_name":"Mustika","location_id":9}"
2026-09-24 17:51:24,+0300,10,Suur-Paala,13,success,"{"total":13,"location_name":"Suur-Paala","location_id":10}"
2026-09-24 17:53:24,+0300,1,Hipodroom,0,success,"{"total":0,"location_name":"Hipodroom","location_id":1}"
2026-09-24 17:53:24,+0300,3,T1,50,success,"{"total":50,"location_name":"T1 Shopping Mall","location_id":3}"
2026-09-24 17:53:24,+0300,9,Mustika,38,success,"{"total":38,"location_name":"Mustika","location_id":9}"
2026-09-24 17:53:24,+0300,10,Suur-Paala,16,success,"{"total":16,"location_name":"Suur-Paala","location_id":10}"
2026-09-24 17:55:25,+0300,1,Hipodroom,0,success,"{"total":0,"location_name":"Hipodroom","location_id":1}"
2026-09-24 17:55:25,+0300,3,T1,53,success,"{"total":53,"location_name":"T1 Shopping Mall","location_id":3}"
2026-09-24 17:55:25,+0300,9,Mustika,39,success,"{"total":39,"location_name":"Mustika","location_id":9}"
2026-09-24 17:55:25,+0300,10,Suur-Paala,16,success,"{"total":16,"location_name":"Suur-Paala","location_id":10}"
2026-09-24 17:57:25,+0300,1,Hipodroom,0,success,"{"total":0,"location_name":"Hipodroom","location_id":1}"
2026-09-24 17:57:25,+0300,3,T1,53,success,"{"total":53,"location_name":"T1 Shopping Mall","location_id":3}"
2026-09-24 17:57:25,+0300,9,Mustika,39,success,"{"total":39,"location_name":"Mustika","location_id":9}"
2026-09-24 17:57:25,+0300,10,Suur-Paala,16,success,"{"total":16,"location_name":"Suur-Paala","location_id":10}"
2026-09-24 17:59:26,+0300,1,Hipodroom,0,success,"{"total":0,"location_name":"Hipodroom","location_id":1}"
2026-09-24 17:59:26,+0300,3,T1,53,success,"{"total":53,"location_name":"T1 Shopping Mall","location_id":3}"
2026-09-24 17:59:26,+0300,9,Mustika,39,success,"{"total":39,"location_name":"Mustika","location_id":9}"
2026-09-24 17:59:26,+0300,10,Suur-Paala,16,success,"{"total":16,"location_name":"Suur-Paala","location_id":10}"
2026-09-24 18:01:26,+0300,1,Hipodroom,0,success,"{"total":0,"location_name":"Hipodroom","location_id":1}"
2026-09-24 18:01:26,+0300,3,T1,54,success,"{"total":54,"location_name":"T1 Shopping Mall","location_id":3}"
2026-09-24 18:01:26,+0300,9,Mustika,37,success,"{"total":37,"location_name":"Mustika","location_id":9}"
2026-09-24 18:01:26,+0300,10,Suur-Paala,16,success,"{"total":16,"location_name":"Suur-Paala","location_id":10}"
2026-09-24 18:03:27,+0300,1,Hipodroom,0,success,"{"total":0,"location_name":"Hipodroom","location_id":1}"
2026-09-24 18:03:27,+0300,3,T1,54,success,"{"total":54,"location_name":"T1 Shopping Mall","location_id":3}"
2026-09-24 18:03:27,+0300,9,Mustika,37,success,"{"total":37,"location_name":"Mustika","location_id":9}"
2026-09-24 18:03:27,+0300,10,Suur-Paala,16,success,"{"total":16,"location_name":"Suur-Paala","location_id":10}"
2026-09-24 18:05:27,+0300,1,Hipodroom,0,success,"{"total":0,"location_name":"Hipodroom","location_id":1}"
2026-09-24 18:05:27,+0300,3,T1,54,success,"{"total":54,"location_name":"T1 Shopping Mall","location_id":3}"
2026-09-24 18:05:27,+0300,9,Mustika,37,success,"{"total":37,"location_name":"Mustika","location_id":9}"
2026-09-24 18:05:27,+0300,10,Suur-Paala,16,success,"{"total":16,"location_name":"Suur-Paala","location_id":10}"
2026-09-24 18:07:28,+0300,1,Hipodroom,0,success,"{"total":0,"location_name":"Hipodroom","location_id":1}"
2026-09-24 18:07:28,+0300,3,T1,57,success,"{"total":57,"location_name":"T1 Shopping Mall","location_id":3}"
2026-09-24 18:07:28,+0300,9,Mustika,37,success,"{"total":37,"location_name":"Mustika","location_id":9}"
2026-09-24 18:07:28,+0300,10,Suur-Paala,16,success,"{"total":16,"location_name":"Suur-Paala","location_id":10}"
2026-09-24 18:09:29,+0300,1,Hipodroom,0,success,"{"total":0,"location_name":"Hipodroom","location_id":1}"
2026-09-24 18:09:29,+0300,3,T1,57,success,"{"total":57,"location_name":"T1 Shopping Mall","location_id":3}"
2026-09-24 18:09:29,+0300,9,Mustika,37,success,"{"total":37,"location_name":"Mustika","location_id":9}"
2026-09-24 18:09:29,+0300,10,Suur-Paala,16,success,"{"total":16,"location_name":"Suur-Paala","location_id":10}"
2026-09-24 18:11:29,+0300,1,Hipodroom,0,success,"{"total":0,"location_name":"Hipodroom","location_id":1}"
2026-09-24 18:11:29,+0300,3,T1,57,success,"{"total":57,"location_name":"T1 Shopping Mall","location_id":3}"
2026-09-24 18:11:29,+0300,9,Mustika,37,success,"{"total":37,"location_name":"Mustika","location_id":9}"
2026-09-24 18:11:29,+0300,10,Suur-Paala,16,success,"{"total":16,"location_name":"Suur-Paala","location_id":10}"
2026-09-24 18:13:30,+0300,1,Hipodroom,0,success,"{"total":0,"location_name":"Hipodroom","location_id":1}"
2026-09-24 18:13:30,+0300,3,T1,57,success,"{"total":57,"location_name":"T1 Shopping Mall","location_id":3}"
2026-09-24 18:13:30,+0300,9,Mustika,38,success,"{"total":38,"location_name":"Mustika","location_id":9}"
2026-09-24 18:13:30,+0300,10,Suur-Paala,16,success,"{"total":16,"location_name":"Suur-Paala","location_id":10}"
2026-09-24 18:15:30,+0300,1,Hipodroom,0,success,"{"total":0,"location_name":"Hipodroom","location_id":1}"
2026-09-24 18:15:30,+0300,3,T1,57,success,"{"total":57,"location_name":"T1 Shopping Mall","location_id":3}"
2026-09-24 18:15:30,+0300,9,Mustika,38,success,"{"total":38,"location_name":"Mustika","location_id":9}"
2026-09-24 18:15:30,+0300,10,Suur-Paala,16,success,"{"total":16,"location_name":"Suur-Paala","location_id":10}"
2026-09-24 18:17:31,+0300,1,Hipodroom,0,success,"{"total":0,"location_name":"Hipodroom","location_id":1}"
2026-09-24 18:17:31,+0300,3,T1,57,success,"{"total":57,"location_name":"T1 Shopping Mall","location_id":3}"
2026-09-24 18:17:31,+0300,9,Mustika,38,success,"{"total":38,"location_name":"Mustika","location_id":9}"
2026-09-24 18:17:31,+0300,10,Suur-Paala,18,success,"{"total":18,"location_name":"Suur-Paala","location_id":10}"
2026-09-24 18:19:31,+0300,1,Hipodroom,0,success,"{"total":0,"location_name":"Hipodroom","location_id":1}"
2026-09-24 18:19:31,+0300,3,T1,59,success,"{"total":59,"location_name":"T1 Shopping Mall","location_id":3}"
2026-09-24 18:19:31,+0300,9,Mustika,40,success,"{"total":40,"location_name":"Mustika","location_id":9}"
2026-09-24 18:19:31,+0300,10,Suur-Paala,18,success,"{"total":18,"location_name":"Suur-Paala","location_id":10}"
2026-09-24 18:21:32,+0300,1,Hipodroom,0,success,"{"total":0,"location_name":"Hipodroom","location_id":1}"
2026-09-24 18:21:32,+0300,3,T1,59,success,"{"total":59,"location_name":"T1 Shopping Mall","location_id":3}"
2026-09-24 18:21:32,+0300,9,Mustika,40,success,"{"total":40,"location_name":"Mustika","location_id":9}"
2026-09-24 18:21:32,+0300,10,Suur-Paala,18,success,"{"total":18,"location_name":"Suur-Paala","location_id":10}"
2026-09-24 18:23:32,+0300,1,Hipodroom,0,success,"{"total":0,"location_name":"Hipodroom","location_id":1}"
2026-09-24 18:23:32,+0300,3,T1,59,success,"{"total":59,"location_name":"T1 Shopping Mall","location_id":3}"
2026-09-24 18:23:32,+0300,9,Mustika,40,success,"{"total":40,"location_name":"Mustika","location_id":9}"
2026-09-24 18:23:32,+0300,10,Suur-Paala,18,success,"{"total":18,"location_name":"Suur-Paala","location_id":10}"
2026-09-24 18:25:33,+0300,1,Hipodroom,0,success,"{"total":0,"location_name":"Hipodroom","location_id":1}"
2026-09-24 18:25:33,+0300,3,T1,60,success,"{"total":60,"location_name":"T1 Shopping Mall","location_id":3}"
2026-09-24 18:25:33,+0300,9,Mustika,40,success,"{"total":40,"location_name":"Mustika","location_id":9}"
2026-09-24 18:25:33,+0300,10,Suur-Paala,18,success,"{"total":18,"location_name":"Suur-Paala","location_id":10}"
2026-09-24 18:27:33,+0300,1,Hipodroom,0,success,"{"total":0,"location_name":"Hipodroom","location_id":1}"
2026-09-24 18:27:33,+0300,3,T1,60,success,"{"total":60,"location_name":"T1 Shopping Mall","location_id":3}"
2026-09-24 18:27:33,+0300,9,Mustika,40,success,"{"total":40,"location_name":"Mustika","location_id":9}"
2026-09-24 18:27:33,+0300,10,Suur-Paala,18,success,"{"total":18,"location_name":"Suur-Paala","location_id":10}"
2026-09-24 18:29:33,+0300,1,Hipodroom,0,success,"{"total":0,"location_name":"Hipodroom","location_id":1}"
2026-09-24 18:29:33,+0300,3,T1,60,success,"{"total":60,"location_name":"T1 Shopping Mall","location_id":3}"
2026-09-24 18:29:33,+0300,9,Mustika,40,success,"{"total":40,"location_name":"Mustika","location_id":9}"
2026-09-24 18:29:33,+0300,10,Suur-Paala,18,success,"{"total":18,"location_name":"Suur-Paala","location_id":10}"
2026-09-24 18:31:34,+0300,1,Hipodroom,0,success,"{"total":0,"location_name":"Hipodroom","location_id":1}"
2026-09-24 18:31:34,+0300,3,T1,60,success,"{"total":60,"location_name":"T1 Shopping Mall","location_id":3}"
2026-09-24 18:31:34,+0300,9,Mustika,43,success,"{"total":43,"location_name":"Mustika","location_id":9}"
2026-09-24 18:31:34,+0300,10,Suur-Paala,18,success,"{"total":18,"location_name":"Suur-Paala","location_id":10}"
2026-09-24 18:33:34,+0300,1,Hipodroom,0,success,"{"total":0,"location_name":"Hipodroom","location_id":1}"
2026-09-24 18:33:34,+0300,3,T1,60,success,"{"total":60,"location_name":"T1 Shopping Mall","location_id":3}"
2026-09-24 18:33:34,+0300,9,Mustika,43,success,"{"total":43,"location_name":"Mustika","location_id":9}"
2026-09-24 18:33:34,+0300,10,Suur-Paala,18,success,"{"total":18,"location_name":"Suur-Paala","location_id":10}"
2026-09-24 18:35:35,+0300,1,Hipodroom,0,success,"{"total":0,"location_name":"Hipodroom","location_id":1}"
2026-09-24 18:35:35,+0300,3,T1,60,success,"{"total":60,"location_name":"T1 Shopping Mall","location_id":3}"
2026-09-24 18:35:35,+0300,9,Mustika,43,success,"{"total":43,"location_name":"Mustika","location_id":9}"
2026-09-24 18:35:35,+0300,10,Suur-Paala,20,success,"{"total":20,"location_name":"Suur-Paala","location_id":10}"
2026-09-24 18:37:36,+0300,1,Hipodroom,0,success,"{"total":0,"location_name":"Hipodroom","location_id":1}"
2026-09-24 18:37:36,+0300,3,T1,58,success,"{"total":58,"location_name":"T1 Shopping Mall","location_id":3}"
2026-09-24 18:37:36,+0300,9,Mustika,43,success,"{"total":43,"location_name":"Mustika","location_id":9}"
2026-09-24 18:37:36,+0300,10,Suur-Paala,20,success,"{"total":20,"location_name":"Suur-Paala","location_id":10}"
2026-09-24 18:39:36,+0300,1,Hipodroom,0,success,"{"total":0,"location_name":"Hipodroom","location_id":1}"
2026-09-24 18:39:36,+0300,3,T1,58,success,"{"total":58,"location_name":"T1 Shopping Mall","location_id":3}"
2026-09-24 18:39:36,+0300,9,Mustika,43,success,"{"total":43,"location_name":"Mustika","location_id":9}"
2026-09-24 18:39:36,+0300,10,Suur-Paala,20,success,"{"total":20,"location_name":"Suur-Paala","location_id":10}"
2026-09-24 18:41:36,+0300,1,Hipodroom,0,success,"{"total":0,"location_name":"Hipodroom","location_id":1}"
2026-09-24 18:41:36,+0300,3,T1,58,success,"{"total":58,"location_name":"T1 Shopping Mall","location_id":3}"
2026-09-24 18:41:36,+0300,9,Mustika,43,success,"{"total":43,"location_name":"Mustika","location_id":9}"
2026-09-24 18:41:36,+0300,10,Suur-Paala,22,success,"{"total":22,"location_name":"Suur-Paala","location_id":10}"
2026-09-24 18:43:37,+0300,1,Hipodroom,0,success,"{"total":0,"location_name":"Hipodroom","location_id":1}"
2026-09-24 18:43:37,+0300,3,T1,59,success,"{"total":59,"location_name":"T1 Shopping Mall","location_id":3}"
2026-09-24 18:43:37,+0300,9,Mustika,45,success,"{"total":45,"location_name":"Mustika","location_id":9}"
2026-09-24 18:43:37,+0300,10,Suur-Paala,22,success,"{"total":22,"location_name":"Suur-Paala","location_id":10}"
2026-09-24 18:45:37,+0300,1,Hipodroom,0,success,"{"total":0,"location_name":"Hipodroom","location_id":1}"
2026-09-24 18:45:37,+0300,3,T1,59,success,"{"total":59,"location_name":"T1 Shopping Mall","location_id":3}"
2026-09-24 18:45:37,+0300,9,Mustika,45,success,"{"total":45,"location_name":"Mustika","location_id":9}"
2026-09-24 18:45:37,+0300,10,Suur-Paala,22,success,"{"total":22,"location_name":"Suur-Paala","location_id":10}"
2026-09-24 18:47:38,+0300,1,Hipodroom,0,success,"{"total":0,"location_name":"Hipodroom","location_id":1}"
2026-09-24 18:47:38,+0300,3,T1,59,success,"{"total":59,"location_name":"T1 Shopping Mall","location_id":3}"
2026-09-24 18:47:38,+0300,9,Mustika,45,success,"{"total":45,"location_name":"Mustika","location_id":9}"
2026-09-24 18:47:38,+0300,10,Suur-Paala,23,success,"{"total":23,"location_name":"Suur-Paala","location_id":10}"
2026-09-24 18:49:38,+0300,1,Hipodroom,0,success,"{"total":0,"location_name":"Hipodroom","location_id":1}"
2026-09-24 18:49:38,+0300,3,T1,60,success,"{"total":60,"location_name":"T1 Shopping Mall","location_id":3}"
2026-09-24 18:49:38,+0300,9,Mustika,48,success,"{"total":48,"location_name":"Mustika","location_id":9}"
2026-09-24 18:49:38,+0300,10,Suur-Paala,23,success,"{"total":23,"location_name":"Suur-Paala","location_id":10}"
2026-09-24 18:51:39,+0300,1,Hipodroom,0,success,"{"total":0,"location_name":"Hipodroom","location_id":1}"
2026-09-24 18:51:39,+0300,3,T1,60,success,"{"total":60,"location_name":"T1 Shopping Mall","location_id":3}"
2026-09-24 18:51:39,+0300,9,Mustika,48,success,"{"total":48,"location_name":"Mustika","location_id":9}"
2026-09-24 18:51:39,+0300,10,Suur-Paala,23,success,"{"total":23,"location_name":"Suur-Paala","location_id":10}"
2026-09-24 18:53:39,+0300,1,Hipodroom,0,success,"{"total":0,"location_name":"Hipodroom","location_id":1}"
2026-09-24 18:53:39,+0300,3,T1,60,success,"{"total":60,"location_name":"T1 Shopping Mall","location_id":3}"
2026-09-24 18:53:39,+0300,9,Mustika,48,success,"{"total":48,"location_name":"Mustika","location_id":9}"
2026-09-24 18:53:39,+0300,10,Suur-Paala,22,success,"{"total":22,"location_name":"Suur-Paala","location_id":10}"
2026-09-24 18:55:40,+0300,1,Hipodroom,0,success,"{"total":0,"location_name":"Hipodroom","location_id":1}"
2026-09-24 18:55:40,+0300,3,T1,57,success,"{"total":57,"location_name":"T1 Shopping Mall","location_id":3}"
2026-09-24 18:55:40,+0300,9,Mustika,48,success,"{"total":48,"location_name":"Mustika","location_id":9}"
2026-09-24 18:55:40,+0300,10,Suur-Paala,22,success,"{"total":22,"location_name":"Suur-Paala","location_id":10}"
2026-09-24 18:57:40,+0300,1,Hipodroom,0,success,"{"total":0,"location_name":"Hipodroom","location_id":1}"
2026-09-24 18:57:40,+0300,3,T1,57,success,"{"total":57,"location_name":"T1 Shopping Mall","location_id":3}"
2026-09-24 18:57:40,+0300,9,Mustika,48,success,"{"total":48,"location_name":"Mustika","location_id":9}"
2026-09-24 18:57:40,+0300,10,Suur-Paala,22,success,"{"total":22,"location_name":"Suur-Paala","location_id":10}"
2026-09-24 18:59:41,+0300,1,Hipodroom,0,success,"{"total":0,"location_name":"Hipodroom","location_id":1}"
2026-09-24 18:59:41,+0300,3,T1,57,success,"{"total":57,"location_name":"T1 Shopping Mall","location_id":3}"
2026-09-24 18:59:41,+0300,9,Mustika,48,success,"{"total":48,"location_name":"Mustika","location_id":9}"
2026-09-24 18:59:41,+0300,10,Suur-Paala,25,success,"{"total":25,"location_name":"Suur-Paala","location_id":10}"
2026-09-24 19:01:41,+0300,1,Hipodroom,0,success,"{"total":0,"location_name":"Hipodroom","location_id":1}"
2026-09-24 19:01:41,+0300,3,T1,56,success,"{"total":56,"location_name":"T1 Shopping Mall","location_id":3}"
2026-09-24 19:01:41,+0300,9,Mustika,48,success,"{"total":48,"location_name":"Mustika","location_id":9}"
2026-09-24 19:01:41,+0300,10,Suur-Paala,25,success,"{"total":25,"location_name":"Suur-Paala","location_id":10}"
2026-09-24 19:03:42,+0300,1,Hipodroom,0,success,"{"total":0,"location_name":"Hipodroom","location_id":1}"
2026-09-24 19:03:42,+0300,3,T1,56,success,"{"total":56,"location_name":"T1 Shopping Mall","location_id":3}"
2026-09-24 19:03:42,+0300,9,Mustika,48,success,"{"total":48,"location_name":"Mustika","location_id":9}"
2026-09-24 19:03:42,+0300,10,Suur-Paala,25,success,"{"total":25,"location_name":"Suur-Paala","location_id":10}"
2026-09-24 19:05:42,+0300,1,Hipodroom,0,success,"{"total":0,"location_name":"Hipodroom","location_id":1}"
2026-09-24 19:05:42,+0300,3,T1,56,success,"{"total":56,"location_name":"T1 Shopping Mall","location_id":3}"
2026-09-24 19:05:42,+0300,9,Mustika,48,success,"{"total":48,"location_name":"Mustika","location_id":9}"
2026-09-24 19:05:42,+0300,10,Suur-Paala,25,success,"{"total":25,"location_name":"Suur-Paala","location_id":10}"
2026-09-24 19:07:43,+0300,1,Hipodroom,0,success,"{"total":0,"location_name":"Hipodroom","location_id":1}"
2026-09-24 19:07:43,+0300,3,T1,58,success,"{"total":58,"location_name":"T1 Shopping Mall","location_id":3}"
2026-09-24 19:07:43,+0300,9,Mustika,50,success,"{"total":50,"location_name":"Mustika","location_id":9}"
2026-09-24 19:07:43,+0300,10,Suur-Paala,25,success,"{"total":25,"location_name":"Suur-Paala","location_id":10}"
2026-09-24 19:09:43,+0300,1,Hipodroom,0,success,"{"total":0,"location_name":"Hipodroom","location_id":1}"
2026-09-24 19:09:43,+0300,3,T1,58,success,"{"total":58,"location_name":"T1 Shopping Mall","location_id":3}"
2026-09-24 19:09:43,+0300,9,Mustika,50,success,"{"total":50,"location_name":"Mustika","location_id":9}"
2026-09-24 19:09:43,+0300,10,Suur-Paala,25,success,"{"total":25,"location_name":"Suur-Paala","location_id":10}"
2026-09-24 19:11:44,+0300,1,Hipodroom,0,success,"{"total":0,"location_name":"Hipodroom","location_id":1}"
2026-09-24 19:11:44,+0300,3,T1,58,success,"{"total":58,"location_name":"T1 Shopping Mall","location_id":3}"
2026-09-24 19:11:44,+0300,9,Mustika,50,success,"{"total":50,"location_name":"Mustika","location_id":9}"
2026-09-24 19:11:44,+0300,10,Suur-Paala,26,success,"{"total":26,"location_name":"Suur-Paala","location_id":10}"
2026-09-24 19:13:44,+0300,1,Hipodroom,0,success,"{"total":0,"location_name":"Hipodroom","location_id":1}"
2026-09-24 19:13:44,+0300,3,T1,60,success,"{"total":60,"location_name":"T1 Shopping Mall","location_id":3}"
2026-09-24 19:13:44,+0300,9,Mustika,48,success,"{"total":48,"location_name":"Mustika","location_id":9}"
2026-09-24 19:13:44,+0300,10,Suur-Paala,26,success,"{"total":26,"location_name":"Suur-Paala","location_id":10}"
2026-09-24 19:15:45,+0300,1,Hipodroom,0,success,"{"total":0,"location_name":"Hipodroom","location_id":1}"
2026-09-24 19:15:45,+0300,3,T1,60,success,"{"total":60,"location_name":"T1 Shopping Mall","location_id":3}"
2026-09-24 19:15:45,+0300,9,Mustika,48,success,"{"total":48,"location_name":"Mustika","location_id":9}"
2026-09-24 19:15:45,+0300,10,Suur-Paala,26,success,"{"total":26,"location_name":"Suur-Paala","location_id":10}"
2026-09-24 19:17:45,+0300,1,Hipodroom,0,success,"{"total":0,"location_name":"Hipodroom","location_id":1}"
2026-09-24 19:17:45,+0300,3,T1,60,success,"{"total":60,"location_name":"T1 Shopping Mall","location_id":3}"
2026-09-24 19:17:45,+0300,9,Mustika,48,success,"{"total":48,"location_name":"Mustika","location_id":9}"
2026-09-24 19:17:45,+0300,10,Suur-Paala,26,success,"{"total":26,"location_name":"Suur-Paala","location_id":10}"
2026-09-24 19:19:46,+0300,1,Hipodroom,0,success,"{"total":0,"location_name":"Hipodroom","location_id":1}"
2026-09-24 19:19:46,+0300,3,T1,58,success,"{"total":58,"location_name":"T1 Shopping Mall","location_id":3}"
2026-09-24 19:19:46,+0300,9,Mustika,48,success,"{"total":48,"location_name":"Mustika","location_id":9}"
2026-09-24 19:19:46,+0300,10,Suur-Paala,26,success,"{"total":26,"location_name":"Suur-Paala","location_id":10}"
2026-09-24 19:21:46,+0300,1,Hipodroom,0,success,"{"total":0,"location_name":"Hipodroom","location_id":1}"
2026-09-24 19:21:46,+0300,3,T1,58,success,"{"total":58,"location_name":"T1 Shopping Mall","location_id":3}"
2026-09-24 19:21:46,+0300,9,Mustika,48,success,"{"total":48,"location_name":"Mustika","location_id":9}"
2026-09-24 19:21:46,+0300,10,Suur-Paala,26,success,"{"total":26,"location_name":"Suur-Paala","location_id":10}"
2026-09-24 19:23:47,+0300,1,Hipodroom,0,success,"{"total":0,"location_name":"Hipodroom","location_id":1}"
2026-09-24 19:23:47,+0300,3,T1,58,success,"{"total":58,"location_name":"T1 Shopping Mall","location_id":3}"
2026-09-24 19:23:47,+0300,9,Mustika,48,success,"{"total":48,"location_name":"Mustika","location_id":9}"
2026-09-24 19:23:47,+0300,10,Suur-Paala,26,success,"{"total":26,"location_name":"Suur-Paala","location_id":10}"
2026-09-24 19:25:47,+0300,1,Hipodroom,0,success,"{"total":0,"location_name":"Hipodroom","location_id":1}"
2026-09-24 19:25:47,+0300,3,T1,59,success,"{"total":59,"location_name":"T1 Shopping Mall","location_id":3}"
2026-09-24 19:25:47,+0300,9,Mustika,44,success,"{"total":44,"location_name":"Mustika","location_id":9}"
2026-09-24 19:25:47,+0300,10,Suur-Paala,26,success,"{"total":26,"location_name":"Suur-Paala","location_id":10}"
2026-09-24 19:27:48,+0300,1,Hipodroom,0,success,"{"total":0,"location_name":"Hipodroom","location_id":1}"
2026-09-24 19:27:48,+0300,3,T1,59,success,"{"total":59,"location_name":"T1 Shopping Mall","location_id":3}"
2026-09-24 19:27:48,+0300,9,Mustika,44,success,"{"total":44,"location_name":"Mustika","location_id":9}"
2026-09-24 19:27:48,+0300,10,Suur-Paala,26,success,"{"total":26,"location_name":"Suur-Paala","location_id":10}"
2026-09-24 19:29:48,+0300,1,Hipodroom,0,success,"{"total":0,"location_name":"Hipodroom","location_id":1}"
2026-09-24 19:29:48,+0300,3,T1,59,success,"{"total":59,"location_name":"T1 Shopping Mall","location_id":3}"
2026-09-24 19:29:48,+0300,9,Mustika,44,success,"{"total":44,"location_name":"Mustika","location_id":9}"
2026-09-24 19:29:48,+0300,10,Suur-Paala,26,success,"{"total":26,"location_name":"Suur-Paala","location_id":10}"
2026-09-24 19:31:49,+0300,1,Hipodroom,0,success,"{"total":0,"location_name":"Hipodroom","location_id":1}"
2026-09-24 19:31:49,+0300,3,T1,60,success,"{"total":60,"location_name":"T1 Shopping Mall","location_id":3}"
2026-09-24 19:31:49,+0300,9,Mustika,44,success,"{"total":44,"location_name":"Mustika","location_id":9}"
2026-09-24 19:31:49,+0300,10,Suur-Paala,26,success,"{"total":26,"location_name":"Suur-Paala","location_id":10}"
2026-09-24 19:33:49,+0300,1,Hipodroom,0,success,"{"total":0,"location_name":"Hipodroom","location_id":1}"
2026-09-24 19:33:49,+0300,3,T1,60,success,"{"total":60,"location_name":"T1 Shopping Mall","location_id":3}"
2026-09-24 19:33:49,+0300,9,Mustika,44,success,"{"total":44,"location_name":"Mustika","location_id":9}"
2026-09-24 19:33:49,+0300,10,Suur-Paala,26,success,"{"total":26,"location_name":"Suur-Paala","location_id":10}"
2026-09-24 19:35:50,+0300,1,Hipodroom,0,success,"{"total":0,"location_name":"Hipodroom","location_id":1}"
2026-09-24 19:35:50,+0300,3,T1,60,success,"{"total":60,"location_name":"T1 Shopping Mall","location_id":3}"
2026-09-24 19:35:50,+0300,9,Mustika,44,success,"{"total":44,"location_name":"Mustika","location_id":9}"
2026-09-24 19:35:50,+0300,10,Suur-Paala,25,success,"{"total":25,"location_name":"Suur-Paala","location_id":10}"
2026-09-24 19:37:50,+0300,1,Hipodroom,0,success,"{"total":0,"location_name":"Hipodroom","location_id":1}"
2026-09-24 19:37:50,+0300,3,T1,59,success,"{"total":59,"location_name":"T1 Shopping Mall","location_id":3}"
2026-09-24 19:37:50,+0300,9,Mustika,44,success,"{"total":44,"location_name":"Mustika","location_id":9}"
2026-09-24 19:37:50,+0300,10,Suur-Paala,25,success,"{"total":25,"location_name":"Suur-Paala","location_id":10}"
2026-09-24 19:39:51,+0300,1,Hipodroom,0,success,"{"total":0,"location_name":"Hipodroom","location_id":1}"
2026-09-24 19:39:51,+0300,3,T1,59,success,"{"total":59,"location_name":"T1 Shopping Mall","location_id":3}"
2026-09-24 19:39:51,+0300,9,Mustika,44,success,"{"total":44,"location_name":"Mustika","location_id":9}"
2026-09-24 19:39:51,+0300,10,Suur-Paala,25,success,"{"total":25,"location_name":"Suur-Paala","location_id":10}"
2026-09-24 19:41:51,+0300,1,Hipodroom,0,success,"{"total":0,"location_name":"Hipodroom","location_id":1}"
2026-09-24 19:41:51,+0300,3,T1,59,success,"{"total":59,"location_name":"T1 Shopping Mall","location_id":3}"
2026-09-24 19:41:51,+0300,9,Mustika,44,success,"{"total":44,"location_name":"Mustika","location_id":9}"
2026-09-24 19:41:51,+0300,10,Suur-Paala,22,success,"{"total":22,"location_name":"Suur-Paala","location_id":10}"
2026-09-24 19:43:52,+0300,1,Hipodroom,0,success,"{"total":0,"location_name":"Hipodroom","location_id":1}"
2026-09-24 19:43:52,+0300,3,T1,57,success,"{"total":57,"location_name":"T1 Shopping Mall","location_id":3}"
2026-09-24 19:43:52,+0300,9,Mustika,43,success,"{"total":43,"location_name":"Mustika","location_id":9}"
2026-09-24 19:43:52,+0300,10,Suur-Paala,22,success,"{"total":22,"location_name":"Suur-Paala","location_id":10}"
2026-09-24 19:45:52,+0300,1,Hipodroom,0,success,"{"total":0,"location_name":"Hipodroom","location_id":1}"
2026-09-24 19:45:52,+0300,3,T1,57,success,"{"total":57,"location_name":"T1 Shopping Mall","location_id":3}"
2026-09-24 19:45:52,+0300,9,Mustika,43,success,"{"total":43,"location_name":"Mustika","location_id":9}"
2026-09-24 19:45:52,+0300,10,Suur-Paala,22,success,"{"total":22,"location_name":"Suur-Paala","location_id":10}"
2026-09-24 19:47:53,+0300,1,Hipodroom,0,success,"{"total":0,"location_name":"Hipodroom","location_id":1}"
2026-09-24 19:47:53,+0300,3,T1,57,success,"{"total":57,"location_name":"T1 Shopping Mall","location_id":3}"
2026-09-24 19:47:53,+0300,9,Mustika,43,success,"{"total":43,"location_name":"Mustika","location_id":9}"
2026-09-24 19:47:53,+0300,10,Suur-Paala,22,success,"{"total":22,"location_name":"Suur-Paala","location_id":10}"
2026-09-24 19:49:53,+0300,1,Hipodroom,0,success,"{"total":0,"location_name":"Hipodroom","location_id":1}"
2026-09-24 19:49:53,+0300,3,T1,56,success,"{"total":56,"location_name":"T1 Shopping Mall","location_id":3}"
2026-09-24 19:49:53,+0300,9,Mustika,44,success,"{"total":44,"location_name":"Mustika","location_id":9}"
2026-09-24 19:49:53,+0300,10,Suur-Paala,22,success,"{"total":22,"location_name":"Suur-Paala","location_id":10}"
2026-09-24 19:51:54,+0300,1,Hipodroom,0,success,"{"total":0,"location_name":"Hipodroom","location_id":1}"
2026-09-24 19:51:54,+0300,3,T1,56,success,"{"total":56,"location_name":"T1 Shopping Mall","location_id":3}"
2026-09-24 19:51:54,+0300,9,Mustika,44,success,"{"total":44,"location_name":"Mustika","location_id":9}"
2026-09-24 19:51:54,+0300,10,Suur-Paala,22,success,"{"total":22,"location_name":"Suur-Paala","location_id":10}"
2026-09-24 19:53:54,+0300,1,Hipodroom,0,success,"{"total":0,"location_name":"Hipodroom","location_id":1}"
2026-09-24 19:53:54,+0300,3,T1,56,success,"{"total":56,"location_name":"T1 Shopping Mall","location_id":3}"
2026-09-24 19:53:54,+0300,9,Mustika,44,success,"{"total":44,"location_name":"Mustika","location_id":9}"
2026-09-24 19:53:54,+0300,10,Suur-Paala,23,success,"{"total":23,"location_name":"Suur-Paala","location_id":10}"
2026-09-24 19:55:55,+0300,1,Hipodroom,0,success,"{"total":0,"location_name":"Hipodroom","location_id":1}"
2026-09-24 19:55:55,+0300,3,T1,52,success,"{"total":52,"location_name":"T1 Shopping Mall","location_id":3}"
2026-09-24 19:55:55,+0300,9,Mustika,44,success,"{"total":44,"location_name":"Mustika","location_id":9}"
2026-09-24 19:55:55,+0300,10,Suur-Paala,23,success,"{"total":23,"location_name":"Suur-Paala","location_id":10}"
2026-09-24 19:57:55,+0300,1,Hipodroom,0,success,"{"total":0,"location_name":"Hipodroom","location_id":1}"
2026-09-24 19:57:55,+0300,3,T1,52,success,"{"total":52,"location_name":"T1 Shopping Mall","location_id":3}"
2026-09-24 19:57:55,+0300,9,Mustika,44,success,"{"total":44,"location_name":"Mustika","location_id":9}"
2026-09-24 19:57:55,+0300,10,Suur-Paala,23,success,"{"total":23,"location_name":"Suur-Paala","location_id":10}"
2026-09-24 19:59:55,+0300,1,Hipodroom,0,success,"{"total":0,"location_name":"Hipodroom","location_id":1}"
2026-09-24 19:59:55,+0300,3,T1,52,success,"{"total":52,"location_name":"T1 Shopping Mall","location_id":3}"
2026-09-24 19:59:55,+0300,9,Mustika,44,success,"{"total":44,"location_name":"Mustika","location_id":9}"
2026-09-24 19:59:55,+0300,10,Suur-Paala,21,success,"{"total":21,"location_name":"Suur-Paala","location_id":10}"
2026-09-24 20:01:56,+0300,1,Hipodroom,0,success,"{"total":0,"location_name":"Hipodroom","location_id":1}"
2026-09-24 20:01:56,+0300,3,T1,49,success,"{"total":49,"location_name":"T1 Shopping Mall","location_id":3}"
2026-09-24 20:01:56,+0300,9,Mustika,46,success,"{"total":46,"location_name":"Mustika","location_id":9}"
2026-09-24 20:01:56,+0300,10,Suur-Paala,21,success,"{"total":21,"location_name":"Suur-Paala","location_id":10}"
2026-09-24 20:03:57,+0300,1,Hipodroom,0,success,"{"total":0,"location_name":"Hipodroom","location_id":1}"
2026-09-24 20:03:57,+0300,3,T1,49,success,"{"total":49,"location_name":"T1 Shopping Mall","location_id":3}"
2026-09-24 20:03:57,+0300,9,Mustika,46,success,"{"total":46,"location_name":"Mustika","location_id":9}"
2026-09-24 20:03:57,+0300,10,Suur-Paala,21,success,"{"total":21,"location_name":"Suur-Paala","location_id":10}"
2026-09-24 20:05:57,+0300,1,Hipodroom,0,success,"{"total":0,"location_name":"Hipodroom","location_id":1}"
2026-09-24 20:05:57,+0300,3,T1,49,success,"{"total":49,"location_name":"T1 Shopping Mall","location_id":3}"
2026-09-24 20:05:57,+0300,9,Mustika,46,success,"{"total":46,"location_name":"Mustika","location_id":9}"
2026-09-24 20:05:57,+0300,10,Suur-Paala,21,success,"{"total":21,"location_name":"Suur-Paala","location_id":10}"
2026-09-24 20:07:58,+0300,1,Hipodroom,0,success,"{"total":0,"location_name":"Hipodroom","location_id":1}"
2026-09-24 20:07:58,+0300,3,T1,48,success,"{"total":48,"location_name":"T1 Shopping Mall","location_id":3}"
2026-09-24 20:07:58,+0300,9,Mustika,43,success,"{"total":43,"location_name":"Mustika","location_id":9}"
2026-09-24 20:07:58,+0300,10,Suur-Paala,21,success,"{"total":21,"location_name":"Suur-Paala","location_id":10}"
2026-09-24 20:09:58,+0300,1,Hipodroom,0,success,"{"total":0,"location_name":"Hipodroom","location_id":1}"
2026-09-24 20:09:58,+0300,3,T1,48,success,"{"total":48,"location_name":"T1 Shopping Mall","location_id":3}"
2026-09-24 20:09:58,+0300,9,Mustika,43,success,"{"total":43,"location_name":"Mustika","location_id":9}"
2026-09-24 20:09:58,+0300,10,Suur-Paala,21,success,"{"total":21,"location_name":"Suur-Paala","location_id":10}"
2026-09-24 20:11:58,+0300,1,Hipodroom,0,success,"{"total":0,"location_name":"Hipodroom","location_id":1}"
2026-09-24 20:11:58,+0300,3,T1,48,success,"{"total":48,"location_name":"T1 Shopping Mall","location_id":3}"
2026-09-24 20:11:58,+0300,9,Mustika,43,success,"{"total":43,"location_name":"Mustika","location_id":9}"
2026-09-24 20:11:58,+0300,10,Suur-Paala,21,success,"{"total":21,"location_name":"Suur-Paala","location_id":10}"
2026-09-24 20:13:59,+0300,1,Hipodroom,0,success,"{"total":0,"location_name":"Hipodroom","location_id":1}"
2026-09-24 20:13:59,+0300,3,T1,48,success,"{"total":48,"location_name":"T1 Shopping Mall","location_id":3}"
2026-09-24 20:13:59,+0300,9,Mustika,42,success,"{"total":42,"location_name":"Mustika","location_id":9}"
2026-09-24 20:13:59,+0300,10,Suur-Paala,21,success,"{"total":21,"location_name":"Suur-Paala","location_id":10}"
2026-09-24 20:15:59,+0300,1,Hipodroom,0,success,"{"total":0,"location_name":"Hipodroom","location_id":1}"
2026-09-24 20:15:59,+0300,3,T1,48,success,"{"total":48,"location_name":"T1 Shopping Mall","location_id":3}"
2026-09-24 20:15:59,+0300,9,Mustika,42,success,"{"total":42,"location_name":"Mustika","location_id":9}"
2026-09-24 20:15:59,+0300,10,Suur-Paala,21,success,"{"total":21,"location_name":"Suur-Paala","location_id":10}"
2026-09-24 20:18:00,+0300,1,Hipodroom,0,success,"{"total":0,"location_name":"Hipodroom","location_id":1}"
2026-09-24 20:18:00,+0300,3,T1,48,success,"{"total":48,"location_name":"T1 Shopping Mall","location_id":3}"
2026-09-24 20:18:00,+0300,9,Mustika,42,success,"{"total":42,"location_name":"Mustika","location_id":9}"
2026-09-24 20:18:00,+0300,10,Suur-Paala,21,success,"{"total":21,"location_name":"Suur-Paala","location_id":10}"
2026-09-24 20:20:00,+0300,1,Hipodroom,0,success,"{"total":0,"location_name":"Hipodroom","location_id":1}"
2026-09-24 20:20:00,+0300,3,T1,47,success,"{"total":47,"location_name":"T1 Shopping Mall","location_id":3}"
2026-09-24 20:20:00,+0300,9,Mustika,42,success,"{"total":42,"location_name":"Mustika","location_id":9}"
2026-09-24 20:20:00,+0300,10,Suur-Paala,21,success,"{"total":21,"location_name":"Suur-Paala","location_id":10}"
2026-09-24 20:22:01,+0300,1,Hipodroom,0,success,"{"total":0,"location_name":"Hipodroom","location_id":1}"
2026-09-24 20:22:01,+0300,3,T1,47,success,"{"total":47,"location_name":"T1 Shopping Mall","location_id":3}"
2026-09-24 20:22:01,+0300,9,Mustika,42,success,"{"total":42,"location_name":"Mustika","location_id":9}"
2026-09-24 20:22:01,+0300,10,Suur-Paala,21,success,"{"total":21,"location_name":"Suur-Paala","location_id":10}"
2026-09-24 20:24:01,+0300,1,Hipodroom,0,success,"{"total":0,"location_name":"Hipodroom","location_id":1}"
2026-09-24 20:24:01,+0300,3,T1,47,success,"{"total":47,"location_name":"T1 Shopping Mall","location_id":3}"
2026-09-24 20:24:01,+0300,9,Mustika,42,success,"{"total":42,"location_name":"Mustika","location_id":9}"
2026-09-24 20:24:01,+0300,10,Suur-Paala,20,success,"{"total":20,"location_name":"Suur-Paala","location_id":10}"
2026-09-24 20:26:02,+0300,1,Hipodroom,0,success,"{"total":0,"location_name":"Hipodroom","location_id":1}"
2026-09-24 20:26:02,+0300,3,T1,47,success,"{"total":47,"location_name":"T1 Shopping Mall","location_id":3}"
2026-09-24 20:26:02,+0300,9,Mustika,39,success,"{"total":39,"location_name":"Mustika","location_id":9}"
2026-09-24 20:26:02,+0300,10,Suur-Paala,20,success,"{"total":20,"location_name":"Suur-Paala","location_id":10}"
2026-09-24 20:28:02,+0300,1,Hipodroom,0,success,"{"total":0,"location_name":"Hipodroom","location_id":1}"
2026-09-24 20:28:02,+0300,3,T1,47,success,"{"total":47,"location_name":"T1 Shopping Mall","location_id":3}"
2026-09-24 20:28:02,+0300,9,Mustika,39,success,"{"total":39,"location_name":"Mustika","location_id":9}"
2026-09-24 20:28:02,+0300,10,Suur-Paala,20,success,"{"total":20,"location_name":"Suur-Paala","location_id":10}"
2026-09-24 20:30:03,+0300,1,Hipodroom,0,success,"{"total":0,"location_name":"Hipodroom","location_id":1}"
2026-09-24 20:30:03,+0300,3,T1,47,success,"{"total":47,"location_name":"T1 Shopping Mall","location_id":3}"
2026-09-24 20:30:03,+0300,9,Mustika,39,success,"{"total":39,"location_name":"Mustika","location_id":9}"
2026-09-24 20:30:03,+0300,10,Suur-Paala,20,success,"{"total":20,"location_name":"Suur-Paala","location_id":10}"
2026-09-24 20:32:04,+0300,1,Hipodroom,0,success,"{"total":0,"location_name":"Hipodroom","location_id":1}"
2026-09-24 20:32:04,+0300,3,T1,42,success,"{"total":42,"location_name":"T1 Shopping Mall","location_id":3}"
2026-09-24 20:32:04,+0300,9,Mustika,40,success,"{"total":40,"location_name":"Mustika","location_id":9}"
2026-09-24 20:32:04,+0300,10,Suur-Paala,20,success,"{"total":20,"location_name":"Suur-Paala","location_id":10}"
2026-09-24 20:34:04,+0300,1,Hipodroom,0,success,"{"total":0,"location_name":"Hipodroom","location_id":1}"
2026-09-24 20:34:04,+0300,3,T1,42,success,"{"total":42,"location_name":"T1 Shopping Mall","location_id":3}"
2026-09-24 20:34:04,+0300,9,Mustika,40,success,"{"total":40,"location_name":"Mustika","location_id":9}"
2026-09-24 20:34:04,+0300,10,Suur-Paala,20,success,"{"total":20,"location_name":"Suur-Paala","location_id":10}"
2026-09-24 20:36:04,+0300,1,Hipodroom,0,success,"{"total":0,"location_name":"Hipodroom","location_id":1}"
2026-09-24 20:36:04,+0300,3,T1,42,success,"{"total":42,"location_name":"T1 Shopping Mall","location_id":3}"
2026-09-24 20:36:04,+0300,9,Mustika,40,success,"{"total":40,"location_name":"Mustika","location_id":9}"
2026-09-24 20:36:04,+0300,10,Suur-Paala,20,success,"{"total":20,"location_name":"Suur-Paala","location_id":10}"
2026-09-24 20:38:05,+0300,1,Hipodroom,0,success,"{"total":0,"location_name":"Hipodroom","location_id":1}"
2026-09-24 20:38:05,+0300,3,T1,40,success,"{"total":40,"location_name":"T1 Shopping Mall","location_id":3}"
2026-09-24 20:38:05,+0300,9,Mustika,37,success,"{"total":37,"location_name":"Mustika","location_id":9}"
2026-09-24 20:38:05,+0300,10,Suur-Paala,20,success,"{"total":20,"location_name":"Suur-Paala","location_id":10}"
2026-09-24 20:40:07,+0300,1,Hipodroom,0,success,"{"total":0,"location_name":"Hipodroom","location_id":1}"
2026-09-24 20:40:07,+0300,3,T1,40,success,"{"total":40,"location_name":"T1 Shopping Mall","location_id":3}"
2026-09-24 20:40:07,+0300,9,Mustika,37,success,"{"total":37,"location_name":"Mustika","location_id":9}"
2026-09-24 20:40:07,+0300,10,Suur-Paala,20,success,"{"total":20,"location_name":"Suur-Paala","location_id":10}"
2026-09-24 20:42:07,+0300,1,Hipodroom,0,success,"{"total":0,"location_name":"Hipodroom","location_id":1}"
2026-09-24 20:42:07,+0300,3,T1,40,success,"{"total":40,"location_name":"T1 Shopping Mall","location_id":3}"
2026-09-24 20:42:07,+0300,9,Mustika,37,success,"{"total":37,"location_name":"Mustika","location_id":9}"
2026-09-24 20:42:07,+0300,10,Suur-Paala,19,success,"{"total":19,"location_name":"Suur-Paala","location_id":10}"
2026-09-24 20:44:08,+0300,1,Hipodroom,0,success,"{"total":0,"location_name":"Hipodroom","location_id":1}"
2026-09-24 20:44:08,+0300,3,T1,37,success,"{"total":37,"location_name":"T1 Shopping Mall","location_id":3}"
2026-09-24 20:44:08,+0300,9,Mustika,35,success,"{"total":35,"location_name":"Mustika","location_id":9}"
2026-09-24 20:44:08,+0300,10,Suur-Paala,19,success,"{"total":19,"location_name":"Suur-Paala","location_id":10}"
2026-09-24 20:46:08,+0300,1,Hipodroom,0,success,"{"total":0,"location_name":"Hipodroom","location_id":1}"
2026-09-24 20:46:08,+0300,3,T1,37,success,"{"total":37,"location_name":"T1 Shopping Mall","location_id":3}"
2026-09-24 20:46:08,+0300,9,Mustika,35,success,"{"total":35,"location_name":"Mustika","location_id":9}"
2026-09-24 20:46:08,+0300,10,Suur-Paala,19,success,"{"total":19,"location_name":"Suur-Paala","location_id":10}"
2026-09-24 20:48:09,+0300,1,Hipodroom,0,success,"{"total":0,"location_name":"Hipodroom","location_id":1}"
2026-09-24 20:48:09,+0300,3,T1,37,success,"{"total":37,"location_name":"T1 Shopping Mall","location_id":3}"
2026-09-24 20:48:09,+0300,9,Mustika,35,success,"{"total":35,"location_name":"Mustika","location_id":9}"
2026-09-24 20:48:09,+0300,10,Suur-Paala,16,success,"{"total":16,"location_name":"Suur-Paala","location_id":10}"
2026-09-24 20:50:09,+0300,1,Hipodroom,0,success,"{"total":0,"location_name":"Hipodroom","location_id":1}"
2026-09-24 20:50:09,+0300,3,T1,33,success,"{"total":33,"location_name":"T1 Shopping Mall","location_id":3}"
2026-09-24 20:50:09,+0300,9,Mustika,34,success,"{"total":34,"location_name":"Mustika","location_id":9}"
2026-09-24 20:50:09,+0300,10,Suur-Paala,16,success,"{"total":16,"location_name":"Suur-Paala","location_id":10}"
2026-09-24 20:52:11,+0300,1,Hipodroom,0,success,"{"total":0,"location_name":"Hipodroom","location_id":1}"
2026-09-24 20:52:11,+0300,3,T1,33,success,"{"total":33,"location_name":"T1 Shopping Mall","location_id":3}"
2026-09-24 20:52:11,+0300,9,Mustika,34,success,"{"total":34,"location_name":"Mustika","location_id":9}"
2026-09-24 20:52:11,+0300,10,Suur-Paala,16,success,"{"total":16,"location_name":"Suur-Paala","location_id":10}"
2026-09-24 20:54:11,+0300,1,Hipodroom,0,success,"{"total":0,"location_name":"Hipodroom","location_id":1}"
2026-09-24 20:54:11,+0300,3,T1,32,success,"{"total":32,"location_name":"T1 Shopping Mall","location_id":3}"
2026-09-24 20:54:11,+0300,9,Mustika,32,success,"{"total":32,"location_name":"Mustika","location_id":9}"
2026-09-24 20:54:11,+0300,10,Suur-Paala,14,success,"{"total":14,"location_name":"Suur-Paala","location_id":10}"
2026-09-24 20:56:12,+0300,1,Hipodroom,0,success,"{"total":0,"location_name":"Hipodroom","location_id":1}"
2026-09-24 20:56:12,+0300,3,T1,32,success,"{"total":32,"location_name":"T1 Shopping Mall","location_id":3}"
2026-09-24 20:56:12,+0300,9,Mustika,32,success,"{"total":32,"location_name":"Mustika","location_id":9}"
2026-09-24 20:56:12,+0300,10,Suur-Paala,14,success,"{"total":14,"location_name":"Suur-Paala","location_id":10}"
2026-09-24 20:58:12,+0300,1,Hipodroom,0,success,"{"total":0,"location_name":"Hipodroom","location_id":1}"
2026-09-24 20:58:12,+0300,3,T1,32,success,"{"total":32,"location_name":"T1 Shopping Mall","location_id":3}"
2026-09-24 20:58:12,+0300,9,Mustika,32,success,"{"total":32,"location_name":"Mustika","location_id":9}"
2026-09-24 20:58:12,+0300,10,Suur-Paala,14,success,"{"total":14,"location_name":"Suur-Paala","location_id":10}"
2026-09-24 21:00:13,+0300,1,Hipodroom,0,success,"{"total":0,"location_name":"Hipodroom","location_id":1}"
2026-09-24 21:00:13,+0300,3,T1,31,success,"{"total":31,"location_name":"T1 Shopping Mall","location_id":3}"
2026-09-24 21:00:13,+0300,9,Mustika,32,success,"{"total":32,"location_name":"Mustika","location_id":9}"
2026-09-24 21:00:13,+0300,10,Suur-Paala,14,success,"{"total":14,"location_name":"Suur-Paala","location_id":10}"
2026-09-24 21:02:14,+0300,1,Hipodroom,0,success,"{"total":0,"location_name":"Hipodroom","location_id":1}"
2026-09-24 21:02:14,+0300,3,T1,31,success,"{"total":31,"location_name":"T1 Shopping Mall","location_id":3}"
2026-09-24 21:02:14,+0300,9,Mustika,32,success,"{"total":32,"location_name":"Mustika","location_id":9}"
2026-09-24 21:02:14,+0300,10,Suur-Paala,14,success,"{"total":14,"location_name":"Suur-Paala","location_id":10}"
2026-09-24 21:04:14,+0300,1,Hipodroom,0,success,"{"total":0,"location_name":"Hipodroom","location_id":1}"
2026-09-24 21:04:14,+0300,3,T1,31,success,"{"total":31,"location_name":"T1 Shopping Mall","location_id":3}"
2026-09-24 21:04:14,+0300,9,Mustika,32,success,"{"total":32,"location_name":"Mustika","location_id":9}"
2026-09-24 21:04:14,+0300,10,Suur-Paala,14,success,"{"total":14,"location_name":"Suur-Paala","location_id":10}"
2026-09-24 21:06:15,+0300,1,Hipodroom,0,success,"{"total":0,"location_name":"Hipodroom","location_id":1}"
2026-09-24 21:06:15,+0300,3,T1,28,success,"{"total":28,"location_name":"T1 Shopping Mall","location_id":3}"
2026-09-24 21:06:15,+0300,9,Mustika,31,success,"{"total":31,"location_name":"Mustika","location_id":9}"
2026-09-24 21:06:15,+0300,10,Suur-Paala,14,success,"{"total":14,"location_name":"Suur-Paala","location_id":10}"
2026-09-24 21:08:16,+0300,1,Hipodroom,0,success,"{"total":0,"location_name":"Hipodroom","location_id":1}"
2026-09-24 21:08:16,+0300,3,T1,28,success,"{"total":28,"location_name":"T1 Shopping Mall","location_id":3}"
2026-09-24 21:08:16,+0300,9,Mustika,31,success,"{"total":31,"location_name":"Mustika","location_id":9}"
2026-09-24 21:08:16,+0300,10,Suur-Paala,14,success,"{"total":14,"location_name":"Suur-Paala","location_id":10}"
2026-09-24 21:10:16,+0300,1,Hipodroom,0,success,"{"total":0,"location_name":"Hipodroom","location_id":1}"
2026-09-24 21:10:16,+0300,3,T1,28,success,"{"total":28,"location_name":"T1 Shopping Mall","location_id":3}"
2026-09-24 21:10:16,+0300,9,Mustika,31,success,"{"total":31,"location_name":"Mustika","location_id":9}"
2026-09-24 21:10:16,+0300,10,Suur-Paala,14,success,"{"total":14,"location_name":"Suur-Paala","location_id":10}"
2026-09-24 21:12:17,+0300,1,Hipodroom,0,success,"{"total":0,"location_name":"Hipodroom","location_id":1}"
2026-09-24 21:12:17,+0300,3,T1,27,success,"{"total":27,"location_name":"T1 Shopping Mall","location_id":3}"
2026-09-24 21:12:17,+0300,9,Mustika,29,success,"{"total":29,"location_name":"Mustika","location_id":9}"
2026-09-24 21:12:17,+0300,10,Suur-Paala,14,success,"{"total":14,"location_name":"Suur-Paala","location_id":10}"
2026-09-24 21:14:18,+0300,1,Hipodroom,0,success,"{"total":0,"location_name":"Hipodroom","location_id":1}"
2026-09-24 21:14:18,+0300,3,T1,27,success,"{"total":27,"location_name":"T1 Shopping Mall","location_id":3}"
2026-09-24 21:14:18,+0300,9,Mustika,29,success,"{"total":29,"location_name":"Mustika","location_id":9}"
2026-09-24 21:14:18,+0300,10,Suur-Paala,14,success,"{"total":14,"location_name":"Suur-Paala","location_id":10}"
2026-09-24 21:16:18,+0300,1,Hipodroom,0,success,"{"total":0,"location_name":"Hipodroom","location_id":1}"
2026-09-24 21:16:18,+0300,3,T1,27,success,"{"total":27,"location_name":"T1 Shopping Mall","location_id":3}"
2026-09-24 21:16:18,+0300,9,Mustika,29,success,"{"total":29,"location_name":"Mustika","location_id":9}"
2026-09-24 21:16:18,+0300,10,Suur-Paala,14,success,"{"total":14,"location_name":"Suur-Paala","location_id":10}"
2026-09-24 21:18:19,+0300,1,Hipodroom,0,success,"{"total":0,"location_name":"Hipodroom","location_id":1}"
2026-09-24 21:18:19,+0300,3,T1,25,success,"{"total":25,"location_name":"T1 Shopping Mall","location_id":3}"
2026-09-24 21:18:19,+0300,9,Mustika,28,success,"{"total":28,"location_name":"Mustika","location_id":9}"
2026-09-24 21:18:19,+0300,10,Suur-Paala,12,success,"{"total":12,"location_name":"Suur-Paala","location_id":10}"
2026-09-24 21:20:19,+0300,1,Hipodroom,0,success,"{"total":0,"location_name":"Hipodroom","location_id":1}"
2026-09-24 21:20:19,+0300,3,T1,25,success,"{"total":25,"location_name":"T1 Shopping Mall","location_id":3}"
2026-09-24 21:20:19,+0300,9,Mustika,28,success,"{"total":28,"location_name":"Mustika","location_id":9}"
2026-09-24 21:20:19,+0300,10,Suur-Paala,12,success,"{"total":12,"location_name":"Suur-Paala","location_id":10}"
2026-09-24 21:22:20,+0300,1,Hipodroom,0,success,"{"total":0,"location_name":"Hipodroom","location_id":1}"
2026-09-24 21:22:20,+0300,3,T1,25,success,"{"total":25,"location_name":"T1 Shopping Mall","location_id":3}"
2026-09-24 21:22:20,+0300,9,Mustika,28,success,"{"total":28,"location_name":"Mustika","location_id":9}"
2026-09-24 21:22:20,+0300,10,Suur-Paala,12,success,"{"total":12,"location_name":"Suur-Paala","location_id":10}"
2026-09-24 21:24:20,+0300,1,Hipodroom,0,success,"{"total":0,"location_name":"Hipodroom","location_id":1}"
2026-09-24 21:24:20,+0300,3,T1,23,success,"{"total":23,"location_name":"T1 Shopping Mall","location_id":3}"
2026-09-24 21:24:20,+0300,9,Mustika,27,success,"{"total":27,"location_name":"Mustika","location_id":9}"
2026-09-24 21:24:20,+0300,10,Suur-Paala,12,success,"{"total":12,"location_name":"Suur-Paala","location_id":10}"
2026-09-24 21:26:21,+0300,1,Hipodroom,0,success,"{"total":0,"location_name":"Hipodroom","location_id":1}"
2026-09-24 21:26:21,+0300,3,T1,23,success,"{"total":23,"location_name":"T1 Shopping Mall","location_id":3}"
2026-09-24 21:26:21,+0300,9,Mustika,27,success,"{"total":27,"location_name":"Mustika","location_id":9}"
2026-09-24 21:26:21,+0300,10,Suur-Paala,12,success,"{"total":12,"location_name":"Suur-Paala","location_id":10}"
2026-09-24 21:28:22,+0300,1,Hipodroom,0,success,"{"total":0,"location_name":"Hipodroom","location_id":1}"
2026-09-24 21:28:22,+0300,3,T1,23,success,"{"total":23,"location_name":"T1 Shopping Mall","location_id":3}"
2026-09-24 21:28:22,+0300,9,Mustika,27,success,"{"total":27,"location_name":"Mustika","location_id":9}"
2026-09-24 21:28:22,+0300,10,Suur-Paala,12,success,"{"total":12,"location_name":"Suur-Paala","location_id":10}"
2026-09-24 21:30:22,+0300,1,Hipodroom,0,success,"{"total":0,"location_name":"Hipodroom","location_id":1}"
2026-09-24 21:30:22,+0300,3,T1,23,success,"{"total":23,"location_name":"T1 Shopping Mall","location_id":3}"
2026-09-24 21:30:22,+0300,9,Mustika,26,success,"{"total":26,"location_name":"Mustika","location_id":9}"
2026-09-24 21:30:22,+0300,10,Suur-Paala,11,success,"{"total":11,"location_name":"Suur-Paala","location_id":10}"
2026-09-24 21:32:23,+0300,1,Hipodroom,0,success,"{"total":0,"location_name":"Hipodroom","location_id":1}"
2026-09-24 21:32:23,+0300,3,T1,23,success,"{"total":23,"location_name":"T1 Shopping Mall","location_id":3}"
2026-09-24 21:32:23,+0300,9,Mustika,26,success,"{"total":26,"location_name":"Mustika","location_id":9}"
2026-09-24 21:32:23,+0300,10,Suur-Paala,11,success,"{"total":11,"location_name":"Suur-Paala","location_id":10}"
2026-09-24 21:34:23,+0300,1,Hipodroom,0,success,"{"total":0,"location_name":"Hipodroom","location_id":1}"
2026-09-24 21:34:23,+0300,3,T1,23,success,"{"total":23,"location_name":"T1 Shopping Mall","location_id":3}"
2026-09-24 21:34:23,+0300,9,Mustika,26,success,"{"total":26,"location_name":"Mustika","location_id":9}"
2026-09-24 21:34:23,+0300,10,Suur-Paala,11,success,"{"total":11,"location_name":"Suur-Paala","location_id":10}"
2026-09-24 21:36:24,+0300,1,Hipodroom,0,success,"{"total":0,"location_name":"Hipodroom","location_id":1}"
2026-09-24 21:36:24,+0300,3,T1,24,success,"{"total":24,"location_name":"T1 Shopping Mall","location_id":3}"
2026-09-24 21:36:24,+0300,9,Mustika,25,success,"{"total":25,"location_name":"Mustika","location_id":9}"
2026-09-24 21:36:24,+0300,10,Suur-Paala,10,success,"{"total":10,"location_name":"Suur-Paala","location_id":10}"
2026-09-24 21:38:24,+0300,1,Hipodroom,0,success,"{"total":0,"location_name":"Hipodroom","location_id":1}"
2026-09-24 21:38:24,+0300,3,T1,24,success,"{"total":24,"location_name":"T1 Shopping Mall","location_id":3}"
2026-09-24 21:38:24,+0300,9,Mustika,25,success,"{"total":25,"location_name":"Mustika","location_id":9}"
2026-09-24 21:38:24,+0300,10,Suur-Paala,10,success,"{"total":10,"location_name":"Suur-Paala","location_id":10}"
2026-09-24 21:40:25,+0300,1,Hipodroom,0,success,"{"total":0,"location_name":"Hipodroom","location_id":1}"
2026-09-24 21:40:25,+0300,3,T1,24,success,"{"total":24,"location_name":"T1 Shopping Mall","location_id":3}"
2026-09-24 21:40:25,+0300,9,Mustika,25,success,"{"total":25,"location_name":"Mustika","location_id":9}"
2026-09-24 21:40:25,+0300,10,Suur-Paala,10,success,"{"total":10,"location_name":"Suur-Paala","location_id":10}"
2026-09-24 21:42:25,+0300,1,Hipodroom,0,success,"{"total":0,"location_name":"Hipodroom","location_id":1}"
2026-09-24 21:42:25,+0300,3,T1,24,success,"{"total":24,"location_name":"T1 Shopping Mall","location_id":3}"
2026-09-24 21:42:25,+0300,9,Mustika,24,success,"{"total":24,"location_name":"Mustika","location_id":9}"
2026-09-24 21:42:25,+0300,10,Suur-Paala,8,success,"{"total":8,"location_name":"Suur-Paala","location_id":10}"
2026-09-24 21:44:26,+0300,1,Hipodroom,0,success,"{"total":0,"location_name":"Hipodroom","location_id":1}"
2026-09-24 21:44:26,+0300,3,T1,24,success,"{"total":24,"location_name":"T1 Shopping Mall","location_id":3}"
2026-09-24 21:44:26,+0300,9,Mustika,24,success,"{"total":24,"location_name":"Mustika","location_id":9}"
2026-09-24 21:44:26,+0300,10,Suur-Paala,8,success,"{"total":8,"location_name":"Suur-Paala","location_id":10}"
2026-09-24 21:46:26,+0300,1,Hipodroom,0,success,"{"total":0,"location_name":"Hipodroom","location_id":1}"
2026-09-24 21:46:26,+0300,3,T1,24,success,"{"total":24,"location_name":"T1 Shopping Mall","location_id":3}"
2026-09-24 21:46:26,+0300,9,Mustika,24,success,"{"total":24,"location_name":"Mustika","location_id":9}"
2026-09-24 21:46:26,+0300,10,Suur-Paala,8,success,"{"total":8,"location_name":"Suur-Paala","location_id":10}"
2026-09-24 21:48:27,+0300,1,Hipodroom,0,success,"{"total":0,"location_name":"Hipodroom","location_id":1}"
2026-09-24 21:48:27,+0300,3,T1,23,success,"{"total":23,"location_name":"T1 Shopping Mall","location_id":3}"
2026-09-24 21:48:27,+0300,9,Mustika,21,success,"{"total":21,"location_name":"Mustika","location_id":9}"
2026-09-24 21:48:27,+0300,10,Suur-Paala,7,success,"{"total":7,"location_name":"Suur-Paala","location_id":10}"
2026-09-24 21:50:27,+0300,1,Hipodroom,0,success,"{"total":0,"location_name":"Hipodroom","location_id":1}"
2026-09-24 21:50:27,+0300,3,T1,23,success,"{"total":23,"location_name":"T1 Shopping Mall","location_id":3}"
2026-09-24 21:50:27,+0300,9,Mustika,21,success,"{"total":21,"location_name":"Mustika","location_id":9}"
2026-09-24 21:50:27,+0300,10,Suur-Paala,7,success,"{"total":7,"location_name":"Suur-Paala","location_id":10}"
2026-09-24 21:52:28,+0300,1,Hipodroom,0,success,"{"total":0,"location_name":"Hipodroom","location_id":1}"
2026-09-24 21:52:28,+0300,3,T1,23,success,"{"total":23,"location_name":"T1 Shopping Mall","location_id":3}"
2026-09-24 21:52:28,+0300,9,Mustika,21,success,"{"total":21,"location_name":"Mustika","location_id":9}"
2026-09-24 21:52:28,+0300,10,Suur-Paala,7,success,"{"total":7,"location_name":"Suur-Paala","location_id":10}"
2026-09-24 21:54:28,+0300,1,Hipodroom,0,success,"{"total":0,"location_name":"Hipodroom","location_id":1}"
2026-09-24 21:54:28,+0300,3,T1,23,success,"{"total":23,"location_name":"T1 Shopping Mall","location_id":3}"
2026-09-24 21:54:28,+0300,9,Mustika,19,success,"{"total":19,"location_name":"Mustika","location_id":9}"
2026-09-24 21:54:28,+0300,10,Suur-Paala,4,success,"{"total":4,"location_name":"Suur-Paala","location_id":10}"
2026-09-24 21:56:29,+0300,1,Hipodroom,0,success,"{"total":0,"location_name":"Hipodroom","location_id":1}"
2026-09-24 21:56:29,+0300,3,T1,23,success,"{"total":23,"location_name":"T1 Shopping Mall","location_id":3}"
2026-09-24 21:56:29,+0300,9,Mustika,19,success,"{"total":19,"location_name":"Mustika","location_id":9}"
2026-09-24 21:56:29,+0300,10,Suur-Paala,4,success,"{"total":4,"location_name":"Suur-Paala","location_id":10}"
2026-09-24 21:58:29,+0300,1,Hipodroom,0,success,"{"total":0,"location_name":"Hipodroom","location_id":1}"
2026-09-24 21:58:29,+0300,3,T1,23,success,"{"total":23,"location_name":"T1 Shopping Mall","location_id":3}"
2026-09-24 21:58:29,+0300,9,Mustika,19,success,"{"total":19,"location_name":"Mustika","location_id":9}"
2026-09-24 21:58:29,+0300,10,Suur-Paala,4,success,"{"total":4,"location_name":"Suur-Paala","location_id":10}"
2026-09-24 22:00:30,+0300,1,Hipodroom,0,success,"{"total":0,"location_name":"Hipodroom","location_id":1}"
2026-09-24 22:00:30,+0300,3,T1,20,success,"{"total":20,"location_name":"T1 Shopping Mall","location_id":3}"
2026-09-24 22:00:30,+0300,9,Mustika,18,success,"{"total":18,"location_name":"Mustika","location_id":9}"
2026-09-24 22:00:30,+0300,10,Suur-Paala,3,success,"{"total":3,"location_name":"Suur-Paala","location_id":10}"
2026-09-24 22:02:30,+0300,1,Hipodroom,0,success,"{"total":0,"location_name":"Hipodroom","location_id":1}"
2026-09-24 22:02:30,+0300,3,T1,20,success,"{"total":20,"location_name":"T1 Shopping Mall","location_id":3}"
2026-09-24 22:02:30,+0300,9,Mustika,18,success,"{"total":18,"location_name":"Mustika","location_id":9}"
2026-09-24 22:02:30,+0300,10,Suur-Paala,3,success,"{"total":3,"location_name":"Suur-Paala","location_id":10}"
2026-09-24 22:04:31,+0300,1,Hipodroom,0,success,"{"total":0,"location_name":"Hipodroom","location_id":1}"
2026-09-24 22:04:31,+0300,3,T1,20,success,"{"total":20,"location_name":"T1 Shopping Mall","location_id":3}"
2026-09-24 22:04:31,+0300,9,Mustika,18,success,"{"total":18,"location_name":"Mustika","location_id":9}"
2026-09-24 22:04:31,+0300,10,Suur-Paala,3,success,"{"total":3,"location_name":"Suur-Paala","location_id":10}"
2026-09-24 22:06:32,+0300,1,Hipodroom,0,success,"{"total":0,"location_name":"Hipodroom","location_id":1}"
2026-09-24 22:06:32,+0300,3,T1,17,success,"{"total":17,"location_name":"T1 Shopping Mall","location_id":3}"
2026-09-24 22:06:32,+0300,9,Mustika,16,success,"{"total":16,"location_name":"Mustika","location_id":9}"
2026-09-24 22:06:32,+0300,10,Suur-Paala,3,success,"{"total":3,"location_name":"Suur-Paala","location_id":10}"
2026-09-24 22:08:32,+0300,1,Hipodroom,0,success,"{"total":0,"location_name":"Hipodroom","location_id":1}"
2026-09-24 22:08:32,+0300,3,T1,17,success,"{"total":17,"location_name":"T1 Shopping Mall","location_id":3}"
2026-09-24 22:08:32,+0300,9,Mustika,16,success,"{"total":16,"location_name":"Mustika","location_id":9}"
2026-09-24 22:08:32,+0300,10,Suur-Paala,3,success,"{"total":3,"location_name":"Suur-Paala","location_id":10}"
2026-09-24 22:10:32,+0300,1,Hipodroom,0,success,"{"total":0,"location_name":"Hipodroom","location_id":1}"
2026-09-24 22:10:32,+0300,3,T1,17,success,"{"total":17,"location_name":"T1 Shopping Mall","location_id":3}"
2026-09-24 22:10:32,+0300,9,Mustika,16,success,"{"total":16,"location_name":"Mustika","location_id":9}"
2026-09-24 22:10:32,+0300,10,Suur-Paala,3,success,"{"total":3,"location_name":"Suur-Paala","location_id":10}"
2026-09-24 22:12:33,+0300,1,Hipodroom,0,success,"{"total":0,"location_name":"Hipodroom","location_id":1}"
2026-09-24 22:12:33,+0300,3,T1,15,success,"{"total":15,"location_name":"T1 Shopping Mall","location_id":3}"
2026-09-24 22:12:33,+0300,9,Mustika,16,success,"{"total":16,"location_name":"Mustika","location_id":9}"
2026-09-24 22:12:33,+0300,10,Suur-Paala,2,success,"{"total":2,"location_name":"Suur-Paala","location_id":10}"
2026-09-24 22:14:34,+0300,1,Hipodroom,0,success,"{"total":0,"location_name":"Hipodroom","location_id":1}"
2026-09-24 22:14:34,+0300,3,T1,15,success,"{"total":15,"location_name":"T1 Shopping Mall","location_id":3}"
2026-09-24 22:14:34,+0300,9,Mustika,16,success,"{"total":16,"location_name":"Mustika","location_id":9}"
2026-09-24 22:14:34,+0300,10,Suur-Paala,2,success,"{"total":2,"location_name":"Suur-Paala","location_id":10}"
2026-09-24 22:16:34,+0300,1,Hipodroom,0,success,"{"total":0,"location_name":"Hipodroom","location_id":1}"
2026-09-24 22:16:34,+0300,3,T1,15,success,"{"total":15,"location_name":"T1 Shopping Mall","location_id":3}"
2026-09-24 22:16:34,+0300,9,Mustika,16,success,"{"total":16,"location_name":"Mustika","location_id":9}"
2026-09-24 22:16:34,+0300,10,Suur-Paala,2,success,"{"total":2,"location_name":"Suur-Paala","location_id":10}"
2026-09-24 22:18:34,+0300,1,Hipodroom,0,success,"{"total":0,"location_name":"Hipodroom","location_id":1}"
2026-09-24 22:18:34,+0300,3,T1,15,success,"{"total":15,"location_name":"T1 Shopping Mall","location_id":3}"
2026-09-24 22:18:34,+0300,9,Mustika,14,success,"{"total":14,"location_name":"Mustika","location_id":9}"
2026-09-24 22:18:34,+0300,10,Suur-Paala,1,success,"{"total":1,"location_name":"Suur-Paala","location_id":10}"
2026-09-24 22:20:35,+0300,1,Hipodroom,0,success,"{"total":0,"location_name":"Hipodroom","location_id":1}"
2026-09-24 22:20:35,+0300,3,T1,15,success,"{"total":15,"location_name":"T1 Shopping Mall","location_id":3}"
2026-09-24 22:20:35,+0300,9,Mustika,14,success,"{"total":14,"location_name":"Mustika","location_id":9}"
2026-09-24 22:20:35,+0300,10,Suur-Paala,1,success,"{"total":1,"location_name":"Suur-Paala","location_id":10}"
2026-09-24 22:22:35,+0300,1,Hipodroom,0,success,"{"total":0,"location_name":"Hipodroom","location_id":1}"
2026-09-24 22:22:35,+0300,3,T1,15,success,"{"total":15,"location_name":"T1 Shopping Mall","location_id":3}"
2026-09-24 22:22:35,+0300,9,Mustika,14,success,"{"total":14,"location_name":"Mustika","location_id":9}"
2026-09-24 22:22:35,+0300,10,Suur-Paala,1,success,"{"total":1,"location_name":"Suur-Paala","location_id":10}"
2026-09-24 22:24:36,+0300,1,Hipodroom,0,success,"{"total":0,"location_name":"Hipodroom","location_id":1}"
2026-09-24 22:24:36,+0300,3,T1,14,success,"{"total":14,"location_name":"T1 Shopping Mall","location_id":3}"
2026-09-24 22:24:36,+0300,9,Mustika,13,success,"{"total":13,"location_name":"Mustika","location_id":9}"
2026-09-24 22:24:36,+0300,10,Suur-Paala,1,success,"{"total":1,"location_name":"Suur-Paala","location_id":10}"
2026-09-24 22:26:37,+0300,1,Hipodroom,0,success,"{"total":0,"location_name":"Hipodroom","location_id":1}"
2026-09-24 22:26:37,+0300,3,T1,14,success,"{"total":14,"location_name":"T1 Shopping Mall","location_id":3}"
2026-09-24 22:26:37,+0300,9,Mustika,13,success,"{"total":13,"location_name":"Mustika","location_id":9}"
2026-09-24 22:26:37,+0300,10,Suur-Paala,1,success,"{"total":1,"location_name":"Suur-Paala","location_id":10}"
2026-09-24 22:28:37,+0300,1,Hipodroom,0,success,"{"total":0,"location_name":"Hipodroom","location_id":1}"
2026-09-24 22:28:37,+0300,3,T1,14,success,"{"total":14,"location_name":"T1 Shopping Mall","location_id":3}"
2026-09-24 22:28:37,+0300,9,Mustika,13,success,"{"total":13,"location_name":"Mustika","location_id":9}"
2026-09-24 22:28:37,+0300,10,Suur-Paala,1,success,"{"total":1,"location_name":"Suur-Paala","location_id":10}"
2026-09-24 22:30:37,+0300,1,Hipodroom,0,success,"{"total":0,"location_name":"Hipodroom","location_id":1}"
2026-09-24 22:30:37,+0300,3,T1,13,success,"{"total":13,"location_name":"T1 Shopping Mall","location_id":3}"
2026-09-24 22:30:37,+0300,9,Mustika,12,success,"{"total":12,"location_name":"Mustika","location_id":9}"
2026-09-24 22:30:37,+0300,10,Suur-Paala,1,success,"{"total":1,"location_name":"Suur-Paala","location_id":10}"
2026-09-24 22:32:38,+0300,1,Hipodroom,0,success,"{"total":0,"location_name":"Hipodroom","location_id":1}"
2026-09-24 22:32:38,+0300,3,T1,13,success,"{"total":13,"location_name":"T1 Shopping Mall","location_id":3}"
2026-09-24 22:32:38,+0300,9,Mustika,12,success,"{"total":12,"location_name":"Mustika","location_id":9}"
2026-09-24 22:32:38,+0300,10,Suur-Paala,1,success,"{"total":1,"location_name":"Suur-Paala","location_id":10}"
2026-09-24 22:34:39,+0300,1,Hipodroom,0,success,"{"total":0,"location_name":"Hipodroom","location_id":1}"
2026-09-24 22:34:39,+0300,3,T1,13,success,"{"total":13,"location_name":"T1 Shopping Mall","location_id":3}"
2026-09-24 22:34:39,+0300,9,Mustika,12,success,"{"total":12,"location_name":"Mustika","location_id":9}"
2026-09-24 22:34:39,+0300,10,Suur-Paala,1,success,"{"total":1,"location_name":"Suur-Paala","location_id":10}"
2026-09-24 22:36:39,+0300,1,Hipodroom,0,success,"{"total":0,"location_name":"Hipodroom","location_id":1}"
2026-09-24 22:36:39,+0300,3,T1,13,success,"{"total":13,"location_name":"T1 Shopping Mall","location_id":3}"
2026-09-24 22:36:39,+0300,9,Mustika,11,success,"{"total":11,"location_name":"Mustika","location_id":9}"
2026-09-24 22:36:39,+0300,10,Suur-Paala,1,success,"{"total":1,"location_name":"Suur-Paala","location_id":10}"
2026-09-24 22:38:40,+0300,1,Hipodroom,0,success,"{"total":0,"location_name":"Hipodroom","location_id":1}"
2026-09-24 22:38:40,+0300,3,T1,13,success,"{"total":13,"location_name":"T1 Shopping Mall","location_id":3}"
2026-09-24 22:38:40,+0300,9,Mustika,11,success,"{"total":11,"location_name":"Mustika","location_id":9}"
2026-09-24 22:38:40,+0300,10,Suur-Paala,1,success,"{"total":1,"location_name":"Suur-Paala","location_id":10}"
2026-09-24 22:40:40,+0300,1,Hipodroom,0,success,"{"total":0,"location_name":"Hipodroom","location_id":1}"
2026-09-24 22:40:40,+0300,3,T1,13,success,"{"total":13,"location_name":"T1 Shopping Mall","location_id":3}"
2026-09-24 22:40:40,+0300,9,Mustika,11,success,"{"total":11,"location_name":"Mustika","location_id":9}"
2026-09-24 22:40:40,+0300,10,Suur-Paala,1,success,"{"total":1,"location_name":"Suur-Paala","location_id":10}"
2026-09-24 22:42:40,+0300,1,Hipodroom,0,success,"{"total":0,"location_name":"Hipodroom","location_id":1}"
2026-09-24 22:42:40,+0300,3,T1,13,success,"{"total":13,"location_name":"T1 Shopping Mall","location_id":3}"
2026-09-24 22:42:40,+0300,9,Mustika,11,success,"{"total":11,"location_name":"Mustika","location_id":9}"
2026-09-24 22:42:40,+0300,10,Suur-Paala,1,success,"{"total":1,"location_name":"Suur-Paala","location_id":10}"
2026-09-24 22:44:41,+0300,1,Hipodroom,0,success,"{"total":0,"location_name":"Hipodroom","location_id":1}"
2026-09-24 22:44:41,+0300,3,T1,13,success,"{"total":13,"location_name":"T1 Shopping Mall","location_id":3}"
2026-09-24 22:44:41,+0300,9,Mustika,11,success,"{"total":11,"location_name":"Mustika","location_id":9}"
2026-09-24 22:44:41,+0300,10,Suur-Paala,1,success,"{"total":1,"location_name":"Suur-Paala","location_id":10}"
2026-09-24 22:46:42,+0300,1,Hipodroom,0,success,"{"total":0,"location_name":"Hipodroom","location_id":1}"
2026-09-24 22:46:42,+0300,3,T1,13,success,"{"total":13,"location_name":"T1 Shopping Mall","location_id":3}"
2026-09-24 22:46:42,+0300,9,Mustika,11,success,"{"total":11,"location_name":"Mustika","location_id":9}"
2026-09-24 22:46:42,+0300,10,Suur-Paala,1,success,"{"total":1,"location_name":"Suur-Paala","location_id":10}"
2026-09-24 22:48:42,+0300,1,Hipodroom,0,success,"{"total":0,"location_name":"Hipodroom","location_id":1}"
2026-09-24 22:48:42,+0300,3,T1,10,success,"{"total":10,"location_name":"T1 Shopping Mall","location_id":3}"
2026-09-24 22:48:42,+0300,9,Mustika,10,success,"{"total":10,"location_name":"Mustika","location_id":9}"
2026-09-24 22:48:42,+0300,10,Suur-Paala,0,success,"{"total":0,"location_name":"Suur-Paala","location_id":10}"
2026-09-24 22:50:43,+0300,1,Hipodroom,0,success,"{"total":0,"location_name":"Hipodroom","location_id":1}"
2026-09-24 22:50:43,+0300,3,T1,10,success,"{"total":10,"location_name":"T1 Shopping Mall","location_id":3}"
2026-09-24 22:50:43,+0300,9,Mustika,10,success,"{"total":10,"location_name":"Mustika","location_id":9}"
2026-09-24 22:50:43,+0300,10,Suur-Paala,0,success,"{"total":0,"location_name":"Suur-Paala","location_id":10}"
2026-09-24 22:52:43,+0300,1,Hipodroom,0,success,"{"total":0,"location_name":"Hipodroom","location_id":1}"
2026-09-24 22:52:43,+0300,3,T1,10,success,"{"total":10,"location_name":"T1 Shopping Mall","location_id":3}"
2026-09-24 22:52:43,+0300,9,Mustika,10,success,"{"total":10,"location_name":"Mustika","location_id":9}"
2026-09-24 22:52:43,+0300,10,Suur-Paala,0,success,"{"total":0,"location_name":"Suur-Paala","location_id":10}"
2026-09-24 22:54:44,+0300,1,Hipodroom,0,success,"{"total":0,"location_name":"Hipodroom","location_id":1}"
2026-09-24 22:54:44,+0300,3,T1,11,success,"{"total":11,"location_name":"T1 Shopping Mall","location_id":3}"
2026-09-24 22:54:44,+0300,9,Mustika,10,success,"{"total":10,"location_name":"Mustika","location_id":9}"
2026-09-24 22:54:44,+0300,10,Suur-Paala,0,success,"{"total":0,"location_name":"Suur-Paala","location_id":10}"
2026-09-24 22:56:44,+0300,1,Hipodroom,0,success,"{"total":0,"location_name":"Hipodroom","location_id":1}"
2026-09-24 22:56:44,+0300,3,T1,11,success,"{"total":11,"location_name":"T1 Shopping Mall","location_id":3}"
2026-09-24 22:56:44,+0300,9,Mustika,10,success,"{"total":10,"location_name":"Mustika","location_id":9}"
2026-09-24 22:56:44,+0300,10,Suur-Paala,0,success,"{"total":0,"location_name":"Suur-Paala","location_id":10}"
2026-09-24 22:58:45,+0300,1,Hipodroom,0,success,"{"total":0,"location_name":"Hipodroom","location_id":1}"
2026-09-24 22:58:45,+0300,3,T1,11,success,"{"total":11,"location_name":"T1 Shopping Mall","location_id":3}"
2026-09-24 22:58:45,+0300,9,Mustika,10,success,"{"total":10,"location_name":"Mustika","location_id":9}"
2026-09-24 22:58:45,+0300,10,Suur-Paala,0,success,"{"total":0,"location_name":"Suur-Paala","location_id":10}"
2026-09-24 23:00:46,+0300,1,Hipodroom,0,success,"{"total":0,"location_name":"Hipodroom","location_id":1}"
2026-09-24 23:00:46,+0300,3,T1,11,success,"{"total":11,"location_name":"T1 Shopping Mall","location_id":3}"
2026-09-24 23:00:46,+0300,9,Mustika,8,success,"{"total":8,"location_name":"Mustika","location_id":9}"
2026-09-24 23:00:46,+0300,10,Suur-Paala,0,success,"{"total":0,"location_name":"Suur-Paala","location_id":10}"
2026-09-24 23:02:46,+0300,1,Hipodroom,0,success,"{"total":0,"location_name":"Hipodroom","location_id":1}"
2026-09-24 23:02:46,+0300,3,T1,11,success,"{"total":11,"location_name":"T1 Shopping Mall","location_id":3}"
2026-09-24 23:02:46,+0300,9,Mustika,8,success,"{"total":8,"location_name":"Mustika","location_id":9}"
2026-09-24 23:02:46,+0300,10,Suur-Paala,0,success,"{"total":0,"location_name":"Suur-Paala","location_id":10}"
2026-09-24 23:04:47,+0300,1,Hipodroom,0,success,"{"total":0,"location_name":"Hipodroom","location_id":1}"
2026-09-24 23:04:47,+0300,3,T1,11,success,"{"total":11,"location_name":"T1 Shopping Mall","location_id":3}"
2026-09-24 23:04:47,+0300,9,Mustika,8,success,"{"total":8,"location_name":"Mustika","location_id":9}"
2026-09-24 23:04:47,+0300,10,Suur-Paala,0,success,"{"total":0,"location_name":"Suur-Paala","location_id":10}"
2026-09-24 23:06:47,+0300,1,Hipodroom,0,success,"{"total":0,"location_name":"Hipodroom","location_id":1}"
2026-09-24 23:06:47,+0300,3,T1,9,success,"{"total":9,"location_name":"T1 Shopping Mall","location_id":3}"
2026-09-24 23:06:47,+0300,9,Mustika,8,success,"{"total":8,"location_name":"Mustika","location_id":9}"
2026-09-24 23:06:47,+0300,10,Suur-Paala,0,success,"{"total":0,"location_name":"Suur-Paala","location_id":10}"
2026-09-24 23:08:48,+0300,1,Hipodroom,0,success,"{"total":0,"location_name":"Hipodroom","location_id":1}"
2026-09-24 23:08:48,+0300,3,T1,9,success,"{"total":9,"location_name":"T1 Shopping Mall","location_id":3}"
2026-09-24 23:08:48,+0300,9,Mustika,8,success,"{"total":8,"location_name":"Mustika","location_id":9}"
2026-09-24 23:08:48,+0300,10,Suur-Paala,0,success,"{"total":0,"location_name":"Suur-Paala","location_id":10}"
2026-09-24 23:10:48,+0300,1,Hipodroom,0,success,"{"total":0,"location_name":"Hipodroom","location_id":1}"
2026-09-24 23:10:48,+0300,3,T1,9,success,"{"total":9,"location_name":"T1 Shopping Mall","location_id":3}"
2026-09-24 23:10:48,+0300,9,Mustika,8,success,"{"total":8,"location_name":"Mustika","location_id":9}"
2026-09-24 23:10:48,+0300,10,Suur-Paala,0,success,"{"total":0,"location_name":"Suur-Paala","location_id":10}"
2026-09-24 23:12:48,+0300,1,Hipodroom,0,success,"{"total":0,"location_name":"Hipodroom","location_id":1}"
2026-09-24 23:12:48,+0300,3,T1,9,success,"{"total":9,"location_name":"T1 Shopping Mall","location_id":3}"
2026-09-24 23:12:48,+0300,9,Mustika,7,success,"{"total":7,"location_name":"Mustika","location_id":9}"
2026-09-24 23:12:48,+0300,10,Suur-Paala,0,success,"{"total":0,"location_name":"Suur-Paala","location_id":10}"
2026-09-24 23:14:49,+0300,1,Hipodroom,0,success,"{"total":0,"location_name":"Hipodroom","location_id":1}"
2026-09-24 23:14:49,+0300,3,T1,9,success,"{"total":9,"location_name":"T1 Shopping Mall","location_id":3}"
2026-09-24 23:14:49,+0300,9,Mustika,7,success,"{"total":7,"location_name":"Mustika","location_id":9}"
2026-09-24 23:14:49,+0300,10,Suur-Paala,0,success,"{"total":0,"location_name":"Suur-Paala","location_id":10}"
2026-09-24 23:16:49,+0300,1,Hipodroom,0,success,"{"total":0,"location_name":"Hipodroom","location_id":1}"
2026-09-24 23:16:49,+0300,3,T1,9,success,"{"total":9,"location_name":"T1 Shopping Mall","location_id":3}"
2026-09-24 23:16:49,+0300,9,Mustika,7,success,"{"total":7,"location_name":"Mustika","location_id":9}"
2026-09-24 23:16:49,+0300,10,Suur-Paala,0,success,"{"total":0,"location_name":"Suur-Paala","location_id":10}"
2026-09-24 23:18:50,+0300,1,Hipodroom,0,success,"{"total":0,"location_name":"Hipodroom","location_id":1}"
2026-09-24 23:18:50,+0300,3,T1,9,success,"{"total":9,"location_name":"T1 Shopping Mall","location_id":3}"
2026-09-24 23:18:50,+0300,9,Mustika,7,success,"{"total":7,"location_name":"Mustika","location_id":9}"
2026-09-24 23:18:50,+0300,10,Suur-Paala,0,success,"{"total":0,"location_name":"Suur-Paala","location_id":10}"
2026-09-24 23:20:51,+0300,1,Hipodroom,0,success,"{"total":0,"location_name":"Hipodroom","location_id":1}"
2026-09-24 23:20:51,+0300,3,T1,9,success,"{"total":9,"location_name":"T1 Shopping Mall","location_id":3}"
2026-09-24 23:20:51,+0300,9,Mustika,7,success,"{"total":7,"location_name":"Mustika","location_id":9}"
2026-09-24 23:20:51,+0300,10,Suur-Paala,0,success,"{"total":0,"location_name":"Suur-Paala","location_id":10}"
2026-09-24 23:22:51,+0300,1,Hipodroom,0,success,"{"total":0,"location_name":"Hipodroom","location_id":1}"
2026-09-24 23:22:51,+0300,3,T1,9,success,"{"total":9,"location_name":"T1 Shopping Mall","location_id":3}"
2026-09-24 23:22:51,+0300,9,Mustika,7,success,"{"total":7,"location_name":"Mustika","location_id":9}"
2026-09-24 23:22:51,+0300,10,Suur-Paala,0,success,"{"total":0,"location_name":"Suur-Paala","location_id":10}"
2026-09-24 23:24:52,+0300,1,Hipodroom,0,success,"{"total":0,"location_name":"Hipodroom","location_id":1}"
2026-09-24 23:24:52,+0300,3,T1,8,success,"{"total":8,"location_name":"T1 Shopping Mall","location_id":3}"
2026-09-24 23:24:52,+0300,9,Mustika,4,success,"{"total":4,"location_name":"Mustika","location_id":9}"
2026-09-24 23:24:52,+0300,10,Suur-Paala,0,success,"{"total":0,"location_name":"Suur-Paala","location_id":10}"
2026-09-24 23:26:52,+0300,1,Hipodroom,0,success,"{"total":0,"location_name":"Hipodroom","location_id":1}"
2026-09-24 23:26:52,+0300,3,T1,8,success,"{"total":8,"location_name":"T1 Shopping Mall","location_id":3}"
2026-09-24 23:26:52,+0300,9,Mustika,4,success,"{"total":4,"location_name":"Mustika","location_id":9}"
2026-09-24 23:26:52,+0300,10,Suur-Paala,0,success,"{"total":0,"location_name":"Suur-Paala","location_id":10}"
2026-09-24 23:28:53,+0300,1,Hipodroom,0,success,"{"total":0,"location_name":"Hipodroom","location_id":1}"
2026-09-24 23:28:53,+0300,3,T1,8,success,"{"total":8,"location_name":"T1 Shopping Mall","location_id":3}"
2026-09-24 23:28:53,+0300,9,Mustika,4,success,"{"total":4,"location_name":"Mustika","location_id":9}"
2026-09-24 23:28:53,+0300,10,Suur-Paala,0,success,"{"total":0,"location_name":"Suur-Paala","location_id":10}"
2026-09-24 23:30:53,+0300,1,Hipodroom,0,success,"{"total":0,"location_name":"Hipodroom","location_id":1}"
2026-09-24 23:30:53,+0300,3,T1,8,success,"{"total":8,"location_name":"T1 Shopping Mall","location_id":3}"
2026-09-24 23:30:53,+0300,9,Mustika,4,success,"{"total":4,"location_name":"Mustika","location_id":9}"
2026-09-24 23:30:53,+0300,10,Suur-Paala,0,success,"{"total":0,"location_name":"Suur-Paala","location_id":10}"
2026-09-24 23:32:54,+0300,1,Hipodroom,0,success,"{"total":0,"location_name":"Hipodroom","location_id":1}"
2026-09-24 23:32:54,+0300,3,T1,8,success,"{"total":8,"location_name":"T1 Shopping Mall","location_id":3}"
2026-09-24 23:32:54,+0300,9,Mustika,4,success,"{"total":4,"location_name":"Mustika","location_id":9}"
2026-09-24 23:32:54,+0300,10,Suur-Paala,0,success,"{"total":0,"location_name":"Suur-Paala","location_id":10}"
2026-09-24 23:34:55,+0300,1,Hipodroom,0,success,"{"total":0,"location_name":"Hipodroom","location_id":1}"
2026-09-24 23:34:55,+0300,3,T1,8,success,"{"total":8,"location_name":"T1 Shopping Mall","location_id":3}"
2026-09-24 23:34:55,+0300,9,Mustika,4,success,"{"total":4,"location_name":"Mustika","location_id":9}"
2026-09-24 23:34:55,+0300,10,Suur-Paala,0,success,"{"total":0,"location_name":"Suur-Paala","location_id":10}"
2026-09-24 23:36:55,+0300,1,Hipodroom,0,success,"{"total":0,"location_name":"Hipodroom","location_id":1}"
2026-09-24 23:36:55,+0300,3,T1,8,success,"{"total":8,"location_name":"T1 Shopping Mall","location_id":3}"
2026-09-24 23:36:55,+0300,9,Mustika,4,success,"{"total":4,"location_name":"Mustika","location_id":9}"
2026-09-24 23:36:55,+0300,10,Suur-Paala,0,success,"{"total":0,"location_name":"Suur-Paala","location_id":10}"
2026-09-24 23:38:56,+0300,1,Hipodroom,0,success,"{"total":0,"location_name":"Hipodroom","location_id":1}"
2026-09-24 23:38:56,+0300,3,T1,8,success,"{"total":8,"location_name":"T1 Shopping Mall","location_id":3}"
2026-09-24 23:38:56,+0300,9,Mustika,4,success,"{"total":4,"location_name":"Mustika","location_id":9}"
2026-09-24 23:38:56,+0300,10,Suur-Paala,0,success,"{"total":0,"location_name":"Suur-Paala","location_id":10}"
2026-09-24 23:40:57,+0300,1,Hipodroom,0,success,"{"total":0,"location_name":"Hipodroom","location_id":1}"
2026-09-24 23:40:57,+0300,3,T1,8,success,"{"total":8,"location_name":"T1 Shopping Mall","location_id":3}"
2026-09-24 23:40:57,+0300,9,Mustika,4,success,"{"total":4,"location_name":"Mustika","location_id":9}"
2026-09-24 23:40:57,+0300,10,Suur-Paala,0,success,"{"total":0,"location_name":"Suur-Paala","location_id":10}"
2026-09-24 23:42:57,+0300,1,Hipodroom,0,success,"{"total":0,"location_name":"Hipodroom","location_id":1}"
2026-09-24 23:42:57,+0300,3,T1,8,success,"{"total":8,"location_name":"T1 Shopping Mall","location_id":3}"
2026-09-24 23:42:57,+0300,9,Mustika,2,success,"{"total":2,"location_name":"Mustika","location_id":9}"
2026-09-24 23:42:57,+0300,10,Suur-Paala,0,success,"{"total":0,"location_name":"Suur-Paala","location_id":10}"
2026-09-24 23:44:58,+0300,1,Hipodroom,0,success,"{"total":0,"location_name":"Hipodroom","location_id":1}"
2026-09-24 23:44:58,+0300,3,T1,8,success,"{"total":8,"location_name":"T1 Shopping Mall","location_id":3}"
2026-09-24 23:44:58,+0300,9,Mustika,2,success,"{"total":2,"location_name":"Mustika","location_id":9}"
2026-09-24 23:44:58,+0300,10,Suur-Paala,0,success,"{"total":0,"location_name":"Suur-Paala","location_id":10}"
2026-09-24 23:46:58,+0300,1,Hipodroom,0,success,"{"total":0,"location_name":"Hipodroom","location_id":1}"
2026-09-24 23:46:58,+0300,3,T1,8,success,"{"total":8,"location_name":"T1 Shopping Mall","location_id":3}"
2026-09-24 23:46:58,+0300,9,Mustika,2,success,"{"total":2,"location_name":"Mustika","location_id":9}"
2026-09-24 23:46:58,+0300,10,Suur-Paala,0,success,"{"total":0,"location_name":"Suur-Paala","location_id":10}"
2026-09-24 23:48:58,+0300,1,Hipodroom,0,success,"{"total":0,"location_name":"Hipodroom","location_id":1}"
2026-09-24 23:48:58,+0300,3,T1,8,success,"{"total":8,"location_name":"T1 Shopping Mall","location_id":3}"
2026-09-24 23:48:58,+0300,9,Mustika,2,success,"{"total":2,"location_name":"Mustika","location_id":9}"
2026-09-24 23:48:58,+0300,10,Suur-Paala,0,success,"{"total":0,"location_name":"Suur-Paala","location_id":10}"
2026-09-24 23:50:59,+0300,1,Hipodroom,0,success,"{"total":0,"location_name":"Hipodroom","location_id":1}"
2026-09-24 23:50:59,+0300,3,T1,8,success,"{"total":8,"location_name":"T1 Shopping Mall","location_id":3}"
2026-09-24 23:50:59,+0300,9,Mustika,2,success,"{"total":2,"location_name":"Mustika","location_id":9}"
2026-09-24 23:50:59,+0300,10,Suur-Paala,0,success,"{"total":0,"location_name":"Suur-Paala","location_id":10}"
2026-09-24 23:53:00,+0300,1,Hipodroom,0,success,"{"total":0,"location_name":"Hipodroom","location_id":1}"
2026-09-24 23:53:00,+0300,3,T1,8,success,"{"total":8,"location_name":"T1 Shopping Mall","location_id":3}"
2026-09-24 23:53:00,+0300,9,Mustika,2,success,"{"total":2,"location_name":"Mustika","location_id":9}"
2026-09-24 23:53:00,+0300,10,Suur-Paala,0,success,"{"total":0,"location_name":"Suur-Paala","location_id":10}"
2026-09-24 23:55:00,+0300,1,Hipodroom,0,success,"{"total":0,"location_name":"Hipodroom","location_id":1}"
2026-09-24 23:55:00,+0300,3,T1,7,success,"{"total":7,"location_name":"T1 Shopping Mall","location_id":3}"
2026-09-24 23:55:00,+0300,9,Mustika,4,success,"{"total":4,"location_name":"Mustika","location_id":9}"
2026-09-24 23:55:00,+0300,10,Suur-Paala,0,success,"{"total":0,"location_name":"Suur-Paala","location_id":10}"
2026-09-24 23:57:01,+0300,1,Hipodroom,0,success,"{"total":0,"location_name":"Hipodroom","location_id":1}"
2026-09-24 23:57:01,+0300,3,T1,7,success,"{"total":7,"location_name":"T1 Shopping Mall","location_id":3}"
2026-09-24 23:57:01,+0300,9,Mustika,4,success,"{"total":4,"location_name":"Mustika","location_id":9}"
2026-09-24 23:57:01,+0300,10,Suur-Paala,0,success,"{"total":0,"location_name":"Suur-Paala","location_id":10}"
2026-09-24 23:59:01,+0300,1,Hipodroom,0,success,"{"total":0,"location_name":"Hipodroom","location_id":1}"
2026-09-24 23:59:01,+0300,3,T1,7,success,"{"total":7,"location_name":"T1 Shopping Mall","location_id":3}"
2026-09-24 23:59:01,+0300,9,Mustika,4,success,"{"total":4,"location_name":"Mustika","location_id":9}"
2026-09-24 23:59:01,+0300,10,Suur-Paala,0,success,"{"total":0,"location_name":"Suur-Paala","location_id":10}"
