timestamp,timezone,location_id,location_name,user_count,status,response
2026-10-03 00:00:20,+0300,3,T1,7,success,"{"total":7,"location_name":"T1 Shopping Mall","location_id":3}"
2026-10-03 00:00:20,+0300,9,Mustika,2,success,"{"total":2,"location_name":"Mustika","location_id":9}"
2026-10-03 00:00:20,+0300,10,Suur-Paala,0,success,"{"total":0,"location_name":"Suur-Paala","location_id":10}"
2026-10-03 00:00:20,+0300,1,Hipodroom,0,success,"{"total":0,"location_name":"Hipodroom (CLOSED)","location_id":1}"
2026-10-03 00:02:21,+0300,3,T1,7,success,"{"total":7,"location_name":"T1 Shopping Mall","location_id":3}"
2026-10-03 00:02:21,+0300,9,Mustika,2,success,"{"total":2,"location_name":"Mustika","location_id":9}"
2026-10-03 00:02:21,+0300,10,Suur-Paala,0,success,"{"total":0,"location_name":"Suur-Paala","location_id":10}"
2026-10-03 00:02:21,+0300,1,Hipodroom,0,success,"{"total":0,"location_name":"Hipodroom (CLOSED)","location_id":1}"
2026-10-03 00:04:22,+0300,3,T1,7,success,"{"total":7,"location_name":"T1 Shopping Mall","location_id":3}"
2026-10-03 00:04:22,+0300,9,Mustika,2,success,"{"total":2,"location_name":"Mustika","location_id":9}"
2026-10-03 00:04:22,+0300,10,Suur-Paala,0,success,"{"total":0,"location_name":"Suur-Paala","location_id":10}"
2026-10-03 00:04:22,+0300,1,Hipodroom,0,success,"{"total":0,"location_name":"Hipodroom (CLOSED)","location_id":1}"
2026-10-03 00:06:22,+0300,3,T1,7,success,"{"total":7,"location_name":"T1 Shopping Mall","location_id":3}"
2026-10-03 00:06:22,+0300,9,Mustika,2,success,"{"total":2,"location_name":"Mustika","location_id":9}"
2026-10-03 00:06:22,+0300,10,Suur-Paala,0,success,"{"total":0,"location_name":"Suur-Paala","location_id":10}"
2026-10-03 00:06:22,+0300,1,Hipodroom,0,success,"{"total":0,"location_name":"Hipodroom (CLOSED)","location_id":1}"
2026-10-03 00:08:23,+0300,3,T1,7,success,"{"total":7,"location_name":"T1 Shopping Mall","location_id":3}"
2026-10-03 00:08:23,+0300,9,Mustika,2,success,"{"total":2,"location_name":"Mustika","location_id":9}"
2026-10-03 00:08:23,+0300,10,Suur-Paala,0,success,"{"total":0,"location_name":"Suur-Paala","location_id":10}"
2026-10-03 00:08:23,+0300,1,Hipodroom,0,success,"{"total":0,"location_name":"Hipodroom (CLOSED)","location_id":1}"
2026-10-03 00:10:24,+0300,3,T1,7,success,"{"total":7,"location_name":"T1 Shopping Mall","location_id":3}"
2026-10-03 00:10:24,+0300,9,Mustika,2,success,"{"total":2,"location_name":"Mustika","location_id":9}"
2026-10-03 00:10:24,+0300,10,Suur-Paala,0,success,"{"total":0,"location_name":"Suur-Paala","location_id":10}"
2026-10-03 00:10:24,+0300,1,Hipodroom,0,success,"{"total":0,"location_name":"Hipodroom (CLOSED)","location_id":1}"
2026-10-03 00:12:24,+0300,3,T1,7,success,"{"total":7,"location_name":"T1 Shopping Mall","location_id":3}"
2026-10-03 00:12:24,+0300,9,Mustika,2,success,"{"total":2,"location_name":"Mustika","location_id":9}"
2026-10-03 00:12:24,+0300,10,Suur-Paala,0,success,"{"total":0,"location_name":"Suur-Paala","location_id":10}"
2026-10-03 00:12:24,+0300,1,Hipodroom,0,success,"{"total":0,"location_name":"Hipodroom (CLOSED)","location_id":1}"
2026-10-03 00:14:25,+0300,1,Hipodroom,error,000,""
2026-10-03 00:14:25,+0300,3,T1,error,000,""
2026-10-03 00:14:25,+0300,9,Mustika,error,000,""
2026-10-03 00:14:25,+0300,10,Suur-Paala,error,000,""
2026-10-03 00:16:26,+0300,1,Hipodroom,error,000,""
2026-10-03 00:16:26,+0300,3,T1,error,000,""
2026-10-03 00:16:26,+0300,9,Mustika,error,000,""
2026-10-03 00:16:26,+0300,10,Suur-Paala,error,000,""
2026-10-03 00:18:26,+0300,1,Hipodroom,error,000,""
2026-10-03 00:18:26,+0300,3,T1,error,000,""
2026-10-03 00:18:26,+0300,9,Mustika,error,000,""
2026-10-03 00:18:26,+0300,10,Suur-Paala,error,000,""
2026-10-03 00:20:26,+0300,1,Hipodroom,error,000,""
2026-10-03 00:20:26,+0300,3,T1,error,000,""
2026-10-03 00:20:26,+0300,9,Mustika,error,000,""
2026-10-03 00:20:26,+0300,10,Suur-Paala,error,000,""
2026-10-03 00:22:26,+0300,3,T1,7,success,"{"total":7,"location_name":"T1 Shopping Mall","location_id":3}"
2026-10-03 00:22:26,+0300,9,Mustika,1,success,"{"total":1,"location_name":"Mustika","location_id":9}"
2026-10-03 00:22:26,+0300,10,Suur-Paala,0,success,"{"total":0,"location_name":"Suur-Paala","location_id":10}"
2026-10-03 00:22:26,+0300,1,Hipodroom,0,success,"{"total":0,"location_name":"Hipodroom (CLOSED)","location_id":1}"
2026-10-03 00:24:30,+0300,3,T1,7,success,"{"total":7,"location_name":"T1 Shopping Mall","location_id":3}"
2026-10-03 00:24:30,+0300,9,Mustika,1,success,"{"total":1,"location_name":"Mustika","location_id":9}"
2026-10-03 00:24:30,+0300,10,Suur-Paala,0,success,"{"total":0,"location_name":"Suur-Paala","location_id":10}"
2026-10-03 00:24:30,+0300,1,Hipodroom,0,success,"{"total":0,"location_name":"Hipodroom (CLOSED)","location_id":1}"
2026-10-03 00:26:30,+0300,3,T1,7,success,"{"total":7,"location_name":"T1 Shopping Mall","location_id":3}"
2026-10-03 00:26:30,+0300,9,Mustika,1,success,"{"total":1,"location_name":"Mustika","location_id":9}"
2026-10-03 00:26:30,+0300,10,Suur-Paala,0,success,"{"total":0,"location_name":"Suur-Paala","location_id":10}"
2026-10-03 00:26:30,+0300,1,Hipodroom,0,success,"{"total":0,"location_name":"Hipodroom (CLOSED)","location_id":1}"
2026-10-03 00:28:31,+0300,3,T1,6,success,"{"total":6,"location_name":"T1 Shopping Mall","location_id":3}"
2026-10-03 00:28:31,+0300,9,Mustika,1,success,"{"total":1,"location_name":"Mustika","location_id":9}"
2026-10-03 00:28:31,+0300,10,Suur-Paala,0,success,"{"total":0,"location_name":"Suur-Paala","location_id":10}"
2026-10-03 00:28:31,+0300,1,Hipodroom,0,success,"{"total":0,"location_name":"Hipodroom (CLOSED)","location_id":1}"
2026-10-03 00:30:32,+0300,3,T1,6,success,"{"total":6,"location_name":"T1 Shopping Mall","location_id":3}"
2026-10-03 00:30:32,+0300,9,Mustika,1,success,"{"total":1,"location_name":"Mustika","location_id":9}"
2026-10-03 00:30:32,+0300,10,Suur-Paala,0,success,"{"total":0,"location_name":"Suur-Paala","location_id":10}"
2026-10-03 00:30:32,+0300,1,Hipodroom,0,success,"{"total":0,"location_name":"Hipodroom (CLOSED)","location_id":1}"
2026-10-03 00:32:32,+0300,3,T1,6,success,"{"total":6,"location_name":"T1 Shopping Mall","location_id":3}"
2026-10-03 00:32:32,+0300,9,Mustika,1,success,"{"total":1,"location_name":"Mustika","location_id":9}"
2026-10-03 00:32:32,+0300,10,Suur-Paala,0,success,"{"total":0,"location_name":"Suur-Paala","location_id":10}"
2026-10-03 00:32:32,+0300,1,Hipodroom,0,success,"{"total":0,"location_name":"Hipodroom (CLOSED)","location_id":1}"
2026-10-03 00:34:33,+0300,3,T1,6,success,"{"total":6,"location_name":"T1 Shopping Mall","location_id":3}"
2026-10-03 00:34:33,+0300,9,Mustika,1,success,"{"total":1,"location_name":"Mustika","location_id":9}"
2026-10-03 00:34:33,+0300,10,Suur-Paala,0,success,"{"total":0,"location_name":"Suur-Paala","location_id":10}"
2026-10-03 00:34:33,+0300,1,Hipodroom,0,success,"{"total":0,"location_name":"Hipodroom (CLOSED)","location_id":1}"
2026-10-03 00:36:34,+0300,3,T1,6,success,"{"total":6,"location_name":"T1 Shopping Mall","location_id":3}"
2026-10-03 00:36:34,+0300,9,Mustika,1,success,"{"total":1,"location_name":"Mustika","location_id":9}"
2026-10-03 00:36:34,+0300,10,Suur-Paala,0,success,"{"total":0,"location_name":"Suur-Paala","location_id":10}"
2026-10-03 00:36:34,+0300,1,Hipodroom,0,success,"{"total":0,"location_name":"Hipodroom (CLOSED)","location_id":1}"
2026-10-03 00:38:34,+0300,3,T1,6,success,"{"total":6,"location_name":"T1 Shopping Mall","location_id":3}"
2026-10-03 00:38:34,+0300,9,Mustika,1,success,"{"total":1,"location_name":"Mustika","location_id":9}"
2026-10-03 00:38:34,+0300,10,Suur-Paala,0,success,"{"total":0,"location_name":"Suur-Paala","location_id":10}"
2026-10-03 00:38:34,+0300,1,Hipodroom,0,success,"{"total":0,"location_name":"Hipodroom (CLOSED)","location_id":1}"
2026-10-03 00:40:35,+0300,3,T1,5,success,"{"total":5,"location_name":"T1 Shopping Mall","location_id":3}"
2026-10-03 00:40:35,+0300,9,Mustika,1,success,"{"total":1,"location_name":"Mustika","location_id":9}"
2026-10-03 00:40:35,+0300,10,Suur-Paala,0,success,"{"total":0,"location_name":"Suur-Paala","location_id":10}"
2026-10-03 00:40:35,+0300,1,Hipodroom,0,success,"{"total":0,"location_name":"Hipodroom (CLOSED)","location_id":1}"
2026-10-03 00:42:36,+0300,3,T1,5,success,"{"total":5,"location_name":"T1 Shopping Mall","location_id":3}"
2026-10-03 00:42:36,+0300,9,Mustika,1,success,"{"total":1,"location_name":"Mustika","location_id":9}"
2026-10-03 00:42:36,+0300,10,Suur-Paala,0,success,"{"total":0,"location_name":"Suur-Paala","location_id":10}"
2026-10-03 00:42:36,+0300,1,Hipodroom,0,success,"{"total":0,"location_name":"Hipodroom (CLOSED)","location_id":1}"
2026-10-03 00:44:36,+0300,3,T1,5,success,"{"total":5,"location_name":"T1 Shopping Mall","location_id":3}"
2026-10-03 00:44:36,+0300,9,Mustika,1,success,"{"total":1,"location_name":"Mustika","location_id":9}"
2026-10-03 00:44:36,+0300,10,Suur-Paala,0,success,"{"total":0,"location_name":"Suur-Paala","location_id":10}"
2026-10-03 00:44:36,+0300,1,Hipodroom,0,success,"{"total":0,"location_name":"Hipodroom (CLOSED)","location_id":1}"
2026-10-03 00:46:37,+0300,3,T1,5,success,"{"total":5,"location_name":"T1 Shopping Mall","location_id":3}"
2026-10-03 00:46:37,+0300,9,Mustika,1,success,"{"total":1,"location_name":"Mustika","location_id":9}"
2026-10-03 00:46:37,+0300,10,Suur-Paala,0,success,"{"total":0,"location_name":"Suur-Paala","location_id":10}"
2026-10-03 00:46:37,+0300,1,Hipodroom,0,success,"{"total":0,"location_name":"Hipodroom (CLOSED)","location_id":1}"
2026-10-03 00:48:38,+0300,3,T1,5,success,"{"total":5,"location_name":"T1 Shopping Mall","location_id":3}"
2026-10-03 00:48:38,+0300,9,Mustika,1,success,"{"total":1,"location_name":"Mustika","location_id":9}"
2026-10-03 00:48:38,+0300,10,Suur-Paala,0,success,"{"total":0,"location_name":"Suur-Paala","location_id":10}"
2026-10-03 00:48:38,+0300,1,Hipodroom,0,success,"{"total":0,"location_name":"Hipodroom (CLOSED)","location_id":1}"
2026-10-03 00:50:38,+0300,3,T1,5,success,"{"total":5,"location_name":"T1 Shopping Mall","location_id":3}"
2026-10-03 00:50:38,+0300,9,Mustika,1,success,"{"total":1,"location_name":"Mustika","location_id":9}"
2026-10-03 00:50:38,+0300,10,Suur-Paala,0,success,"{"total":0,"location_name":"Suur-Paala","location_id":10}"
2026-10-03 00:50:38,+0300,1,Hipodroom,0,success,"{"total":0,"location_name":"Hipodroom (CLOSED)","location_id":1}"
2026-10-03 00:52:39,+0300,3,T1,4,success,"{"total":4,"location_name":"T1 Shopping Mall","location_id":3}"
2026-10-03 00:52:39,+0300,9,Mustika,1,success,"{"total":1,"location_name":"Mustika","location_id":9}"
2026-10-03 00:52:39,+0300,10,Suur-Paala,0,success,"{"total":0,"location_name":"Suur-Paala","location_id":10}"
2026-10-03 00:52:39,+0300,1,Hipodroom,0,success,"{"total":0,"location_name":"Hipodroom (CLOSED)","location_id":1}"
2026-10-03 00:54:40,+0300,3,T1,4,success,"{"total":4,"location_name":"T1 Shopping Mall","location_id":3}"
2026-10-03 00:54:40,+0300,9,Mustika,1,success,"{"total":1,"location_name":"Mustika","location_id":9}"
2026-10-03 00:54:40,+0300,10,Suur-Paala,0,success,"{"total":0,"location_name":"Suur-Paala","location_id":10}"
2026-10-03 00:54:40,+0300,1,Hipodroom,0,success,"{"total":0,"location_name":"Hipodroom (CLOSED)","location_id":1}"
2026-10-03 00:56:40,+0300,3,T1,4,success,"{"total":4,"location_name":"T1 Shopping Mall","location_id":3}"
2026-10-03 00:56:40,+0300,9,Mustika,1,success,"{"total":1,"location_name":"Mustika","location_id":9}"
2026-10-03 00:56:40,+0300,10,Suur-Paala,0,success,"{"total":0,"location_name":"Suur-Paala","location_id":10}"
2026-10-03 00:56:40,+0300,1,Hipodroom,0,success,"{"total":0,"location_name":"Hipodroom (CLOSED)","location_id":1}"
2026-10-03 00:58:41,+0300,3,T1,3,success,"{"total":3,"location_name":"T1 Shopping Mall","location_id":3}"
2026-10-03 00:58:41,+0300,9,Mustika,2,success,"{"total":2,"location_name":"Mustika","location_id":9}"
2026-10-03 00:58:41,+0300,10,Suur-Paala,0,success,"{"total":0,"location_name":"Suur-Paala","location_id":10}"
2026-10-03 00:58:41,+0300,1,Hipodroom,0,success,"{"total":0,"location_name":"Hipodroom (CLOSED)","location_id":1}"
2026-10-03 01:00:42,+0300,3,T1,3,success,"{"total":3,"location_name":"T1 Shopping Mall","location_id":3}"
2026-10-03 01:00:42,+0300,9,Mustika,2,success,"{"total":2,"location_name":"Mustika","location_id":9}"
2026-10-03 01:00:42,+0300,10,Suur-Paala,0,success,"{"total":0,"location_name":"Suur-Paala","location_id":10}"
2026-10-03 01:00:42,+0300,1,Hipodroom,0,success,"{"total":0,"location_name":"Hipodroom (CLOSED)","location_id":1}"
2026-10-03 01:02:42,+0300,3,T1,3,success,"{"total":3,"location_name":"T1 Shopping Mall","location_id":3}"
2026-10-03 01:02:42,+0300,9,Mustika,2,success,"{"total":2,"location_name":"Mustika","location_id":9}"
2026-10-03 01:02:42,+0300,10,Suur-Paala,0,success,"{"total":0,"location_name":"Suur-Paala","location_id":10}"
2026-10-03 01:02:42,+0300,1,Hipodroom,0,success,"{"total":0,"location_name":"Hipodroom (CLOSED)","location_id":1}"
2026-10-03 01:04:43,+0300,3,T1,2,success,"{"total":2,"location_name":"T1 Shopping Mall","location_id":3}"
2026-10-03 01:04:43,+0300,9,Mustika,2,success,"{"total":2,"location_name":"Mustika","location_id":9}"
2026-10-03 01:04:43,+0300,10,Suur-Paala,0,success,"{"total":0,"location_name":"Suur-Paala","location_id":10}"
2026-10-03 01:04:43,+0300,1,Hipodroom,0,success,"{"total":0,"location_name":"Hipodroom (CLOSED)","location_id":1}"
2026-10-03 01:06:44,+0300,3,T1,2,success,"{"total":2,"location_name":"T1 Shopping Mall","location_id":3}"
2026-10-03 01:06:44,+0300,9,Mustika,2,success,"{"total":2,"location_name":"Mustika","location_id":9}"
2026-10-03 01:06:44,+0300,10,Suur-Paala,0,success,"{"total":0,"location_name":"Suur-Paala","location_id":10}"
2026-10-03 01:06:44,+0300,1,Hipodroom,0,success,"{"total":0,"location_name":"Hipodroom (CLOSED)","location_id":1}"
2026-10-03 01:08:44,+0300,3,T1,2,success,"{"total":2,"location_name":"T1 Shopping Mall","location_id":3}"
2026-10-03 01:08:44,+0300,9,Mustika,2,success,"{"total":2,"location_name":"Mustika","location_id":9}"
2026-10-03 01:08:44,+0300,10,Suur-Paala,0,success,"{"total":0,"location_name":"Suur-Paala","location_id":10}"
2026-10-03 01:08:44,+0300,1,Hipodroom,0,success,"{"total":0,"location_name":"Hipodroom (CLOSED)","location_id":1}"
2026-10-03 01:10:45,+0300,3,T1,2,success,"{"total":2,"location_name":"T1 Shopping Mall","location_id":3}"
2026-10-03 01:10:45,+0300,9,Mustika,2,success,"{"total":2,"location_name":"Mustika","location_id":9}"
2026-10-03 01:10:45,+0300,10,Suur-Paala,0,success,"{"total":0,"location_name":"Suur-Paala","location_id":10}"
2026-10-03 01:10:45,+0300,1,Hipodroom,0,success,"{"total":0,"location_name":"Hipodroom (CLOSED)","location_id":1}"
2026-10-03 01:12:46,+0300,3,T1,2,success,"{"total":2,"location_name":"T1 Shopping Mall","location_id":3}"
2026-10-03 01:12:46,+0300,9,Mustika,2,success,"{"total":2,"location_name":"Mustika","location_id":9}"
2026-10-03 01:12:46,+0300,10,Suur-Paala,0,success,"{"total":0,"location_name":"Suur-Paala","location_id":10}"
2026-10-03 01:12:46,+0300,1,Hipodroom,0,success,"{"total":0,"location_name":"Hipodroom (CLOSED)","location_id":1}"
2026-10-03 01:14:46,+0300,3,T1,2,success,"{"total":2,"location_name":"T1 Shopping Mall","location_id":3}"
2026-10-03 01:14:46,+0300,9,Mustika,2,success,"{"total":2,"location_name":"Mustika","location_id":9}"
2026-10-03 01:14:46,+0300,10,Suur-Paala,0,success,"{"total":0,"location_name":"Suur-Paala","location_id":10}"
2026-10-03 01:14:46,+0300,1,Hipodroom,0,success,"{"total":0,"location_name":"Hipodroom (CLOSED)","location_id":1}"
2026-10-03 01:16:47,+0300,3,T1,2,success,"{"total":2,"location_name":"T1 Shopping Mall","location_id":3}"
2026-10-03 01:16:47,+0300,9,Mustika,2,success,"{"total":2,"location_name":"Mustika","location_id":9}"
2026-10-03 01:16:47,+0300,10,Suur-Paala,0,success,"{"total":0,"location_name":"Suur-Paala","location_id":10}"
2026-10-03 01:16:47,+0300,1,Hipodroom,0,success,"{"total":0,"location_name":"Hipodroom (CLOSED)","location_id":1}"
2026-10-03 01:18:48,+0300,3,T1,2,success,"{"total":2,"location_name":"T1 Shopping Mall","location_id":3}"
2026-10-03 01:18:48,+0300,9,Mustika,2,success,"{"total":2,"location_name":"Mustika","location_id":9}"
2026-10-03 01:18:48,+0300,10,Suur-Paala,0,success,"{"total":0,"location_name":"Suur-Paala","location_id":10}"
2026-10-03 01:18:48,+0300,1,Hipodroom,0,success,"{"total":0,"location_name":"Hipodroom (CLOSED)","location_id":1}"
2026-10-03 01:20:48,+0300,3,T1,2,success,"{"total":2,"location_name":"T1 Shopping Mall","location_id":3}"
2026-10-03 01:20:48,+0300,9,Mustika,2,success,"{"total":2,"location_name":"Mustika","location_id":9}"
2026-10-03 01:20:48,+0300,10,Suur-Paala,0,success,"{"total":0,"location_name":"Suur-Paala","location_id":10}"
2026-10-03 01:20:48,+0300,1,Hipodroom,0,success,"{"total":0,"location_name":"Hipodroom (CLOSED)","location_id":1}"
2026-10-03 01:22:49,+0300,3,T1,2,success,"{"total":2,"location_name":"T1 Shopping Mall","location_id":3}"
2026-10-03 01:22:49,+0300,9,Mustika,2,success,"{"total":2,"location_name":"Mustika","location_id":9}"
2026-10-03 01:22:49,+0300,10,Suur-Paala,0,success,"{"total":0,"location_name":"Suur-Paala","location_id":10}"
2026-10-03 01:22:49,+0300,1,Hipodroom,0,success,"{"total":0,"location_name":"Hipodroom (CLOSED)","location_id":1}"
2026-10-03 01:24:50,+0300,3,T1,2,success,"{"total":2,"location_name":"T1 Shopping Mall","location_id":3}"
2026-10-03 01:24:50,+0300,9,Mustika,2,success,"{"total":2,"location_name":"Mustika","location_id":9}"
2026-10-03 01:24:50,+0300,10,Suur-Paala,0,success,"{"total":0,"location_name":"Suur-Paala","location_id":10}"
2026-10-03 01:24:50,+0300,1,Hipodroom,0,success,"{"total":0,"location_name":"Hipodroom (CLOSED)","location_id":1}"
2026-10-03 01:26:51,+0300,3,T1,2,success,"{"total":2,"location_name":"T1 Shopping Mall","location_id":3}"
2026-10-03 01:26:51,+0300,9,Mustika,2,success,"{"total":2,"location_name":"Mustika","location_id":9}"
2026-10-03 01:26:51,+0300,10,Suur-Paala,0,success,"{"total":0,"location_name":"Suur-Paala","location_id":10}"
2026-10-03 01:26:51,+0300,1,Hipodroom,0,success,"{"total":0,"location_name":"Hipodroom (CLOSED)","location_id":1}"
2026-10-03 01:28:51,+0300,3,T1,2,success,"{"total":2,"location_name":"T1 Shopping Mall","location_id":3}"
2026-10-03 01:28:51,+0300,9,Mustika,2,success,"{"total":2,"location_name":"Mustika","location_id":9}"
2026-10-03 01:28:51,+0300,10,Suur-Paala,0,success,"{"total":0,"location_name":"Suur-Paala","location_id":10}"
2026-10-03 01:28:51,+0300,1,Hipodroom,0,success,"{"total":0,"location_name":"Hipodroom (CLOSED)","location_id":1}"
2026-10-03 01:30:52,+0300,3,T1,2,success,"{"total":2,"location_name":"T1 Shopping Mall","location_id":3}"
2026-10-03 01:30:52,+0300,9,Mustika,2,success,"{"total":2,"location_name":"Mustika","location_id":9}"
2026-10-03 01:30:52,+0300,10,Suur-Paala,0,success,"{"total":0,"location_name":"Suur-Paala","location_id":10}"
2026-10-03 01:30:52,+0300,1,Hipodroom,0,success,"{"total":0,"location_name":"Hipodroom (CLOSED)","location_id":1}"
2026-10-03 01:32:53,+0300,3,T1,2,success,"{"total":2,"location_name":"T1 Shopping Mall","location_id":3}"
2026-10-03 01:32:53,+0300,9,Mustika,2,success,"{"total":2,"location_name":"Mustika","location_id":9}"
2026-10-03 01:32:53,+0300,10,Suur-Paala,0,success,"{"total":0,"location_name":"Suur-Paala","location_id":10}"
2026-10-03 01:32:53,+0300,1,Hipodroom,0,success,"{"total":0,"location_name":"Hipodroom (CLOSED)","location_id":1}"
2026-10-03 01:34:53,+0300,3,T1,2,success,"{"total":2,"location_name":"T1 Shopping Mall","location_id":3}"
2026-10-03 01:34:53,+0300,9,Mustika,2,success,"{"total":2,"location_name":"Mustika","location_id":9}"
2026-10-03 01:34:53,+0300,10,Suur-Paala,0,success,"{"total":0,"location_name":"Suur-Paala","location_id":10}"
2026-10-03 01:34:53,+0300,1,Hipodroom,0,success,"{"total":0,"location_name":"Hipodroom (CLOSED)","location_id":1}"
2026-10-03 01:36:54,+0300,3,T1,2,success,"{"total":2,"location_name":"T1 Shopping Mall","location_id":3}"
2026-10-03 01:36:54,+0300,9,Mustika,2,success,"{"total":2,"location_name":"Mustika","location_id":9}"
2026-10-03 01:36:54,+0300,10,Suur-Paala,0,success,"{"total":0,"location_name":"Suur-Paala","location_id":10}"
2026-10-03 01:36:54,+0300,1,Hipodroom,0,success,"{"total":0,"location_name":"Hipodroom (CLOSED)","location_id":1}"
2026-10-03 01:38:55,+0300,3,T1,2,success,"{"total":2,"location_name":"T1 Shopping Mall","location_id":3}"
2026-10-03 01:38:55,+0300,9,Mustika,2,success,"{"total":2,"location_name":"Mustika","location_id":9}"
2026-10-03 01:38:55,+0300,10,Suur-Paala,0,success,"{"total":0,"location_name":"Suur-Paala","location_id":10}"
2026-10-03 01:38:55,+0300,1,Hipodroom,0,success,"{"total":0,"location_name":"Hipodroom (CLOSED)","location_id":1}"
2026-10-03 01:40:55,+0300,3,T1,2,success,"{"total":2,"location_name":"T1 Shopping Mall","location_id":3}"
2026-10-03 01:40:55,+0300,9,Mustika,2,success,"{"total":2,"location_name":"Mustika","location_id":9}"
2026-10-03 01:40:55,+0300,10,Suur-Paala,0,success,"{"total":0,"location_name":"Suur-Paala","location_id":10}"
2026-10-03 01:40:55,+0300,1,Hipodroom,0,success,"{"total":0,"location_name":"Hipodroom (CLOSED)","location_id":1}"
2026-10-03 01:42:56,+0300,3,T1,2,success,"{"total":2,"location_name":"T1 Shopping Mall","location_id":3}"
2026-10-03 01:42:56,+0300,9,Mustika,2,success,"{"total":2,"location_name":"Mustika","location_id":9}"
2026-10-03 01:42:56,+0300,10,Suur-Paala,0,success,"{"total":0,"location_name":"Suur-Paala","location_id":10}"
2026-10-03 01:42:56,+0300,1,Hipodroom,0,success,"{"total":0,"location_name":"Hipodroom (CLOSED)","location_id":1}"
2026-10-03 01:44:57,+0300,3,T1,2,success,"{"total":2,"location_name":"T1 Shopping Mall","location_id":3}"
2026-10-03 01:44:57,+0300,9,Mustika,2,success,"{"total":2,"location_name":"Mustika","location_id":9}"
2026-10-03 01:44:57,+0300,10,Suur-Paala,0,success,"{"total":0,"location_name":"Suur-Paala","location_id":10}"
2026-10-03 01:44:57,+0300,1,Hipodroom,0,success,"{"total":0,"location_name":"Hipodroom (CLOSED)","location_id":1}"
2026-10-03 01:46:57,+0300,3,T1,2,success,"{"total":2,"location_name":"T1 Shopping Mall","location_id":3}"
2026-10-03 01:46:57,+0300,9,Mustika,1,success,"{"total":1,"location_name":"Mustika","location_id":9}"
2026-10-03 01:46:57,+0300,10,Suur-Paala,0,success,"{"total":0,"location_name":"Suur-Paala","location_id":10}"
2026-10-03 01:46:57,+0300,1,Hipodroom,0,success,"{"total":0,"location_name":"Hipodroom (CLOSED)","location_id":1}"
2026-10-03 01:48:58,+0300,3,T1,2,success,"{"total":2,"location_name":"T1 Shopping Mall","location_id":3}"
2026-10-03 01:48:58,+0300,9,Mustika,1,success,"{"total":1,"location_name":"Mustika","location_id":9}"
2026-10-03 01:48:58,+0300,10,Suur-Paala,0,success,"{"total":0,"location_name":"Suur-Paala","location_id":10}"
2026-10-03 01:48:58,+0300,1,Hipodroom,0,success,"{"total":0,"location_name":"Hipodroom (CLOSED)","location_id":1}"
2026-10-03 01:50:59,+0300,1,Hipodroom,error,000,""
2026-10-03 01:50:59,+0300,3,T1,error,000,""
2026-10-03 01:50:59,+0300,9,Mustika,error,000,""
2026-10-03 01:50:59,+0300,10,Suur-Paala,error,000,""
2026-10-03 01:52:59,+0300,1,Hipodroom,error,000,""
2026-10-03 01:52:59,+0300,3,T1,error,000,""
2026-10-03 01:52:59,+0300,9,Mustika,error,000,""
2026-10-03 01:52:59,+0300,10,Suur-Paala,error,000,""
2026-10-03 01:54:59,+0300,1,Hipodroom,error,000,""
2026-10-03 01:54:59,+0300,3,T1,error,000,""
2026-10-03 01:54:59,+0300,9,Mustika,error,000,""
2026-10-03 01:54:59,+0300,10,Suur-Paala,error,000,""
2026-10-03 01:57:00,+0300,1,Hipodroom,error,000,""
2026-10-03 01:57:00,+0300,3,T1,error,000,""
2026-10-03 01:57:00,+0300,9,Mustika,error,000,""
2026-10-03 01:57:00,+0300,10,Suur-Paala,error,000,""
2026-10-03 01:59:00,+0300,1,Hipodroom,error,000,""
2026-10-03 01:59:00,+0300,3,T1,error,000,""
2026-10-03 01:59:00,+0300,9,Mustika,error,000,""
2026-10-03 01:59:00,+0300,10,Suur-Paala,error,000,""
2026-10-03 02:01:00,+0300,1,Hipodroom,error,000,""
2026-10-03 02:01:00,+0300,3,T1,error,000,""
2026-10-03 02:01:00,+0300,9,Mustika,error,000,""
2026-10-03 02:01:00,+0300,10,Suur-Paala,error,000,""
2026-10-03 02:03:00,+0300,1,Hipodroom,error,000,""
2026-10-03 02:03:00,+0300,3,T1,error,000,""
2026-10-03 02:03:00,+0300,9,Mustika,error,000,""
2026-10-03 02:03:00,+0300,10,Suur-Paala,error,000,""
2026-10-03 02:05:00,+0300,1,Hipodroom,error,000,""
2026-10-03 02:05:00,+0300,3,T1,error,000,""
2026-10-03 02:05:00,+0300,9,Mustika,error,000,""
2026-10-03 02:05:00,+0300,10,Suur-Paala,error,000,""
2026-10-03 02:07:01,+0300,1,Hipodroom,error,000,""
2026-10-03 02:07:01,+0300,3,T1,error,000,""
2026-10-03 02:07:01,+0300,9,Mustika,error,000,""
2026-10-03 02:07:01,+0300,10,Suur-Paala,error,000,""
2026-10-03 02:09:01,+0300,1,Hipodroom,error,000,""
2026-10-03 02:09:01,+0300,3,T1,error,000,""
2026-10-03 02:09:01,+0300,9,Mustika,error,000,""
2026-10-03 02:09:01,+0300,10,Suur-Paala,error,000,""
2026-10-03 02:11:01,+0300,1,Hipodroom,error,000,""
2026-10-03 02:11:01,+0300,3,T1,error,000,""
2026-10-03 02:11:01,+0300,9,Mustika,error,000,""
2026-10-03 02:11:01,+0300,10,Suur-Paala,error,000,""
2026-10-03 02:13:01,+0300,1,Hipodroom,error,000,""
2026-10-03 02:13:01,+0300,3,T1,error,000,""
2026-10-03 02:13:01,+0300,9,Mustika,error,000,""
2026-10-03 02:13:01,+0300,10,Suur-Paala,error,000,""
2026-10-03 02:15:01,+0300,1,Hipodroom,error,000,""
2026-10-03 02:15:01,+0300,3,T1,error,000,""
2026-10-03 02:15:01,+0300,9,Mustika,error,000,""
2026-10-03 02:15:01,+0300,10,Suur-Paala,error,000,""
2026-10-03 02:17:02,+0300,1,Hipodroom,error,000,""
2026-10-03 02:17:02,+0300,3,T1,error,000,""
2026-10-03 02:17:02,+0300,9,Mustika,error,000,""
2026-10-03 02:17:02,+0300,10,Suur-Paala,error,000,""
2026-10-03 02:19:02,+0300,1,Hipodroom,error,000,""
2026-10-03 02:19:02,+0300,3,T1,error,000,""
2026-10-03 02:19:02,+0300,9,Mustika,error,000,""
2026-10-03 02:19:02,+0300,10,Suur-Paala,error,000,""
2026-10-03 02:21:02,+0300,1,Hipodroom,error,000,""
2026-10-03 02:21:02,+0300,3,T1,error,000,""
2026-10-03 02:21:02,+0300,9,Mustika,error,000,""
2026-10-03 02:21:02,+0300,10,Suur-Paala,error,000,""
2026-10-03 02:23:02,+0300,1,Hipodroom,error,000,""
2026-10-03 02:23:02,+0300,3,T1,error,000,""
2026-10-03 02:23:02,+0300,9,Mustika,error,000,""
2026-10-03 02:23:02,+0300,10,Suur-Paala,error,000,""
2026-10-03 02:25:03,+0300,1,Hipodroom,error,000,""
2026-10-03 02:25:03,+0300,3,T1,error,000,""
2026-10-03 02:25:03,+0300,9,Mustika,error,000,""
2026-10-03 02:25:03,+0300,10,Suur-Paala,error,000,""
2026-10-03 02:27:03,+0300,1,Hipodroom,error,000,""
2026-10-03 02:27:03,+0300,3,T1,error,000,""
2026-10-03 02:27:03,+0300,9,Mustika,error,000,""
2026-10-03 02:27:03,+0300,10,Suur-Paala,error,000,""
2026-10-03 02:29:03,+0300,1,Hipodroom,error,000,""
2026-10-03 02:29:03,+0300,3,T1,error,000,""
2026-10-03 02:29:03,+0300,9,Mustika,error,000,""
2026-10-03 02:29:03,+0300,10,Suur-Paala,error,000,""
2026-10-03 02:31:03,+0300,1,Hipodroom,error,000,""
2026-10-03 02:31:03,+0300,3,T1,error,000,""
2026-10-03 02:31:03,+0300,9,Mustika,error,000,""
2026-10-03 02:31:03,+0300,10,Suur-Paala,error,000,""
2026-10-03 02:33:03,+0300,1,Hipodroom,error,000,""
2026-10-03 02:33:03,+0300,3,T1,error,000,""
2026-10-03 02:33:03,+0300,9,Mustika,error,000,""
2026-10-03 02:33:03,+0300,10,Suur-Paala,error,000,""
2026-10-03 02:35:03,+0300,1,Hipodroom,error,000,""
2026-10-03 02:35:03,+0300,3,T1,error,000,""
2026-10-03 02:35:03,+0300,9,Mustika,error,000,""
2026-10-03 02:35:03,+0300,10,Suur-Paala,error,000,""
2026-10-03 02:37:04,+0300,1,Hipodroom,error,000,""
2026-10-03 02:37:04,+0300,3,T1,error,000,""
2026-10-03 02:37:04,+0300,9,Mustika,error,000,""
2026-10-03 02:37:04,+0300,10,Suur-Paala,error,000,""
2026-10-03 02:39:04,+0300,1,Hipodroom,error,000,""
2026-10-03 02:39:04,+0300,3,T1,error,000,""
2026-10-03 02:39:04,+0300,9,Mustika,error,000,""
2026-10-03 02:39:04,+0300,10,Suur-Paala,error,000,""
2026-10-03 02:41:04,+0300,1,Hipodroom,error,000,""
2026-10-03 02:41:04,+0300,3,T1,error,000,""
2026-10-03 02:41:04,+0300,9,Mustika,error,000,""
2026-10-03 02:41:04,+0300,10,Suur-Paala,error,000,""
2026-10-03 02:43:04,+0300,1,Hipodroom,error,000,""
2026-10-03 02:43:04,+0300,3,T1,error,000,""
2026-10-03 02:43:04,+0300,9,Mustika,error,000,""
2026-10-03 02:43:04,+0300,10,Suur-Paala,error,000,""
2026-10-03 02:45:05,+0300,1,Hipodroom,error,000,""
2026-10-03 02:45:05,+0300,3,T1,error,000,""
2026-10-03 02:45:05,+0300,9,Mustika,error,000,""
2026-10-03 02:45:05,+0300,10,Suur-Paala,error,000,""
2026-10-03 02:47:05,+0300,1,Hipodroom,error,000,""
2026-10-03 02:47:05,+0300,3,T1,error,000,""
2026-10-03 02:47:05,+0300,9,Mustika,error,000,""
2026-10-03 02:47:05,+0300,10,Suur-Paala,error,000,""
2026-10-03 02:49:05,+0300,1,Hipodroom,error,000,""
2026-10-03 02:49:05,+0300,3,T1,error,000,""
2026-10-03 02:49:05,+0300,9,Mustika,error,000,""
2026-10-03 02:49:05,+0300,10,Suur-Paala,error,000,""
2026-10-03 02:51:05,+0300,1,Hipodroom,error,000,""
2026-10-03 02:51:05,+0300,3,T1,error,000,""
2026-10-03 02:51:05,+0300,9,Mustika,error,000,""
2026-10-03 02:51:05,+0300,10,Suur-Paala,error,000,""
2026-10-03 02:53:05,+0300,1,Hipodroom,error,000,""
2026-10-03 02:53:05,+0300,3,T1,error,000,""
2026-10-03 02:53:05,+0300,9,Mustika,error,000,""
2026-10-03 02:53:05,+0300,10,Suur-Paala,error,000,""
2026-10-03 02:55:05,+0300,1,Hipodroom,error,000,""
2026-10-03 02:55:05,+0300,3,T1,error,000,""
2026-10-03 02:55:05,+0300,9,Mustika,error,000,""
2026-10-03 02:55:05,+0300,10,Suur-Paala,error,000,""
2026-10-03 02:57:06,+0300,1,Hipodroom,error,000,""
2026-10-03 02:57:06,+0300,3,T1,error,000,""
2026-10-03 02:57:06,+0300,9,Mustika,error,000,""
2026-10-03 02:57:06,+0300,10,Suur-Paala,error,000,""
2026-10-03 02:59:06,+0300,1,Hipodroom,error,000,""
2026-10-03 02:59:06,+0300,3,T1,error,000,""
2026-10-03 02:59:06,+0300,9,Mustika,error,000,""
2026-10-03 02:59:06,+0300,10,Suur-Paala,error,000,""
2026-10-03 03:01:06,+0300,1,Hipodroom,error,000,""
2026-10-03 03:01:06,+0300,3,T1,error,000,""
2026-10-03 03:01:06,+0300,9,Mustika,error,000,""
2026-10-03 03:01:06,+0300,10,Suur-Paala,error,000,""
2026-10-03 03:03:06,+0300,1,Hipodroom,error,000,""
2026-10-03 03:03:06,+0300,3,T1,error,000,""
2026-10-03 03:03:06,+0300,9,Mustika,error,000,""
2026-10-03 03:03:06,+0300,10,Suur-Paala,error,000,""
2026-10-03 03:05:07,+0300,1,Hipodroom,error,000,""
2026-10-03 03:05:07,+0300,3,T1,error,000,""
2026-10-03 03:05:07,+0300,9,Mustika,error,000,""
2026-10-03 03:05:07,+0300,10,Suur-Paala,error,000,""
2026-10-03 03:07:07,+0300,1,Hipodroom,error,000,""
2026-10-03 03:07:07,+0300,3,T1,error,000,""
2026-10-03 03:07:07,+0300,9,Mustika,error,000,""
2026-10-03 03:07:07,+0300,10,Suur-Paala,error,000,""
2026-10-03 03:09:07,+0300,1,Hipodroom,error,000,""
2026-10-03 03:09:07,+0300,3,T1,error,000,""
2026-10-03 03:09:07,+0300,9,Mustika,error,000,""
2026-10-03 03:09:07,+0300,10,Suur-Paala,error,000,""
2026-10-03 03:11:07,+0300,1,Hipodroom,error,000,""
2026-10-03 03:11:07,+0300,3,T1,error,000,""
2026-10-03 03:11:07,+0300,9,Mustika,error,000,""
2026-10-03 03:11:07,+0300,10,Suur-Paala,error,000,""
2026-10-03 03:13:08,+0300,1,Hipodroom,error,000,""
2026-10-03 03:13:08,+0300,3,T1,error,000,""
2026-10-03 03:13:08,+0300,9,Mustika,error,000,""
2026-10-03 03:13:08,+0300,10,Suur-Paala,error,000,""
2026-10-03 03:15:08,+0300,1,Hipodroom,error,000,""
2026-10-03 03:15:08,+0300,3,T1,error,000,""
2026-10-03 03:15:08,+0300,9,Mustika,error,000,""
2026-10-03 03:15:08,+0300,10,Suur-Paala,error,000,""
2026-10-03 03:17:08,+0300,1,Hipodroom,error,000,""
2026-10-03 03:17:08,+0300,3,T1,error,000,""
2026-10-03 03:17:08,+0300,9,Mustika,error,000,""
2026-10-03 03:17:08,+0300,10,Suur-Paala,error,000,""
2026-10-03 03:19:08,+0300,1,Hipodroom,error,000,""
2026-10-03 03:19:08,+0300,3,T1,error,000,""
2026-10-03 03:19:08,+0300,9,Mustika,error,000,""
2026-10-03 03:19:08,+0300,10,Suur-Paala,error,000,""
2026-10-03 03:21:09,+0300,1,Hipodroom,error,000,""
2026-10-03 03:21:09,+0300,3,T1,error,000,""
2026-10-03 03:21:09,+0300,9,Mustika,error,000,""
2026-10-03 03:21:09,+0300,10,Suur-Paala,error,000,""
2026-10-03 03:23:09,+0300,1,Hipodroom,error,000,""
2026-10-03 03:23:09,+0300,3,T1,error,000,""
2026-10-03 03:23:09,+0300,9,Mustika,error,000,""
2026-10-03 03:23:09,+0300,10,Suur-Paala,error,000,""
2026-10-03 03:25:09,+0300,1,Hipodroom,error,000,""
2026-10-03 03:25:09,+0300,3,T1,error,000,""
2026-10-03 03:25:09,+0300,9,Mustika,error,000,""
2026-10-03 03:25:09,+0300,10,Suur-Paala,error,000,""
2026-10-03 03:27:09,+0300,1,Hipodroom,error,000,""
2026-10-03 03:27:09,+0300,3,T1,error,000,""
2026-10-03 03:27:09,+0300,9,Mustika,error,000,""
2026-10-03 03:27:09,+0300,10,Suur-Paala,error,000,""
2026-10-03 03:29:09,+0300,1,Hipodroom,error,000,""
2026-10-03 03:29:09,+0300,3,T1,error,000,""
2026-10-03 03:29:09,+0300,9,Mustika,error,000,""
2026-10-03 03:29:09,+0300,10,Suur-Paala,error,000,""
2026-10-03 03:31:10,+0300,1,Hipodroom,error,000,""
2026-10-03 03:31:10,+0300,3,T1,error,000,""
2026-10-03 03:31:10,+0300,9,Mustika,error,000,""
2026-10-03 03:31:10,+0300,10,Suur-Paala,error,000,""
2026-10-03 03:33:10,+0300,1,Hipodroom,error,000,""
2026-10-03 03:33:10,+0300,3,T1,error,000,""
2026-10-03 03:33:10,+0300,9,Mustika,error,000,""
2026-10-03 03:33:10,+0300,10,Suur-Paala,error,000,""
2026-10-03 03:35:10,+0300,1,Hipodroom,error,000,""
2026-10-03 03:35:10,+0300,3,T1,error,000,""
2026-10-03 03:35:10,+0300,9,Mustika,error,000,""
2026-10-03 03:35:10,+0300,10,Suur-Paala,error,000,""
2026-10-03 03:37:10,+0300,1,Hipodroom,error,000,""
2026-10-03 03:37:10,+0300,3,T1,error,000,""
2026-10-03 03:37:10,+0300,9,Mustika,error,000,""
2026-10-03 03:37:10,+0300,10,Suur-Paala,error,000,""
2026-10-03 03:39:11,+0300,1,Hipodroom,error,000,""
2026-10-03 03:39:11,+0300,3,T1,error,000,""
2026-10-03 03:39:11,+0300,9,Mustika,error,000,""
2026-10-03 03:39:11,+0300,10,Suur-Paala,error,000,""
2026-10-03 03:41:11,+0300,1,Hipodroom,error,000,""
2026-10-03 03:41:11,+0300,3,T1,error,000,""
2026-10-03 03:41:11,+0300,9,Mustika,error,000,""
2026-10-03 03:41:11,+0300,10,Suur-Paala,error,000,""
2026-10-03 03:43:11,+0300,1,Hipodroom,error,000,""
2026-10-03 03:43:11,+0300,3,T1,error,000,""
2026-10-03 03:43:11,+0300,9,Mustika,error,000,""
2026-10-03 03:43:11,+0300,10,Suur-Paala,error,000,""
2026-10-03 03:45:11,+0300,1,Hipodroom,error,000,""
2026-10-03 03:45:11,+0300,3,T1,error,000,""
2026-10-03 03:45:11,+0300,9,Mustika,error,000,""
2026-10-03 03:45:11,+0300,10,Suur-Paala,error,000,""
2026-10-03 03:47:12,+0300,1,Hipodroom,error,000,""
2026-10-03 03:47:12,+0300,3,T1,error,000,""
2026-10-03 03:47:12,+0300,9,Mustika,error,000,""
2026-10-03 03:47:12,+0300,10,Suur-Paala,error,000,""
2026-10-03 03:49:12,+0300,1,Hipodroom,error,000,""
2026-10-03 03:49:12,+0300,3,T1,error,000,""
2026-10-03 03:49:12,+0300,9,Mustika,error,000,""
2026-10-03 03:49:12,+0300,10,Suur-Paala,error,000,""
2026-10-03 03:51:12,+0300,1,Hipodroom,error,000,""
2026-10-03 03:51:12,+0300,3,T1,error,000,""
2026-10-03 03:51:12,+0300,9,Mustika,error,000,""
2026-10-03 03:51:12,+0300,10,Suur-Paala,error,000,""
2026-10-03 03:53:12,+0300,1,Hipodroom,error,000,""
2026-10-03 03:53:12,+0300,3,T1,error,000,""
2026-10-03 03:53:12,+0300,9,Mustika,error,000,""
2026-10-03 03:53:12,+0300,10,Suur-Paala,error,000,""
2026-10-03 03:55:12,+0300,1,Hipodroom,error,000,""
2026-10-03 03:55:12,+0300,3,T1,error,000,""
2026-10-03 03:55:12,+0300,9,Mustika,error,000,""
2026-10-03 03:55:12,+0300,10,Suur-Paala,error,000,""
2026-10-03 03:57:13,+0300,1,Hipodroom,error,000,""
2026-10-03 03:57:13,+0300,3,T1,error,000,""
2026-10-03 03:57:13,+0300,9,Mustika,error,000,""
2026-10-03 03:57:13,+0300,10,Suur-Paala,error,000,""
2026-10-03 03:59:13,+0300,1,Hipodroom,error,000,""
2026-10-03 03:59:13,+0300,3,T1,error,000,""
2026-10-03 03:59:13,+0300,9,Mustika,error,000,""
2026-10-03 03:59:13,+0300,10,Suur-Paala,error,000,""
2026-10-03 04:01:13,+0300,1,Hipodroom,error,000,""
2026-10-03 04:01:13,+0300,3,T1,error,000,""
2026-10-03 04:01:13,+0300,9,Mustika,error,000,""
2026-10-03 04:01:13,+0300,10,Suur-Paala,error,000,""
2026-10-03 04:03:13,+0300,1,Hipodroom,error,000,""
2026-10-03 04:03:13,+0300,3,T1,error,000,""
2026-10-03 04:03:13,+0300,9,Mustika,error,000,""
2026-10-03 04:03:13,+0300,10,Suur-Paala,error,000,""
2026-10-03 04:05:14,+0300,1,Hipodroom,error,000,""
2026-10-03 04:05:14,+0300,3,T1,error,000,""
2026-10-03 04:05:14,+0300,9,Mustika,error,000,""
2026-10-03 04:05:14,+0300,10,Suur-Paala,error,000,""
2026-10-03 04:07:14,+0300,1,Hipodroom,error,000,""
2026-10-03 04:07:14,+0300,3,T1,error,000,""
2026-10-03 04:07:14,+0300,9,Mustika,error,000,""
2026-10-03 04:07:14,+0300,10,Suur-Paala,error,000,""
2026-10-03 04:09:14,+0300,1,Hipodroom,error,000,""
2026-10-03 04:09:14,+0300,3,T1,error,000,""
2026-10-03 04:09:14,+0300,9,Mustika,error,000,""
2026-10-03 04:09:14,+0300,10,Suur-Paala,error,000,""
2026-10-03 04:11:14,+0300,1,Hipodroom,error,000,""
2026-10-03 04:11:14,+0300,3,T1,error,000,""
2026-10-03 04:11:14,+0300,9,Mustika,error,000,""
2026-10-03 04:11:14,+0300,10,Suur-Paala,error,000,""
2026-10-03 04:13:15,+0300,1,Hipodroom,error,000,""
2026-10-03 04:13:15,+0300,3,T1,error,000,""
2026-10-03 04:13:15,+0300,9,Mustika,error,000,""
2026-10-03 04:13:15,+0300,10,Suur-Paala,error,000,""
2026-10-03 04:15:15,+0300,1,Hipodroom,error,000,""
2026-10-03 04:15:15,+0300,3,T1,error,000,""
2026-10-03 04:15:15,+0300,9,Mustika,error,000,""
2026-10-03 04:15:15,+0300,10,Suur-Paala,error,000,""
2026-10-03 04:17:15,+0300,1,Hipodroom,error,000,""
2026-10-03 04:17:15,+0300,3,T1,error,000,""
2026-10-03 04:17:15,+0300,9,Mustika,error,000,""
2026-10-03 04:17:15,+0300,10,Suur-Paala,error,000,""
2026-10-03 04:19:15,+0300,1,Hipodroom,error,000,""
2026-10-03 04:19:15,+0300,3,T1,error,000,""
2026-10-03 04:19:15,+0300,9,Mustika,error,000,""
2026-10-03 04:19:15,+0300,10,Suur-Paala,error,000,""
2026-10-03 04:21:15,+0300,1,Hipodroom,error,000,""
2026-10-03 04:21:15,+0300,3,T1,error,000,""
2026-10-03 04:21:15,+0300,9,Mustika,error,000,""
2026-10-03 04:21:15,+0300,10,Suur-Paala,error,000,""
2026-10-03 04:23:15,+0300,1,Hipodroom,error,000,""
2026-10-03 04:23:15,+0300,3,T1,error,000,""
2026-10-03 04:23:15,+0300,9,Mustika,error,000,""
2026-10-03 04:23:15,+0300,10,Suur-Paala,error,000,""
2026-10-03 04:25:15,+0300,1,Hipodroom,error,000,""
2026-10-03 04:25:15,+0300,3,T1,error,000,""
2026-10-03 04:25:15,+0300,9,Mustika,error,000,""
2026-10-03 04:25:15,+0300,10,Suur-Paala,error,000,""
2026-10-03 04:27:16,+0300,1,Hipodroom,error,000,""
2026-10-03 04:27:16,+0300,3,T1,error,000,""
2026-10-03 04:27:16,+0300,9,Mustika,error,000,""
2026-10-03 04:27:16,+0300,10,Suur-Paala,error,000,""
2026-10-03 04:29:16,+0300,1,Hipodroom,error,000,""
2026-10-03 04:29:16,+0300,3,T1,error,000,""
2026-10-03 04:29:16,+0300,9,Mustika,error,000,""
2026-10-03 04:29:16,+0300,10,Suur-Paala,error,000,""
2026-10-03 04:31:16,+0300,1,Hipodroom,error,000,""
2026-10-03 04:31:16,+0300,3,T1,error,000,""
2026-10-03 04:31:16,+0300,9,Mustika,error,000,""
2026-10-03 04:31:16,+0300,10,Suur-Paala,error,000,""
2026-10-03 04:33:16,+0300,1,Hipodroom,error,000,""
2026-10-03 04:33:16,+0300,3,T1,error,000,""
2026-10-03 04:33:16,+0300,9,Mustika,error,000,""
2026-10-03 04:33:16,+0300,10,Suur-Paala,error,000,""
2026-10-03 04:35:17,+0300,1,Hipodroom,error,000,""
2026-10-03 04:35:17,+0300,3,T1,error,000,""
2026-10-03 04:35:17,+0300,9,Mustika,error,000,""
2026-10-03 04:35:17,+0300,10,Suur-Paala,error,000,""
2026-10-03 04:37:17,+0300,1,Hipodroom,error,000,""
2026-10-03 04:37:17,+0300,3,T1,error,000,""
2026-10-03 04:37:17,+0300,9,Mustika,error,000,""
2026-10-03 04:37:17,+0300,10,Suur-Paala,error,000,""
2026-10-03 04:39:17,+0300,1,Hipodroom,error,000,""
2026-10-03 04:39:17,+0300,3,T1,error,000,""
2026-10-03 04:39:17,+0300,9,Mustika,error,000,""
2026-10-03 04:39:17,+0300,10,Suur-Paala,error,000,""
2026-10-03 04:41:17,+0300,1,Hipodroom,error,000,""
2026-10-03 04:41:17,+0300,3,T1,error,000,""
2026-10-03 04:41:17,+0300,9,Mustika,error,000,""
2026-10-03 04:41:17,+0300,10,Suur-Paala,error,000,""
2026-10-03 04:43:17,+0300,1,Hipodroom,error,000,""
2026-10-03 04:43:17,+0300,3,T1,error,000,""
2026-10-03 04:43:17,+0300,9,Mustika,error,000,""
2026-10-03 04:43:17,+0300,10,Suur-Paala,error,000,""
2026-10-03 04:45:18,+0300,1,Hipodroom,error,000,""
2026-10-03 04:45:18,+0300,3,T1,error,000,""
2026-10-03 04:45:18,+0300,9,Mustika,error,000,""
2026-10-03 04:45:18,+0300,10,Suur-Paala,error,000,""
2026-10-03 04:47:18,+0300,1,Hipodroom,error,000,""
2026-10-03 04:47:18,+0300,3,T1,error,000,""
2026-10-03 04:47:18,+0300,9,Mustika,error,000,""
2026-10-03 04:47:18,+0300,10,Suur-Paala,error,000,""
2026-10-03 04:49:18,+0300,1,Hipodroom,error,000,""
2026-10-03 04:49:18,+0300,3,T1,error,000,""
2026-10-03 04:49:18,+0300,9,Mustika,error,000,""
2026-10-03 04:49:18,+0300,10,Suur-Paala,error,000,""
2026-10-03 04:51:18,+0300,1,Hipodroom,error,000,""
2026-10-03 04:51:18,+0300,3,T1,error,000,""
2026-10-03 04:51:18,+0300,9,Mustika,error,000,""
2026-10-03 04:51:18,+0300,10,Suur-Paala,error,000,""
2026-10-03 04:53:18,+0300,1,Hipodroom,error,000,""
2026-10-03 04:53:18,+0300,3,T1,error,000,""
2026-10-03 04:53:18,+0300,9,Mustika,error,000,""
2026-10-03 04:53:18,+0300,10,Suur-Paala,error,000,""
2026-10-03 04:55:19,+0300,1,Hipodroom,error,000,""
2026-10-03 04:55:19,+0300,3,T1,error,000,""
2026-10-03 04:55:19,+0300,9,Mustika,error,000,""
2026-10-03 04:55:19,+0300,10,Suur-Paala,error,000,""
2026-10-03 04:57:19,+0300,1,Hipodroom,error,000,""
2026-10-03 04:57:19,+0300,3,T1,error,000,""
2026-10-03 04:57:19,+0300,9,Mustika,error,000,""
2026-10-03 04:57:19,+0300,10,Suur-Paala,error,000,""
2026-10-03 04:59:19,+0300,1,Hipodroom,error,000,""
2026-10-03 04:59:19,+0300,3,T1,error,000,""
2026-10-03 04:59:19,+0300,9,Mustika,error,000,""
2026-10-03 04:59:19,+0300,10,Suur-Paala,error,000,""
2026-10-03 05:01:19,+0300,1,Hipodroom,error,000,""
2026-10-03 05:01:19,+0300,3,T1,error,000,""
2026-10-03 05:01:19,+0300,9,Mustika,error,000,""
2026-10-03 05:01:19,+0300,10,Suur-Paala,error,000,""
2026-10-03 05:03:20,+0300,1,Hipodroom,error,000,""
2026-10-03 05:03:20,+0300,3,T1,error,000,""
2026-10-03 05:03:20,+0300,9,Mustika,error,000,""
2026-10-03 05:03:20,+0300,10,Suur-Paala,error,000,""
2026-10-03 05:05:20,+0300,1,Hipodroom,error,000,""
2026-10-03 05:05:20,+0300,3,T1,error,000,""
2026-10-03 05:05:20,+0300,9,Mustika,error,000,""
2026-10-03 05:05:20,+0300,10,Suur-Paala,error,000,""
2026-10-03 05:07:20,+0300,1,Hipodroom,error,000,""
2026-10-03 05:07:20,+0300,3,T1,error,000,""
2026-10-03 05:07:20,+0300,9,Mustika,error,000,""
2026-10-03 05:07:20,+0300,10,Suur-Paala,error,000,""
2026-10-03 05:09:20,+0300,1,Hipodroom,error,000,""
2026-10-03 05:09:20,+0300,3,T1,error,000,""
2026-10-03 05:09:20,+0300,9,Mustika,error,000,""
2026-10-03 05:09:20,+0300,10,Suur-Paala,error,000,""
2026-10-03 05:11:20,+0300,1,Hipodroom,error,000,""
2026-10-03 05:11:20,+0300,3,T1,error,000,""
2026-10-03 05:11:20,+0300,9,Mustika,error,000,""
2026-10-03 05:11:20,+0300,10,Suur-Paala,error,000,""
2026-10-03 05:13:21,+0300,1,Hipodroom,error,000,""
2026-10-03 05:13:21,+0300,3,T1,error,000,""
2026-10-03 05:13:21,+0300,9,Mustika,error,000,""
2026-10-03 05:13:21,+0300,10,Suur-Paala,error,000,""
2026-10-03 05:15:21,+0300,1,Hipodroom,error,000,""
2026-10-03 05:15:21,+0300,3,T1,error,000,""
2026-10-03 05:15:21,+0300,9,Mustika,error,000,""
2026-10-03 05:15:21,+0300,10,Suur-Paala,error,000,""
2026-10-03 05:17:21,+0300,1,Hipodroom,error,000,""
2026-10-03 05:17:21,+0300,3,T1,error,000,""
2026-10-03 05:17:21,+0300,9,Mustika,error,000,""
2026-10-03 05:17:21,+0300,10,Suur-Paala,error,000,""
2026-10-03 05:19:21,+0300,1,Hipodroom,error,000,""
2026-10-03 05:19:21,+0300,3,T1,error,000,""
2026-10-03 05:19:21,+0300,9,Mustika,error,000,""
2026-10-03 05:19:21,+0300,10,Suur-Paala,error,000,""
2026-10-03 05:21:22,+0300,1,Hipodroom,error,000,""
2026-10-03 05:21:22,+0300,3,T1,error,000,""
2026-10-03 05:21:22,+0300,9,Mustika,error,000,""
2026-10-03 05:21:22,+0300,10,Suur-Paala,error,000,""
2026-10-03 05:23:22,+0300,1,Hipodroom,error,000,""
2026-10-03 05:23:22,+0300,3,T1,error,000,""
2026-10-03 05:23:22,+0300,9,Mustika,error,000,""
2026-10-03 05:23:22,+0300,10,Suur-Paala,error,000,""
2026-10-03 05:25:22,+0300,1,Hipodroom,error,000,""
2026-10-03 05:25:22,+0300,3,T1,error,000,""
2026-10-03 05:25:22,+0300,9,Mustika,error,000,""
2026-10-03 05:25:22,+0300,10,Suur-Paala,error,000,""
2026-10-03 05:27:22,+0300,1,Hipodroom,error,000,""
2026-10-03 05:27:22,+0300,3,T1,error,000,""
2026-10-03 05:27:22,+0300,9,Mustika,error,000,""
2026-10-03 05:27:22,+0300,10,Suur-Paala,error,000,""
2026-10-03 05:29:22,+0300,1,Hipodroom,error,000,""
2026-10-03 05:29:22,+0300,3,T1,error,000,""
2026-10-03 05:29:22,+0300,9,Mustika,error,000,""
2026-10-03 05:29:22,+0300,10,Suur-Paala,error,000,""
2026-10-03 05:31:23,+0300,1,Hipodroom,error,000,""
2026-10-03 05:31:23,+0300,3,T1,error,000,""
2026-10-03 05:31:23,+0300,9,Mustika,error,000,""
2026-10-03 05:31:23,+0300,10,Suur-Paala,error,000,""
2026-10-03 05:33:23,+0300,1,Hipodroom,error,000,""
2026-10-03 05:33:23,+0300,3,T1,error,000,""
2026-10-03 05:33:23,+0300,9,Mustika,error,000,""
2026-10-03 05:33:23,+0300,10,Suur-Paala,error,000,""
2026-10-03 05:35:23,+0300,1,Hipodroom,error,000,""
2026-10-03 05:35:23,+0300,3,T1,error,000,""
2026-10-03 05:35:23,+0300,9,Mustika,error,000,""
2026-10-03 05:35:23,+0300,10,Suur-Paala,error,000,""
2026-10-03 05:37:23,+0300,1,Hipodroom,error,000,""
2026-10-03 05:37:23,+0300,3,T1,error,000,""
2026-10-03 05:37:23,+0300,9,Mustika,error,000,""
2026-10-03 05:37:23,+0300,10,Suur-Paala,error,000,""
2026-10-03 05:39:23,+0300,1,Hipodroom,error,000,""
2026-10-03 05:39:23,+0300,3,T1,error,000,""
2026-10-03 05:39:23,+0300,9,Mustika,error,000,""
2026-10-03 05:39:23,+0300,10,Suur-Paala,error,000,""
2026-10-03 05:41:23,+0300,1,Hipodroom,error,000,""
2026-10-03 05:41:23,+0300,3,T1,error,000,""
2026-10-03 05:41:23,+0300,9,Mustika,error,000,""
2026-10-03 05:41:23,+0300,10,Suur-Paala,error,000,""
2026-10-03 05:43:24,+0300,1,Hipodroom,error,000,""
2026-10-03 05:43:24,+0300,3,T1,error,000,""
2026-10-03 05:43:24,+0300,9,Mustika,error,000,""
2026-10-03 05:43:24,+0300,10,Suur-Paala,error,000,""
2026-10-03 05:45:24,+0300,1,Hipodroom,error,000,""
2026-10-03 05:45:24,+0300,3,T1,error,000,""
2026-10-03 05:45:24,+0300,9,Mustika,error,000,""
2026-10-03 05:45:24,+0300,10,Suur-Paala,error,000,""
2026-10-03 05:47:24,+0300,1,Hipodroom,error,000,""
2026-10-03 05:47:24,+0300,3,T1,error,000,""
2026-10-03 05:47:24,+0300,9,Mustika,error,000,""
2026-10-03 05:47:24,+0300,10,Suur-Paala,error,000,""
2026-10-03 05:49:24,+0300,1,Hipodroom,error,000,""
2026-10-03 05:49:24,+0300,3,T1,error,000,""
2026-10-03 05:49:24,+0300,9,Mustika,error,000,""
2026-10-03 05:49:24,+0300,10,Suur-Paala,error,000,""
2026-10-03 05:51:24,+0300,1,Hipodroom,error,000,""
2026-10-03 05:51:24,+0300,3,T1,error,000,""
2026-10-03 05:51:24,+0300,9,Mustika,error,000,""
2026-10-03 05:51:24,+0300,10,Suur-Paala,error,000,""
2026-10-03 05:53:25,+0300,1,Hipodroom,error,000,""
2026-10-03 05:53:25,+0300,3,T1,error,000,""
2026-10-03 05:53:25,+0300,9,Mustika,error,000,""
2026-10-03 05:53:25,+0300,10,Suur-Paala,error,000,""
2026-10-03 05:55:25,+0300,1,Hipodroom,error,000,""
2026-10-03 05:55:25,+0300,3,T1,error,000,""
2026-10-03 05:55:25,+0300,9,Mustika,error,000,""
2026-10-03 05:55:25,+0300,10,Suur-Paala,error,000,""
2026-10-03 05:57:25,+0300,1,Hipodroom,error,000,""
2026-10-03 05:57:25,+0300,3,T1,error,000,""
2026-10-03 05:57:25,+0300,9,Mustika,error,000,""
2026-10-03 05:57:25,+0300,10,Suur-Paala,error,000,""
2026-10-03 05:59:26,+0300,1,Hipodroom,error,000,""
2026-10-03 05:59:26,+0300,3,T1,error,000,""
2026-10-03 05:59:26,+0300,9,Mustika,error,000,""
2026-10-03 05:59:26,+0300,10,Suur-Paala,error,000,""
2026-10-03 06:01:26,+0300,1,Hipodroom,error,000,""
2026-10-03 06:01:26,+0300,3,T1,error,000,""
2026-10-03 06:01:26,+0300,9,Mustika,error,000,""
2026-10-03 06:01:26,+0300,10,Suur-Paala,error,000,""
2026-10-03 06:03:26,+0300,1,Hipodroom,error,000,""
2026-10-03 06:03:26,+0300,3,T1,error,000,""
2026-10-03 06:03:26,+0300,9,Mustika,error,000,""
2026-10-03 06:03:26,+0300,10,Suur-Paala,error,000,""
2026-10-03 06:05:26,+0300,1,Hipodroom,error,000,""
2026-10-03 06:05:26,+0300,3,T1,error,000,""
2026-10-03 06:05:26,+0300,9,Mustika,error,000,""
2026-10-03 06:05:26,+0300,10,Suur-Paala,error,000,""
2026-10-03 06:07:27,+0300,1,Hipodroom,error,000,""
2026-10-03 06:07:27,+0300,3,T1,error,000,""
2026-10-03 06:07:27,+0300,9,Mustika,error,000,""
2026-10-03 06:07:27,+0300,10,Suur-Paala,error,000,""
2026-10-03 06:09:27,+0300,1,Hipodroom,error,000,""
2026-10-03 06:09:27,+0300,3,T1,error,000,""
2026-10-03 06:09:27,+0300,9,Mustika,error,000,""
2026-10-03 06:09:27,+0300,10,Suur-Paala,error,000,""
2026-10-03 06:11:27,+0300,1,Hipodroom,error,000,""
2026-10-03 06:11:27,+0300,3,T1,error,000,""
2026-10-03 06:11:27,+0300,9,Mustika,error,000,""
2026-10-03 06:11:27,+0300,10,Suur-Paala,error,000,""
2026-10-03 06:13:27,+0300,1,Hipodroom,error,000,""
2026-10-03 06:13:27,+0300,3,T1,error,000,""
2026-10-03 06:13:27,+0300,9,Mustika,error,000,""
2026-10-03 06:13:27,+0300,10,Suur-Paala,error,000,""
2026-10-03 06:15:27,+0300,1,Hipodroom,error,000,""
2026-10-03 06:15:27,+0300,3,T1,error,000,""
2026-10-03 06:15:27,+0300,9,Mustika,error,000,""
2026-10-03 06:15:27,+0300,10,Suur-Paala,error,000,""
2026-10-03 06:17:27,+0300,1,Hipodroom,error,000,""
2026-10-03 06:17:27,+0300,3,T1,error,000,""
2026-10-03 06:17:27,+0300,9,Mustika,error,000,""
2026-10-03 06:17:27,+0300,10,Suur-Paala,error,000,""
2026-10-03 06:19:28,+0300,1,Hipodroom,error,000,""
2026-10-03 06:19:28,+0300,3,T1,error,000,""
2026-10-03 06:19:28,+0300,9,Mustika,error,000,""
2026-10-03 06:19:28,+0300,10,Suur-Paala,error,000,""
2026-10-03 06:21:28,+0300,1,Hipodroom,error,000,""
2026-10-03 06:21:28,+0300,3,T1,error,000,""
2026-10-03 06:21:28,+0300,9,Mustika,error,000,""
2026-10-03 06:21:28,+0300,10,Suur-Paala,error,000,""
2026-10-03 06:23:28,+0300,1,Hipodroom,error,000,""
2026-10-03 06:23:28,+0300,3,T1,error,000,""
2026-10-03 06:23:28,+0300,9,Mustika,error,000,""
2026-10-03 06:23:28,+0300,10,Suur-Paala,error,000,""
2026-10-03 06:25:28,+0300,1,Hipodroom,error,000,""
2026-10-03 06:25:28,+0300,3,T1,error,000,""
2026-10-03 06:25:28,+0300,9,Mustika,error,000,""
2026-10-03 06:25:28,+0300,10,Suur-Paala,error,000,""
2026-10-03 06:27:28,+0300,1,Hipodroom,error,000,""
2026-10-03 06:27:28,+0300,3,T1,error,000,""
2026-10-03 06:27:28,+0300,9,Mustika,error,000,""
2026-10-03 06:27:28,+0300,10,Suur-Paala,error,000,""
2026-10-03 06:29:29,+0300,1,Hipodroom,error,000,""
2026-10-03 06:29:29,+0300,3,T1,error,000,""
2026-10-03 06:29:29,+0300,9,Mustika,error,000,""
2026-10-03 06:29:29,+0300,10,Suur-Paala,error,000,""
2026-10-03 06:31:29,+0300,1,Hipodroom,error,000,""
2026-10-03 06:31:29,+0300,3,T1,error,000,""
2026-10-03 06:31:29,+0300,9,Mustika,error,000,""
2026-10-03 06:31:29,+0300,10,Suur-Paala,error,000,""
2026-10-03 06:33:29,+0300,1,Hipodroom,error,000,""
2026-10-03 06:33:29,+0300,3,T1,error,000,""
2026-10-03 06:33:29,+0300,9,Mustika,error,000,""
2026-10-03 06:33:29,+0300,10,Suur-Paala,error,000,""
2026-10-03 06:35:29,+0300,1,Hipodroom,error,000,""
2026-10-03 06:35:29,+0300,3,T1,error,000,""
2026-10-03 06:35:29,+0300,9,Mustika,error,000,""
2026-10-03 06:35:29,+0300,10,Suur-Paala,error,000,""
2026-10-03 06:37:29,+0300,1,Hipodroom,error,000,""
2026-10-03 06:37:29,+0300,3,T1,error,000,""
2026-10-03 06:37:29,+0300,9,Mustika,error,000,""
2026-10-03 06:37:29,+0300,10,Suur-Paala,error,000,""
2026-10-03 06:39:30,+0300,1,Hipodroom,error,000,""
2026-10-03 06:39:30,+0300,3,T1,error,000,""
2026-10-03 06:39:30,+0300,9,Mustika,error,000,""
2026-10-03 06:39:30,+0300,10,Suur-Paala,error,000,""
2026-10-03 06:41:30,+0300,1,Hipodroom,error,000,""
2026-10-03 06:41:30,+0300,3,T1,error,000,""
2026-10-03 06:41:30,+0300,9,Mustika,error,000,""
2026-10-03 06:41:30,+0300,10,Suur-Paala,error,000,""
2026-10-03 06:43:30,+0300,1,Hipodroom,error,000,""
2026-10-03 06:43:30,+0300,3,T1,error,000,""
2026-10-03 06:43:30,+0300,9,Mustika,error,000,""
2026-10-03 06:43:30,+0300,10,Suur-Paala,error,000,""
2026-10-03 06:45:30,+0300,1,Hipodroom,error,000,""
2026-10-03 06:45:30,+0300,3,T1,error,000,""
2026-10-03 06:45:30,+0300,9,Mustika,error,000,""
2026-10-03 06:45:30,+0300,10,Suur-Paala,error,000,""
2026-10-03 06:47:31,+0300,1,Hipodroom,error,000,""
2026-10-03 06:47:31,+0300,3,T1,error,000,""
2026-10-03 06:47:31,+0300,9,Mustika,error,000,""
2026-10-03 06:47:31,+0300,10,Suur-Paala,error,000,""
2026-10-03 06:49:31,+0300,1,Hipodroom,error,000,""
2026-10-03 06:49:31,+0300,3,T1,error,000,""
2026-10-03 06:49:31,+0300,9,Mustika,error,000,""
2026-10-03 06:49:31,+0300,10,Suur-Paala,error,000,""
2026-10-03 06:51:31,+0300,1,Hipodroom,error,000,""
2026-10-03 06:51:31,+0300,3,T1,error,000,""
2026-10-03 06:51:31,+0300,9,Mustika,error,000,""
2026-10-03 06:51:31,+0300,10,Suur-Paala,error,000,""
2026-10-03 06:53:31,+0300,1,Hipodroom,error,000,""
2026-10-03 06:53:31,+0300,3,T1,error,000,""
2026-10-03 06:53:31,+0300,9,Mustika,error,000,""
2026-10-03 06:53:31,+0300,10,Suur-Paala,error,000,""
2026-10-03 06:55:31,+0300,1,Hipodroom,error,000,""
2026-10-03 06:55:31,+0300,3,T1,error,000,""
2026-10-03 06:55:31,+0300,9,Mustika,error,000,""
2026-10-03 06:55:31,+0300,10,Suur-Paala,error,000,""
2026-10-03 06:57:32,+0300,1,Hipodroom,error,000,""
2026-10-03 06:57:32,+0300,3,T1,error,000,""
2026-10-03 06:57:32,+0300,9,Mustika,error,000,""
2026-10-03 06:57:32,+0300,10,Suur-Paala,error,000,""
2026-10-03 06:59:32,+0300,1,Hipodroom,error,000,""
2026-10-03 06:59:32,+0300,3,T1,error,000,""
2026-10-03 06:59:32,+0300,9,Mustika,error,000,""
2026-10-03 06:59:32,+0300,10,Suur-Paala,error,000,""
2026-10-03 07:01:32,+0300,1,Hipodroom,error,000,""
2026-10-03 07:01:32,+0300,3,T1,error,000,""
2026-10-03 07:01:32,+0300,9,Mustika,error,000,""
2026-10-03 07:01:32,+0300,10,Suur-Paala,error,000,""
2026-10-03 07:03:32,+0300,1,Hipodroom,error,000,""
2026-10-03 07:03:32,+0300,3,T1,error,000,""
2026-10-03 07:03:32,+0300,9,Mustika,error,000,""
2026-10-03 07:03:32,+0300,10,Suur-Paala,error,000,""
2026-10-03 07:05:32,+0300,1,Hipodroom,error,000,""
2026-10-03 07:05:32,+0300,3,T1,error,000,""
2026-10-03 07:05:32,+0300,9,Mustika,error,000,""
2026-10-03 07:05:32,+0300,10,Suur-Paala,error,000,""
2026-10-03 07:07:33,+0300,1,Hipodroom,error,000,""
2026-10-03 07:07:33,+0300,3,T1,error,000,""
2026-10-03 07:07:33,+0300,9,Mustika,error,000,""
2026-10-03 07:07:33,+0300,10,Suur-Paala,error,000,""
2026-10-03 07:09:33,+0300,1,Hipodroom,error,000,""
2026-10-03 07:09:33,+0300,3,T1,error,000,""
2026-10-03 07:09:33,+0300,9,Mustika,error,000,""
2026-10-03 07:09:33,+0300,10,Suur-Paala,error,000,""
2026-10-03 07:11:33,+0300,1,Hipodroom,error,000,""
2026-10-03 07:11:33,+0300,3,T1,error,000,""
2026-10-03 07:11:33,+0300,9,Mustika,error,000,""
2026-10-03 07:11:33,+0300,10,Suur-Paala,error,000,""
2026-10-03 07:13:33,+0300,1,Hipodroom,error,000,""
2026-10-03 07:13:33,+0300,3,T1,error,000,""
2026-10-03 07:13:33,+0300,9,Mustika,error,000,""
2026-10-03 07:13:33,+0300,10,Suur-Paala,error,000,""
2026-10-03 07:15:33,+0300,1,Hipodroom,error,000,""
2026-10-03 07:15:33,+0300,3,T1,error,000,""
2026-10-03 07:15:33,+0300,9,Mustika,error,000,""
2026-10-03 07:15:33,+0300,10,Suur-Paala,error,000,""
2026-10-03 07:17:34,+0300,1,Hipodroom,error,000,""
2026-10-03 07:17:34,+0300,3,T1,error,000,""
2026-10-03 07:17:34,+0300,9,Mustika,error,000,""
2026-10-03 07:17:34,+0300,10,Suur-Paala,error,000,""
2026-10-03 07:19:34,+0300,1,Hipodroom,error,000,""
2026-10-03 07:19:34,+0300,3,T1,error,000,""
2026-10-03 07:19:34,+0300,9,Mustika,error,000,""
2026-10-03 07:19:34,+0300,10,Suur-Paala,error,000,""
2026-10-03 07:21:34,+0300,1,Hipodroom,error,000,""
2026-10-03 07:21:34,+0300,3,T1,error,000,""
2026-10-03 07:21:34,+0300,9,Mustika,error,000,""
2026-10-03 07:21:34,+0300,10,Suur-Paala,error,000,""
2026-10-03 07:23:34,+0300,1,Hipodroom,error,000,""
2026-10-03 07:23:34,+0300,3,T1,error,000,""
2026-10-03 07:23:34,+0300,9,Mustika,error,000,""
2026-10-03 07:23:34,+0300,10,Suur-Paala,error,000,""
2026-10-03 07:25:35,+0300,1,Hipodroom,error,000,""
2026-10-03 07:25:35,+0300,3,T1,error,000,""
2026-10-03 07:25:35,+0300,9,Mustika,error,000,""
2026-10-03 07:25:35,+0300,10,Suur-Paala,error,000,""
2026-10-03 07:27:35,+0300,1,Hipodroom,error,000,""
2026-10-03 07:27:35,+0300,3,T1,error,000,""
2026-10-03 07:27:35,+0300,9,Mustika,error,000,""
2026-10-03 07:27:35,+0300,10,Suur-Paala,error,000,""
2026-10-03 07:29:35,+0300,1,Hipodroom,error,000,""
2026-10-03 07:29:35,+0300,3,T1,error,000,""
2026-10-03 07:29:35,+0300,9,Mustika,error,000,""
2026-10-03 07:29:35,+0300,10,Suur-Paala,error,000,""
2026-10-03 07:31:36,+0300,1,Hipodroom,error,000,""
2026-10-03 07:31:36,+0300,3,T1,error,000,""
2026-10-03 07:31:36,+0300,9,Mustika,error,000,""
2026-10-03 07:31:36,+0300,10,Suur-Paala,error,000,""
2026-10-03 07:33:36,+0300,1,Hipodroom,error,000,""
2026-10-03 07:33:36,+0300,3,T1,error,000,""
2026-10-03 07:33:36,+0300,9,Mustika,error,000,""
2026-10-03 07:33:36,+0300,10,Suur-Paala,error,000,""
2026-10-03 07:35:36,+0300,1,Hipodroom,error,000,""
2026-10-03 07:35:36,+0300,3,T1,error,000,""
2026-10-03 07:35:36,+0300,9,Mustika,error,000,""
2026-10-03 07:35:36,+0300,10,Suur-Paala,error,000,""
2026-10-03 07:37:36,+0300,1,Hipodroom,error,000,""
2026-10-03 07:37:36,+0300,3,T1,error,000,""
2026-10-03 07:37:36,+0300,9,Mustika,error,000,""
2026-10-03 07:37:36,+0300,10,Suur-Paala,error,000,""
2026-10-03 07:39:36,+0300,1,Hipodroom,error,000,""
2026-10-03 07:39:36,+0300,3,T1,error,000,""
2026-10-03 07:39:36,+0300,9,Mustika,error,000,""
2026-10-03 07:39:36,+0300,10,Suur-Paala,error,000,""
2026-10-03 07:41:36,+0300,1,Hipodroom,error,000,""
2026-10-03 07:41:36,+0300,3,T1,error,000,""
2026-10-03 07:41:36,+0300,9,Mustika,error,000,""
2026-10-03 07:41:36,+0300,10,Suur-Paala,error,000,""
2026-10-03 07:43:37,+0300,1,Hipodroom,error,000,""
2026-10-03 07:43:37,+0300,3,T1,error,000,""
2026-10-03 07:43:37,+0300,9,Mustika,error,000,""
2026-10-03 07:43:37,+0300,10,Suur-Paala,error,000,""
2026-10-03 07:45:37,+0300,1,Hipodroom,error,000,""
2026-10-03 07:45:37,+0300,3,T1,error,000,""
2026-10-03 07:45:37,+0300,9,Mustika,error,000,""
2026-10-03 07:45:37,+0300,10,Suur-Paala,error,000,""
2026-10-03 07:47:37,+0300,1,Hipodroom,error,000,""
2026-10-03 07:47:37,+0300,3,T1,error,000,""
2026-10-03 07:47:37,+0300,9,Mustika,error,000,""
2026-10-03 07:47:37,+0300,10,Suur-Paala,error,000,""
2026-10-03 07:49:37,+0300,1,Hipodroom,error,000,""
2026-10-03 07:49:37,+0300,3,T1,error,000,""
2026-10-03 07:49:37,+0300,9,Mustika,error,000,""
2026-10-03 07:49:37,+0300,10,Suur-Paala,error,000,""
2026-10-03 07:51:38,+0300,1,Hipodroom,error,000,""
2026-10-03 07:51:38,+0300,3,T1,error,000,""
2026-10-03 07:51:38,+0300,9,Mustika,error,000,""
2026-10-03 07:51:38,+0300,10,Suur-Paala,error,000,""
2026-10-03 07:53:38,+0300,1,Hipodroom,error,000,""
2026-10-03 07:53:38,+0300,3,T1,error,000,""
2026-10-03 07:53:38,+0300,9,Mustika,error,000,""
2026-10-03 07:53:38,+0300,10,Suur-Paala,error,000,""
2026-10-03 07:55:38,+0300,1,Hipodroom,error,000,""
2026-10-03 07:55:38,+0300,3,T1,error,000,""
2026-10-03 07:55:38,+0300,9,Mustika,error,000,""
2026-10-03 07:55:38,+0300,10,Suur-Paala,error,000,""
2026-10-03 07:57:38,+0300,1,Hipodroom,error,000,""
2026-10-03 07:57:38,+0300,3,T1,error,000,""
2026-10-03 07:57:38,+0300,9,Mustika,error,000,""
2026-10-03 07:57:38,+0300,10,Suur-Paala,error,000,""
2026-10-03 07:59:38,+0300,1,Hipodroom,error,000,""
2026-10-03 07:59:38,+0300,3,T1,error,000,""
2026-10-03 07:59:38,+0300,9,Mustika,error,000,""
2026-10-03 07:59:38,+0300,10,Suur-Paala,error,000,""
2026-10-03 08:01:38,+0300,1,Hipodroom,error,000,""
2026-10-03 08:01:38,+0300,3,T1,error,000,""
2026-10-03 08:01:38,+0300,9,Mustika,error,000,""
2026-10-03 08:01:38,+0300,10,Suur-Paala,error,000,""
2026-10-03 08:03:39,+0300,1,Hipodroom,error,000,""
2026-10-03 08:03:39,+0300,3,T1,error,000,""
2026-10-03 08:03:39,+0300,9,Mustika,error,000,""
2026-10-03 08:03:39,+0300,10,Suur-Paala,error,000,""
2026-10-03 08:05:39,+0300,1,Hipodroom,error,000,""
2026-10-03 08:05:39,+0300,3,T1,error,000,""
2026-10-03 08:05:39,+0300,9,Mustika,error,000,""
2026-10-03 08:05:39,+0300,10,Suur-Paala,error,000,""
2026-10-03 08:07:39,+0300,1,Hipodroom,error,000,""
2026-10-03 08:07:39,+0300,3,T1,error,000,""
2026-10-03 08:07:39,+0300,9,Mustika,error,000,""
2026-10-03 08:07:39,+0300,10,Suur-Paala,error,000,""
2026-10-03 08:09:39,+0300,1,Hipodroom,error,000,""
2026-10-03 08:09:39,+0300,3,T1,error,000,""
2026-10-03 08:09:39,+0300,9,Mustika,error,000,""
2026-10-03 08:09:39,+0300,10,Suur-Paala,error,000,""
2026-10-03 08:11:40,+0300,1,Hipodroom,error,000,""
2026-10-03 08:11:40,+0300,3,T1,error,000,""
2026-10-03 08:11:40,+0300,9,Mustika,error,000,""
2026-10-03 08:11:40,+0300,10,Suur-Paala,error,000,""
2026-10-03 08:13:40,+0300,1,Hipodroom,error,000,""
2026-10-03 08:13:40,+0300,3,T1,error,000,""
2026-10-03 08:13:40,+0300,9,Mustika,error,000,""
2026-10-03 08:13:40,+0300,10,Suur-Paala,error,000,""
2026-10-03 08:15:40,+0300,1,Hipodroom,error,000,""
2026-10-03 08:15:40,+0300,3,T1,error,000,""
2026-10-03 08:15:40,+0300,9,Mustika,error,000,""
2026-10-03 08:15:40,+0300,10,Suur-Paala,error,000,""
2026-10-03 08:17:40,+0300,1,Hipodroom,error,000,""
2026-10-03 08:17:40,+0300,3,T1,error,000,""
2026-10-03 08:17:40,+0300,9,Mustika,error,000,""
2026-10-03 08:17:40,+0300,10,Suur-Paala,error,000,""
2026-10-03 08:19:40,+0300,1,Hipodroom,error,000,""
2026-10-03 08:19:40,+0300,3,T1,error,000,""
2026-10-03 08:19:40,+0300,9,Mustika,error,000,""
2026-10-03 08:19:40,+0300,10,Suur-Paala,error,000,""
2026-10-03 08:21:41,+0300,1,Hipodroom,error,000,""
2026-10-03 08:21:41,+0300,3,T1,error,000,""
2026-10-03 08:21:41,+0300,9,Mustika,error,000,""
2026-10-03 08:21:41,+0300,10,Suur-Paala,error,000,""
2026-10-03 08:23:41,+0300,1,Hipodroom,error,000,""
2026-10-03 08:23:41,+0300,3,T1,error,000,""
2026-10-03 08:23:41,+0300,9,Mustika,error,000,""
2026-10-03 08:23:41,+0300,10,Suur-Paala,error,000,""
2026-10-03 08:25:41,+0300,1,Hipodroom,error,000,""
2026-10-03 08:25:41,+0300,3,T1,error,000,""
2026-10-03 08:25:41,+0300,9,Mustika,error,000,""
2026-10-03 08:25:41,+0300,10,Suur-Paala,error,000,""
2026-10-03 08:27:41,+0300,1,Hipodroom,error,000,""
2026-10-03 08:27:41,+0300,3,T1,error,000,""
2026-10-03 08:27:41,+0300,9,Mustika,error,000,""
2026-10-03 08:27:41,+0300,10,Suur-Paala,error,000,""
2026-10-03 08:29:41,+0300,1,Hipodroom,error,000,""
2026-10-03 08:29:41,+0300,3,T1,error,000,""
2026-10-03 08:29:41,+0300,9,Mustika,error,000,""
2026-10-03 08:29:41,+0300,10,Suur-Paala,error,000,""
2026-10-03 08:31:42,+0300,1,Hipodroom,error,000,""
2026-10-03 08:31:42,+0300,3,T1,error,000,""
2026-10-03 08:31:42,+0300,9,Mustika,error,000,""
2026-10-03 08:31:42,+0300,10,Suur-Paala,error,000,""
2026-10-03 08:33:42,+0300,1,Hipodroom,error,000,""
2026-10-03 08:33:42,+0300,3,T1,error,000,""
2026-10-03 08:33:42,+0300,9,Mustika,error,000,""
2026-10-03 08:33:42,+0300,10,Suur-Paala,error,000,""
2026-10-03 08:35:42,+0300,1,Hipodroom,error,000,""
2026-10-03 08:35:42,+0300,3,T1,error,000,""
2026-10-03 08:35:42,+0300,9,Mustika,error,000,""
2026-10-03 08:35:42,+0300,10,Suur-Paala,error,000,""
2026-10-03 08:37:42,+0300,1,Hipodroom,error,000,""
2026-10-03 08:37:42,+0300,3,T1,error,000,""
2026-10-03 08:37:42,+0300,9,Mustika,error,000,""
2026-10-03 08:37:42,+0300,10,Suur-Paala,error,000,""
2026-10-03 08:39:43,+0300,1,Hipodroom,error,000,""
2026-10-03 08:39:43,+0300,3,T1,error,000,""
2026-10-03 08:39:43,+0300,9,Mustika,error,000,""
2026-10-03 08:39:43,+0300,10,Suur-Paala,error,000,""
2026-10-03 08:41:43,+0300,1,Hipodroom,error,000,""
2026-10-03 08:41:43,+0300,3,T1,error,000,""
2026-10-03 08:41:43,+0300,9,Mustika,error,000,""
2026-10-03 08:41:43,+0300,10,Suur-Paala,error,000,""
2026-10-03 08:43:43,+0300,1,Hipodroom,error,000,""
2026-10-03 08:43:43,+0300,3,T1,error,000,""
2026-10-03 08:43:43,+0300,9,Mustika,error,000,""
2026-10-03 08:43:43,+0300,10,Suur-Paala,error,000,""
2026-10-03 08:45:43,+0300,1,Hipodroom,error,000,""
2026-10-03 08:45:43,+0300,3,T1,error,000,""
2026-10-03 08:45:43,+0300,9,Mustika,error,000,""
2026-10-03 08:45:43,+0300,10,Suur-Paala,error,000,""
2026-10-03 08:47:43,+0300,1,Hipodroom,error,000,""
2026-10-03 08:47:43,+0300,3,T1,error,000,""
2026-10-03 08:47:43,+0300,9,Mustika,error,000,""
2026-10-03 08:47:43,+0300,10,Suur-Paala,error,000,""
2026-10-03 08:49:43,+0300,1,Hipodroom,error,000,""
2026-10-03 08:49:43,+0300,3,T1,error,000,""
2026-10-03 08:49:43,+0300,9,Mustika,error,000,""
2026-10-03 08:49:43,+0300,10,Suur-Paala,error,000,""
2026-10-03 08:51:44,+0300,1,Hipodroom,error,000,""
2026-10-03 08:51:44,+0300,3,T1,error,000,""
2026-10-03 08:51:44,+0300,9,Mustika,error,000,""
2026-10-03 08:51:44,+0300,10,Suur-Paala,error,000,""
2026-10-03 08:53:44,+0300,1,Hipodroom,error,000,""
2026-10-03 08:53:44,+0300,3,T1,error,000,""
2026-10-03 08:53:44,+0300,9,Mustika,error,000,""
2026-10-03 08:53:44,+0300,10,Suur-Paala,error,000,""
2026-10-03 08:55:44,+0300,1,Hipodroom,error,000,""
2026-10-03 08:55:44,+0300,3,T1,error,000,""
2026-10-03 08:55:44,+0300,9,Mustika,error,000,""
2026-10-03 08:55:44,+0300,10,Suur-Paala,error,000,""
2026-10-03 08:57:45,+0300,1,Hipodroom,error,000,""
2026-10-03 08:57:45,+0300,3,T1,error,000,""
2026-10-03 08:57:45,+0300,9,Mustika,error,000,""
2026-10-03 08:57:45,+0300,10,Suur-Paala,error,000,""
2026-10-03 08:59:45,+0300,1,Hipodroom,error,000,""
2026-10-03 08:59:45,+0300,3,T1,error,000,""
2026-10-03 08:59:45,+0300,9,Mustika,error,000,""
2026-10-03 08:59:45,+0300,10,Suur-Paala,error,000,""
2026-10-03 09:01:45,+0300,1,Hipodroom,error,000,""
2026-10-03 09:01:45,+0300,3,T1,error,000,""
2026-10-03 09:01:45,+0300,9,Mustika,error,000,""
2026-10-03 09:01:45,+0300,10,Suur-Paala,error,000,""
2026-10-03 09:03:45,+0300,1,Hipodroom,error,000,""
2026-10-03 09:03:45,+0300,3,T1,error,000,""
2026-10-03 09:03:45,+0300,9,Mustika,error,000,""
2026-10-03 09:03:45,+0300,10,Suur-Paala,error,000,""
2026-10-03 09:05:45,+0300,1,Hipodroom,error,000,""
2026-10-03 09:05:45,+0300,3,T1,error,000,""
2026-10-03 09:05:45,+0300,9,Mustika,error,000,""
2026-10-03 09:05:45,+0300,10,Suur-Paala,error,000,""
2026-10-03 09:07:46,+0300,1,Hipodroom,error,000,""
2026-10-03 09:07:46,+0300,3,T1,error,000,""
2026-10-03 09:07:46,+0300,9,Mustika,error,000,""
2026-10-03 09:07:46,+0300,10,Suur-Paala,error,000,""
2026-10-03 09:09:46,+0300,1,Hipodroom,error,000,""
2026-10-03 09:09:46,+0300,3,T1,error,000,""
2026-10-03 09:09:46,+0300,9,Mustika,error,000,""
2026-10-03 09:09:46,+0300,10,Suur-Paala,error,000,""
2026-10-03 09:11:46,+0300,1,Hipodroom,error,000,""
2026-10-03 09:11:46,+0300,3,T1,error,000,""
2026-10-03 09:11:46,+0300,9,Mustika,error,000,""
2026-10-03 09:11:46,+0300,10,Suur-Paala,error,000,""
2026-10-03 09:13:46,+0300,1,Hipodroom,error,000,""
2026-10-03 09:13:46,+0300,3,T1,error,000,""
2026-10-03 09:13:46,+0300,9,Mustika,error,000,""
2026-10-03 09:13:46,+0300,10,Suur-Paala,error,000,""
2026-10-03 09:15:46,+0300,1,Hipodroom,error,000,""
2026-10-03 09:15:46,+0300,3,T1,error,000,""
2026-10-03 09:15:46,+0300,9,Mustika,error,000,""
2026-10-03 09:15:46,+0300,10,Suur-Paala,error,000,""
2026-10-03 09:17:47,+0300,1,Hipodroom,error,000,""
2026-10-03 09:17:47,+0300,3,T1,error,000,""
2026-10-03 09:17:47,+0300,9,Mustika,error,000,""
2026-10-03 09:17:47,+0300,10,Suur-Paala,error,000,""
2026-10-03 09:19:47,+0300,1,Hipodroom,error,000,""
2026-10-03 09:19:47,+0300,3,T1,error,000,""
2026-10-03 09:19:47,+0300,9,Mustika,error,000,""
2026-10-03 09:19:47,+0300,10,Suur-Paala,error,000,""
2026-10-03 09:21:47,+0300,1,Hipodroom,error,000,""
2026-10-03 09:21:47,+0300,3,T1,error,000,""
2026-10-03 09:21:47,+0300,9,Mustika,error,000,""
2026-10-03 09:21:47,+0300,10,Suur-Paala,error,000,""
2026-10-03 09:23:47,+0300,1,Hipodroom,error,000,""
2026-10-03 09:23:47,+0300,3,T1,error,000,""
2026-10-03 09:23:47,+0300,9,Mustika,error,000,""
2026-10-03 09:23:47,+0300,10,Suur-Paala,error,000,""
2026-10-03 09:25:47,+0300,1,Hipodroom,error,000,""
2026-10-03 09:25:47,+0300,3,T1,error,000,""
2026-10-03 09:25:47,+0300,9,Mustika,error,000,""
2026-10-03 09:25:47,+0300,10,Suur-Paala,error,000,""
2026-10-03 09:27:48,+0300,1,Hipodroom,error,000,""
2026-10-03 09:27:48,+0300,3,T1,error,000,""
2026-10-03 09:27:48,+0300,9,Mustika,error,000,""
2026-10-03 09:27:48,+0300,10,Suur-Paala,error,000,""
2026-10-03 09:29:48,+0300,1,Hipodroom,error,000,""
2026-10-03 09:29:48,+0300,3,T1,error,000,""
2026-10-03 09:29:48,+0300,9,Mustika,error,000,""
2026-10-03 09:29:48,+0300,10,Suur-Paala,error,000,""
2026-10-03 09:31:48,+0300,1,Hipodroom,error,000,""
2026-10-03 09:31:48,+0300,3,T1,error,000,""
2026-10-03 09:31:48,+0300,9,Mustika,error,000,""
2026-10-03 09:31:48,+0300,10,Suur-Paala,error,000,""
2026-10-03 09:33:48,+0300,1,Hipodroom,error,000,""
2026-10-03 09:33:48,+0300,3,T1,error,000,""
2026-10-03 09:33:48,+0300,9,Mustika,error,000,""
2026-10-03 09:33:48,+0300,10,Suur-Paala,error,000,""
2026-10-03 09:35:48,+0300,1,Hipodroom,error,000,""
2026-10-03 09:35:48,+0300,3,T1,error,000,""
2026-10-03 09:35:48,+0300,9,Mustika,error,000,""
2026-10-03 09:35:48,+0300,10,Suur-Paala,error,000,""
2026-10-03 09:37:49,+0300,1,Hipodroom,error,000,""
2026-10-03 09:37:49,+0300,3,T1,error,000,""
2026-10-03 09:37:49,+0300,9,Mustika,error,000,""
2026-10-03 09:37:49,+0300,10,Suur-Paala,error,000,""
2026-10-03 09:39:49,+0300,1,Hipodroom,error,000,""
2026-10-03 09:39:49,+0300,3,T1,error,000,""
2026-10-03 09:39:49,+0300,9,Mustika,error,000,""
2026-10-03 09:39:49,+0300,10,Suur-Paala,error,000,""
2026-10-03 09:41:49,+0300,1,Hipodroom,error,000,""
2026-10-03 09:41:49,+0300,3,T1,error,000,""
2026-10-03 09:41:49,+0300,9,Mustika,error,000,""
2026-10-03 09:41:49,+0300,10,Suur-Paala,error,000,""
2026-10-03 09:43:49,+0300,1,Hipodroom,error,000,""
2026-10-03 09:43:49,+0300,3,T1,error,000,""
2026-10-03 09:43:49,+0300,9,Mustika,error,000,""
2026-10-03 09:43:49,+0300,10,Suur-Paala,error,000,""
2026-10-03 09:45:49,+0300,1,Hipodroom,error,000,""
2026-10-03 09:45:49,+0300,3,T1,error,000,""
2026-10-03 09:45:49,+0300,9,Mustika,error,000,""
2026-10-03 09:45:49,+0300,10,Suur-Paala,error,000,""
2026-10-03 09:47:50,+0300,1,Hipodroom,error,000,""
2026-10-03 09:47:50,+0300,3,T1,error,000,""
2026-10-03 09:47:50,+0300,9,Mustika,error,000,""
2026-10-03 09:47:50,+0300,10,Suur-Paala,error,000,""
2026-10-03 09:49:50,+0300,1,Hipodroom,error,000,""
2026-10-03 09:49:50,+0300,3,T1,error,000,""
2026-10-03 09:49:50,+0300,9,Mustika,error,000,""
2026-10-03 09:49:50,+0300,10,Suur-Paala,error,000,""
2026-10-03 09:51:50,+0300,1,Hipodroom,error,000,""
2026-10-03 09:51:50,+0300,3,T1,error,000,""
2026-10-03 09:51:50,+0300,9,Mustika,error,000,""
2026-10-03 09:51:50,+0300,10,Suur-Paala,error,000,""
2026-10-03 09:53:50,+0300,1,Hipodroom,error,000,""
2026-10-03 09:53:50,+0300,3,T1,error,000,""
2026-10-03 09:53:50,+0300,9,Mustika,error,000,""
2026-10-03 09:53:50,+0300,10,Suur-Paala,error,000,""
2026-10-03 09:55:50,+0300,1,Hipodroom,error,000,""
2026-10-03 09:55:50,+0300,3,T1,error,000,""
2026-10-03 09:55:50,+0300,9,Mustika,error,000,""
2026-10-03 09:55:50,+0300,10,Suur-Paala,error,000,""
2026-10-03 09:57:51,+0300,1,Hipodroom,error,000,""
2026-10-03 09:57:51,+0300,3,T1,error,000,""
2026-10-03 09:57:51,+0300,9,Mustika,error,000,""
2026-10-03 09:57:51,+0300,10,Suur-Paala,error,000,""
2026-10-03 09:59:51,+0300,1,Hipodroom,error,000,""
2026-10-03 09:59:51,+0300,3,T1,error,000,""
2026-10-03 09:59:51,+0300,9,Mustika,error,000,""
2026-10-03 09:59:51,+0300,10,Suur-Paala,error,000,""
2026-10-03 10:01:51,+0300,1,Hipodroom,error,000,""
2026-10-03 10:01:51,+0300,3,T1,error,000,""
2026-10-03 10:01:51,+0300,9,Mustika,error,000,""
2026-10-03 10:01:51,+0300,10,Suur-Paala,error,000,""
2026-10-03 10:03:51,+0300,1,Hipodroom,error,000,""
2026-10-03 10:03:51,+0300,3,T1,error,000,""
2026-10-03 10:03:51,+0300,9,Mustika,error,000,""
2026-10-03 10:03:51,+0300,10,Suur-Paala,error,000,""
2026-10-03 10:05:52,+0300,1,Hipodroom,error,000,""
2026-10-03 10:05:52,+0300,3,T1,error,000,""
2026-10-03 10:05:52,+0300,9,Mustika,error,000,""
2026-10-03 10:05:52,+0300,10,Suur-Paala,error,000,""
2026-10-03 10:07:52,+0300,1,Hipodroom,error,000,""
2026-10-03 10:07:52,+0300,3,T1,error,000,""
2026-10-03 10:07:52,+0300,9,Mustika,error,000,""
2026-10-03 10:07:52,+0300,10,Suur-Paala,error,000,""
2026-10-03 10:09:52,+0300,1,Hipodroom,error,000,""
2026-10-03 10:09:52,+0300,3,T1,error,000,""
2026-10-03 10:09:52,+0300,9,Mustika,error,000,""
2026-10-03 10:09:52,+0300,10,Suur-Paala,error,000,""
2026-10-03 10:11:52,+0300,1,Hipodroom,error,000,""
2026-10-03 10:11:52,+0300,3,T1,error,000,""
2026-10-03 10:11:52,+0300,9,Mustika,error,000,""
2026-10-03 10:11:52,+0300,10,Suur-Paala,error,000,""
2026-10-03 10:13:52,+0300,1,Hipodroom,error,000,""
2026-10-03 10:13:52,+0300,3,T1,error,000,""
2026-10-03 10:13:52,+0300,9,Mustika,error,000,""
2026-10-03 10:13:52,+0300,10,Suur-Paala,error,000,""
2026-10-03 10:15:53,+0300,1,Hipodroom,error,000,""
2026-10-03 10:15:53,+0300,3,T1,error,000,""
2026-10-03 10:15:53,+0300,9,Mustika,error,000,""
2026-10-03 10:15:53,+0300,10,Suur-Paala,error,000,""
2026-10-03 10:17:53,+0300,1,Hipodroom,error,000,""
2026-10-03 10:17:53,+0300,3,T1,error,000,""
2026-10-03 10:17:53,+0300,9,Mustika,error,000,""
2026-10-03 10:17:53,+0300,10,Suur-Paala,error,000,""
2026-10-03 10:19:53,+0300,3,T1,7,success,"{"total":7,"location_name":"T1 Shopping Mall","location_id":3}"
2026-10-03 10:19:53,+0300,9,Mustika,16,success,"{"total":16,"location_name":"Mustika","location_id":9}"
2026-10-03 10:19:53,+0300,10,Suur-Paala,1,success,"{"total":1,"location_name":"Suur-Paala","location_id":10}"
2026-10-03 10:19:53,+0300,1,Hipodroom,0,success,"{"total":0,"location_name":"Hipodroom (CLOSED)","location_id":1}"
2026-10-03 10:21:54,+0300,3,T1,7,success,"{"total":7,"location_name":"T1 Shopping Mall","location_id":3}"
2026-10-03 10:21:54,+0300,9,Mustika,16,success,"{"total":16,"location_name":"Mustika","location_id":9}"
2026-10-03 10:21:54,+0300,10,Suur-Paala,1,success,"{"total":1,"location_name":"Suur-Paala","location_id":10}"
2026-10-03 10:21:54,+0300,1,Hipodroom,0,success,"{"total":0,"location_name":"Hipodroom (CLOSED)","location_id":1}"
2026-10-03 10:23:54,+0300,3,T1,7,success,"{"total":7,"location_name":"T1 Shopping Mall","location_id":3}"
2026-10-03 10:23:54,+0300,9,Mustika,16,success,"{"total":16,"location_name":"Mustika","location_id":9}"
2026-10-03 10:23:54,+0300,10,Suur-Paala,1,success,"{"total":1,"location_name":"Suur-Paala","location_id":10}"
2026-10-03 10:23:54,+0300,1,Hipodroom,0,success,"{"total":0,"location_name":"Hipodroom (CLOSED)","location_id":1}"
2026-10-03 10:25:55,+0300,3,T1,7,success,"{"total":7,"location_name":"T1 Shopping Mall","location_id":3}"
2026-10-03 10:25:55,+0300,9,Mustika,16,success,"{"total":16,"location_name":"Mustika","location_id":9}"
2026-10-03 10:25:55,+0300,10,Suur-Paala,1,success,"{"total":1,"location_name":"Suur-Paala","location_id":10}"
2026-10-03 10:25:55,+0300,1,Hipodroom,0,success,"{"total":0,"location_name":"Hipodroom (CLOSED)","location_id":1}"
2026-10-03 10:27:55,+0300,3,T1,7,success,"{"total":7,"location_name":"T1 Shopping Mall","location_id":3}"
2026-10-03 10:27:55,+0300,9,Mustika,16,success,"{"total":16,"location_name":"Mustika","location_id":9}"
2026-10-03 10:27:55,+0300,10,Suur-Paala,1,success,"{"total":1,"location_name":"Suur-Paala","location_id":10}"
2026-10-03 10:27:55,+0300,1,Hipodroom,0,success,"{"total":0,"location_name":"Hipodroom (CLOSED)","location_id":1}"
2026-10-03 10:29:56,+0300,3,T1,7,success,"{"total":7,"location_name":"T1 Shopping Mall","location_id":3}"
2026-10-03 10:29:56,+0300,9,Mustika,16,success,"{"total":16,"location_name":"Mustika","location_id":9}"
2026-10-03 10:29:56,+0300,10,Suur-Paala,1,success,"{"total":1,"location_name":"Suur-Paala","location_id":10}"
2026-10-03 10:29:56,+0300,1,Hipodroom,0,success,"{"total":0,"location_name":"Hipodroom (CLOSED)","location_id":1}"
2026-10-03 10:31:56,+0300,3,T1,7,success,"{"total":7,"location_name":"T1 Shopping Mall","location_id":3}"
2026-10-03 10:31:56,+0300,9,Mustika,16,success,"{"total":16,"location_name":"Mustika","location_id":9}"
2026-10-03 10:31:56,+0300,10,Suur-Paala,1,success,"{"total":1,"location_name":"Suur-Paala","location_id":10}"
2026-10-03 10:31:56,+0300,1,Hipodroom,0,success,"{"total":0,"location_name":"Hipodroom (CLOSED)","location_id":1}"
2026-10-03 10:33:57,+0300,3,T1,7,success,"{"total":7,"location_name":"T1 Shopping Mall","location_id":3}"
2026-10-03 10:33:57,+0300,9,Mustika,16,success,"{"total":16,"location_name":"Mustika","location_id":9}"
2026-10-03 10:33:57,+0300,10,Suur-Paala,1,success,"{"total":1,"location_name":"Suur-Paala","location_id":10}"
2026-10-03 10:33:57,+0300,1,Hipodroom,0,success,"{"total":0,"location_name":"Hipodroom (CLOSED)","location_id":1}"
2026-10-03 10:35:58,+0300,3,T1,7,success,"{"total":7,"location_name":"T1 Shopping Mall","location_id":3}"
2026-10-03 10:35:58,+0300,9,Mustika,16,success,"{"total":16,"location_name":"Mustika","location_id":9}"
2026-10-03 10:35:58,+0300,10,Suur-Paala,1,success,"{"total":1,"location_name":"Suur-Paala","location_id":10}"
2026-10-03 10:35:58,+0300,1,Hipodroom,0,success,"{"total":0,"location_name":"Hipodroom (CLOSED)","location_id":1}"
2026-10-03 10:37:58,+0300,3,T1,9,success,"{"total":9,"location_name":"T1 Shopping Mall","location_id":3}"
2026-10-03 10:37:58,+0300,9,Mustika,16,success,"{"total":16,"location_name":"Mustika","location_id":9}"
2026-10-03 10:37:58,+0300,10,Suur-Paala,1,success,"{"total":1,"location_name":"Suur-Paala","location_id":10}"
2026-10-03 10:37:58,+0300,1,Hipodroom,0,success,"{"total":0,"location_name":"Hipodroom (CLOSED)","location_id":1}"
2026-10-03 10:39:59,+0300,3,T1,9,success,"{"total":9,"location_name":"T1 Shopping Mall","location_id":3}"
2026-10-03 10:39:59,+0300,9,Mustika,16,success,"{"total":16,"location_name":"Mustika","location_id":9}"
2026-10-03 10:39:59,+0300,10,Suur-Paala,1,success,"{"total":1,"location_name":"Suur-Paala","location_id":10}"
2026-10-03 10:39:59,+0300,1,Hipodroom,0,success,"{"total":0,"location_name":"Hipodroom (CLOSED)","location_id":1}"
2026-10-03 10:41:59,+0300,3,T1,9,success,"{"total":9,"location_name":"T1 Shopping Mall","location_id":3}"
2026-10-03 10:41:59,+0300,9,Mustika,16,success,"{"total":16,"location_name":"Mustika","location_id":9}"
2026-10-03 10:41:59,+0300,10,Suur-Paala,1,success,"{"total":1,"location_name":"Suur-Paala","location_id":10}"
2026-10-03 10:41:59,+0300,1,Hipodroom,0,success,"{"total":0,"location_name":"Hipodroom (CLOSED)","location_id":1}"
2026-10-03 10:44:00,+0300,3,T1,13,success,"{"total":13,"location_name":"T1 Shopping Mall","location_id":3}"
2026-10-03 10:44:00,+0300,9,Mustika,17,success,"{"total":17,"location_name":"Mustika","location_id":9}"
2026-10-03 10:44:00,+0300,10,Suur-Paala,1,success,"{"total":1,"location_name":"Suur-Paala","location_id":10}"
2026-10-03 10:44:00,+0300,1,Hipodroom,0,success,"{"total":0,"location_name":"Hipodroom (CLOSED)","location_id":1}"
2026-10-03 10:46:01,+0300,3,T1,13,success,"{"total":13,"location_name":"T1 Shopping Mall","location_id":3}"
2026-10-03 10:46:01,+0300,9,Mustika,17,success,"{"total":17,"location_name":"Mustika","location_id":9}"
2026-10-03 10:46:01,+0300,10,Suur-Paala,1,success,"{"total":1,"location_name":"Suur-Paala","location_id":10}"
2026-10-03 10:46:01,+0300,1,Hipodroom,0,success,"{"total":0,"location_name":"Hipodroom (CLOSED)","location_id":1}"
2026-10-03 10:48:01,+0300,3,T1,13,success,"{"total":13,"location_name":"T1 Shopping Mall","location_id":3}"
2026-10-03 10:48:01,+0300,9,Mustika,17,success,"{"total":17,"location_name":"Mustika","location_id":9}"
2026-10-03 10:48:01,+0300,10,Suur-Paala,1,success,"{"total":1,"location_name":"Suur-Paala","location_id":10}"
2026-10-03 10:48:01,+0300,1,Hipodroom,0,success,"{"total":0,"location_name":"Hipodroom (CLOSED)","location_id":1}"
2026-10-03 10:50:02,+0300,3,T1,12,success,"{"total":12,"location_name":"T1 Shopping Mall","location_id":3}"
2026-10-03 10:50:02,+0300,9,Mustika,17,success,"{"total":17,"location_name":"Mustika","location_id":9}"
2026-10-03 10:50:02,+0300,10,Suur-Paala,1,success,"{"total":1,"location_name":"Suur-Paala","location_id":10}"
2026-10-03 10:50:02,+0300,1,Hipodroom,0,success,"{"total":0,"location_name":"Hipodroom (CLOSED)","location_id":1}"
2026-10-03 10:52:02,+0300,3,T1,12,success,"{"total":12,"location_name":"T1 Shopping Mall","location_id":3}"
2026-10-03 10:52:02,+0300,9,Mustika,17,success,"{"total":17,"location_name":"Mustika","location_id":9}"
2026-10-03 10:52:02,+0300,10,Suur-Paala,1,success,"{"total":1,"location_name":"Suur-Paala","location_id":10}"
2026-10-03 10:52:02,+0300,1,Hipodroom,0,success,"{"total":0,"location_name":"Hipodroom (CLOSED)","location_id":1}"
2026-10-03 10:54:03,+0300,3,T1,12,success,"{"total":12,"location_name":"T1 Shopping Mall","location_id":3}"
2026-10-03 10:54:03,+0300,9,Mustika,17,success,"{"total":17,"location_name":"Mustika","location_id":9}"
2026-10-03 10:54:03,+0300,10,Suur-Paala,1,success,"{"total":1,"location_name":"Suur-Paala","location_id":10}"
2026-10-03 10:54:03,+0300,1,Hipodroom,0,success,"{"total":0,"location_name":"Hipodroom (CLOSED)","location_id":1}"
2026-10-03 10:56:04,+0300,3,T1,14,success,"{"total":14,"location_name":"T1 Shopping Mall","location_id":3}"
2026-10-03 10:56:04,+0300,9,Mustika,18,success,"{"total":18,"location_name":"Mustika","location_id":9}"
2026-10-03 10:56:04,+0300,10,Suur-Paala,1,success,"{"total":1,"location_name":"Suur-Paala","location_id":10}"
2026-10-03 10:56:04,+0300,1,Hipodroom,0,success,"{"total":0,"location_name":"Hipodroom (CLOSED)","location_id":1}"
2026-10-03 10:58:04,+0300,3,T1,14,success,"{"total":14,"location_name":"T1 Shopping Mall","location_id":3}"
2026-10-03 10:58:04,+0300,9,Mustika,18,success,"{"total":18,"location_name":"Mustika","location_id":9}"
2026-10-03 10:58:04,+0300,10,Suur-Paala,1,success,"{"total":1,"location_name":"Suur-Paala","location_id":10}"
2026-10-03 10:58:04,+0300,1,Hipodroom,0,success,"{"total":0,"location_name":"Hipodroom (CLOSED)","location_id":1}"
2026-10-03 11:00:05,+0300,3,T1,15,success,"{"total":15,"location_name":"T1 Shopping Mall","location_id":3}"
2026-10-03 11:00:05,+0300,9,Mustika,18,success,"{"total":18,"location_name":"Mustika","location_id":9}"
2026-10-03 11:00:05,+0300,10,Suur-Paala,1,success,"{"total":1,"location_name":"Suur-Paala","location_id":10}"
2026-10-03 11:00:05,+0300,1,Hipodroom,0,success,"{"total":0,"location_name":"Hipodroom (CLOSED)","location_id":1}"
2026-10-03 11:02:06,+0300,3,T1,15,success,"{"total":15,"location_name":"T1 Shopping Mall","location_id":3}"
2026-10-03 11:02:06,+0300,9,Mustika,18,success,"{"total":18,"location_name":"Mustika","location_id":9}"
2026-10-03 11:02:06,+0300,10,Suur-Paala,1,success,"{"total":1,"location_name":"Suur-Paala","location_id":10}"
2026-10-03 11:02:06,+0300,1,Hipodroom,0,success,"{"total":0,"location_name":"Hipodroom (CLOSED)","location_id":1}"
2026-10-03 11:04:06,+0300,3,T1,15,success,"{"total":15,"location_name":"T1 Shopping Mall","location_id":3}"
2026-10-03 11:04:06,+0300,9,Mustika,18,success,"{"total":18,"location_name":"Mustika","location_id":9}"
2026-10-03 11:04:06,+0300,10,Suur-Paala,1,success,"{"total":1,"location_name":"Suur-Paala","location_id":10}"
2026-10-03 11:04:06,+0300,1,Hipodroom,0,success,"{"total":0,"location_name":"Hipodroom (CLOSED)","location_id":1}"
2026-10-03 11:06:07,+0300,3,T1,16,success,"{"total":16,"location_name":"T1 Shopping Mall","location_id":3}"
2026-10-03 11:06:07,+0300,9,Mustika,19,success,"{"total":19,"location_name":"Mustika","location_id":9}"
2026-10-03 11:06:07,+0300,10,Suur-Paala,1,success,"{"total":1,"location_name":"Suur-Paala","location_id":10}"
2026-10-03 11:06:07,+0300,1,Hipodroom,0,success,"{"total":0,"location_name":"Hipodroom (CLOSED)","location_id":1}"
2026-10-03 11:08:08,+0300,3,T1,16,success,"{"total":16,"location_name":"T1 Shopping Mall","location_id":3}"
2026-10-03 11:08:08,+0300,9,Mustika,19,success,"{"total":19,"location_name":"Mustika","location_id":9}"
2026-10-03 11:08:08,+0300,10,Suur-Paala,1,success,"{"total":1,"location_name":"Suur-Paala","location_id":10}"
2026-10-03 11:08:08,+0300,1,Hipodroom,0,success,"{"total":0,"location_name":"Hipodroom (CLOSED)","location_id":1}"
2026-10-03 11:10:08,+0300,3,T1,16,success,"{"total":16,"location_name":"T1 Shopping Mall","location_id":3}"
2026-10-03 11:10:08,+0300,9,Mustika,19,success,"{"total":19,"location_name":"Mustika","location_id":9}"
2026-10-03 11:10:08,+0300,10,Suur-Paala,2,success,"{"total":2,"location_name":"Suur-Paala","location_id":10}"
2026-10-03 11:10:08,+0300,1,Hipodroom,0,success,"{"total":0,"location_name":"Hipodroom (CLOSED)","location_id":1}"
2026-10-03 11:12:09,+0300,3,T1,16,success,"{"total":16,"location_name":"T1 Shopping Mall","location_id":3}"
2026-10-03 11:12:09,+0300,9,Mustika,21,success,"{"total":21,"location_name":"Mustika","location_id":9}"
2026-10-03 11:12:09,+0300,10,Suur-Paala,2,success,"{"total":2,"location_name":"Suur-Paala","location_id":10}"
2026-10-03 11:12:09,+0300,1,Hipodroom,1,success,"{"total":1,"location_name":"Hipodroom (CLOSED)","location_id":1}"
2026-10-03 11:14:10,+0300,3,T1,16,success,"{"total":16,"location_name":"T1 Shopping Mall","location_id":3}"
2026-10-03 11:14:10,+0300,9,Mustika,21,success,"{"total":21,"location_name":"Mustika","location_id":9}"
2026-10-03 11:14:10,+0300,10,Suur-Paala,2,success,"{"total":2,"location_name":"Suur-Paala","location_id":10}"
2026-10-03 11:14:10,+0300,1,Hipodroom,1,success,"{"total":1,"location_name":"Hipodroom (CLOSED)","location_id":1}"
2026-10-03 11:16:10,+0300,3,T1,16,success,"{"total":16,"location_name":"T1 Shopping Mall","location_id":3}"
2026-10-03 11:16:10,+0300,9,Mustika,21,success,"{"total":21,"location_name":"Mustika","location_id":9}"
2026-10-03 11:16:10,+0300,10,Suur-Paala,2,success,"{"total":2,"location_name":"Suur-Paala","location_id":10}"
2026-10-03 11:16:10,+0300,1,Hipodroom,1,success,"{"total":1,"location_name":"Hipodroom (CLOSED)","location_id":1}"
2026-10-03 11:18:11,+0300,3,T1,16,success,"{"total":16,"location_name":"T1 Shopping Mall","location_id":3}"
2026-10-03 11:18:11,+0300,9,Mustika,21,success,"{"total":21,"location_name":"Mustika","location_id":9}"
2026-10-03 11:18:11,+0300,10,Suur-Paala,2,success,"{"total":2,"location_name":"Suur-Paala","location_id":10}"
2026-10-03 11:18:11,+0300,1,Hipodroom,1,success,"{"total":1,"location_name":"Hipodroom (CLOSED)","location_id":1}"
2026-10-03 11:20:12,+0300,3,T1,16,success,"{"total":16,"location_name":"T1 Shopping Mall","location_id":3}"
2026-10-03 11:20:12,+0300,9,Mustika,21,success,"{"total":21,"location_name":"Mustika","location_id":9}"
2026-10-03 11:20:12,+0300,10,Suur-Paala,2,success,"{"total":2,"location_name":"Suur-Paala","location_id":10}"
2026-10-03 11:20:12,+0300,1,Hipodroom,1,success,"{"total":1,"location_name":"Hipodroom (CLOSED)","location_id":1}"
2026-10-03 11:22:12,+0300,3,T1,16,success,"{"total":16,"location_name":"T1 Shopping Mall","location_id":3}"
2026-10-03 11:22:12,+0300,9,Mustika,21,success,"{"total":21,"location_name":"Mustika","location_id":9}"
2026-10-03 11:22:12,+0300,10,Suur-Paala,3,success,"{"total":3,"location_name":"Suur-Paala","location_id":10}"
2026-10-03 11:22:12,+0300,1,Hipodroom,1,success,"{"total":1,"location_name":"Hipodroom (CLOSED)","location_id":1}"
2026-10-03 11:24:13,+0300,3,T1,16,success,"{"total":16,"location_name":"T1 Shopping Mall","location_id":3}"
2026-10-03 11:24:13,+0300,9,Mustika,23,success,"{"total":23,"location_name":"Mustika","location_id":9}"
2026-10-03 11:24:13,+0300,10,Suur-Paala,3,success,"{"total":3,"location_name":"Suur-Paala","location_id":10}"
2026-10-03 11:24:13,+0300,1,Hipodroom,1,success,"{"total":1,"location_name":"Hipodroom (CLOSED)","location_id":1}"
2026-10-03 11:26:14,+0300,3,T1,16,success,"{"total":16,"location_name":"T1 Shopping Mall","location_id":3}"
2026-10-03 11:26:14,+0300,9,Mustika,23,success,"{"total":23,"location_name":"Mustika","location_id":9}"
2026-10-03 11:26:14,+0300,10,Suur-Paala,3,success,"{"total":3,"location_name":"Suur-Paala","location_id":10}"
2026-10-03 11:26:14,+0300,1,Hipodroom,1,success,"{"total":1,"location_name":"Hipodroom (CLOSED)","location_id":1}"
2026-10-03 11:28:14,+0300,3,T1,16,success,"{"total":16,"location_name":"T1 Shopping Mall","location_id":3}"
2026-10-03 11:28:14,+0300,9,Mustika,23,success,"{"total":23,"location_name":"Mustika","location_id":9}"
2026-10-03 11:28:14,+0300,10,Suur-Paala,3,success,"{"total":3,"location_name":"Suur-Paala","location_id":10}"
2026-10-03 11:28:14,+0300,1,Hipodroom,1,success,"{"total":1,"location_name":"Hipodroom (CLOSED)","location_id":1}"
2026-10-03 11:30:15,+0300,3,T1,17,success,"{"total":17,"location_name":"T1 Shopping Mall","location_id":3}"
2026-10-03 11:30:15,+0300,9,Mustika,24,success,"{"total":24,"location_name":"Mustika","location_id":9}"
2026-10-03 11:30:15,+0300,10,Suur-Paala,3,success,"{"total":3,"location_name":"Suur-Paala","location_id":10}"
2026-10-03 11:30:15,+0300,1,Hipodroom,1,success,"{"total":1,"location_name":"Hipodroom (CLOSED)","location_id":1}"
2026-10-03 11:32:16,+0300,3,T1,17,success,"{"total":17,"location_name":"T1 Shopping Mall","location_id":3}"
2026-10-03 11:32:16,+0300,9,Mustika,24,success,"{"total":24,"location_name":"Mustika","location_id":9}"
2026-10-03 11:32:16,+0300,10,Suur-Paala,3,success,"{"total":3,"location_name":"Suur-Paala","location_id":10}"
2026-10-03 11:32:16,+0300,1,Hipodroom,1,success,"{"total":1,"location_name":"Hipodroom (CLOSED)","location_id":1}"
2026-10-03 11:34:16,+0300,3,T1,17,success,"{"total":17,"location_name":"T1 Shopping Mall","location_id":3}"
2026-10-03 11:34:16,+0300,9,Mustika,24,success,"{"total":24,"location_name":"Mustika","location_id":9}"
2026-10-03 11:34:16,+0300,10,Suur-Paala,3,success,"{"total":3,"location_name":"Suur-Paala","location_id":10}"
2026-10-03 11:34:16,+0300,1,Hipodroom,1,success,"{"total":1,"location_name":"Hipodroom (CLOSED)","location_id":1}"
2026-10-03 11:36:17,+0300,3,T1,18,success,"{"total":18,"location_name":"T1 Shopping Mall","location_id":3}"
2026-10-03 11:36:17,+0300,9,Mustika,29,success,"{"total":29,"location_name":"Mustika","location_id":9}"
2026-10-03 11:36:17,+0300,10,Suur-Paala,3,success,"{"total":3,"location_name":"Suur-Paala","location_id":10}"
2026-10-03 11:36:17,+0300,1,Hipodroom,1,success,"{"total":1,"location_name":"Hipodroom (CLOSED)","location_id":1}"
2026-10-03 11:38:17,+0300,3,T1,18,success,"{"total":18,"location_name":"T1 Shopping Mall","location_id":3}"
2026-10-03 11:38:17,+0300,9,Mustika,29,success,"{"total":29,"location_name":"Mustika","location_id":9}"
2026-10-03 11:38:17,+0300,10,Suur-Paala,3,success,"{"total":3,"location_name":"Suur-Paala","location_id":10}"
2026-10-03 11:38:17,+0300,1,Hipodroom,1,success,"{"total":1,"location_name":"Hipodroom (CLOSED)","location_id":1}"
2026-10-03 11:40:18,+0300,3,T1,18,success,"{"total":18,"location_name":"T1 Shopping Mall","location_id":3}"
2026-10-03 11:40:18,+0300,9,Mustika,29,success,"{"total":29,"location_name":"Mustika","location_id":9}"
2026-10-03 11:40:18,+0300,10,Suur-Paala,3,success,"{"total":3,"location_name":"Suur-Paala","location_id":10}"
2026-10-03 11:40:18,+0300,1,Hipodroom,1,success,"{"total":1,"location_name":"Hipodroom (CLOSED)","location_id":1}"
2026-10-03 11:42:19,+0300,3,T1,19,success,"{"total":19,"location_name":"T1 Shopping Mall","location_id":3}"
2026-10-03 11:42:19,+0300,9,Mustika,29,success,"{"total":29,"location_name":"Mustika","location_id":9}"
2026-10-03 11:42:19,+0300,10,Suur-Paala,3,success,"{"total":3,"location_name":"Suur-Paala","location_id":10}"
2026-10-03 11:42:19,+0300,1,Hipodroom,1,success,"{"total":1,"location_name":"Hipodroom (CLOSED)","location_id":1}"
2026-10-03 11:44:19,+0300,3,T1,19,success,"{"total":19,"location_name":"T1 Shopping Mall","location_id":3}"
2026-10-03 11:44:19,+0300,9,Mustika,29,success,"{"total":29,"location_name":"Mustika","location_id":9}"
2026-10-03 11:44:19,+0300,10,Suur-Paala,3,success,"{"total":3,"location_name":"Suur-Paala","location_id":10}"
2026-10-03 11:44:19,+0300,1,Hipodroom,1,success,"{"total":1,"location_name":"Hipodroom (CLOSED)","location_id":1}"
2026-10-03 11:46:20,+0300,3,T1,19,success,"{"total":19,"location_name":"T1 Shopping Mall","location_id":3}"
2026-10-03 11:46:20,+0300,9,Mustika,29,success,"{"total":29,"location_name":"Mustika","location_id":9}"
2026-10-03 11:46:20,+0300,10,Suur-Paala,4,success,"{"total":4,"location_name":"Suur-Paala","location_id":10}"
2026-10-03 11:46:20,+0300,1,Hipodroom,1,success,"{"total":1,"location_name":"Hipodroom (CLOSED)","location_id":1}"
2026-10-03 11:48:20,+0300,3,T1,19,success,"{"total":19,"location_name":"T1 Shopping Mall","location_id":3}"
2026-10-03 11:48:20,+0300,9,Mustika,29,success,"{"total":29,"location_name":"Mustika","location_id":9}"
2026-10-03 11:48:20,+0300,10,Suur-Paala,4,success,"{"total":4,"location_name":"Suur-Paala","location_id":10}"
2026-10-03 11:48:20,+0300,1,Hipodroom,1,success,"{"total":1,"location_name":"Hipodroom (CLOSED)","location_id":1}"
2026-10-03 11:50:21,+0300,3,T1,19,success,"{"total":19,"location_name":"T1 Shopping Mall","location_id":3}"
2026-10-03 11:50:21,+0300,9,Mustika,29,success,"{"total":29,"location_name":"Mustika","location_id":9}"
2026-10-03 11:50:21,+0300,10,Suur-Paala,4,success,"{"total":4,"location_name":"Suur-Paala","location_id":10}"
2026-10-03 11:50:21,+0300,1,Hipodroom,1,success,"{"total":1,"location_name":"Hipodroom (CLOSED)","location_id":1}"
2026-10-03 11:52:22,+0300,3,T1,19,success,"{"total":19,"location_name":"T1 Shopping Mall","location_id":3}"
2026-10-03 11:52:22,+0300,9,Mustika,29,success,"{"total":29,"location_name":"Mustika","location_id":9}"
2026-10-03 11:52:22,+0300,10,Suur-Paala,5,success,"{"total":5,"location_name":"Suur-Paala","location_id":10}"
2026-10-03 11:52:22,+0300,1,Hipodroom,1,success,"{"total":1,"location_name":"Hipodroom (CLOSED)","location_id":1}"
2026-10-03 11:54:22,+0300,3,T1,20,success,"{"total":20,"location_name":"T1 Shopping Mall","location_id":3}"
2026-10-03 11:54:22,+0300,9,Mustika,30,success,"{"total":30,"location_name":"Mustika","location_id":9}"
2026-10-03 11:54:22,+0300,10,Suur-Paala,5,success,"{"total":5,"location_name":"Suur-Paala","location_id":10}"
2026-10-03 11:54:22,+0300,1,Hipodroom,1,success,"{"total":1,"location_name":"Hipodroom (CLOSED)","location_id":1}"
2026-10-03 11:56:23,+0300,3,T1,20,success,"{"total":20,"location_name":"T1 Shopping Mall","location_id":3}"
2026-10-03 11:56:23,+0300,9,Mustika,30,success,"{"total":30,"location_name":"Mustika","location_id":9}"
2026-10-03 11:56:23,+0300,10,Suur-Paala,5,success,"{"total":5,"location_name":"Suur-Paala","location_id":10}"
2026-10-03 11:56:23,+0300,1,Hipodroom,1,success,"{"total":1,"location_name":"Hipodroom (CLOSED)","location_id":1}"
2026-10-03 11:58:23,+0300,3,T1,20,success,"{"total":20,"location_name":"T1 Shopping Mall","location_id":3}"
2026-10-03 11:58:23,+0300,9,Mustika,30,success,"{"total":30,"location_name":"Mustika","location_id":9}"
2026-10-03 11:58:23,+0300,10,Suur-Paala,6,success,"{"total":6,"location_name":"Suur-Paala","location_id":10}"
2026-10-03 11:58:23,+0300,1,Hipodroom,1,success,"{"total":1,"location_name":"Hipodroom (CLOSED)","location_id":1}"
2026-10-03 12:00:24,+0300,3,T1,24,success,"{"total":24,"location_name":"T1 Shopping Mall","location_id":3}"
2026-10-03 12:00:24,+0300,9,Mustika,29,success,"{"total":29,"location_name":"Mustika","location_id":9}"
2026-10-03 12:00:24,+0300,10,Suur-Paala,6,success,"{"total":6,"location_name":"Suur-Paala","location_id":10}"
2026-10-03 12:00:24,+0300,1,Hipodroom,1,success,"{"total":1,"location_name":"Hipodroom (CLOSED)","location_id":1}"
2026-10-03 12:02:25,+0300,3,T1,24,success,"{"total":24,"location_name":"T1 Shopping Mall","location_id":3}"
2026-10-03 12:02:25,+0300,9,Mustika,29,success,"{"total":29,"location_name":"Mustika","location_id":9}"
2026-10-03 12:02:25,+0300,10,Suur-Paala,6,success,"{"total":6,"location_name":"Suur-Paala","location_id":10}"
2026-10-03 12:02:25,+0300,1,Hipodroom,1,success,"{"total":1,"location_name":"Hipodroom (CLOSED)","location_id":1}"
2026-10-03 12:04:25,+0300,3,T1,24,success,"{"total":24,"location_name":"T1 Shopping Mall","location_id":3}"
2026-10-03 12:04:25,+0300,9,Mustika,29,success,"{"total":29,"location_name":"Mustika","location_id":9}"
2026-10-03 12:04:25,+0300,10,Suur-Paala,9,success,"{"total":9,"location_name":"Suur-Paala","location_id":10}"
2026-10-03 12:04:25,+0300,1,Hipodroom,1,success,"{"total":1,"location_name":"Hipodroom (CLOSED)","location_id":1}"
2026-10-03 12:06:26,+0300,3,T1,27,success,"{"total":27,"location_name":"T1 Shopping Mall","location_id":3}"
2026-10-03 12:06:26,+0300,9,Mustika,29,success,"{"total":29,"location_name":"Mustika","location_id":9}"
2026-10-03 12:06:26,+0300,10,Suur-Paala,9,success,"{"total":9,"location_name":"Suur-Paala","location_id":10}"
2026-10-03 12:06:26,+0300,1,Hipodroom,1,success,"{"total":1,"location_name":"Hipodroom (CLOSED)","location_id":1}"
2026-10-03 12:08:27,+0300,3,T1,27,success,"{"total":27,"location_name":"T1 Shopping Mall","location_id":3}"
2026-10-03 12:08:27,+0300,9,Mustika,29,success,"{"total":29,"location_name":"Mustika","location_id":9}"
2026-10-03 12:08:27,+0300,10,Suur-Paala,9,success,"{"total":9,"location_name":"Suur-Paala","location_id":10}"
2026-10-03 12:08:27,+0300,1,Hipodroom,1,success,"{"total":1,"location_name":"Hipodroom (CLOSED)","location_id":1}"
2026-10-03 12:10:27,+0300,3,T1,27,success,"{"total":27,"location_name":"T1 Shopping Mall","location_id":3}"
2026-10-03 12:10:27,+0300,9,Mustika,29,success,"{"total":29,"location_name":"Mustika","location_id":9}"
2026-10-03 12:10:27,+0300,10,Suur-Paala,9,success,"{"total":9,"location_name":"Suur-Paala","location_id":10}"
2026-10-03 12:10:27,+0300,1,Hipodroom,1,success,"{"total":1,"location_name":"Hipodroom (CLOSED)","location_id":1}"
2026-10-03 12:12:28,+0300,3,T1,28,success,"{"total":28,"location_name":"T1 Shopping Mall","location_id":3}"
2026-10-03 12:12:28,+0300,9,Mustika,29,success,"{"total":29,"location_name":"Mustika","location_id":9}"
2026-10-03 12:12:28,+0300,10,Suur-Paala,9,success,"{"total":9,"location_name":"Suur-Paala","location_id":10}"
2026-10-03 12:12:28,+0300,1,Hipodroom,1,success,"{"total":1,"location_name":"Hipodroom (CLOSED)","location_id":1}"
2026-10-03 12:14:29,+0300,3,T1,28,success,"{"total":28,"location_name":"T1 Shopping Mall","location_id":3}"
2026-10-03 12:14:29,+0300,9,Mustika,29,success,"{"total":29,"location_name":"Mustika","location_id":9}"
2026-10-03 12:14:29,+0300,10,Suur-Paala,9,success,"{"total":9,"location_name":"Suur-Paala","location_id":10}"
2026-10-03 12:14:29,+0300,1,Hipodroom,1,success,"{"total":1,"location_name":"Hipodroom (CLOSED)","location_id":1}"
2026-10-03 12:16:29,+0300,3,T1,28,success,"{"total":28,"location_name":"T1 Shopping Mall","location_id":3}"
2026-10-03 12:16:29,+0300,9,Mustika,29,success,"{"total":29,"location_name":"Mustika","location_id":9}"
2026-10-03 12:16:29,+0300,10,Suur-Paala,9,success,"{"total":9,"location_name":"Suur-Paala","location_id":10}"
2026-10-03 12:16:29,+0300,1,Hipodroom,1,success,"{"total":1,"location_name":"Hipodroom (CLOSED)","location_id":1}"
2026-10-03 12:18:30,+0300,3,T1,30,success,"{"total":30,"location_name":"T1 Shopping Mall","location_id":3}"
2026-10-03 12:18:30,+0300,9,Mustika,28,success,"{"total":28,"location_name":"Mustika","location_id":9}"
2026-10-03 12:18:30,+0300,10,Suur-Paala,9,success,"{"total":9,"location_name":"Suur-Paala","location_id":10}"
2026-10-03 12:18:30,+0300,1,Hipodroom,1,success,"{"total":1,"location_name":"Hipodroom (CLOSED)","location_id":1}"
2026-10-03 12:20:30,+0300,3,T1,30,success,"{"total":30,"location_name":"T1 Shopping Mall","location_id":3}"
2026-10-03 12:20:30,+0300,9,Mustika,28,success,"{"total":28,"location_name":"Mustika","location_id":9}"
2026-10-03 12:20:30,+0300,10,Suur-Paala,9,success,"{"total":9,"location_name":"Suur-Paala","location_id":10}"
2026-10-03 12:20:30,+0300,1,Hipodroom,1,success,"{"total":1,"location_name":"Hipodroom (CLOSED)","location_id":1}"
2026-10-03 12:22:31,+0300,3,T1,30,success,"{"total":30,"location_name":"T1 Shopping Mall","location_id":3}"
2026-10-03 12:22:31,+0300,9,Mustika,28,success,"{"total":28,"location_name":"Mustika","location_id":9}"
2026-10-03 12:22:31,+0300,10,Suur-Paala,9,success,"{"total":9,"location_name":"Suur-Paala","location_id":10}"
2026-10-03 12:22:31,+0300,1,Hipodroom,1,success,"{"total":1,"location_name":"Hipodroom (CLOSED)","location_id":1}"
2026-10-03 12:24:32,+0300,3,T1,30,success,"{"total":30,"location_name":"T1 Shopping Mall","location_id":3}"
2026-10-03 12:24:32,+0300,9,Mustika,26,success,"{"total":26,"location_name":"Mustika","location_id":9}"
2026-10-03 12:24:32,+0300,10,Suur-Paala,9,success,"{"total":9,"location_name":"Suur-Paala","location_id":10}"
2026-10-03 12:24:32,+0300,1,Hipodroom,1,success,"{"total":1,"location_name":"Hipodroom (CLOSED)","location_id":1}"
2026-10-03 12:26:32,+0300,3,T1,30,success,"{"total":30,"location_name":"T1 Shopping Mall","location_id":3}"
2026-10-03 12:26:32,+0300,9,Mustika,26,success,"{"total":26,"location_name":"Mustika","location_id":9}"
2026-10-03 12:26:32,+0300,10,Suur-Paala,9,success,"{"total":9,"location_name":"Suur-Paala","location_id":10}"
2026-10-03 12:26:32,+0300,1,Hipodroom,1,success,"{"total":1,"location_name":"Hipodroom (CLOSED)","location_id":1}"
2026-10-03 12:28:33,+0300,3,T1,30,success,"{"total":30,"location_name":"T1 Shopping Mall","location_id":3}"
2026-10-03 12:28:33,+0300,9,Mustika,26,success,"{"total":26,"location_name":"Mustika","location_id":9}"
2026-10-03 12:28:33,+0300,10,Suur-Paala,9,success,"{"total":9,"location_name":"Suur-Paala","location_id":10}"
2026-10-03 12:28:33,+0300,1,Hipodroom,1,success,"{"total":1,"location_name":"Hipodroom (CLOSED)","location_id":1}"
2026-10-03 12:30:33,+0300,3,T1,33,success,"{"total":33,"location_name":"T1 Shopping Mall","location_id":3}"
2026-10-03 12:30:33,+0300,9,Mustika,25,success,"{"total":25,"location_name":"Mustika","location_id":9}"
2026-10-03 12:30:33,+0300,10,Suur-Paala,9,success,"{"total":9,"location_name":"Suur-Paala","location_id":10}"
2026-10-03 12:30:33,+0300,1,Hipodroom,1,success,"{"total":1,"location_name":"Hipodroom (CLOSED)","location_id":1}"
2026-10-03 12:32:34,+0300,3,T1,33,success,"{"total":33,"location_name":"T1 Shopping Mall","location_id":3}"
2026-10-03 12:32:34,+0300,9,Mustika,25,success,"{"total":25,"location_name":"Mustika","location_id":9}"
2026-10-03 12:32:34,+0300,10,Suur-Paala,9,success,"{"total":9,"location_name":"Suur-Paala","location_id":10}"
2026-10-03 12:32:34,+0300,1,Hipodroom,1,success,"{"total":1,"location_name":"Hipodroom (CLOSED)","location_id":1}"
2026-10-03 12:34:35,+0300,3,T1,33,success,"{"total":33,"location_name":"T1 Shopping Mall","location_id":3}"
2026-10-03 12:34:35,+0300,9,Mustika,25,success,"{"total":25,"location_name":"Mustika","location_id":9}"
2026-10-03 12:34:35,+0300,10,Suur-Paala,9,success,"{"total":9,"location_name":"Suur-Paala","location_id":10}"
2026-10-03 12:34:35,+0300,1,Hipodroom,1,success,"{"total":1,"location_name":"Hipodroom (CLOSED)","location_id":1}"
2026-10-03 12:36:35,+0300,3,T1,33,success,"{"total":33,"location_name":"T1 Shopping Mall","location_id":3}"
2026-10-03 12:36:35,+0300,9,Mustika,26,success,"{"total":26,"location_name":"Mustika","location_id":9}"
2026-10-03 12:36:35,+0300,10,Suur-Paala,9,success,"{"total":9,"location_name":"Suur-Paala","location_id":10}"
2026-10-03 12:36:35,+0300,1,Hipodroom,1,success,"{"total":1,"location_name":"Hipodroom (CLOSED)","location_id":1}"
2026-10-03 12:38:36,+0300,3,T1,33,success,"{"total":33,"location_name":"T1 Shopping Mall","location_id":3}"
2026-10-03 12:38:36,+0300,9,Mustika,26,success,"{"total":26,"location_name":"Mustika","location_id":9}"
2026-10-03 12:38:36,+0300,10,Suur-Paala,9,success,"{"total":9,"location_name":"Suur-Paala","location_id":10}"
2026-10-03 12:38:36,+0300,1,Hipodroom,1,success,"{"total":1,"location_name":"Hipodroom (CLOSED)","location_id":1}"
2026-10-03 12:40:36,+0300,3,T1,33,success,"{"total":33,"location_name":"T1 Shopping Mall","location_id":3}"
2026-10-03 12:40:36,+0300,9,Mustika,26,success,"{"total":26,"location_name":"Mustika","location_id":9}"
2026-10-03 12:40:36,+0300,10,Suur-Paala,9,success,"{"total":9,"location_name":"Suur-Paala","location_id":10}"
2026-10-03 12:40:36,+0300,1,Hipodroom,1,success,"{"total":1,"location_name":"Hipodroom (CLOSED)","location_id":1}"
2026-10-03 12:42:37,+0300,3,T1,33,success,"{"total":33,"location_name":"T1 Shopping Mall","location_id":3}"
2026-10-03 12:42:37,+0300,9,Mustika,26,success,"{"total":26,"location_name":"Mustika","location_id":9}"
2026-10-03 12:42:37,+0300,10,Suur-Paala,9,success,"{"total":9,"location_name":"Suur-Paala","location_id":10}"
2026-10-03 12:42:37,+0300,1,Hipodroom,1,success,"{"total":1,"location_name":"Hipodroom (CLOSED)","location_id":1}"
2026-10-03 12:44:38,+0300,3,T1,33,success,"{"total":33,"location_name":"T1 Shopping Mall","location_id":3}"
2026-10-03 12:44:38,+0300,9,Mustika,26,success,"{"total":26,"location_name":"Mustika","location_id":9}"
2026-10-03 12:44:38,+0300,10,Suur-Paala,9,success,"{"total":9,"location_name":"Suur-Paala","location_id":10}"
2026-10-03 12:44:38,+0300,1,Hipodroom,1,success,"{"total":1,"location_name":"Hipodroom (CLOSED)","location_id":1}"
2026-10-03 12:46:38,+0300,3,T1,33,success,"{"total":33,"location_name":"T1 Shopping Mall","location_id":3}"
2026-10-03 12:46:38,+0300,9,Mustika,26,success,"{"total":26,"location_name":"Mustika","location_id":9}"
2026-10-03 12:46:38,+0300,10,Suur-Paala,9,success,"{"total":9,"location_name":"Suur-Paala","location_id":10}"
2026-10-03 12:46:38,+0300,1,Hipodroom,1,success,"{"total":1,"location_name":"Hipodroom (CLOSED)","location_id":1}"
2026-10-03 12:48:39,+0300,3,T1,33,success,"{"total":33,"location_name":"T1 Shopping Mall","location_id":3}"
2026-10-03 12:48:39,+0300,9,Mustika,26,success,"{"total":26,"location_name":"Mustika","location_id":9}"
2026-10-03 12:48:39,+0300,10,Suur-Paala,9,success,"{"total":9,"location_name":"Suur-Paala","location_id":10}"
2026-10-03 12:48:39,+0300,1,Hipodroom,1,success,"{"total":1,"location_name":"Hipodroom (CLOSED)","location_id":1}"
2026-10-03 12:50:40,+0300,3,T1,33,success,"{"total":33,"location_name":"T1 Shopping Mall","location_id":3}"
2026-10-03 12:50:40,+0300,9,Mustika,26,success,"{"total":26,"location_name":"Mustika","location_id":9}"
2026-10-03 12:50:40,+0300,10,Suur-Paala,9,success,"{"total":9,"location_name":"Suur-Paala","location_id":10}"
2026-10-03 12:50:40,+0300,1,Hipodroom,1,success,"{"total":1,"location_name":"Hipodroom (CLOSED)","location_id":1}"
2026-10-03 12:52:41,+0300,3,T1,33,success,"{"total":33,"location_name":"T1 Shopping Mall","location_id":3}"
2026-10-03 12:52:41,+0300,9,Mustika,26,success,"{"total":26,"location_name":"Mustika","location_id":9}"
2026-10-03 12:52:41,+0300,10,Suur-Paala,9,success,"{"total":9,"location_name":"Suur-Paala","location_id":10}"
2026-10-03 12:52:41,+0300,1,Hipodroom,1,success,"{"total":1,"location_name":"Hipodroom (CLOSED)","location_id":1}"
2026-10-03 12:54:41,+0300,3,T1,36,success,"{"total":36,"location_name":"T1 Shopping Mall","location_id":3}"
2026-10-03 12:54:41,+0300,9,Mustika,22,success,"{"total":22,"location_name":"Mustika","location_id":9}"
2026-10-03 12:54:41,+0300,10,Suur-Paala,9,success,"{"total":9,"location_name":"Suur-Paala","location_id":10}"
2026-10-03 12:54:41,+0300,1,Hipodroom,1,success,"{"total":1,"location_name":"Hipodroom (CLOSED)","location_id":1}"
2026-10-03 12:56:42,+0300,3,T1,36,success,"{"total":36,"location_name":"T1 Shopping Mall","location_id":3}"
2026-10-03 12:56:42,+0300,9,Mustika,22,success,"{"total":22,"location_name":"Mustika","location_id":9}"
2026-10-03 12:56:42,+0300,10,Suur-Paala,9,success,"{"total":9,"location_name":"Suur-Paala","location_id":10}"
2026-10-03 12:56:42,+0300,1,Hipodroom,1,success,"{"total":1,"location_name":"Hipodroom (CLOSED)","location_id":1}"
2026-10-03 12:58:42,+0300,3,T1,36,success,"{"total":36,"location_name":"T1 Shopping Mall","location_id":3}"
2026-10-03 12:58:42,+0300,9,Mustika,22,success,"{"total":22,"location_name":"Mustika","location_id":9}"
2026-10-03 12:58:42,+0300,10,Suur-Paala,9,success,"{"total":9,"location_name":"Suur-Paala","location_id":10}"
2026-10-03 12:58:42,+0300,1,Hipodroom,1,success,"{"total":1,"location_name":"Hipodroom (CLOSED)","location_id":1}"
2026-10-03 13:00:43,+0300,3,T1,38,success,"{"total":38,"location_name":"T1 Shopping Mall","location_id":3}"
2026-10-03 13:00:43,+0300,9,Mustika,19,success,"{"total":19,"location_name":"Mustika","location_id":9}"
2026-10-03 13:00:43,+0300,10,Suur-Paala,9,success,"{"total":9,"location_name":"Suur-Paala","location_id":10}"
2026-10-03 13:00:43,+0300,1,Hipodroom,1,success,"{"total":1,"location_name":"Hipodroom (CLOSED)","location_id":1}"
2026-10-03 13:02:44,+0300,3,T1,38,success,"{"total":38,"location_name":"T1 Shopping Mall","location_id":3}"
2026-10-03 13:02:44,+0300,9,Mustika,19,success,"{"total":19,"location_name":"Mustika","location_id":9}"
2026-10-03 13:02:44,+0300,10,Suur-Paala,9,success,"{"total":9,"location_name":"Suur-Paala","location_id":10}"
2026-10-03 13:02:44,+0300,1,Hipodroom,1,success,"{"total":1,"location_name":"Hipodroom (CLOSED)","location_id":1}"
2026-10-03 13:04:44,+0300,3,T1,38,success,"{"total":38,"location_name":"T1 Shopping Mall","location_id":3}"
2026-10-03 13:04:44,+0300,9,Mustika,19,success,"{"total":19,"location_name":"Mustika","location_id":9}"
2026-10-03 13:04:44,+0300,10,Suur-Paala,9,success,"{"total":9,"location_name":"Suur-Paala","location_id":10}"
2026-10-03 13:04:44,+0300,1,Hipodroom,1,success,"{"total":1,"location_name":"Hipodroom (CLOSED)","location_id":1}"
2026-10-03 13:06:45,+0300,3,T1,36,success,"{"total":36,"location_name":"T1 Shopping Mall","location_id":3}"
2026-10-03 13:06:45,+0300,9,Mustika,17,success,"{"total":17,"location_name":"Mustika","location_id":9}"
2026-10-03 13:06:45,+0300,10,Suur-Paala,9,success,"{"total":9,"location_name":"Suur-Paala","location_id":10}"
2026-10-03 13:06:45,+0300,1,Hipodroom,1,success,"{"total":1,"location_name":"Hipodroom (CLOSED)","location_id":1}"
2026-10-03 13:08:46,+0300,3,T1,36,success,"{"total":36,"location_name":"T1 Shopping Mall","location_id":3}"
2026-10-03 13:08:46,+0300,9,Mustika,17,success,"{"total":17,"location_name":"Mustika","location_id":9}"
2026-10-03 13:08:46,+0300,10,Suur-Paala,9,success,"{"total":9,"location_name":"Suur-Paala","location_id":10}"
2026-10-03 13:08:46,+0300,1,Hipodroom,1,success,"{"total":1,"location_name":"Hipodroom (CLOSED)","location_id":1}"
2026-10-03 13:10:46,+0300,3,T1,36,success,"{"total":36,"location_name":"T1 Shopping Mall","location_id":3}"
2026-10-03 13:10:46,+0300,9,Mustika,17,success,"{"total":17,"location_name":"Mustika","location_id":9}"
2026-10-03 13:10:46,+0300,10,Suur-Paala,10,success,"{"total":10,"location_name":"Suur-Paala","location_id":10}"
2026-10-03 13:10:46,+0300,1,Hipodroom,1,success,"{"total":1,"location_name":"Hipodroom (CLOSED)","location_id":1}"
2026-10-03 13:12:47,+0300,3,T1,34,success,"{"total":34,"location_name":"T1 Shopping Mall","location_id":3}"
2026-10-03 13:12:47,+0300,9,Mustika,20,success,"{"total":20,"location_name":"Mustika","location_id":9}"
2026-10-03 13:12:47,+0300,10,Suur-Paala,10,success,"{"total":10,"location_name":"Suur-Paala","location_id":10}"
2026-10-03 13:12:47,+0300,1,Hipodroom,1,success,"{"total":1,"location_name":"Hipodroom (CLOSED)","location_id":1}"
2026-10-03 13:14:47,+0300,3,T1,34,success,"{"total":34,"location_name":"T1 Shopping Mall","location_id":3}"
2026-10-03 13:14:47,+0300,9,Mustika,20,success,"{"total":20,"location_name":"Mustika","location_id":9}"
2026-10-03 13:14:47,+0300,10,Suur-Paala,10,success,"{"total":10,"location_name":"Suur-Paala","location_id":10}"
2026-10-03 13:14:47,+0300,1,Hipodroom,1,success,"{"total":1,"location_name":"Hipodroom (CLOSED)","location_id":1}"
2026-10-03 13:16:48,+0300,3,T1,34,success,"{"total":34,"location_name":"T1 Shopping Mall","location_id":3}"
2026-10-03 13:16:48,+0300,9,Mustika,20,success,"{"total":20,"location_name":"Mustika","location_id":9}"
2026-10-03 13:16:48,+0300,10,Suur-Paala,11,success,"{"total":11,"location_name":"Suur-Paala","location_id":10}"
2026-10-03 13:16:48,+0300,1,Hipodroom,1,success,"{"total":1,"location_name":"Hipodroom (CLOSED)","location_id":1}"
2026-10-03 13:18:48,+0300,3,T1,35,success,"{"total":35,"location_name":"T1 Shopping Mall","location_id":3}"
2026-10-03 13:18:48,+0300,9,Mustika,21,success,"{"total":21,"location_name":"Mustika","location_id":9}"
2026-10-03 13:18:48,+0300,10,Suur-Paala,11,success,"{"total":11,"location_name":"Suur-Paala","location_id":10}"
2026-10-03 13:18:48,+0300,1,Hipodroom,1,success,"{"total":1,"location_name":"Hipodroom (CLOSED)","location_id":1}"
2026-10-03 13:20:49,+0300,3,T1,35,success,"{"total":35,"location_name":"T1 Shopping Mall","location_id":3}"
2026-10-03 13:20:49,+0300,9,Mustika,21,success,"{"total":21,"location_name":"Mustika","location_id":9}"
2026-10-03 13:20:49,+0300,10,Suur-Paala,11,success,"{"total":11,"location_name":"Suur-Paala","location_id":10}"
2026-10-03 13:20:49,+0300,1,Hipodroom,1,success,"{"total":1,"location_name":"Hipodroom (CLOSED)","location_id":1}"
2026-10-03 13:22:49,+0300,3,T1,35,success,"{"total":35,"location_name":"T1 Shopping Mall","location_id":3}"
2026-10-03 13:22:49,+0300,9,Mustika,21,success,"{"total":21,"location_name":"Mustika","location_id":9}"
2026-10-03 13:22:49,+0300,10,Suur-Paala,12,success,"{"total":12,"location_name":"Suur-Paala","location_id":10}"
2026-10-03 13:22:49,+0300,1,Hipodroom,1,success,"{"total":1,"location_name":"Hipodroom (CLOSED)","location_id":1}"
2026-10-03 13:24:50,+0300,3,T1,35,success,"{"total":35,"location_name":"T1 Shopping Mall","location_id":3}"
2026-10-03 13:24:50,+0300,9,Mustika,21,success,"{"total":21,"location_name":"Mustika","location_id":9}"
2026-10-03 13:24:50,+0300,10,Suur-Paala,12,success,"{"total":12,"location_name":"Suur-Paala","location_id":10}"
2026-10-03 13:24:50,+0300,1,Hipodroom,1,success,"{"total":1,"location_name":"Hipodroom (CLOSED)","location_id":1}"
2026-10-03 13:26:51,+0300,3,T1,35,success,"{"total":35,"location_name":"T1 Shopping Mall","location_id":3}"
2026-10-03 13:26:51,+0300,9,Mustika,21,success,"{"total":21,"location_name":"Mustika","location_id":9}"
2026-10-03 13:26:51,+0300,10,Suur-Paala,12,success,"{"total":12,"location_name":"Suur-Paala","location_id":10}"
2026-10-03 13:26:51,+0300,1,Hipodroom,1,success,"{"total":1,"location_name":"Hipodroom (CLOSED)","location_id":1}"
2026-10-03 13:28:51,+0300,3,T1,35,success,"{"total":35,"location_name":"T1 Shopping Mall","location_id":3}"
2026-10-03 13:28:51,+0300,9,Mustika,21,success,"{"total":21,"location_name":"Mustika","location_id":9}"
2026-10-03 13:28:51,+0300,10,Suur-Paala,12,success,"{"total":12,"location_name":"Suur-Paala","location_id":10}"
2026-10-03 13:28:51,+0300,1,Hipodroom,1,success,"{"total":1,"location_name":"Hipodroom (CLOSED)","location_id":1}"
2026-10-03 13:30:52,+0300,3,T1,36,success,"{"total":36,"location_name":"T1 Shopping Mall","location_id":3}"
2026-10-03 13:30:52,+0300,9,Mustika,21,success,"{"total":21,"location_name":"Mustika","location_id":9}"
2026-10-03 13:30:52,+0300,10,Suur-Paala,12,success,"{"total":12,"location_name":"Suur-Paala","location_id":10}"
2026-10-03 13:30:52,+0300,1,Hipodroom,1,success,"{"total":1,"location_name":"Hipodroom (CLOSED)","location_id":1}"
2026-10-03 13:32:53,+0300,3,T1,36,success,"{"total":36,"location_name":"T1 Shopping Mall","location_id":3}"
2026-10-03 13:32:53,+0300,9,Mustika,21,success,"{"total":21,"location_name":"Mustika","location_id":9}"
2026-10-03 13:32:53,+0300,10,Suur-Paala,12,success,"{"total":12,"location_name":"Suur-Paala","location_id":10}"
2026-10-03 13:32:53,+0300,1,Hipodroom,1,success,"{"total":1,"location_name":"Hipodroom (CLOSED)","location_id":1}"
2026-10-03 13:34:53,+0300,3,T1,36,success,"{"total":36,"location_name":"T1 Shopping Mall","location_id":3}"
2026-10-03 13:34:53,+0300,9,Mustika,21,success,"{"total":21,"location_name":"Mustika","location_id":9}"
2026-10-03 13:34:53,+0300,10,Suur-Paala,12,success,"{"total":12,"location_name":"Suur-Paala","location_id":10}"
2026-10-03 13:34:53,+0300,1,Hipodroom,1,success,"{"total":1,"location_name":"Hipodroom (CLOSED)","location_id":1}"
2026-10-03 13:36:54,+0300,3,T1,35,success,"{"total":35,"location_name":"T1 Shopping Mall","location_id":3}"
2026-10-03 13:36:54,+0300,9,Mustika,21,success,"{"total":21,"location_name":"Mustika","location_id":9}"
2026-10-03 13:36:54,+0300,10,Suur-Paala,12,success,"{"total":12,"location_name":"Suur-Paala","location_id":10}"
2026-10-03 13:36:54,+0300,1,Hipodroom,1,success,"{"total":1,"location_name":"Hipodroom (CLOSED)","location_id":1}"
2026-10-03 13:38:54,+0300,3,T1,35,success,"{"total":35,"location_name":"T1 Shopping Mall","location_id":3}"
2026-10-03 13:38:54,+0300,9,Mustika,21,success,"{"total":21,"location_name":"Mustika","location_id":9}"
2026-10-03 13:38:54,+0300,10,Suur-Paala,12,success,"{"total":12,"location_name":"Suur-Paala","location_id":10}"
2026-10-03 13:38:54,+0300,1,Hipodroom,1,success,"{"total":1,"location_name":"Hipodroom (CLOSED)","location_id":1}"
2026-10-03 13:40:55,+0300,3,T1,35,success,"{"total":35,"location_name":"T1 Shopping Mall","location_id":3}"
2026-10-03 13:40:55,+0300,9,Mustika,21,success,"{"total":21,"location_name":"Mustika","location_id":9}"
2026-10-03 13:40:55,+0300,10,Suur-Paala,12,success,"{"total":12,"location_name":"Suur-Paala","location_id":10}"
2026-10-03 13:40:55,+0300,1,Hipodroom,1,success,"{"total":1,"location_name":"Hipodroom (CLOSED)","location_id":1}"
2026-10-03 13:42:56,+0300,3,T1,32,success,"{"total":32,"location_name":"T1 Shopping Mall","location_id":3}"
2026-10-03 13:42:56,+0300,9,Mustika,20,success,"{"total":20,"location_name":"Mustika","location_id":9}"
2026-10-03 13:42:56,+0300,10,Suur-Paala,12,success,"{"total":12,"location_name":"Suur-Paala","location_id":10}"
2026-10-03 13:42:56,+0300,1,Hipodroom,1,success,"{"total":1,"location_name":"Hipodroom (CLOSED)","location_id":1}"
2026-10-03 13:44:56,+0300,3,T1,32,success,"{"total":32,"location_name":"T1 Shopping Mall","location_id":3}"
2026-10-03 13:44:56,+0300,9,Mustika,20,success,"{"total":20,"location_name":"Mustika","location_id":9}"
2026-10-03 13:44:56,+0300,10,Suur-Paala,12,success,"{"total":12,"location_name":"Suur-Paala","location_id":10}"
2026-10-03 13:44:56,+0300,1,Hipodroom,1,success,"{"total":1,"location_name":"Hipodroom (CLOSED)","location_id":1}"
2026-10-03 13:46:57,+0300,3,T1,32,success,"{"total":32,"location_name":"T1 Shopping Mall","location_id":3}"
2026-10-03 13:46:57,+0300,9,Mustika,20,success,"{"total":20,"location_name":"Mustika","location_id":9}"
2026-10-03 13:46:57,+0300,10,Suur-Paala,13,success,"{"total":13,"location_name":"Suur-Paala","location_id":10}"
2026-10-03 13:46:57,+0300,1,Hipodroom,1,success,"{"total":1,"location_name":"Hipodroom (CLOSED)","location_id":1}"
2026-10-03 13:48:58,+0300,3,T1,31,success,"{"total":31,"location_name":"T1 Shopping Mall","location_id":3}"
2026-10-03 13:48:58,+0300,9,Mustika,21,success,"{"total":21,"location_name":"Mustika","location_id":9}"
2026-10-03 13:48:58,+0300,10,Suur-Paala,13,success,"{"total":13,"location_name":"Suur-Paala","location_id":10}"
2026-10-03 13:48:58,+0300,1,Hipodroom,1,success,"{"total":1,"location_name":"Hipodroom (CLOSED)","location_id":1}"
2026-10-03 13:50:58,+0300,3,T1,31,success,"{"total":31,"location_name":"T1 Shopping Mall","location_id":3}"
2026-10-03 13:50:58,+0300,9,Mustika,21,success,"{"total":21,"location_name":"Mustika","location_id":9}"
2026-10-03 13:50:58,+0300,10,Suur-Paala,13,success,"{"total":13,"location_name":"Suur-Paala","location_id":10}"
2026-10-03 13:50:58,+0300,1,Hipodroom,1,success,"{"total":1,"location_name":"Hipodroom (CLOSED)","location_id":1}"
2026-10-03 13:52:59,+0300,3,T1,31,success,"{"total":31,"location_name":"T1 Shopping Mall","location_id":3}"
2026-10-03 13:52:59,+0300,9,Mustika,21,success,"{"total":21,"location_name":"Mustika","location_id":9}"
2026-10-03 13:52:59,+0300,10,Suur-Paala,13,success,"{"total":13,"location_name":"Suur-Paala","location_id":10}"
2026-10-03 13:52:59,+0300,1,Hipodroom,1,success,"{"total":1,"location_name":"Hipodroom (CLOSED)","location_id":1}"
2026-10-03 13:54:59,+0300,3,T1,32,success,"{"total":32,"location_name":"T1 Shopping Mall","location_id":3}"
2026-10-03 13:54:59,+0300,9,Mustika,20,success,"{"total":20,"location_name":"Mustika","location_id":9}"
2026-10-03 13:54:59,+0300,10,Suur-Paala,13,success,"{"total":13,"location_name":"Suur-Paala","location_id":10}"
2026-10-03 13:54:59,+0300,1,Hipodroom,1,success,"{"total":1,"location_name":"Hipodroom (CLOSED)","location_id":1}"
2026-10-03 13:57:00,+0300,3,T1,32,success,"{"total":32,"location_name":"T1 Shopping Mall","location_id":3}"
2026-10-03 13:57:00,+0300,9,Mustika,20,success,"{"total":20,"location_name":"Mustika","location_id":9}"
2026-10-03 13:57:00,+0300,10,Suur-Paala,13,success,"{"total":13,"location_name":"Suur-Paala","location_id":10}"
2026-10-03 13:57:00,+0300,1,Hipodroom,1,success,"{"total":1,"location_name":"Hipodroom (CLOSED)","location_id":1}"
2026-10-03 13:59:01,+0300,3,T1,32,success,"{"total":32,"location_name":"T1 Shopping Mall","location_id":3}"
2026-10-03 13:59:01,+0300,9,Mustika,20,success,"{"total":20,"location_name":"Mustika","location_id":9}"
2026-10-03 13:59:01,+0300,10,Suur-Paala,13,success,"{"total":13,"location_name":"Suur-Paala","location_id":10}"
2026-10-03 13:59:01,+0300,1,Hipodroom,1,success,"{"total":1,"location_name":"Hipodroom (CLOSED)","location_id":1}"
2026-10-03 14:01:01,+0300,3,T1,34,success,"{"total":34,"location_name":"T1 Shopping Mall","location_id":3}"
2026-10-03 14:01:01,+0300,9,Mustika,20,success,"{"total":20,"location_name":"Mustika","location_id":9}"
2026-10-03 14:01:01,+0300,10,Suur-Paala,13,success,"{"total":13,"location_name":"Suur-Paala","location_id":10}"
2026-10-03 14:01:01,+0300,1,Hipodroom,1,success,"{"total":1,"location_name":"Hipodroom (CLOSED)","location_id":1}"
2026-10-03 14:03:02,+0300,3,T1,34,success,"{"total":34,"location_name":"T1 Shopping Mall","location_id":3}"
2026-10-03 14:03:02,+0300,9,Mustika,20,success,"{"total":20,"location_name":"Mustika","location_id":9}"
2026-10-03 14:03:02,+0300,10,Suur-Paala,13,success,"{"total":13,"location_name":"Suur-Paala","location_id":10}"
2026-10-03 14:03:02,+0300,1,Hipodroom,1,success,"{"total":1,"location_name":"Hipodroom (CLOSED)","location_id":1}"
2026-10-03 14:05:02,+0300,3,T1,34,success,"{"total":34,"location_name":"T1 Shopping Mall","location_id":3}"
2026-10-03 14:05:02,+0300,9,Mustika,20,success,"{"total":20,"location_name":"Mustika","location_id":9}"
2026-10-03 14:05:02,+0300,10,Suur-Paala,13,success,"{"total":13,"location_name":"Suur-Paala","location_id":10}"
2026-10-03 14:05:02,+0300,1,Hipodroom,1,success,"{"total":1,"location_name":"Hipodroom (CLOSED)","location_id":1}"
2026-10-03 14:07:03,+0300,3,T1,35,success,"{"total":35,"location_name":"T1 Shopping Mall","location_id":3}"
2026-10-03 14:07:03,+0300,9,Mustika,19,success,"{"total":19,"location_name":"Mustika","location_id":9}"
2026-10-03 14:07:03,+0300,10,Suur-Paala,13,success,"{"total":13,"location_name":"Suur-Paala","location_id":10}"
2026-10-03 14:07:03,+0300,1,Hipodroom,1,success,"{"total":1,"location_name":"Hipodroom (CLOSED)","location_id":1}"
2026-10-03 14:09:04,+0300,3,T1,35,success,"{"total":35,"location_name":"T1 Shopping Mall","location_id":3}"
2026-10-03 14:09:04,+0300,9,Mustika,19,success,"{"total":19,"location_name":"Mustika","location_id":9}"
2026-10-03 14:09:04,+0300,10,Suur-Paala,13,success,"{"total":13,"location_name":"Suur-Paala","location_id":10}"
2026-10-03 14:09:04,+0300,1,Hipodroom,1,success,"{"total":1,"location_name":"Hipodroom (CLOSED)","location_id":1}"
2026-10-03 14:11:04,+0300,3,T1,35,success,"{"total":35,"location_name":"T1 Shopping Mall","location_id":3}"
2026-10-03 14:11:04,+0300,9,Mustika,19,success,"{"total":19,"location_name":"Mustika","location_id":9}"
2026-10-03 14:11:04,+0300,10,Suur-Paala,12,success,"{"total":12,"location_name":"Suur-Paala","location_id":10}"
2026-10-03 14:11:04,+0300,1,Hipodroom,1,success,"{"total":1,"location_name":"Hipodroom (CLOSED)","location_id":1}"
2026-10-03 14:13:05,+0300,3,T1,36,success,"{"total":36,"location_name":"T1 Shopping Mall","location_id":3}"
2026-10-03 14:13:05,+0300,9,Mustika,18,success,"{"total":18,"location_name":"Mustika","location_id":9}"
2026-10-03 14:13:05,+0300,10,Suur-Paala,12,success,"{"total":12,"location_name":"Suur-Paala","location_id":10}"
2026-10-03 14:13:05,+0300,1,Hipodroom,0,success,"{"total":0,"location_name":"Hipodroom (CLOSED)","location_id":1}"
2026-10-03 14:15:05,+0300,3,T1,36,success,"{"total":36,"location_name":"T1 Shopping Mall","location_id":3}"
2026-10-03 14:15:05,+0300,9,Mustika,18,success,"{"total":18,"location_name":"Mustika","location_id":9}"
2026-10-03 14:15:05,+0300,10,Suur-Paala,12,success,"{"total":12,"location_name":"Suur-Paala","location_id":10}"
2026-10-03 14:15:05,+0300,1,Hipodroom,0,success,"{"total":0,"location_name":"Hipodroom (CLOSED)","location_id":1}"
2026-10-03 14:17:06,+0300,3,T1,36,success,"{"total":36,"location_name":"T1 Shopping Mall","location_id":3}"
2026-10-03 14:17:06,+0300,9,Mustika,18,success,"{"total":18,"location_name":"Mustika","location_id":9}"
2026-10-03 14:17:06,+0300,10,Suur-Paala,12,success,"{"total":12,"location_name":"Suur-Paala","location_id":10}"
2026-10-03 14:17:06,+0300,1,Hipodroom,0,success,"{"total":0,"location_name":"Hipodroom (CLOSED)","location_id":1}"
2026-10-03 14:19:07,+0300,3,T1,36,success,"{"total":36,"location_name":"T1 Shopping Mall","location_id":3}"
2026-10-03 14:19:07,+0300,9,Mustika,20,success,"{"total":20,"location_name":"Mustika","location_id":9}"
2026-10-03 14:19:07,+0300,10,Suur-Paala,12,success,"{"total":12,"location_name":"Suur-Paala","location_id":10}"
2026-10-03 14:19:07,+0300,1,Hipodroom,0,success,"{"total":0,"location_name":"Hipodroom (CLOSED)","location_id":1}"
2026-10-03 14:21:08,+0300,3,T1,36,success,"{"total":36,"location_name":"T1 Shopping Mall","location_id":3}"
2026-10-03 14:21:08,+0300,9,Mustika,20,success,"{"total":20,"location_name":"Mustika","location_id":9}"
2026-10-03 14:21:08,+0300,10,Suur-Paala,12,success,"{"total":12,"location_name":"Suur-Paala","location_id":10}"
2026-10-03 14:21:08,+0300,1,Hipodroom,0,success,"{"total":0,"location_name":"Hipodroom (CLOSED)","location_id":1}"
2026-10-03 14:23:08,+0300,3,T1,36,success,"{"total":36,"location_name":"T1 Shopping Mall","location_id":3}"
2026-10-03 14:23:08,+0300,9,Mustika,20,success,"{"total":20,"location_name":"Mustika","location_id":9}"
2026-10-03 14:23:08,+0300,10,Suur-Paala,11,success,"{"total":11,"location_name":"Suur-Paala","location_id":10}"
2026-10-03 14:23:08,+0300,1,Hipodroom,0,success,"{"total":0,"location_name":"Hipodroom (CLOSED)","location_id":1}"
2026-10-03 14:25:09,+0300,3,T1,37,success,"{"total":37,"location_name":"T1 Shopping Mall","location_id":3}"
2026-10-03 14:25:09,+0300,9,Mustika,19,success,"{"total":19,"location_name":"Mustika","location_id":9}"
2026-10-03 14:25:09,+0300,10,Suur-Paala,11,success,"{"total":11,"location_name":"Suur-Paala","location_id":10}"
2026-10-03 14:25:09,+0300,1,Hipodroom,0,success,"{"total":0,"location_name":"Hipodroom (CLOSED)","location_id":1}"
2026-10-03 14:27:09,+0300,3,T1,37,success,"{"total":37,"location_name":"T1 Shopping Mall","location_id":3}"
2026-10-03 14:27:09,+0300,9,Mustika,19,success,"{"total":19,"location_name":"Mustika","location_id":9}"
2026-10-03 14:27:09,+0300,10,Suur-Paala,11,success,"{"total":11,"location_name":"Suur-Paala","location_id":10}"
2026-10-03 14:27:09,+0300,1,Hipodroom,0,success,"{"total":0,"location_name":"Hipodroom (CLOSED)","location_id":1}"
2026-10-03 14:29:10,+0300,3,T1,37,success,"{"total":37,"location_name":"T1 Shopping Mall","location_id":3}"
2026-10-03 14:29:10,+0300,9,Mustika,19,success,"{"total":19,"location_name":"Mustika","location_id":9}"
2026-10-03 14:29:10,+0300,10,Suur-Paala,11,success,"{"total":11,"location_name":"Suur-Paala","location_id":10}"
2026-10-03 14:29:10,+0300,1,Hipodroom,0,success,"{"total":0,"location_name":"Hipodroom (CLOSED)","location_id":1}"
2026-10-03 14:31:10,+0300,3,T1,36,success,"{"total":36,"location_name":"T1 Shopping Mall","location_id":3}"
2026-10-03 14:31:10,+0300,9,Mustika,18,success,"{"total":18,"location_name":"Mustika","location_id":9}"
2026-10-03 14:31:10,+0300,10,Suur-Paala,11,success,"{"total":11,"location_name":"Suur-Paala","location_id":10}"
2026-10-03 14:31:10,+0300,1,Hipodroom,0,success,"{"total":0,"location_name":"Hipodroom (CLOSED)","location_id":1}"
2026-10-03 14:33:11,+0300,3,T1,36,success,"{"total":36,"location_name":"T1 Shopping Mall","location_id":3}"
2026-10-03 14:33:11,+0300,9,Mustika,18,success,"{"total":18,"location_name":"Mustika","location_id":9}"
2026-10-03 14:33:11,+0300,10,Suur-Paala,11,success,"{"total":11,"location_name":"Suur-Paala","location_id":10}"
2026-10-03 14:33:11,+0300,1,Hipodroom,0,success,"{"total":0,"location_name":"Hipodroom (CLOSED)","location_id":1}"
2026-10-03 14:35:12,+0300,3,T1,36,success,"{"total":36,"location_name":"T1 Shopping Mall","location_id":3}"
2026-10-03 14:35:12,+0300,9,Mustika,18,success,"{"total":18,"location_name":"Mustika","location_id":9}"
2026-10-03 14:35:12,+0300,10,Suur-Paala,11,success,"{"total":11,"location_name":"Suur-Paala","location_id":10}"
2026-10-03 14:35:12,+0300,1,Hipodroom,0,success,"{"total":0,"location_name":"Hipodroom (CLOSED)","location_id":1}"
2026-10-03 14:37:12,+0300,3,T1,39,success,"{"total":39,"location_name":"T1 Shopping Mall","location_id":3}"
2026-10-03 14:37:12,+0300,9,Mustika,13,success,"{"total":13,"location_name":"Mustika","location_id":9}"
2026-10-03 14:37:12,+0300,10,Suur-Paala,11,success,"{"total":11,"location_name":"Suur-Paala","location_id":10}"
2026-10-03 14:37:12,+0300,1,Hipodroom,0,success,"{"total":0,"location_name":"Hipodroom (CLOSED)","location_id":1}"
2026-10-03 14:39:13,+0300,3,T1,39,success,"{"total":39,"location_name":"T1 Shopping Mall","location_id":3}"
2026-10-03 14:39:13,+0300,9,Mustika,13,success,"{"total":13,"location_name":"Mustika","location_id":9}"
2026-10-03 14:39:13,+0300,10,Suur-Paala,11,success,"{"total":11,"location_name":"Suur-Paala","location_id":10}"
2026-10-03 14:39:13,+0300,1,Hipodroom,0,success,"{"total":0,"location_name":"Hipodroom (CLOSED)","location_id":1}"
2026-10-03 14:41:13,+0300,3,T1,39,success,"{"total":39,"location_name":"T1 Shopping Mall","location_id":3}"
2026-10-03 14:41:13,+0300,9,Mustika,13,success,"{"total":13,"location_name":"Mustika","location_id":9}"
2026-10-03 14:41:13,+0300,10,Suur-Paala,11,success,"{"total":11,"location_name":"Suur-Paala","location_id":10}"
2026-10-03 14:41:13,+0300,1,Hipodroom,0,success,"{"total":0,"location_name":"Hipodroom (CLOSED)","location_id":1}"
2026-10-03 14:43:14,+0300,3,T1,39,success,"{"total":39,"location_name":"T1 Shopping Mall","location_id":3}"
2026-10-03 14:43:14,+0300,9,Mustika,13,success,"{"total":13,"location_name":"Mustika","location_id":9}"
2026-10-03 14:43:14,+0300,10,Suur-Paala,11,success,"{"total":11,"location_name":"Suur-Paala","location_id":10}"
2026-10-03 14:43:14,+0300,1,Hipodroom,0,success,"{"total":0,"location_name":"Hipodroom (CLOSED)","location_id":1}"
2026-10-03 14:45:14,+0300,3,T1,39,success,"{"total":39,"location_name":"T1 Shopping Mall","location_id":3}"
2026-10-03 14:45:14,+0300,9,Mustika,13,success,"{"total":13,"location_name":"Mustika","location_id":9}"
2026-10-03 14:45:14,+0300,10,Suur-Paala,11,success,"{"total":11,"location_name":"Suur-Paala","location_id":10}"
2026-10-03 14:45:14,+0300,1,Hipodroom,0,success,"{"total":0,"location_name":"Hipodroom (CLOSED)","location_id":1}"
2026-10-03 14:47:15,+0300,3,T1,39,success,"{"total":39,"location_name":"T1 Shopping Mall","location_id":3}"
2026-10-03 14:47:15,+0300,9,Mustika,13,success,"{"total":13,"location_name":"Mustika","location_id":9}"
2026-10-03 14:47:15,+0300,10,Suur-Paala,10,success,"{"total":10,"location_name":"Suur-Paala","location_id":10}"
2026-10-03 14:47:15,+0300,1,Hipodroom,0,success,"{"total":0,"location_name":"Hipodroom (CLOSED)","location_id":1}"
2026-10-03 14:49:16,+0300,3,T1,38,success,"{"total":38,"location_name":"T1 Shopping Mall","location_id":3}"
2026-10-03 14:49:16,+0300,9,Mustika,12,success,"{"total":12,"location_name":"Mustika","location_id":9}"
2026-10-03 14:49:16,+0300,10,Suur-Paala,10,success,"{"total":10,"location_name":"Suur-Paala","location_id":10}"
2026-10-03 14:49:16,+0300,1,Hipodroom,0,success,"{"total":0,"location_name":"Hipodroom (CLOSED)","location_id":1}"
2026-10-03 14:51:16,+0300,3,T1,38,success,"{"total":38,"location_name":"T1 Shopping Mall","location_id":3}"
2026-10-03 14:51:16,+0300,9,Mustika,12,success,"{"total":12,"location_name":"Mustika","location_id":9}"
2026-10-03 14:51:16,+0300,10,Suur-Paala,10,success,"{"total":10,"location_name":"Suur-Paala","location_id":10}"
2026-10-03 14:51:16,+0300,1,Hipodroom,0,success,"{"total":0,"location_name":"Hipodroom (CLOSED)","location_id":1}"
2026-10-03 14:53:17,+0300,3,T1,38,success,"{"total":38,"location_name":"T1 Shopping Mall","location_id":3}"
2026-10-03 14:53:17,+0300,9,Mustika,12,success,"{"total":12,"location_name":"Mustika","location_id":9}"
2026-10-03 14:53:17,+0300,10,Suur-Paala,8,success,"{"total":8,"location_name":"Suur-Paala","location_id":10}"
2026-10-03 14:53:17,+0300,1,Hipodroom,0,success,"{"total":0,"location_name":"Hipodroom (CLOSED)","location_id":1}"
2026-10-03 14:55:18,+0300,3,T1,37,success,"{"total":37,"location_name":"T1 Shopping Mall","location_id":3}"
2026-10-03 14:55:18,+0300,9,Mustika,12,success,"{"total":12,"location_name":"Mustika","location_id":9}"
2026-10-03 14:55:18,+0300,10,Suur-Paala,8,success,"{"total":8,"location_name":"Suur-Paala","location_id":10}"
2026-10-03 14:55:18,+0300,1,Hipodroom,0,success,"{"total":0,"location_name":"Hipodroom (CLOSED)","location_id":1}"
2026-10-03 14:57:18,+0300,3,T1,37,success,"{"total":37,"location_name":"T1 Shopping Mall","location_id":3}"
2026-10-03 14:57:18,+0300,9,Mustika,12,success,"{"total":12,"location_name":"Mustika","location_id":9}"
2026-10-03 14:57:18,+0300,10,Suur-Paala,8,success,"{"total":8,"location_name":"Suur-Paala","location_id":10}"
2026-10-03 14:57:18,+0300,1,Hipodroom,0,success,"{"total":0,"location_name":"Hipodroom (CLOSED)","location_id":1}"
2026-10-03 14:59:19,+0300,3,T1,37,success,"{"total":37,"location_name":"T1 Shopping Mall","location_id":3}"
2026-10-03 14:59:19,+0300,9,Mustika,12,success,"{"total":12,"location_name":"Mustika","location_id":9}"
2026-10-03 14:59:19,+0300,10,Suur-Paala,8,success,"{"total":8,"location_name":"Suur-Paala","location_id":10}"
2026-10-03 14:59:19,+0300,1,Hipodroom,0,success,"{"total":0,"location_name":"Hipodroom (CLOSED)","location_id":1}"
2026-10-03 15:01:19,+0300,3,T1,34,success,"{"total":34,"location_name":"T1 Shopping Mall","location_id":3}"
2026-10-03 15:01:19,+0300,9,Mustika,12,success,"{"total":12,"location_name":"Mustika","location_id":9}"
2026-10-03 15:01:19,+0300,10,Suur-Paala,8,success,"{"total":8,"location_name":"Suur-Paala","location_id":10}"
2026-10-03 15:01:19,+0300,1,Hipodroom,0,success,"{"total":0,"location_name":"Hipodroom (CLOSED)","location_id":1}"
2026-10-03 15:03:20,+0300,3,T1,34,success,"{"total":34,"location_name":"T1 Shopping Mall","location_id":3}"
2026-10-03 15:03:20,+0300,9,Mustika,12,success,"{"total":12,"location_name":"Mustika","location_id":9}"
2026-10-03 15:03:20,+0300,10,Suur-Paala,8,success,"{"total":8,"location_name":"Suur-Paala","location_id":10}"
2026-10-03 15:03:20,+0300,1,Hipodroom,0,success,"{"total":0,"location_name":"Hipodroom (CLOSED)","location_id":1}"
2026-10-03 15:05:20,+0300,3,T1,34,success,"{"total":34,"location_name":"T1 Shopping Mall","location_id":3}"
2026-10-03 15:05:20,+0300,9,Mustika,12,success,"{"total":12,"location_name":"Mustika","location_id":9}"
2026-10-03 15:05:20,+0300,10,Suur-Paala,6,success,"{"total":6,"location_name":"Suur-Paala","location_id":10}"
2026-10-03 15:05:20,+0300,1,Hipodroom,0,success,"{"total":0,"location_name":"Hipodroom (CLOSED)","location_id":1}"
2026-10-03 15:07:21,+0300,3,T1,33,success,"{"total":33,"location_name":"T1 Shopping Mall","location_id":3}"
2026-10-03 15:07:21,+0300,9,Mustika,12,success,"{"total":12,"location_name":"Mustika","location_id":9}"
2026-10-03 15:07:21,+0300,10,Suur-Paala,6,success,"{"total":6,"location_name":"Suur-Paala","location_id":10}"
2026-10-03 15:07:21,+0300,1,Hipodroom,0,success,"{"total":0,"location_name":"Hipodroom (CLOSED)","location_id":1}"
2026-10-03 15:09:22,+0300,3,T1,33,success,"{"total":33,"location_name":"T1 Shopping Mall","location_id":3}"
2026-10-03 15:09:22,+0300,9,Mustika,12,success,"{"total":12,"location_name":"Mustika","location_id":9}"
2026-10-03 15:09:22,+0300,10,Suur-Paala,6,success,"{"total":6,"location_name":"Suur-Paala","location_id":10}"
2026-10-03 15:09:22,+0300,1,Hipodroom,0,success,"{"total":0,"location_name":"Hipodroom (CLOSED)","location_id":1}"
2026-10-03 15:11:22,+0300,3,T1,33,success,"{"total":33,"location_name":"T1 Shopping Mall","location_id":3}"
2026-10-03 15:11:22,+0300,9,Mustika,12,success,"{"total":12,"location_name":"Mustika","location_id":9}"
2026-10-03 15:11:22,+0300,10,Suur-Paala,6,success,"{"total":6,"location_name":"Suur-Paala","location_id":10}"
2026-10-03 15:11:22,+0300,1,Hipodroom,0,success,"{"total":0,"location_name":"Hipodroom (CLOSED)","location_id":1}"
2026-10-03 15:13:23,+0300,3,T1,34,success,"{"total":34,"location_name":"T1 Shopping Mall","location_id":3}"
2026-10-03 15:13:23,+0300,9,Mustika,13,success,"{"total":13,"location_name":"Mustika","location_id":9}"
2026-10-03 15:13:23,+0300,10,Suur-Paala,6,success,"{"total":6,"location_name":"Suur-Paala","location_id":10}"
2026-10-03 15:13:23,+0300,1,Hipodroom,0,success,"{"total":0,"location_name":"Hipodroom (CLOSED)","location_id":1}"
2026-10-03 15:15:24,+0300,3,T1,34,success,"{"total":34,"location_name":"T1 Shopping Mall","location_id":3}"
2026-10-03 15:15:24,+0300,9,Mustika,13,success,"{"total":13,"location_name":"Mustika","location_id":9}"
2026-10-03 15:15:24,+0300,10,Suur-Paala,6,success,"{"total":6,"location_name":"Suur-Paala","location_id":10}"
2026-10-03 15:15:24,+0300,1,Hipodroom,0,success,"{"total":0,"location_name":"Hipodroom (CLOSED)","location_id":1}"
2026-10-03 15:17:24,+0300,3,T1,34,success,"{"total":34,"location_name":"T1 Shopping Mall","location_id":3}"
2026-10-03 15:17:24,+0300,9,Mustika,13,success,"{"total":13,"location_name":"Mustika","location_id":9}"
2026-10-03 15:17:24,+0300,10,Suur-Paala,6,success,"{"total":6,"location_name":"Suur-Paala","location_id":10}"
2026-10-03 15:17:24,+0300,1,Hipodroom,0,success,"{"total":0,"location_name":"Hipodroom (CLOSED)","location_id":1}"
2026-10-03 15:19:25,+0300,3,T1,34,success,"{"total":34,"location_name":"T1 Shopping Mall","location_id":3}"
2026-10-03 15:19:25,+0300,9,Mustika,13,success,"{"total":13,"location_name":"Mustika","location_id":9}"
2026-10-03 15:19:25,+0300,10,Suur-Paala,6,success,"{"total":6,"location_name":"Suur-Paala","location_id":10}"
2026-10-03 15:19:25,+0300,1,Hipodroom,0,success,"{"total":0,"location_name":"Hipodroom (CLOSED)","location_id":1}"
2026-10-03 15:21:26,+0300,3,T1,34,success,"{"total":34,"location_name":"T1 Shopping Mall","location_id":3}"
2026-10-03 15:21:26,+0300,9,Mustika,13,success,"{"total":13,"location_name":"Mustika","location_id":9}"
2026-10-03 15:21:26,+0300,10,Suur-Paala,6,success,"{"total":6,"location_name":"Suur-Paala","location_id":10}"
2026-10-03 15:21:26,+0300,1,Hipodroom,0,success,"{"total":0,"location_name":"Hipodroom (CLOSED)","location_id":1}"
2026-10-03 15:23:26,+0300,3,T1,34,success,"{"total":34,"location_name":"T1 Shopping Mall","location_id":3}"
2026-10-03 15:23:26,+0300,9,Mustika,13,success,"{"total":13,"location_name":"Mustika","location_id":9}"
2026-10-03 15:23:26,+0300,10,Suur-Paala,6,success,"{"total":6,"location_name":"Suur-Paala","location_id":10}"
2026-10-03 15:23:26,+0300,1,Hipodroom,0,success,"{"total":0,"location_name":"Hipodroom (CLOSED)","location_id":1}"
2026-10-03 15:25:27,+0300,3,T1,31,success,"{"total":31,"location_name":"T1 Shopping Mall","location_id":3}"
2026-10-03 15:25:27,+0300,9,Mustika,13,success,"{"total":13,"location_name":"Mustika","location_id":9}"
2026-10-03 15:25:27,+0300,10,Suur-Paala,6,success,"{"total":6,"location_name":"Suur-Paala","location_id":10}"
2026-10-03 15:25:27,+0300,1,Hipodroom,0,success,"{"total":0,"location_name":"Hipodroom (CLOSED)","location_id":1}"
2026-10-03 15:27:27,+0300,3,T1,31,success,"{"total":31,"location_name":"T1 Shopping Mall","location_id":3}"
2026-10-03 15:27:27,+0300,9,Mustika,13,success,"{"total":13,"location_name":"Mustika","location_id":9}"
2026-10-03 15:27:27,+0300,10,Suur-Paala,6,success,"{"total":6,"location_name":"Suur-Paala","location_id":10}"
2026-10-03 15:27:27,+0300,1,Hipodroom,0,success,"{"total":0,"location_name":"Hipodroom (CLOSED)","location_id":1}"
2026-10-03 15:29:28,+0300,3,T1,31,success,"{"total":31,"location_name":"T1 Shopping Mall","location_id":3}"
2026-10-03 15:29:28,+0300,9,Mustika,13,success,"{"total":13,"location_name":"Mustika","location_id":9}"
2026-10-03 15:29:28,+0300,10,Suur-Paala,6,success,"{"total":6,"location_name":"Suur-Paala","location_id":10}"
2026-10-03 15:29:28,+0300,1,Hipodroom,0,success,"{"total":0,"location_name":"Hipodroom (CLOSED)","location_id":1}"
2026-10-03 15:31:29,+0300,3,T1,30,success,"{"total":30,"location_name":"T1 Shopping Mall","location_id":3}"
2026-10-03 15:31:29,+0300,9,Mustika,12,success,"{"total":12,"location_name":"Mustika","location_id":9}"
2026-10-03 15:31:29,+0300,10,Suur-Paala,6,success,"{"total":6,"location_name":"Suur-Paala","location_id":10}"
2026-10-03 15:31:29,+0300,1,Hipodroom,0,success,"{"total":0,"location_name":"Hipodroom (CLOSED)","location_id":1}"
2026-10-03 15:33:29,+0300,3,T1,30,success,"{"total":30,"location_name":"T1 Shopping Mall","location_id":3}"
2026-10-03 15:33:29,+0300,9,Mustika,12,success,"{"total":12,"location_name":"Mustika","location_id":9}"
2026-10-03 15:33:29,+0300,10,Suur-Paala,6,success,"{"total":6,"location_name":"Suur-Paala","location_id":10}"
2026-10-03 15:33:29,+0300,1,Hipodroom,0,success,"{"total":0,"location_name":"Hipodroom (CLOSED)","location_id":1}"
2026-10-03 15:35:30,+0300,3,T1,30,success,"{"total":30,"location_name":"T1 Shopping Mall","location_id":3}"
2026-10-03 15:35:30,+0300,9,Mustika,12,success,"{"total":12,"location_name":"Mustika","location_id":9}"
2026-10-03 15:35:30,+0300,10,Suur-Paala,6,success,"{"total":6,"location_name":"Suur-Paala","location_id":10}"
2026-10-03 15:35:30,+0300,1,Hipodroom,0,success,"{"total":0,"location_name":"Hipodroom (CLOSED)","location_id":1}"
2026-10-03 15:37:30,+0300,3,T1,30,success,"{"total":30,"location_name":"T1 Shopping Mall","location_id":3}"
2026-10-03 15:37:30,+0300,9,Mustika,15,success,"{"total":15,"location_name":"Mustika","location_id":9}"
2026-10-03 15:37:30,+0300,10,Suur-Paala,6,success,"{"total":6,"location_name":"Suur-Paala","location_id":10}"
2026-10-03 15:37:30,+0300,1,Hipodroom,0,success,"{"total":0,"location_name":"Hipodroom (CLOSED)","location_id":1}"
2026-10-03 15:39:31,+0300,3,T1,30,success,"{"total":30,"location_name":"T1 Shopping Mall","location_id":3}"
2026-10-03 15:39:31,+0300,9,Mustika,15,success,"{"total":15,"location_name":"Mustika","location_id":9}"
2026-10-03 15:39:31,+0300,10,Suur-Paala,6,success,"{"total":6,"location_name":"Suur-Paala","location_id":10}"
2026-10-03 15:39:31,+0300,1,Hipodroom,0,success,"{"total":0,"location_name":"Hipodroom (CLOSED)","location_id":1}"
2026-10-03 15:41:32,+0300,3,T1,30,success,"{"total":30,"location_name":"T1 Shopping Mall","location_id":3}"
2026-10-03 15:41:32,+0300,9,Mustika,15,success,"{"total":15,"location_name":"Mustika","location_id":9}"
2026-10-03 15:41:32,+0300,10,Suur-Paala,6,success,"{"total":6,"location_name":"Suur-Paala","location_id":10}"
2026-10-03 15:41:32,+0300,1,Hipodroom,0,success,"{"total":0,"location_name":"Hipodroom (CLOSED)","location_id":1}"
2026-10-03 15:43:32,+0300,3,T1,30,success,"{"total":30,"location_name":"T1 Shopping Mall","location_id":3}"
2026-10-03 15:43:32,+0300,9,Mustika,17,success,"{"total":17,"location_name":"Mustika","location_id":9}"
2026-10-03 15:43:32,+0300,10,Suur-Paala,6,success,"{"total":6,"location_name":"Suur-Paala","location_id":10}"
2026-10-03 15:43:32,+0300,1,Hipodroom,0,success,"{"total":0,"location_name":"Hipodroom (CLOSED)","location_id":1}"
2026-10-03 15:45:33,+0300,3,T1,30,success,"{"total":30,"location_name":"T1 Shopping Mall","location_id":3}"
2026-10-03 15:45:33,+0300,9,Mustika,17,success,"{"total":17,"location_name":"Mustika","location_id":9}"
2026-10-03 15:45:33,+0300,10,Suur-Paala,6,success,"{"total":6,"location_name":"Suur-Paala","location_id":10}"
2026-10-03 15:45:33,+0300,1,Hipodroom,0,success,"{"total":0,"location_name":"Hipodroom (CLOSED)","location_id":1}"
2026-10-03 15:47:33,+0300,3,T1,30,success,"{"total":30,"location_name":"T1 Shopping Mall","location_id":3}"
2026-10-03 15:47:33,+0300,9,Mustika,17,success,"{"total":17,"location_name":"Mustika","location_id":9}"
2026-10-03 15:47:33,+0300,10,Suur-Paala,6,success,"{"total":6,"location_name":"Suur-Paala","location_id":10}"
2026-10-03 15:47:33,+0300,1,Hipodroom,0,success,"{"total":0,"location_name":"Hipodroom (CLOSED)","location_id":1}"
2026-10-03 15:49:34,+0300,3,T1,29,success,"{"total":29,"location_name":"T1 Shopping Mall","location_id":3}"
2026-10-03 15:49:34,+0300,9,Mustika,17,success,"{"total":17,"location_name":"Mustika","location_id":9}"
2026-10-03 15:49:34,+0300,10,Suur-Paala,6,success,"{"total":6,"location_name":"Suur-Paala","location_id":10}"
2026-10-03 15:49:34,+0300,1,Hipodroom,0,success,"{"total":0,"location_name":"Hipodroom (CLOSED)","location_id":1}"
2026-10-03 15:51:34,+0300,3,T1,29,success,"{"total":29,"location_name":"T1 Shopping Mall","location_id":3}"
2026-10-03 15:51:34,+0300,9,Mustika,17,success,"{"total":17,"location_name":"Mustika","location_id":9}"
2026-10-03 15:51:34,+0300,10,Suur-Paala,6,success,"{"total":6,"location_name":"Suur-Paala","location_id":10}"
2026-10-03 15:51:34,+0300,1,Hipodroom,0,success,"{"total":0,"location_name":"Hipodroom (CLOSED)","location_id":1}"
2026-10-03 15:53:35,+0300,3,T1,29,success,"{"total":29,"location_name":"T1 Shopping Mall","location_id":3}"
2026-10-03 15:53:35,+0300,9,Mustika,17,success,"{"total":17,"location_name":"Mustika","location_id":9}"
2026-10-03 15:53:35,+0300,10,Suur-Paala,6,success,"{"total":6,"location_name":"Suur-Paala","location_id":10}"
2026-10-03 15:53:35,+0300,1,Hipodroom,0,success,"{"total":0,"location_name":"Hipodroom (CLOSED)","location_id":1}"
2026-10-03 15:55:36,+0300,3,T1,27,success,"{"total":27,"location_name":"T1 Shopping Mall","location_id":3}"
2026-10-03 15:55:36,+0300,9,Mustika,17,success,"{"total":17,"location_name":"Mustika","location_id":9}"
2026-10-03 15:55:36,+0300,10,Suur-Paala,6,success,"{"total":6,"location_name":"Suur-Paala","location_id":10}"
2026-10-03 15:55:36,+0300,1,Hipodroom,0,success,"{"total":0,"location_name":"Hipodroom (CLOSED)","location_id":1}"
2026-10-03 15:57:36,+0300,3,T1,27,success,"{"total":27,"location_name":"T1 Shopping Mall","location_id":3}"
2026-10-03 15:57:36,+0300,9,Mustika,17,success,"{"total":17,"location_name":"Mustika","location_id":9}"
2026-10-03 15:57:36,+0300,10,Suur-Paala,6,success,"{"total":6,"location_name":"Suur-Paala","location_id":10}"
2026-10-03 15:57:36,+0300,1,Hipodroom,0,success,"{"total":0,"location_name":"Hipodroom (CLOSED)","location_id":1}"
2026-10-03 15:59:37,+0300,3,T1,27,success,"{"total":27,"location_name":"T1 Shopping Mall","location_id":3}"
2026-10-03 15:59:37,+0300,9,Mustika,17,success,"{"total":17,"location_name":"Mustika","location_id":9}"
2026-10-03 15:59:37,+0300,10,Suur-Paala,6,success,"{"total":6,"location_name":"Suur-Paala","location_id":10}"
2026-10-03 15:59:37,+0300,1,Hipodroom,0,success,"{"total":0,"location_name":"Hipodroom (CLOSED)","location_id":1}"
2026-10-03 16:01:37,+0300,3,T1,25,success,"{"total":25,"location_name":"T1 Shopping Mall","location_id":3}"
2026-10-03 16:01:37,+0300,9,Mustika,19,success,"{"total":19,"location_name":"Mustika","location_id":9}"
2026-10-03 16:01:37,+0300,10,Suur-Paala,6,success,"{"total":6,"location_name":"Suur-Paala","location_id":10}"
2026-10-03 16:01:37,+0300,1,Hipodroom,0,success,"{"total":0,"location_name":"Hipodroom (CLOSED)","location_id":1}"
2026-10-03 16:03:38,+0300,3,T1,25,success,"{"total":25,"location_name":"T1 Shopping Mall","location_id":3}"
2026-10-03 16:03:38,+0300,9,Mustika,19,success,"{"total":19,"location_name":"Mustika","location_id":9}"
2026-10-03 16:03:38,+0300,10,Suur-Paala,6,success,"{"total":6,"location_name":"Suur-Paala","location_id":10}"
2026-10-03 16:03:38,+0300,1,Hipodroom,0,success,"{"total":0,"location_name":"Hipodroom (CLOSED)","location_id":1}"
2026-10-03 16:05:38,+0300,3,T1,25,success,"{"total":25,"location_name":"T1 Shopping Mall","location_id":3}"
2026-10-03 16:05:38,+0300,9,Mustika,19,success,"{"total":19,"location_name":"Mustika","location_id":9}"
2026-10-03 16:05:38,+0300,10,Suur-Paala,4,success,"{"total":4,"location_name":"Suur-Paala","location_id":10}"
2026-10-03 16:05:38,+0300,1,Hipodroom,0,success,"{"total":0,"location_name":"Hipodroom (CLOSED)","location_id":1}"
2026-10-03 16:07:39,+0300,3,T1,27,success,"{"total":27,"location_name":"T1 Shopping Mall","location_id":3}"
2026-10-03 16:07:39,+0300,9,Mustika,17,success,"{"total":17,"location_name":"Mustika","location_id":9}"
2026-10-03 16:07:39,+0300,10,Suur-Paala,4,success,"{"total":4,"location_name":"Suur-Paala","location_id":10}"
2026-10-03 16:07:39,+0300,1,Hipodroom,0,success,"{"total":0,"location_name":"Hipodroom (CLOSED)","location_id":1}"
2026-10-03 16:09:39,+0300,3,T1,27,success,"{"total":27,"location_name":"T1 Shopping Mall","location_id":3}"
2026-10-03 16:09:39,+0300,9,Mustika,17,success,"{"total":17,"location_name":"Mustika","location_id":9}"
2026-10-03 16:09:39,+0300,10,Suur-Paala,4,success,"{"total":4,"location_name":"Suur-Paala","location_id":10}"
2026-10-03 16:09:39,+0300,1,Hipodroom,0,success,"{"total":0,"location_name":"Hipodroom (CLOSED)","location_id":1}"
2026-10-03 16:11:40,+0300,3,T1,27,success,"{"total":27,"location_name":"T1 Shopping Mall","location_id":3}"
2026-10-03 16:11:40,+0300,9,Mustika,17,success,"{"total":17,"location_name":"Mustika","location_id":9}"
2026-10-03 16:11:40,+0300,10,Suur-Paala,4,success,"{"total":4,"location_name":"Suur-Paala","location_id":10}"
2026-10-03 16:11:40,+0300,1,Hipodroom,0,success,"{"total":0,"location_name":"Hipodroom (CLOSED)","location_id":1}"
2026-10-03 16:13:41,+0300,3,T1,27,success,"{"total":27,"location_name":"T1 Shopping Mall","location_id":3}"
2026-10-03 16:13:41,+0300,9,Mustika,13,success,"{"total":13,"location_name":"Mustika","location_id":9}"
2026-10-03 16:13:41,+0300,10,Suur-Paala,4,success,"{"total":4,"location_name":"Suur-Paala","location_id":10}"
2026-10-03 16:13:41,+0300,1,Hipodroom,0,success,"{"total":0,"location_name":"Hipodroom (CLOSED)","location_id":1}"
2026-10-03 16:15:41,+0300,3,T1,27,success,"{"total":27,"location_name":"T1 Shopping Mall","location_id":3}"
2026-10-03 16:15:41,+0300,9,Mustika,13,success,"{"total":13,"location_name":"Mustika","location_id":9}"
2026-10-03 16:15:41,+0300,10,Suur-Paala,4,success,"{"total":4,"location_name":"Suur-Paala","location_id":10}"
2026-10-03 16:15:41,+0300,1,Hipodroom,0,success,"{"total":0,"location_name":"Hipodroom (CLOSED)","location_id":1}"
2026-10-03 16:17:42,+0300,3,T1,27,success,"{"total":27,"location_name":"T1 Shopping Mall","location_id":3}"
2026-10-03 16:17:42,+0300,9,Mustika,13,success,"{"total":13,"location_name":"Mustika","location_id":9}"
2026-10-03 16:17:42,+0300,10,Suur-Paala,2,success,"{"total":2,"location_name":"Suur-Paala","location_id":10}"
2026-10-03 16:17:42,+0300,1,Hipodroom,0,success,"{"total":0,"location_name":"Hipodroom (CLOSED)","location_id":1}"
2026-10-03 16:19:43,+0300,3,T1,28,success,"{"total":28,"location_name":"T1 Shopping Mall","location_id":3}"
2026-10-03 16:19:43,+0300,9,Mustika,15,success,"{"total":15,"location_name":"Mustika","location_id":9}"
2026-10-03 16:19:43,+0300,10,Suur-Paala,2,success,"{"total":2,"location_name":"Suur-Paala","location_id":10}"
2026-10-03 16:19:43,+0300,1,Hipodroom,0,success,"{"total":0,"location_name":"Hipodroom (CLOSED)","location_id":1}"
2026-10-03 16:21:43,+0300,3,T1,28,success,"{"total":28,"location_name":"T1 Shopping Mall","location_id":3}"
2026-10-03 16:21:43,+0300,9,Mustika,15,success,"{"total":15,"location_name":"Mustika","location_id":9}"
2026-10-03 16:21:43,+0300,10,Suur-Paala,2,success,"{"total":2,"location_name":"Suur-Paala","location_id":10}"
2026-10-03 16:21:43,+0300,1,Hipodroom,0,success,"{"total":0,"location_name":"Hipodroom (CLOSED)","location_id":1}"
2026-10-03 16:23:44,+0300,3,T1,28,success,"{"total":28,"location_name":"T1 Shopping Mall","location_id":3}"
2026-10-03 16:23:44,+0300,9,Mustika,15,success,"{"total":15,"location_name":"Mustika","location_id":9}"
2026-10-03 16:23:44,+0300,10,Suur-Paala,3,success,"{"total":3,"location_name":"Suur-Paala","location_id":10}"
2026-10-03 16:23:44,+0300,1,Hipodroom,0,success,"{"total":0,"location_name":"Hipodroom (CLOSED)","location_id":1}"
2026-10-03 16:25:44,+0300,3,T1,27,success,"{"total":27,"location_name":"T1 Shopping Mall","location_id":3}"
2026-10-03 16:25:44,+0300,9,Mustika,17,success,"{"total":17,"location_name":"Mustika","location_id":9}"
2026-10-03 16:25:44,+0300,10,Suur-Paala,3,success,"{"total":3,"location_name":"Suur-Paala","location_id":10}"
2026-10-03 16:25:44,+0300,1,Hipodroom,0,success,"{"total":0,"location_name":"Hipodroom (CLOSED)","location_id":1}"
2026-10-03 16:27:45,+0300,3,T1,27,success,"{"total":27,"location_name":"T1 Shopping Mall","location_id":3}"
2026-10-03 16:27:45,+0300,9,Mustika,17,success,"{"total":17,"location_name":"Mustika","location_id":9}"
2026-10-03 16:27:45,+0300,10,Suur-Paala,3,success,"{"total":3,"location_name":"Suur-Paala","location_id":10}"
2026-10-03 16:27:45,+0300,1,Hipodroom,0,success,"{"total":0,"location_name":"Hipodroom (CLOSED)","location_id":1}"
2026-10-03 16:29:45,+0300,3,T1,27,success,"{"total":27,"location_name":"T1 Shopping Mall","location_id":3}"
2026-10-03 16:29:45,+0300,9,Mustika,17,success,"{"total":17,"location_name":"Mustika","location_id":9}"
2026-10-03 16:29:45,+0300,10,Suur-Paala,3,success,"{"total":3,"location_name":"Suur-Paala","location_id":10}"
2026-10-03 16:29:45,+0300,1,Hipodroom,0,success,"{"total":0,"location_name":"Hipodroom (CLOSED)","location_id":1}"
2026-10-03 16:31:46,+0300,3,T1,26,success,"{"total":26,"location_name":"T1 Shopping Mall","location_id":3}"
2026-10-03 16:31:46,+0300,9,Mustika,17,success,"{"total":17,"location_name":"Mustika","location_id":9}"
2026-10-03 16:31:46,+0300,10,Suur-Paala,3,success,"{"total":3,"location_name":"Suur-Paala","location_id":10}"
2026-10-03 16:31:46,+0300,1,Hipodroom,0,success,"{"total":0,"location_name":"Hipodroom (CLOSED)","location_id":1}"
2026-10-03 16:33:46,+0300,3,T1,26,success,"{"total":26,"location_name":"T1 Shopping Mall","location_id":3}"
2026-10-03 16:33:46,+0300,9,Mustika,17,success,"{"total":17,"location_name":"Mustika","location_id":9}"
2026-10-03 16:33:46,+0300,10,Suur-Paala,3,success,"{"total":3,"location_name":"Suur-Paala","location_id":10}"
2026-10-03 16:33:46,+0300,1,Hipodroom,0,success,"{"total":0,"location_name":"Hipodroom (CLOSED)","location_id":1}"
2026-10-03 16:35:47,+0300,3,T1,26,success,"{"total":26,"location_name":"T1 Shopping Mall","location_id":3}"
2026-10-03 16:35:47,+0300,9,Mustika,17,success,"{"total":17,"location_name":"Mustika","location_id":9}"
2026-10-03 16:35:47,+0300,10,Suur-Paala,5,success,"{"total":5,"location_name":"Suur-Paala","location_id":10}"
2026-10-03 16:35:47,+0300,1,Hipodroom,0,success,"{"total":0,"location_name":"Hipodroom (CLOSED)","location_id":1}"
2026-10-03 16:37:48,+0300,3,T1,26,success,"{"total":26,"location_name":"T1 Shopping Mall","location_id":3}"
2026-10-03 16:37:48,+0300,9,Mustika,17,success,"{"total":17,"location_name":"Mustika","location_id":9}"
2026-10-03 16:37:48,+0300,10,Suur-Paala,5,success,"{"total":5,"location_name":"Suur-Paala","location_id":10}"
2026-10-03 16:37:48,+0300,1,Hipodroom,0,success,"{"total":0,"location_name":"Hipodroom (CLOSED)","location_id":1}"
2026-10-03 16:39:48,+0300,3,T1,26,success,"{"total":26,"location_name":"T1 Shopping Mall","location_id":3}"
2026-10-03 16:39:48,+0300,9,Mustika,17,success,"{"total":17,"location_name":"Mustika","location_id":9}"
2026-10-03 16:39:48,+0300,10,Suur-Paala,5,success,"{"total":5,"location_name":"Suur-Paala","location_id":10}"
2026-10-03 16:39:48,+0300,1,Hipodroom,0,success,"{"total":0,"location_name":"Hipodroom (CLOSED)","location_id":1}"
2026-10-03 16:41:49,+0300,3,T1,26,success,"{"total":26,"location_name":"T1 Shopping Mall","location_id":3}"
2026-10-03 16:41:49,+0300,9,Mustika,17,success,"{"total":17,"location_name":"Mustika","location_id":9}"
2026-10-03 16:41:49,+0300,10,Suur-Paala,4,success,"{"total":4,"location_name":"Suur-Paala","location_id":10}"
2026-10-03 16:41:49,+0300,1,Hipodroom,0,success,"{"total":0,"location_name":"Hipodroom (CLOSED)","location_id":1}"
2026-10-03 16:43:49,+0300,3,T1,27,success,"{"total":27,"location_name":"T1 Shopping Mall","location_id":3}"
2026-10-03 16:43:49,+0300,9,Mustika,17,success,"{"total":17,"location_name":"Mustika","location_id":9}"
2026-10-03 16:43:49,+0300,10,Suur-Paala,4,success,"{"total":4,"location_name":"Suur-Paala","location_id":10}"
2026-10-03 16:43:49,+0300,1,Hipodroom,0,success,"{"total":0,"location_name":"Hipodroom (CLOSED)","location_id":1}"
2026-10-03 16:45:50,+0300,3,T1,27,success,"{"total":27,"location_name":"T1 Shopping Mall","location_id":3}"
2026-10-03 16:45:50,+0300,9,Mustika,17,success,"{"total":17,"location_name":"Mustika","location_id":9}"
2026-10-03 16:45:50,+0300,10,Suur-Paala,4,success,"{"total":4,"location_name":"Suur-Paala","location_id":10}"
2026-10-03 16:45:50,+0300,1,Hipodroom,0,success,"{"total":0,"location_name":"Hipodroom (CLOSED)","location_id":1}"
2026-10-03 16:47:51,+0300,3,T1,27,success,"{"total":27,"location_name":"T1 Shopping Mall","location_id":3}"
2026-10-03 16:47:51,+0300,9,Mustika,17,success,"{"total":17,"location_name":"Mustika","location_id":9}"
2026-10-03 16:47:51,+0300,10,Suur-Paala,4,success,"{"total":4,"location_name":"Suur-Paala","location_id":10}"
2026-10-03 16:47:51,+0300,1,Hipodroom,0,success,"{"total":0,"location_name":"Hipodroom (CLOSED)","location_id":1}"
2026-10-03 16:49:51,+0300,3,T1,27,success,"{"total":27,"location_name":"T1 Shopping Mall","location_id":3}"
2026-10-03 16:49:51,+0300,9,Mustika,19,success,"{"total":19,"location_name":"Mustika","location_id":9}"
2026-10-03 16:49:51,+0300,10,Suur-Paala,4,success,"{"total":4,"location_name":"Suur-Paala","location_id":10}"
2026-10-03 16:49:51,+0300,1,Hipodroom,0,success,"{"total":0,"location_name":"Hipodroom (CLOSED)","location_id":1}"
2026-10-03 16:51:52,+0300,3,T1,27,success,"{"total":27,"location_name":"T1 Shopping Mall","location_id":3}"
2026-10-03 16:51:52,+0300,9,Mustika,19,success,"{"total":19,"location_name":"Mustika","location_id":9}"
2026-10-03 16:51:52,+0300,10,Suur-Paala,4,success,"{"total":4,"location_name":"Suur-Paala","location_id":10}"
2026-10-03 16:51:52,+0300,1,Hipodroom,0,success,"{"total":0,"location_name":"Hipodroom (CLOSED)","location_id":1}"
2026-10-03 16:53:52,+0300,3,T1,27,success,"{"total":27,"location_name":"T1 Shopping Mall","location_id":3}"
2026-10-03 16:53:52,+0300,9,Mustika,19,success,"{"total":19,"location_name":"Mustika","location_id":9}"
2026-10-03 16:53:52,+0300,10,Suur-Paala,4,success,"{"total":4,"location_name":"Suur-Paala","location_id":10}"
2026-10-03 16:53:52,+0300,1,Hipodroom,0,success,"{"total":0,"location_name":"Hipodroom (CLOSED)","location_id":1}"
2026-10-03 16:55:53,+0300,3,T1,25,success,"{"total":25,"location_name":"T1 Shopping Mall","location_id":3}"
2026-10-03 16:55:53,+0300,9,Mustika,19,success,"{"total":19,"location_name":"Mustika","location_id":9}"
2026-10-03 16:55:53,+0300,10,Suur-Paala,4,success,"{"total":4,"location_name":"Suur-Paala","location_id":10}"
2026-10-03 16:55:53,+0300,1,Hipodroom,0,success,"{"total":0,"location_name":"Hipodroom (CLOSED)","location_id":1}"
2026-10-03 16:57:54,+0300,3,T1,25,success,"{"total":25,"location_name":"T1 Shopping Mall","location_id":3}"
2026-10-03 16:57:54,+0300,9,Mustika,19,success,"{"total":19,"location_name":"Mustika","location_id":9}"
2026-10-03 16:57:54,+0300,10,Suur-Paala,4,success,"{"total":4,"location_name":"Suur-Paala","location_id":10}"
2026-10-03 16:57:54,+0300,1,Hipodroom,0,success,"{"total":0,"location_name":"Hipodroom (CLOSED)","location_id":1}"
2026-10-03 16:59:54,+0300,3,T1,25,success,"{"total":25,"location_name":"T1 Shopping Mall","location_id":3}"
2026-10-03 16:59:54,+0300,9,Mustika,19,success,"{"total":19,"location_name":"Mustika","location_id":9}"
2026-10-03 16:59:54,+0300,10,Suur-Paala,4,success,"{"total":4,"location_name":"Suur-Paala","location_id":10}"
2026-10-03 16:59:54,+0300,1,Hipodroom,0,success,"{"total":0,"location_name":"Hipodroom (CLOSED)","location_id":1}"
2026-10-03 17:01:55,+0300,3,T1,25,success,"{"total":25,"location_name":"T1 Shopping Mall","location_id":3}"
2026-10-03 17:01:55,+0300,9,Mustika,21,success,"{"total":21,"location_name":"Mustika","location_id":9}"
2026-10-03 17:01:55,+0300,10,Suur-Paala,4,success,"{"total":4,"location_name":"Suur-Paala","location_id":10}"
2026-10-03 17:01:55,+0300,1,Hipodroom,0,success,"{"total":0,"location_name":"Hipodroom (CLOSED)","location_id":1}"
2026-10-03 17:03:55,+0300,3,T1,25,success,"{"total":25,"location_name":"T1 Shopping Mall","location_id":3}"
2026-10-03 17:03:55,+0300,9,Mustika,21,success,"{"total":21,"location_name":"Mustika","location_id":9}"
2026-10-03 17:03:55,+0300,10,Suur-Paala,4,success,"{"total":4,"location_name":"Suur-Paala","location_id":10}"
2026-10-03 17:03:55,+0300,1,Hipodroom,0,success,"{"total":0,"location_name":"Hipodroom (CLOSED)","location_id":1}"
2026-10-03 17:05:56,+0300,3,T1,25,success,"{"total":25,"location_name":"T1 Shopping Mall","location_id":3}"
2026-10-03 17:05:56,+0300,9,Mustika,21,success,"{"total":21,"location_name":"Mustika","location_id":9}"
2026-10-03 17:05:56,+0300,10,Suur-Paala,5,success,"{"total":5,"location_name":"Suur-Paala","location_id":10}"
2026-10-03 17:05:56,+0300,1,Hipodroom,0,success,"{"total":0,"location_name":"Hipodroom (CLOSED)","location_id":1}"
2026-10-03 17:07:56,+0300,3,T1,24,success,"{"total":24,"location_name":"T1 Shopping Mall","location_id":3}"
2026-10-03 17:07:56,+0300,9,Mustika,21,success,"{"total":21,"location_name":"Mustika","location_id":9}"
2026-10-03 17:07:56,+0300,10,Suur-Paala,5,success,"{"total":5,"location_name":"Suur-Paala","location_id":10}"
2026-10-03 17:07:56,+0300,1,Hipodroom,0,success,"{"total":0,"location_name":"Hipodroom (CLOSED)","location_id":1}"
2026-10-03 17:09:57,+0300,3,T1,24,success,"{"total":24,"location_name":"T1 Shopping Mall","location_id":3}"
2026-10-03 17:09:57,+0300,9,Mustika,21,success,"{"total":21,"location_name":"Mustika","location_id":9}"
2026-10-03 17:09:57,+0300,10,Suur-Paala,5,success,"{"total":5,"location_name":"Suur-Paala","location_id":10}"
2026-10-03 17:09:57,+0300,1,Hipodroom,0,success,"{"total":0,"location_name":"Hipodroom (CLOSED)","location_id":1}"
2026-10-03 17:11:57,+0300,3,T1,24,success,"{"total":24,"location_name":"T1 Shopping Mall","location_id":3}"
2026-10-03 17:11:57,+0300,9,Mustika,21,success,"{"total":21,"location_name":"Mustika","location_id":9}"
2026-10-03 17:11:57,+0300,10,Suur-Paala,6,success,"{"total":6,"location_name":"Suur-Paala","location_id":10}"
2026-10-03 17:11:57,+0300,1,Hipodroom,0,success,"{"total":0,"location_name":"Hipodroom (CLOSED)","location_id":1}"
2026-10-03 17:13:58,+0300,3,T1,24,success,"{"total":24,"location_name":"T1 Shopping Mall","location_id":3}"
2026-10-03 17:13:58,+0300,9,Mustika,22,success,"{"total":22,"location_name":"Mustika","location_id":9}"
2026-10-03 17:13:58,+0300,10,Suur-Paala,6,success,"{"total":6,"location_name":"Suur-Paala","location_id":10}"
2026-10-03 17:13:58,+0300,1,Hipodroom,0,success,"{"total":0,"location_name":"Hipodroom (CLOSED)","location_id":1}"
2026-10-03 17:15:59,+0300,3,T1,24,success,"{"total":24,"location_name":"T1 Shopping Mall","location_id":3}"
2026-10-03 17:15:59,+0300,9,Mustika,22,success,"{"total":22,"location_name":"Mustika","location_id":9}"
2026-10-03 17:15:59,+0300,10,Suur-Paala,6,success,"{"total":6,"location_name":"Suur-Paala","location_id":10}"
2026-10-03 17:15:59,+0300,1,Hipodroom,0,success,"{"total":0,"location_name":"Hipodroom (CLOSED)","location_id":1}"
2026-10-03 17:17:59,+0300,3,T1,24,success,"{"total":24,"location_name":"T1 Shopping Mall","location_id":3}"
2026-10-03 17:17:59,+0300,9,Mustika,22,success,"{"total":22,"location_name":"Mustika","location_id":9}"
2026-10-03 17:17:59,+0300,10,Suur-Paala,7,success,"{"total":7,"location_name":"Suur-Paala","location_id":10}"
2026-10-03 17:17:59,+0300,1,Hipodroom,0,success,"{"total":0,"location_name":"Hipodroom (CLOSED)","location_id":1}"
2026-10-03 17:20:00,+0300,3,T1,24,success,"{"total":24,"location_name":"T1 Shopping Mall","location_id":3}"
2026-10-03 17:20:00,+0300,9,Mustika,22,success,"{"total":22,"location_name":"Mustika","location_id":9}"
2026-10-03 17:20:00,+0300,10,Suur-Paala,7,success,"{"total":7,"location_name":"Suur-Paala","location_id":10}"
2026-10-03 17:20:00,+0300,1,Hipodroom,0,success,"{"total":0,"location_name":"Hipodroom (CLOSED)","location_id":1}"
2026-10-03 17:22:00,+0300,3,T1,24,success,"{"total":24,"location_name":"T1 Shopping Mall","location_id":3}"
2026-10-03 17:22:00,+0300,9,Mustika,22,success,"{"total":22,"location_name":"Mustika","location_id":9}"
2026-10-03 17:22:00,+0300,10,Suur-Paala,7,success,"{"total":7,"location_name":"Suur-Paala","location_id":10}"
2026-10-03 17:22:00,+0300,1,Hipodroom,0,success,"{"total":0,"location_name":"Hipodroom (CLOSED)","location_id":1}"
2026-10-03 17:24:01,+0300,3,T1,24,success,"{"total":24,"location_name":"T1 Shopping Mall","location_id":3}"
2026-10-03 17:24:01,+0300,9,Mustika,22,success,"{"total":22,"location_name":"Mustika","location_id":9}"
2026-10-03 17:24:01,+0300,10,Suur-Paala,9,success,"{"total":9,"location_name":"Suur-Paala","location_id":10}"
2026-10-03 17:24:01,+0300,1,Hipodroom,0,success,"{"total":0,"location_name":"Hipodroom (CLOSED)","location_id":1}"
2026-10-03 17:26:02,+0300,3,T1,23,success,"{"total":23,"location_name":"T1 Shopping Mall","location_id":3}"
2026-10-03 17:26:02,+0300,9,Mustika,21,success,"{"total":21,"location_name":"Mustika","location_id":9}"
2026-10-03 17:26:02,+0300,10,Suur-Paala,9,success,"{"total":9,"location_name":"Suur-Paala","location_id":10}"
2026-10-03 17:26:02,+0300,1,Hipodroom,0,success,"{"total":0,"location_name":"Hipodroom (CLOSED)","location_id":1}"
2026-10-03 17:28:02,+0300,3,T1,23,success,"{"total":23,"location_name":"T1 Shopping Mall","location_id":3}"
2026-10-03 17:28:02,+0300,9,Mustika,21,success,"{"total":21,"location_name":"Mustika","location_id":9}"
2026-10-03 17:28:02,+0300,10,Suur-Paala,9,success,"{"total":9,"location_name":"Suur-Paala","location_id":10}"
2026-10-03 17:28:02,+0300,1,Hipodroom,0,success,"{"total":0,"location_name":"Hipodroom (CLOSED)","location_id":1}"
2026-10-03 17:30:03,+0300,3,T1,23,success,"{"total":23,"location_name":"T1 Shopping Mall","location_id":3}"
2026-10-03 17:30:03,+0300,9,Mustika,21,success,"{"total":21,"location_name":"Mustika","location_id":9}"
2026-10-03 17:30:03,+0300,10,Suur-Paala,9,success,"{"total":9,"location_name":"Suur-Paala","location_id":10}"
2026-10-03 17:30:03,+0300,1,Hipodroom,0,success,"{"total":0,"location_name":"Hipodroom (CLOSED)","location_id":1}"
2026-10-03 17:32:04,+0300,3,T1,22,success,"{"total":22,"location_name":"T1 Shopping Mall","location_id":3}"
2026-10-03 17:32:04,+0300,9,Mustika,22,success,"{"total":22,"location_name":"Mustika","location_id":9}"
2026-10-03 17:32:04,+0300,10,Suur-Paala,9,success,"{"total":9,"location_name":"Suur-Paala","location_id":10}"
2026-10-03 17:32:04,+0300,1,Hipodroom,0,success,"{"total":0,"location_name":"Hipodroom (CLOSED)","location_id":1}"
2026-10-03 17:34:04,+0300,3,T1,22,success,"{"total":22,"location_name":"T1 Shopping Mall","location_id":3}"
2026-10-03 17:34:04,+0300,9,Mustika,22,success,"{"total":22,"location_name":"Mustika","location_id":9}"
2026-10-03 17:34:04,+0300,10,Suur-Paala,9,success,"{"total":9,"location_name":"Suur-Paala","location_id":10}"
2026-10-03 17:34:04,+0300,1,Hipodroom,0,success,"{"total":0,"location_name":"Hipodroom (CLOSED)","location_id":1}"
2026-10-03 17:36:05,+0300,3,T1,22,success,"{"total":22,"location_name":"T1 Shopping Mall","location_id":3}"
2026-10-03 17:36:05,+0300,9,Mustika,22,success,"{"total":22,"location_name":"Mustika","location_id":9}"
2026-10-03 17:36:05,+0300,10,Suur-Paala,11,success,"{"total":11,"location_name":"Suur-Paala","location_id":10}"
2026-10-03 17:36:05,+0300,1,Hipodroom,0,success,"{"total":0,"location_name":"Hipodroom (CLOSED)","location_id":1}"
2026-10-03 17:38:05,+0300,3,T1,20,success,"{"total":20,"location_name":"T1 Shopping Mall","location_id":3}"
2026-10-03 17:38:05,+0300,9,Mustika,22,success,"{"total":22,"location_name":"Mustika","location_id":9}"
2026-10-03 17:38:05,+0300,10,Suur-Paala,11,success,"{"total":11,"location_name":"Suur-Paala","location_id":10}"
2026-10-03 17:38:05,+0300,1,Hipodroom,0,success,"{"total":0,"location_name":"Hipodroom (CLOSED)","location_id":1}"
2026-10-03 17:40:06,+0300,3,T1,20,success,"{"total":20,"location_name":"T1 Shopping Mall","location_id":3}"
2026-10-03 17:40:06,+0300,9,Mustika,22,success,"{"total":22,"location_name":"Mustika","location_id":9}"
2026-10-03 17:40:06,+0300,10,Suur-Paala,11,success,"{"total":11,"location_name":"Suur-Paala","location_id":10}"
2026-10-03 17:40:06,+0300,1,Hipodroom,0,success,"{"total":0,"location_name":"Hipodroom (CLOSED)","location_id":1}"
2026-10-03 17:42:06,+0300,3,T1,21,success,"{"total":21,"location_name":"T1 Shopping Mall","location_id":3}"
2026-10-03 17:42:06,+0300,9,Mustika,22,success,"{"total":22,"location_name":"Mustika","location_id":9}"
2026-10-03 17:42:06,+0300,10,Suur-Paala,11,success,"{"total":11,"location_name":"Suur-Paala","location_id":10}"
2026-10-03 17:42:06,+0300,1,Hipodroom,0,success,"{"total":0,"location_name":"Hipodroom (CLOSED)","location_id":1}"
2026-10-03 17:44:07,+0300,3,T1,21,success,"{"total":21,"location_name":"T1 Shopping Mall","location_id":3}"
2026-10-03 17:44:07,+0300,9,Mustika,22,success,"{"total":22,"location_name":"Mustika","location_id":9}"
2026-10-03 17:44:07,+0300,10,Suur-Paala,11,success,"{"total":11,"location_name":"Suur-Paala","location_id":10}"
2026-10-03 17:44:07,+0300,1,Hipodroom,0,success,"{"total":0,"location_name":"Hipodroom (CLOSED)","location_id":1}"
2026-10-03 17:46:08,+0300,3,T1,21,success,"{"total":21,"location_name":"T1 Shopping Mall","location_id":3}"
2026-10-03 17:46:08,+0300,9,Mustika,22,success,"{"total":22,"location_name":"Mustika","location_id":9}"
2026-10-03 17:46:08,+0300,10,Suur-Paala,11,success,"{"total":11,"location_name":"Suur-Paala","location_id":10}"
2026-10-03 17:46:08,+0300,1,Hipodroom,0,success,"{"total":0,"location_name":"Hipodroom (CLOSED)","location_id":1}"
2026-10-03 17:48:08,+0300,3,T1,21,success,"{"total":21,"location_name":"T1 Shopping Mall","location_id":3}"
2026-10-03 17:48:08,+0300,9,Mustika,22,success,"{"total":22,"location_name":"Mustika","location_id":9}"
2026-10-03 17:48:08,+0300,10,Suur-Paala,14,success,"{"total":14,"location_name":"Suur-Paala","location_id":10}"
2026-10-03 17:48:08,+0300,1,Hipodroom,0,success,"{"total":0,"location_name":"Hipodroom (CLOSED)","location_id":1}"
2026-10-03 17:50:09,+0300,3,T1,21,success,"{"total":21,"location_name":"T1 Shopping Mall","location_id":3}"
2026-10-03 17:50:09,+0300,9,Mustika,22,success,"{"total":22,"location_name":"Mustika","location_id":9}"
2026-10-03 17:50:09,+0300,10,Suur-Paala,14,success,"{"total":14,"location_name":"Suur-Paala","location_id":10}"
2026-10-03 17:50:09,+0300,1,Hipodroom,0,success,"{"total":0,"location_name":"Hipodroom (CLOSED)","location_id":1}"
2026-10-03 17:52:09,+0300,3,T1,21,success,"{"total":21,"location_name":"T1 Shopping Mall","location_id":3}"
2026-10-03 17:52:09,+0300,9,Mustika,22,success,"{"total":22,"location_name":"Mustika","location_id":9}"
2026-10-03 17:52:09,+0300,10,Suur-Paala,14,success,"{"total":14,"location_name":"Suur-Paala","location_id":10}"
2026-10-03 17:52:09,+0300,1,Hipodroom,0,success,"{"total":0,"location_name":"Hipodroom (CLOSED)","location_id":1}"
2026-10-03 17:54:10,+0300,3,T1,23,success,"{"total":23,"location_name":"T1 Shopping Mall","location_id":3}"
2026-10-03 17:54:10,+0300,9,Mustika,24,success,"{"total":24,"location_name":"Mustika","location_id":9}"
2026-10-03 17:54:10,+0300,10,Suur-Paala,14,success,"{"total":14,"location_name":"Suur-Paala","location_id":10}"
2026-10-03 17:54:10,+0300,1,Hipodroom,0,success,"{"total":0,"location_name":"Hipodroom (CLOSED)","location_id":1}"
2026-10-03 17:56:11,+0300,3,T1,23,success,"{"total":23,"location_name":"T1 Shopping Mall","location_id":3}"
2026-10-03 17:56:11,+0300,9,Mustika,24,success,"{"total":24,"location_name":"Mustika","location_id":9}"
2026-10-03 17:56:11,+0300,10,Suur-Paala,14,success,"{"total":14,"location_name":"Suur-Paala","location_id":10}"
2026-10-03 17:56:11,+0300,1,Hipodroom,0,success,"{"total":0,"location_name":"Hipodroom (CLOSED)","location_id":1}"
2026-10-03 17:58:11,+0300,3,T1,23,success,"{"total":23,"location_name":"T1 Shopping Mall","location_id":3}"
2026-10-03 17:58:11,+0300,9,Mustika,24,success,"{"total":24,"location_name":"Mustika","location_id":9}"
2026-10-03 17:58:11,+0300,10,Suur-Paala,14,success,"{"total":14,"location_name":"Suur-Paala","location_id":10}"
2026-10-03 17:58:11,+0300,1,Hipodroom,0,success,"{"total":0,"location_name":"Hipodroom (CLOSED)","location_id":1}"
2026-10-03 18:00:12,+0300,3,T1,24,success,"{"total":24,"location_name":"T1 Shopping Mall","location_id":3}"
2026-10-03 18:00:12,+0300,9,Mustika,24,success,"{"total":24,"location_name":"Mustika","location_id":9}"
2026-10-03 18:00:12,+0300,10,Suur-Paala,13,success,"{"total":13,"location_name":"Suur-Paala","location_id":10}"
2026-10-03 18:00:12,+0300,1,Hipodroom,0,success,"{"total":0,"location_name":"Hipodroom (CLOSED)","location_id":1}"
2026-10-03 18:02:13,+0300,3,T1,24,success,"{"total":24,"location_name":"T1 Shopping Mall","location_id":3}"
2026-10-03 18:02:13,+0300,9,Mustika,24,success,"{"total":24,"location_name":"Mustika","location_id":9}"
2026-10-03 18:02:13,+0300,10,Suur-Paala,13,success,"{"total":13,"location_name":"Suur-Paala","location_id":10}"
2026-10-03 18:02:13,+0300,1,Hipodroom,0,success,"{"total":0,"location_name":"Hipodroom (CLOSED)","location_id":1}"
2026-10-03 18:04:13,+0300,3,T1,24,success,"{"total":24,"location_name":"T1 Shopping Mall","location_id":3}"
2026-10-03 18:04:13,+0300,9,Mustika,24,success,"{"total":24,"location_name":"Mustika","location_id":9}"
2026-10-03 18:04:13,+0300,10,Suur-Paala,13,success,"{"total":13,"location_name":"Suur-Paala","location_id":10}"
2026-10-03 18:04:13,+0300,1,Hipodroom,0,success,"{"total":0,"location_name":"Hipodroom (CLOSED)","location_id":1}"
2026-10-03 18:06:14,+0300,3,T1,20,success,"{"total":20,"location_name":"T1 Shopping Mall","location_id":3}"
2026-10-03 18:06:14,+0300,9,Mustika,24,success,"{"total":24,"location_name":"Mustika","location_id":9}"
2026-10-03 18:06:14,+0300,10,Suur-Paala,13,success,"{"total":13,"location_name":"Suur-Paala","location_id":10}"
2026-10-03 18:06:14,+0300,1,Hipodroom,0,success,"{"total":0,"location_name":"Hipodroom (CLOSED)","location_id":1}"
2026-10-03 18:08:15,+0300,3,T1,20,success,"{"total":20,"location_name":"T1 Shopping Mall","location_id":3}"
2026-10-03 18:08:15,+0300,9,Mustika,24,success,"{"total":24,"location_name":"Mustika","location_id":9}"
2026-10-03 18:08:15,+0300,10,Suur-Paala,13,success,"{"total":13,"location_name":"Suur-Paala","location_id":10}"
2026-10-03 18:08:15,+0300,1,Hipodroom,0,success,"{"total":0,"location_name":"Hipodroom (CLOSED)","location_id":1}"
2026-10-03 18:10:15,+0300,3,T1,20,success,"{"total":20,"location_name":"T1 Shopping Mall","location_id":3}"
2026-10-03 18:10:15,+0300,9,Mustika,24,success,"{"total":24,"location_name":"Mustika","location_id":9}"
2026-10-03 18:10:15,+0300,10,Suur-Paala,13,success,"{"total":13,"location_name":"Suur-Paala","location_id":10}"
2026-10-03 18:10:15,+0300,1,Hipodroom,0,success,"{"total":0,"location_name":"Hipodroom (CLOSED)","location_id":1}"
2026-10-03 18:12:16,+0300,3,T1,19,success,"{"total":19,"location_name":"T1 Shopping Mall","location_id":3}"
2026-10-03 18:12:16,+0300,9,Mustika,25,success,"{"total":25,"location_name":"Mustika","location_id":9}"
2026-10-03 18:12:16,+0300,10,Suur-Paala,13,success,"{"total":13,"location_name":"Suur-Paala","location_id":10}"
2026-10-03 18:12:16,+0300,1,Hipodroom,0,success,"{"total":0,"location_name":"Hipodroom (CLOSED)","location_id":1}"
2026-10-03 18:14:16,+0300,3,T1,19,success,"{"total":19,"location_name":"T1 Shopping Mall","location_id":3}"
2026-10-03 18:14:16,+0300,9,Mustika,25,success,"{"total":25,"location_name":"Mustika","location_id":9}"
2026-10-03 18:14:16,+0300,10,Suur-Paala,13,success,"{"total":13,"location_name":"Suur-Paala","location_id":10}"
2026-10-03 18:14:16,+0300,1,Hipodroom,0,success,"{"total":0,"location_name":"Hipodroom (CLOSED)","location_id":1}"
2026-10-03 18:16:17,+0300,3,T1,19,success,"{"total":19,"location_name":"T1 Shopping Mall","location_id":3}"
2026-10-03 18:16:17,+0300,9,Mustika,25,success,"{"total":25,"location_name":"Mustika","location_id":9}"
2026-10-03 18:16:17,+0300,10,Suur-Paala,13,success,"{"total":13,"location_name":"Suur-Paala","location_id":10}"
2026-10-03 18:16:17,+0300,1,Hipodroom,0,success,"{"total":0,"location_name":"Hipodroom (CLOSED)","location_id":1}"
2026-10-03 18:18:18,+0300,3,T1,18,success,"{"total":18,"location_name":"T1 Shopping Mall","location_id":3}"
2026-10-03 18:18:18,+0300,9,Mustika,27,success,"{"total":27,"location_name":"Mustika","location_id":9}"
2026-10-03 18:18:18,+0300,10,Suur-Paala,16,success,"{"total":16,"location_name":"Suur-Paala","location_id":10}"
2026-10-03 18:18:18,+0300,1,Hipodroom,0,success,"{"total":0,"location_name":"Hipodroom (CLOSED)","location_id":1}"
2026-10-03 18:20:18,+0300,3,T1,18,success,"{"total":18,"location_name":"T1 Shopping Mall","location_id":3}"
2026-10-03 18:20:18,+0300,9,Mustika,27,success,"{"total":27,"location_name":"Mustika","location_id":9}"
2026-10-03 18:20:18,+0300,10,Suur-Paala,16,success,"{"total":16,"location_name":"Suur-Paala","location_id":10}"
2026-10-03 18:20:18,+0300,1,Hipodroom,0,success,"{"total":0,"location_name":"Hipodroom (CLOSED)","location_id":1}"
2026-10-03 18:22:19,+0300,3,T1,18,success,"{"total":18,"location_name":"T1 Shopping Mall","location_id":3}"
2026-10-03 18:22:19,+0300,9,Mustika,27,success,"{"total":27,"location_name":"Mustika","location_id":9}"
2026-10-03 18:22:19,+0300,10,Suur-Paala,16,success,"{"total":16,"location_name":"Suur-Paala","location_id":10}"
2026-10-03 18:22:19,+0300,1,Hipodroom,0,success,"{"total":0,"location_name":"Hipodroom (CLOSED)","location_id":1}"
2026-10-03 18:24:19,+0300,3,T1,20,success,"{"total":20,"location_name":"T1 Shopping Mall","location_id":3}"
2026-10-03 18:24:19,+0300,9,Mustika,27,success,"{"total":27,"location_name":"Mustika","location_id":9}"
2026-10-03 18:24:19,+0300,10,Suur-Paala,17,success,"{"total":17,"location_name":"Suur-Paala","location_id":10}"
2026-10-03 18:24:19,+0300,1,Hipodroom,0,success,"{"total":0,"location_name":"Hipodroom (CLOSED)","location_id":1}"
2026-10-03 18:26:20,+0300,3,T1,20,success,"{"total":20,"location_name":"T1 Shopping Mall","location_id":3}"
2026-10-03 18:26:20,+0300,9,Mustika,27,success,"{"total":27,"location_name":"Mustika","location_id":9}"
2026-10-03 18:26:20,+0300,10,Suur-Paala,17,success,"{"total":17,"location_name":"Suur-Paala","location_id":10}"
2026-10-03 18:26:20,+0300,1,Hipodroom,0,success,"{"total":0,"location_name":"Hipodroom (CLOSED)","location_id":1}"
2026-10-03 18:28:21,+0300,3,T1,20,success,"{"total":20,"location_name":"T1 Shopping Mall","location_id":3}"
2026-10-03 18:28:21,+0300,9,Mustika,27,success,"{"total":27,"location_name":"Mustika","location_id":9}"
2026-10-03 18:28:21,+0300,10,Suur-Paala,17,success,"{"total":17,"location_name":"Suur-Paala","location_id":10}"
2026-10-03 18:28:21,+0300,1,Hipodroom,0,success,"{"total":0,"location_name":"Hipodroom (CLOSED)","location_id":1}"
2026-10-03 18:30:22,+0300,3,T1,20,success,"{"total":20,"location_name":"T1 Shopping Mall","location_id":3}"
2026-10-03 18:30:22,+0300,9,Mustika,26,success,"{"total":26,"location_name":"Mustika","location_id":9}"
2026-10-03 18:30:22,+0300,10,Suur-Paala,17,success,"{"total":17,"location_name":"Suur-Paala","location_id":10}"
2026-10-03 18:30:22,+0300,1,Hipodroom,0,success,"{"total":0,"location_name":"Hipodroom (CLOSED)","location_id":1}"
2026-10-03 18:32:22,+0300,3,T1,20,success,"{"total":20,"location_name":"T1 Shopping Mall","location_id":3}"
2026-10-03 18:32:22,+0300,9,Mustika,26,success,"{"total":26,"location_name":"Mustika","location_id":9}"
2026-10-03 18:32:22,+0300,10,Suur-Paala,17,success,"{"total":17,"location_name":"Suur-Paala","location_id":10}"
2026-10-03 18:32:22,+0300,1,Hipodroom,0,success,"{"total":0,"location_name":"Hipodroom (CLOSED)","location_id":1}"
2026-10-03 18:34:23,+0300,3,T1,20,success,"{"total":20,"location_name":"T1 Shopping Mall","location_id":3}"
2026-10-03 18:34:23,+0300,9,Mustika,26,success,"{"total":26,"location_name":"Mustika","location_id":9}"
2026-10-03 18:34:23,+0300,10,Suur-Paala,17,success,"{"total":17,"location_name":"Suur-Paala","location_id":10}"
2026-10-03 18:34:23,+0300,1,Hipodroom,0,success,"{"total":0,"location_name":"Hipodroom (CLOSED)","location_id":1}"
2026-10-03 18:36:23,+0300,3,T1,22,success,"{"total":22,"location_name":"T1 Shopping Mall","location_id":3}"
2026-10-03 18:36:23,+0300,9,Mustika,24,success,"{"total":24,"location_name":"Mustika","location_id":9}"
2026-10-03 18:36:23,+0300,10,Suur-Paala,18,success,"{"total":18,"location_name":"Suur-Paala","location_id":10}"
2026-10-03 18:36:23,+0300,1,Hipodroom,0,success,"{"total":0,"location_name":"Hipodroom (CLOSED)","location_id":1}"
2026-10-03 18:38:24,+0300,3,T1,22,success,"{"total":22,"location_name":"T1 Shopping Mall","location_id":3}"
2026-10-03 18:38:24,+0300,9,Mustika,24,success,"{"total":24,"location_name":"Mustika","location_id":9}"
2026-10-03 18:38:24,+0300,10,Suur-Paala,18,success,"{"total":18,"location_name":"Suur-Paala","location_id":10}"
2026-10-03 18:38:24,+0300,1,Hipodroom,0,success,"{"total":0,"location_name":"Hipodroom (CLOSED)","location_id":1}"
2026-10-03 18:40:24,+0300,3,T1,22,success,"{"total":22,"location_name":"T1 Shopping Mall","location_id":3}"
2026-10-03 18:40:24,+0300,9,Mustika,24,success,"{"total":24,"location_name":"Mustika","location_id":9}"
2026-10-03 18:40:24,+0300,10,Suur-Paala,18,success,"{"total":18,"location_name":"Suur-Paala","location_id":10}"
2026-10-03 18:40:24,+0300,1,Hipodroom,0,success,"{"total":0,"location_name":"Hipodroom (CLOSED)","location_id":1}"
2026-10-03 18:42:25,+0300,3,T1,23,success,"{"total":23,"location_name":"T1 Shopping Mall","location_id":3}"
2026-10-03 18:42:25,+0300,9,Mustika,23,success,"{"total":23,"location_name":"Mustika","location_id":9}"
2026-10-03 18:42:25,+0300,10,Suur-Paala,18,success,"{"total":18,"location_name":"Suur-Paala","location_id":10}"
2026-10-03 18:42:25,+0300,1,Hipodroom,0,success,"{"total":0,"location_name":"Hipodroom (CLOSED)","location_id":1}"
2026-10-03 18:44:26,+0300,3,T1,23,success,"{"total":23,"location_name":"T1 Shopping Mall","location_id":3}"
2026-10-03 18:44:26,+0300,9,Mustika,23,success,"{"total":23,"location_name":"Mustika","location_id":9}"
2026-10-03 18:44:26,+0300,10,Suur-Paala,18,success,"{"total":18,"location_name":"Suur-Paala","location_id":10}"
2026-10-03 18:44:26,+0300,1,Hipodroom,0,success,"{"total":0,"location_name":"Hipodroom (CLOSED)","location_id":1}"
2026-10-03 18:46:26,+0300,3,T1,23,success,"{"total":23,"location_name":"T1 Shopping Mall","location_id":3}"
2026-10-03 18:46:26,+0300,9,Mustika,23,success,"{"total":23,"location_name":"Mustika","location_id":9}"
2026-10-03 18:46:26,+0300,10,Suur-Paala,18,success,"{"total":18,"location_name":"Suur-Paala","location_id":10}"
2026-10-03 18:46:26,+0300,1,Hipodroom,0,success,"{"total":0,"location_name":"Hipodroom (CLOSED)","location_id":1}"
2026-10-03 18:48:27,+0300,3,T1,23,success,"{"total":23,"location_name":"T1 Shopping Mall","location_id":3}"
2026-10-03 18:48:27,+0300,9,Mustika,24,success,"{"total":24,"location_name":"Mustika","location_id":9}"
2026-10-03 18:48:27,+0300,10,Suur-Paala,18,success,"{"total":18,"location_name":"Suur-Paala","location_id":10}"
2026-10-03 18:48:27,+0300,1,Hipodroom,0,success,"{"total":0,"location_name":"Hipodroom (CLOSED)","location_id":1}"
2026-10-03 18:50:27,+0300,3,T1,23,success,"{"total":23,"location_name":"T1 Shopping Mall","location_id":3}"
2026-10-03 18:50:27,+0300,9,Mustika,24,success,"{"total":24,"location_name":"Mustika","location_id":9}"
2026-10-03 18:50:27,+0300,10,Suur-Paala,18,success,"{"total":18,"location_name":"Suur-Paala","location_id":10}"
2026-10-03 18:50:27,+0300,1,Hipodroom,0,success,"{"total":0,"location_name":"Hipodroom (CLOSED)","location_id":1}"
2026-10-03 18:52:28,+0300,3,T1,23,success,"{"total":23,"location_name":"T1 Shopping Mall","location_id":3}"
2026-10-03 18:52:28,+0300,9,Mustika,24,success,"{"total":24,"location_name":"Mustika","location_id":9}"
2026-10-03 18:52:28,+0300,10,Suur-Paala,18,success,"{"total":18,"location_name":"Suur-Paala","location_id":10}"
2026-10-03 18:52:28,+0300,1,Hipodroom,0,success,"{"total":0,"location_name":"Hipodroom (CLOSED)","location_id":1}"
2026-10-03 18:54:29,+0300,3,T1,25,success,"{"total":25,"location_name":"T1 Shopping Mall","location_id":3}"
2026-10-03 18:54:29,+0300,9,Mustika,24,success,"{"total":24,"location_name":"Mustika","location_id":9}"
2026-10-03 18:54:29,+0300,10,Suur-Paala,18,success,"{"total":18,"location_name":"Suur-Paala","location_id":10}"
2026-10-03 18:54:29,+0300,1,Hipodroom,0,success,"{"total":0,"location_name":"Hipodroom (CLOSED)","location_id":1}"
2026-10-03 18:56:29,+0300,3,T1,25,success,"{"total":25,"location_name":"T1 Shopping Mall","location_id":3}"
2026-10-03 18:56:29,+0300,9,Mustika,24,success,"{"total":24,"location_name":"Mustika","location_id":9}"
2026-10-03 18:56:29,+0300,10,Suur-Paala,18,success,"{"total":18,"location_name":"Suur-Paala","location_id":10}"
2026-10-03 18:56:29,+0300,1,Hipodroom,0,success,"{"total":0,"location_name":"Hipodroom (CLOSED)","location_id":1}"
2026-10-03 18:58:30,+0300,3,T1,25,success,"{"total":25,"location_name":"T1 Shopping Mall","location_id":3}"
2026-10-03 18:58:30,+0300,9,Mustika,24,success,"{"total":24,"location_name":"Mustika","location_id":9}"
2026-10-03 18:58:30,+0300,10,Suur-Paala,18,success,"{"total":18,"location_name":"Suur-Paala","location_id":10}"
2026-10-03 18:58:30,+0300,1,Hipodroom,0,success,"{"total":0,"location_name":"Hipodroom (CLOSED)","location_id":1}"
2026-10-03 19:00:31,+0300,3,T1,24,success,"{"total":24,"location_name":"T1 Shopping Mall","location_id":3}"
2026-10-03 19:00:31,+0300,9,Mustika,22,success,"{"total":22,"location_name":"Mustika","location_id":9}"
2026-10-03 19:00:31,+0300,10,Suur-Paala,18,success,"{"total":18,"location_name":"Suur-Paala","location_id":10}"
2026-10-03 19:00:31,+0300,1,Hipodroom,0,success,"{"total":0,"location_name":"Hipodroom (CLOSED)","location_id":1}"
2026-10-03 19:02:32,+0300,3,T1,24,success,"{"total":24,"location_name":"T1 Shopping Mall","location_id":3}"
2026-10-03 19:02:32,+0300,9,Mustika,22,success,"{"total":22,"location_name":"Mustika","location_id":9}"
2026-10-03 19:02:32,+0300,10,Suur-Paala,18,success,"{"total":18,"location_name":"Suur-Paala","location_id":10}"
2026-10-03 19:02:32,+0300,1,Hipodroom,0,success,"{"total":0,"location_name":"Hipodroom (CLOSED)","location_id":1}"
2026-10-03 19:04:32,+0300,3,T1,24,success,"{"total":24,"location_name":"T1 Shopping Mall","location_id":3}"
2026-10-03 19:04:32,+0300,9,Mustika,22,success,"{"total":22,"location_name":"Mustika","location_id":9}"
2026-10-03 19:04:32,+0300,10,Suur-Paala,18,success,"{"total":18,"location_name":"Suur-Paala","location_id":10}"
2026-10-03 19:04:32,+0300,1,Hipodroom,0,success,"{"total":0,"location_name":"Hipodroom (CLOSED)","location_id":1}"
2026-10-03 19:06:33,+0300,3,T1,23,success,"{"total":23,"location_name":"T1 Shopping Mall","location_id":3}"
2026-10-03 19:06:33,+0300,9,Mustika,23,success,"{"total":23,"location_name":"Mustika","location_id":9}"
2026-10-03 19:06:33,+0300,10,Suur-Paala,18,success,"{"total":18,"location_name":"Suur-Paala","location_id":10}"
2026-10-03 19:06:33,+0300,1,Hipodroom,0,success,"{"total":0,"location_name":"Hipodroom (CLOSED)","location_id":1}"
2026-10-03 19:08:34,+0300,3,T1,23,success,"{"total":23,"location_name":"T1 Shopping Mall","location_id":3}"
2026-10-03 19:08:34,+0300,9,Mustika,23,success,"{"total":23,"location_name":"Mustika","location_id":9}"
2026-10-03 19:08:34,+0300,10,Suur-Paala,18,success,"{"total":18,"location_name":"Suur-Paala","location_id":10}"
2026-10-03 19:08:34,+0300,1,Hipodroom,0,success,"{"total":0,"location_name":"Hipodroom (CLOSED)","location_id":1}"
2026-10-03 19:10:34,+0300,3,T1,23,success,"{"total":23,"location_name":"T1 Shopping Mall","location_id":3}"
2026-10-03 19:10:34,+0300,9,Mustika,23,success,"{"total":23,"location_name":"Mustika","location_id":9}"
2026-10-03 19:10:34,+0300,10,Suur-Paala,18,success,"{"total":18,"location_name":"Suur-Paala","location_id":10}"
2026-10-03 19:10:34,+0300,1,Hipodroom,0,success,"{"total":0,"location_name":"Hipodroom (CLOSED)","location_id":1}"
2026-10-03 19:12:35,+0300,3,T1,25,success,"{"total":25,"location_name":"T1 Shopping Mall","location_id":3}"
2026-10-03 19:12:35,+0300,9,Mustika,23,success,"{"total":23,"location_name":"Mustika","location_id":9}"
2026-10-03 19:12:35,+0300,10,Suur-Paala,18,success,"{"total":18,"location_name":"Suur-Paala","location_id":10}"
2026-10-03 19:12:35,+0300,1,Hipodroom,0,success,"{"total":0,"location_name":"Hipodroom (CLOSED)","location_id":1}"
2026-10-03 19:14:35,+0300,3,T1,25,success,"{"total":25,"location_name":"T1 Shopping Mall","location_id":3}"
2026-10-03 19:14:35,+0300,9,Mustika,23,success,"{"total":23,"location_name":"Mustika","location_id":9}"
2026-10-03 19:14:35,+0300,10,Suur-Paala,18,success,"{"total":18,"location_name":"Suur-Paala","location_id":10}"
2026-10-03 19:14:35,+0300,1,Hipodroom,0,success,"{"total":0,"location_name":"Hipodroom (CLOSED)","location_id":1}"
2026-10-03 19:16:36,+0300,3,T1,25,success,"{"total":25,"location_name":"T1 Shopping Mall","location_id":3}"
2026-10-03 19:16:36,+0300,9,Mustika,23,success,"{"total":23,"location_name":"Mustika","location_id":9}"
2026-10-03 19:16:36,+0300,10,Suur-Paala,18,success,"{"total":18,"location_name":"Suur-Paala","location_id":10}"
2026-10-03 19:16:36,+0300,1,Hipodroom,0,success,"{"total":0,"location_name":"Hipodroom (CLOSED)","location_id":1}"
2026-10-03 19:18:36,+0300,3,T1,25,success,"{"total":25,"location_name":"T1 Shopping Mall","location_id":3}"
2026-10-03 19:18:36,+0300,9,Mustika,22,success,"{"total":22,"location_name":"Mustika","location_id":9}"
2026-10-03 19:18:36,+0300,10,Suur-Paala,18,success,"{"total":18,"location_name":"Suur-Paala","location_id":10}"
2026-10-03 19:18:36,+0300,1,Hipodroom,0,success,"{"total":0,"location_name":"Hipodroom (CLOSED)","location_id":1}"
2026-10-03 19:20:37,+0300,3,T1,25,success,"{"total":25,"location_name":"T1 Shopping Mall","location_id":3}"
2026-10-03 19:20:37,+0300,9,Mustika,22,success,"{"total":22,"location_name":"Mustika","location_id":9}"
2026-10-03 19:20:37,+0300,10,Suur-Paala,18,success,"{"total":18,"location_name":"Suur-Paala","location_id":10}"
2026-10-03 19:20:37,+0300,1,Hipodroom,0,success,"{"total":0,"location_name":"Hipodroom (CLOSED)","location_id":1}"
2026-10-03 19:22:38,+0300,3,T1,25,success,"{"total":25,"location_name":"T1 Shopping Mall","location_id":3}"
2026-10-03 19:22:38,+0300,9,Mustika,22,success,"{"total":22,"location_name":"Mustika","location_id":9}"
2026-10-03 19:22:38,+0300,10,Suur-Paala,18,success,"{"total":18,"location_name":"Suur-Paala","location_id":10}"
2026-10-03 19:22:38,+0300,1,Hipodroom,0,success,"{"total":0,"location_name":"Hipodroom (CLOSED)","location_id":1}"
2026-10-03 19:24:38,+0300,3,T1,25,success,"{"total":25,"location_name":"T1 Shopping Mall","location_id":3}"
2026-10-03 19:24:38,+0300,9,Mustika,20,success,"{"total":20,"location_name":"Mustika","location_id":9}"
2026-10-03 19:24:38,+0300,10,Suur-Paala,17,success,"{"total":17,"location_name":"Suur-Paala","location_id":10}"
2026-10-03 19:24:38,+0300,1,Hipodroom,0,success,"{"total":0,"location_name":"Hipodroom (CLOSED)","location_id":1}"
2026-10-03 19:26:39,+0300,3,T1,25,success,"{"total":25,"location_name":"T1 Shopping Mall","location_id":3}"
2026-10-03 19:26:39,+0300,9,Mustika,20,success,"{"total":20,"location_name":"Mustika","location_id":9}"
2026-10-03 19:26:39,+0300,10,Suur-Paala,17,success,"{"total":17,"location_name":"Suur-Paala","location_id":10}"
2026-10-03 19:26:39,+0300,1,Hipodroom,0,success,"{"total":0,"location_name":"Hipodroom (CLOSED)","location_id":1}"
2026-10-03 19:28:40,+0300,3,T1,25,success,"{"total":25,"location_name":"T1 Shopping Mall","location_id":3}"
2026-10-03 19:28:40,+0300,9,Mustika,20,success,"{"total":20,"location_name":"Mustika","location_id":9}"
2026-10-03 19:28:40,+0300,10,Suur-Paala,17,success,"{"total":17,"location_name":"Suur-Paala","location_id":10}"
2026-10-03 19:28:40,+0300,1,Hipodroom,0,success,"{"total":0,"location_name":"Hipodroom (CLOSED)","location_id":1}"
2026-10-03 19:30:40,+0300,3,T1,23,success,"{"total":23,"location_name":"T1 Shopping Mall","location_id":3}"
2026-10-03 19:30:40,+0300,9,Mustika,24,success,"{"total":24,"location_name":"Mustika","location_id":9}"
2026-10-03 19:30:40,+0300,10,Suur-Paala,17,success,"{"total":17,"location_name":"Suur-Paala","location_id":10}"
2026-10-03 19:30:40,+0300,1,Hipodroom,0,success,"{"total":0,"location_name":"Hipodroom (CLOSED)","location_id":1}"
2026-10-03 19:32:41,+0300,3,T1,23,success,"{"total":23,"location_name":"T1 Shopping Mall","location_id":3}"
2026-10-03 19:32:41,+0300,9,Mustika,24,success,"{"total":24,"location_name":"Mustika","location_id":9}"
2026-10-03 19:32:41,+0300,10,Suur-Paala,17,success,"{"total":17,"location_name":"Suur-Paala","location_id":10}"
2026-10-03 19:32:41,+0300,1,Hipodroom,0,success,"{"total":0,"location_name":"Hipodroom (CLOSED)","location_id":1}"
2026-10-03 19:34:41,+0300,3,T1,23,success,"{"total":23,"location_name":"T1 Shopping Mall","location_id":3}"
2026-10-03 19:34:41,+0300,9,Mustika,24,success,"{"total":24,"location_name":"Mustika","location_id":9}"
2026-10-03 19:34:41,+0300,10,Suur-Paala,17,success,"{"total":17,"location_name":"Suur-Paala","location_id":10}"
2026-10-03 19:34:41,+0300,1,Hipodroom,0,success,"{"total":0,"location_name":"Hipodroom (CLOSED)","location_id":1}"
2026-10-03 19:36:42,+0300,3,T1,23,success,"{"total":23,"location_name":"T1 Shopping Mall","location_id":3}"
2026-10-03 19:36:42,+0300,9,Mustika,24,success,"{"total":24,"location_name":"Mustika","location_id":9}"
2026-10-03 19:36:42,+0300,10,Suur-Paala,15,success,"{"total":15,"location_name":"Suur-Paala","location_id":10}"
2026-10-03 19:36:42,+0300,1,Hipodroom,0,success,"{"total":0,"location_name":"Hipodroom (CLOSED)","location_id":1}"
2026-10-03 19:38:43,+0300,3,T1,23,success,"{"total":23,"location_name":"T1 Shopping Mall","location_id":3}"
2026-10-03 19:38:43,+0300,9,Mustika,24,success,"{"total":24,"location_name":"Mustika","location_id":9}"
2026-10-03 19:38:43,+0300,10,Suur-Paala,15,success,"{"total":15,"location_name":"Suur-Paala","location_id":10}"
2026-10-03 19:38:43,+0300,1,Hipodroom,0,success,"{"total":0,"location_name":"Hipodroom (CLOSED)","location_id":1}"
2026-10-03 19:40:43,+0300,3,T1,23,success,"{"total":23,"location_name":"T1 Shopping Mall","location_id":3}"
2026-10-03 19:40:43,+0300,9,Mustika,24,success,"{"total":24,"location_name":"Mustika","location_id":9}"
2026-10-03 19:40:43,+0300,10,Suur-Paala,15,success,"{"total":15,"location_name":"Suur-Paala","location_id":10}"
2026-10-03 19:40:43,+0300,1,Hipodroom,0,success,"{"total":0,"location_name":"Hipodroom (CLOSED)","location_id":1}"
2026-10-03 19:42:44,+0300,3,T1,23,success,"{"total":23,"location_name":"T1 Shopping Mall","location_id":3}"
2026-10-03 19:42:44,+0300,9,Mustika,27,success,"{"total":27,"location_name":"Mustika","location_id":9}"
2026-10-03 19:42:44,+0300,10,Suur-Paala,15,success,"{"total":15,"location_name":"Suur-Paala","location_id":10}"
2026-10-03 19:42:44,+0300,1,Hipodroom,0,success,"{"total":0,"location_name":"Hipodroom (CLOSED)","location_id":1}"
2026-10-03 19:44:45,+0300,3,T1,23,success,"{"total":23,"location_name":"T1 Shopping Mall","location_id":3}"
2026-10-03 19:44:45,+0300,9,Mustika,27,success,"{"total":27,"location_name":"Mustika","location_id":9}"
2026-10-03 19:44:45,+0300,10,Suur-Paala,15,success,"{"total":15,"location_name":"Suur-Paala","location_id":10}"
2026-10-03 19:44:45,+0300,1,Hipodroom,0,success,"{"total":0,"location_name":"Hipodroom (CLOSED)","location_id":1}"
2026-10-03 19:46:45,+0300,3,T1,23,success,"{"total":23,"location_name":"T1 Shopping Mall","location_id":3}"
2026-10-03 19:46:45,+0300,9,Mustika,27,success,"{"total":27,"location_name":"Mustika","location_id":9}"
2026-10-03 19:46:45,+0300,10,Suur-Paala,15,success,"{"total":15,"location_name":"Suur-Paala","location_id":10}"
2026-10-03 19:46:45,+0300,1,Hipodroom,0,success,"{"total":0,"location_name":"Hipodroom (CLOSED)","location_id":1}"
2026-10-03 19:48:46,+0300,3,T1,23,success,"{"total":23,"location_name":"T1 Shopping Mall","location_id":3}"
2026-10-03 19:48:46,+0300,9,Mustika,24,success,"{"total":24,"location_name":"Mustika","location_id":9}"
2026-10-03 19:48:46,+0300,10,Suur-Paala,15,success,"{"total":15,"location_name":"Suur-Paala","location_id":10}"
2026-10-03 19:48:46,+0300,1,Hipodroom,0,success,"{"total":0,"location_name":"Hipodroom (CLOSED)","location_id":1}"
2026-10-03 19:50:47,+0300,3,T1,23,success,"{"total":23,"location_name":"T1 Shopping Mall","location_id":3}"
2026-10-03 19:50:47,+0300,9,Mustika,24,success,"{"total":24,"location_name":"Mustika","location_id":9}"
2026-10-03 19:50:47,+0300,10,Suur-Paala,15,success,"{"total":15,"location_name":"Suur-Paala","location_id":10}"
2026-10-03 19:50:47,+0300,1,Hipodroom,0,success,"{"total":0,"location_name":"Hipodroom (CLOSED)","location_id":1}"
2026-10-03 19:52:47,+0300,3,T1,23,success,"{"total":23,"location_name":"T1 Shopping Mall","location_id":3}"
2026-10-03 19:52:47,+0300,9,Mustika,24,success,"{"total":24,"location_name":"Mustika","location_id":9}"
2026-10-03 19:52:47,+0300,10,Suur-Paala,15,success,"{"total":15,"location_name":"Suur-Paala","location_id":10}"
2026-10-03 19:52:47,+0300,1,Hipodroom,0,success,"{"total":0,"location_name":"Hipodroom (CLOSED)","location_id":1}"
2026-10-03 19:54:48,+0300,3,T1,23,success,"{"total":23,"location_name":"T1 Shopping Mall","location_id":3}"
2026-10-03 19:54:48,+0300,9,Mustika,25,success,"{"total":25,"location_name":"Mustika","location_id":9}"
2026-10-03 19:54:48,+0300,10,Suur-Paala,15,success,"{"total":15,"location_name":"Suur-Paala","location_id":10}"
2026-10-03 19:54:48,+0300,1,Hipodroom,0,success,"{"total":0,"location_name":"Hipodroom (CLOSED)","location_id":1}"
2026-10-03 19:56:48,+0300,3,T1,23,success,"{"total":23,"location_name":"T1 Shopping Mall","location_id":3}"
2026-10-03 19:56:48,+0300,9,Mustika,25,success,"{"total":25,"location_name":"Mustika","location_id":9}"
2026-10-03 19:56:48,+0300,10,Suur-Paala,15,success,"{"total":15,"location_name":"Suur-Paala","location_id":10}"
2026-10-03 19:56:48,+0300,1,Hipodroom,0,success,"{"total":0,"location_name":"Hipodroom (CLOSED)","location_id":1}"
2026-10-03 19:58:49,+0300,3,T1,23,success,"{"total":23,"location_name":"T1 Shopping Mall","location_id":3}"
2026-10-03 19:58:49,+0300,9,Mustika,25,success,"{"total":25,"location_name":"Mustika","location_id":9}"
2026-10-03 19:58:49,+0300,10,Suur-Paala,15,success,"{"total":15,"location_name":"Suur-Paala","location_id":10}"
2026-10-03 19:58:49,+0300,1,Hipodroom,0,success,"{"total":0,"location_name":"Hipodroom (CLOSED)","location_id":1}"
2026-10-03 20:00:49,+0300,3,T1,25,success,"{"total":25,"location_name":"T1 Shopping Mall","location_id":3}"
2026-10-03 20:00:49,+0300,9,Mustika,24,success,"{"total":24,"location_name":"Mustika","location_id":9}"
2026-10-03 20:00:49,+0300,10,Suur-Paala,14,success,"{"total":14,"location_name":"Suur-Paala","location_id":10}"
2026-10-03 20:00:49,+0300,1,Hipodroom,0,success,"{"total":0,"location_name":"Hipodroom (CLOSED)","location_id":1}"
2026-10-03 20:02:50,+0300,3,T1,25,success,"{"total":25,"location_name":"T1 Shopping Mall","location_id":3}"
2026-10-03 20:02:50,+0300,9,Mustika,24,success,"{"total":24,"location_name":"Mustika","location_id":9}"
2026-10-03 20:02:50,+0300,10,Suur-Paala,14,success,"{"total":14,"location_name":"Suur-Paala","location_id":10}"
2026-10-03 20:02:50,+0300,1,Hipodroom,0,success,"{"total":0,"location_name":"Hipodroom (CLOSED)","location_id":1}"
2026-10-03 20:04:51,+0300,3,T1,25,success,"{"total":25,"location_name":"T1 Shopping Mall","location_id":3}"
2026-10-03 20:04:51,+0300,9,Mustika,24,success,"{"total":24,"location_name":"Mustika","location_id":9}"
2026-10-03 20:04:51,+0300,10,Suur-Paala,14,success,"{"total":14,"location_name":"Suur-Paala","location_id":10}"
2026-10-03 20:04:51,+0300,1,Hipodroom,0,success,"{"total":0,"location_name":"Hipodroom (CLOSED)","location_id":1}"
2026-10-03 20:06:51,+0300,3,T1,25,success,"{"total":25,"location_name":"T1 Shopping Mall","location_id":3}"
2026-10-03 20:06:51,+0300,9,Mustika,23,success,"{"total":23,"location_name":"Mustika","location_id":9}"
2026-10-03 20:06:51,+0300,10,Suur-Paala,14,success,"{"total":14,"location_name":"Suur-Paala","location_id":10}"
2026-10-03 20:06:51,+0300,1,Hipodroom,0,success,"{"total":0,"location_name":"Hipodroom (CLOSED)","location_id":1}"
2026-10-03 20:08:52,+0300,3,T1,25,success,"{"total":25,"location_name":"T1 Shopping Mall","location_id":3}"
2026-10-03 20:08:52,+0300,9,Mustika,23,success,"{"total":23,"location_name":"Mustika","location_id":9}"
2026-10-03 20:08:52,+0300,10,Suur-Paala,14,success,"{"total":14,"location_name":"Suur-Paala","location_id":10}"
2026-10-03 20:08:52,+0300,1,Hipodroom,0,success,"{"total":0,"location_name":"Hipodroom (CLOSED)","location_id":1}"
2026-10-03 20:10:53,+0300,3,T1,25,success,"{"total":25,"location_name":"T1 Shopping Mall","location_id":3}"
2026-10-03 20:10:53,+0300,9,Mustika,23,success,"{"total":23,"location_name":"Mustika","location_id":9}"
2026-10-03 20:10:53,+0300,10,Suur-Paala,14,success,"{"total":14,"location_name":"Suur-Paala","location_id":10}"
2026-10-03 20:10:53,+0300,1,Hipodroom,0,success,"{"total":0,"location_name":"Hipodroom (CLOSED)","location_id":1}"
2026-10-03 20:12:53,+0300,3,T1,24,success,"{"total":24,"location_name":"T1 Shopping Mall","location_id":3}"
2026-10-03 20:12:53,+0300,9,Mustika,20,success,"{"total":20,"location_name":"Mustika","location_id":9}"
2026-10-03 20:12:53,+0300,10,Suur-Paala,12,success,"{"total":12,"location_name":"Suur-Paala","location_id":10}"
2026-10-03 20:12:53,+0300,1,Hipodroom,0,success,"{"total":0,"location_name":"Hipodroom (CLOSED)","location_id":1}"
2026-10-03 20:14:54,+0300,3,T1,24,success,"{"total":24,"location_name":"T1 Shopping Mall","location_id":3}"
2026-10-03 20:14:54,+0300,9,Mustika,20,success,"{"total":20,"location_name":"Mustika","location_id":9}"
2026-10-03 20:14:54,+0300,10,Suur-Paala,12,success,"{"total":12,"location_name":"Suur-Paala","location_id":10}"
2026-10-03 20:14:54,+0300,1,Hipodroom,0,success,"{"total":0,"location_name":"Hipodroom (CLOSED)","location_id":1}"
2026-10-03 20:16:54,+0300,3,T1,24,success,"{"total":24,"location_name":"T1 Shopping Mall","location_id":3}"
2026-10-03 20:16:54,+0300,9,Mustika,20,success,"{"total":20,"location_name":"Mustika","location_id":9}"
2026-10-03 20:16:54,+0300,10,Suur-Paala,12,success,"{"total":12,"location_name":"Suur-Paala","location_id":10}"
2026-10-03 20:16:54,+0300,1,Hipodroom,0,success,"{"total":0,"location_name":"Hipodroom (CLOSED)","location_id":1}"
2026-10-03 20:18:55,+0300,3,T1,24,success,"{"total":24,"location_name":"T1 Shopping Mall","location_id":3}"
2026-10-03 20:18:55,+0300,9,Mustika,22,success,"{"total":22,"location_name":"Mustika","location_id":9}"
2026-10-03 20:18:55,+0300,10,Suur-Paala,12,success,"{"total":12,"location_name":"Suur-Paala","location_id":10}"
2026-10-03 20:18:55,+0300,1,Hipodroom,0,success,"{"total":0,"location_name":"Hipodroom (CLOSED)","location_id":1}"
2026-10-03 20:20:56,+0300,3,T1,24,success,"{"total":24,"location_name":"T1 Shopping Mall","location_id":3}"
2026-10-03 20:20:56,+0300,9,Mustika,22,success,"{"total":22,"location_name":"Mustika","location_id":9}"
2026-10-03 20:20:56,+0300,10,Suur-Paala,12,success,"{"total":12,"location_name":"Suur-Paala","location_id":10}"
2026-10-03 20:20:56,+0300,1,Hipodroom,0,success,"{"total":0,"location_name":"Hipodroom (CLOSED)","location_id":1}"
2026-10-03 20:22:56,+0300,3,T1,24,success,"{"total":24,"location_name":"T1 Shopping Mall","location_id":3}"
2026-10-03 20:22:56,+0300,9,Mustika,22,success,"{"total":22,"location_name":"Mustika","location_id":9}"
2026-10-03 20:22:56,+0300,10,Suur-Paala,12,success,"{"total":12,"location_name":"Suur-Paala","location_id":10}"
2026-10-03 20:22:56,+0300,1,Hipodroom,0,success,"{"total":0,"location_name":"Hipodroom (CLOSED)","location_id":1}"
2026-10-03 20:24:57,+0300,3,T1,23,success,"{"total":23,"location_name":"T1 Shopping Mall","location_id":3}"
2026-10-03 20:24:57,+0300,9,Mustika,22,success,"{"total":22,"location_name":"Mustika","location_id":9}"
2026-10-03 20:24:57,+0300,10,Suur-Paala,10,success,"{"total":10,"location_name":"Suur-Paala","location_id":10}"
2026-10-03 20:24:57,+0300,1,Hipodroom,0,success,"{"total":0,"location_name":"Hipodroom (CLOSED)","location_id":1}"
2026-10-03 20:26:57,+0300,3,T1,23,success,"{"total":23,"location_name":"T1 Shopping Mall","location_id":3}"
2026-10-03 20:26:57,+0300,9,Mustika,22,success,"{"total":22,"location_name":"Mustika","location_id":9}"
2026-10-03 20:26:57,+0300,10,Suur-Paala,10,success,"{"total":10,"location_name":"Suur-Paala","location_id":10}"
2026-10-03 20:26:57,+0300,1,Hipodroom,0,success,"{"total":0,"location_name":"Hipodroom (CLOSED)","location_id":1}"
2026-10-03 20:28:58,+0300,3,T1,23,success,"{"total":23,"location_name":"T1 Shopping Mall","location_id":3}"
2026-10-03 20:28:58,+0300,9,Mustika,22,success,"{"total":22,"location_name":"Mustika","location_id":9}"
2026-10-03 20:28:58,+0300,10,Suur-Paala,10,success,"{"total":10,"location_name":"Suur-Paala","location_id":10}"
2026-10-03 20:28:58,+0300,1,Hipodroom,0,success,"{"total":0,"location_name":"Hipodroom (CLOSED)","location_id":1}"
2026-10-03 20:30:58,+0300,3,T1,24,success,"{"total":24,"location_name":"T1 Shopping Mall","location_id":3}"
2026-10-03 20:30:58,+0300,9,Mustika,21,success,"{"total":21,"location_name":"Mustika","location_id":9}"
2026-10-03 20:30:58,+0300,10,Suur-Paala,10,success,"{"total":10,"location_name":"Suur-Paala","location_id":10}"
2026-10-03 20:30:58,+0300,1,Hipodroom,0,success,"{"total":0,"location_name":"Hipodroom (CLOSED)","location_id":1}"
2026-10-03 20:32:59,+0300,3,T1,24,success,"{"total":24,"location_name":"T1 Shopping Mall","location_id":3}"
2026-10-03 20:32:59,+0300,9,Mustika,21,success,"{"total":21,"location_name":"Mustika","location_id":9}"
2026-10-03 20:32:59,+0300,10,Suur-Paala,10,success,"{"total":10,"location_name":"Suur-Paala","location_id":10}"
2026-10-03 20:32:59,+0300,1,Hipodroom,0,success,"{"total":0,"location_name":"Hipodroom (CLOSED)","location_id":1}"
2026-10-03 20:34:59,+0300,3,T1,24,success,"{"total":24,"location_name":"T1 Shopping Mall","location_id":3}"
2026-10-03 20:34:59,+0300,9,Mustika,21,success,"{"total":21,"location_name":"Mustika","location_id":9}"
2026-10-03 20:34:59,+0300,10,Suur-Paala,10,success,"{"total":10,"location_name":"Suur-Paala","location_id":10}"
2026-10-03 20:34:59,+0300,1,Hipodroom,0,success,"{"total":0,"location_name":"Hipodroom (CLOSED)","location_id":1}"
2026-10-03 20:37:00,+0300,3,T1,25,success,"{"total":25,"location_name":"T1 Shopping Mall","location_id":3}"
2026-10-03 20:37:00,+0300,9,Mustika,21,success,"{"total":21,"location_name":"Mustika","location_id":9}"
2026-10-03 20:37:00,+0300,10,Suur-Paala,8,success,"{"total":8,"location_name":"Suur-Paala","location_id":10}"
2026-10-03 20:37:00,+0300,1,Hipodroom,0,success,"{"total":0,"location_name":"Hipodroom (CLOSED)","location_id":1}"
2026-10-03 20:39:01,+0300,3,T1,25,success,"{"total":25,"location_name":"T1 Shopping Mall","location_id":3}"
2026-10-03 20:39:01,+0300,9,Mustika,21,success,"{"total":21,"location_name":"Mustika","location_id":9}"
2026-10-03 20:39:01,+0300,10,Suur-Paala,8,success,"{"total":8,"location_name":"Suur-Paala","location_id":10}"
2026-10-03 20:39:01,+0300,1,Hipodroom,0,success,"{"total":0,"location_name":"Hipodroom (CLOSED)","location_id":1}"
2026-10-03 20:41:01,+0300,3,T1,25,success,"{"total":25,"location_name":"T1 Shopping Mall","location_id":3}"
2026-10-03 20:41:01,+0300,9,Mustika,21,success,"{"total":21,"location_name":"Mustika","location_id":9}"
2026-10-03 20:41:01,+0300,10,Suur-Paala,8,success,"{"total":8,"location_name":"Suur-Paala","location_id":10}"
2026-10-03 20:41:01,+0300,1,Hipodroom,0,success,"{"total":0,"location_name":"Hipodroom (CLOSED)","location_id":1}"
2026-10-03 20:43:02,+0300,3,T1,23,success,"{"total":23,"location_name":"T1 Shopping Mall","location_id":3}"
2026-10-03 20:43:02,+0300,9,Mustika,22,success,"{"total":22,"location_name":"Mustika","location_id":9}"
2026-10-03 20:43:02,+0300,10,Suur-Paala,8,success,"{"total":8,"location_name":"Suur-Paala","location_id":10}"
2026-10-03 20:43:02,+0300,1,Hipodroom,0,success,"{"total":0,"location_name":"Hipodroom (CLOSED)","location_id":1}"
2026-10-03 20:45:02,+0300,3,T1,23,success,"{"total":23,"location_name":"T1 Shopping Mall","location_id":3}"
2026-10-03 20:45:02,+0300,9,Mustika,22,success,"{"total":22,"location_name":"Mustika","location_id":9}"
2026-10-03 20:45:02,+0300,10,Suur-Paala,8,success,"{"total":8,"location_name":"Suur-Paala","location_id":10}"
2026-10-03 20:45:02,+0300,1,Hipodroom,0,success,"{"total":0,"location_name":"Hipodroom (CLOSED)","location_id":1}"
2026-10-03 20:47:03,+0300,3,T1,23,success,"{"total":23,"location_name":"T1 Shopping Mall","location_id":3}"
2026-10-03 20:47:03,+0300,9,Mustika,22,success,"{"total":22,"location_name":"Mustika","location_id":9}"
2026-10-03 20:47:03,+0300,10,Suur-Paala,8,success,"{"total":8,"location_name":"Suur-Paala","location_id":10}"
2026-10-03 20:47:03,+0300,1,Hipodroom,0,success,"{"total":0,"location_name":"Hipodroom (CLOSED)","location_id":1}"
2026-10-03 20:49:03,+0300,3,T1,22,success,"{"total":22,"location_name":"T1 Shopping Mall","location_id":3}"
2026-10-03 20:49:03,+0300,9,Mustika,22,success,"{"total":22,"location_name":"Mustika","location_id":9}"
2026-10-03 20:49:03,+0300,10,Suur-Paala,5,success,"{"total":5,"location_name":"Suur-Paala","location_id":10}"
2026-10-03 20:49:03,+0300,1,Hipodroom,0,success,"{"total":0,"location_name":"Hipodroom (CLOSED)","location_id":1}"
2026-10-03 20:51:04,+0300,3,T1,22,success,"{"total":22,"location_name":"T1 Shopping Mall","location_id":3}"
2026-10-03 20:51:04,+0300,9,Mustika,22,success,"{"total":22,"location_name":"Mustika","location_id":9}"
2026-10-03 20:51:04,+0300,10,Suur-Paala,5,success,"{"total":5,"location_name":"Suur-Paala","location_id":10}"
2026-10-03 20:51:04,+0300,1,Hipodroom,0,success,"{"total":0,"location_name":"Hipodroom (CLOSED)","location_id":1}"
2026-10-03 20:53:04,+0300,3,T1,22,success,"{"total":22,"location_name":"T1 Shopping Mall","location_id":3}"
2026-10-03 20:53:04,+0300,9,Mustika,22,success,"{"total":22,"location_name":"Mustika","location_id":9}"
2026-10-03 20:53:04,+0300,10,Suur-Paala,5,success,"{"total":5,"location_name":"Suur-Paala","location_id":10}"
2026-10-03 20:53:04,+0300,1,Hipodroom,0,success,"{"total":0,"location_name":"Hipodroom (CLOSED)","location_id":1}"
2026-10-03 20:55:05,+0300,3,T1,21,success,"{"total":21,"location_name":"T1 Shopping Mall","location_id":3}"
2026-10-03 20:55:05,+0300,9,Mustika,20,success,"{"total":20,"location_name":"Mustika","location_id":9}"
2026-10-03 20:55:05,+0300,10,Suur-Paala,5,success,"{"total":5,"location_name":"Suur-Paala","location_id":10}"
2026-10-03 20:55:05,+0300,1,Hipodroom,0,success,"{"total":0,"location_name":"Hipodroom (CLOSED)","location_id":1}"
2026-10-03 20:57:06,+0300,3,T1,21,success,"{"total":21,"location_name":"T1 Shopping Mall","location_id":3}"
2026-10-03 20:57:06,+0300,9,Mustika,20,success,"{"total":20,"location_name":"Mustika","location_id":9}"
2026-10-03 20:57:06,+0300,10,Suur-Paala,5,success,"{"total":5,"location_name":"Suur-Paala","location_id":10}"
2026-10-03 20:57:06,+0300,1,Hipodroom,0,success,"{"total":0,"location_name":"Hipodroom (CLOSED)","location_id":1}"
2026-10-03 20:59:06,+0300,3,T1,21,success,"{"total":21,"location_name":"T1 Shopping Mall","location_id":3}"
2026-10-03 20:59:06,+0300,9,Mustika,20,success,"{"total":20,"location_name":"Mustika","location_id":9}"
2026-10-03 20:59:06,+0300,10,Suur-Paala,5,success,"{"total":5,"location_name":"Suur-Paala","location_id":10}"
2026-10-03 20:59:06,+0300,1,Hipodroom,0,success,"{"total":0,"location_name":"Hipodroom (CLOSED)","location_id":1}"
2026-10-03 21:01:07,+0300,3,T1,20,success,"{"total":20,"location_name":"T1 Shopping Mall","location_id":3}"
2026-10-03 21:01:07,+0300,9,Mustika,21,success,"{"total":21,"location_name":"Mustika","location_id":9}"
2026-10-03 21:01:07,+0300,10,Suur-Paala,5,success,"{"total":5,"location_name":"Suur-Paala","location_id":10}"
2026-10-03 21:01:07,+0300,1,Hipodroom,0,success,"{"total":0,"location_name":"Hipodroom (CLOSED)","location_id":1}"
2026-10-03 21:03:08,+0300,3,T1,20,success,"{"total":20,"location_name":"T1 Shopping Mall","location_id":3}"
2026-10-03 21:03:08,+0300,9,Mustika,21,success,"{"total":21,"location_name":"Mustika","location_id":9}"
2026-10-03 21:03:08,+0300,10,Suur-Paala,5,success,"{"total":5,"location_name":"Suur-Paala","location_id":10}"
2026-10-03 21:03:08,+0300,1,Hipodroom,0,success,"{"total":0,"location_name":"Hipodroom (CLOSED)","location_id":1}"
2026-10-03 21:05:08,+0300,3,T1,20,success,"{"total":20,"location_name":"T1 Shopping Mall","location_id":3}"
2026-10-03 21:05:08,+0300,9,Mustika,21,success,"{"total":21,"location_name":"Mustika","location_id":9}"
2026-10-03 21:05:08,+0300,10,Suur-Paala,5,success,"{"total":5,"location_name":"Suur-Paala","location_id":10}"
2026-10-03 21:05:08,+0300,1,Hipodroom,0,success,"{"total":0,"location_name":"Hipodroom (CLOSED)","location_id":1}"
2026-10-03 21:07:09,+0300,3,T1,20,success,"{"total":20,"location_name":"T1 Shopping Mall","location_id":3}"
2026-10-03 21:07:09,+0300,9,Mustika,21,success,"{"total":21,"location_name":"Mustika","location_id":9}"
2026-10-03 21:07:09,+0300,10,Suur-Paala,5,success,"{"total":5,"location_name":"Suur-Paala","location_id":10}"
2026-10-03 21:07:09,+0300,1,Hipodroom,0,success,"{"total":0,"location_name":"Hipodroom (CLOSED)","location_id":1}"
2026-10-03 21:09:10,+0300,3,T1,20,success,"{"total":20,"location_name":"T1 Shopping Mall","location_id":3}"
2026-10-03 21:09:10,+0300,9,Mustika,21,success,"{"total":21,"location_name":"Mustika","location_id":9}"
2026-10-03 21:09:10,+0300,10,Suur-Paala,5,success,"{"total":5,"location_name":"Suur-Paala","location_id":10}"
2026-10-03 21:09:10,+0300,1,Hipodroom,0,success,"{"total":0,"location_name":"Hipodroom (CLOSED)","location_id":1}"
2026-10-03 21:11:10,+0300,3,T1,20,success,"{"total":20,"location_name":"T1 Shopping Mall","location_id":3}"
2026-10-03 21:11:10,+0300,9,Mustika,21,success,"{"total":21,"location_name":"Mustika","location_id":9}"
2026-10-03 21:11:10,+0300,10,Suur-Paala,5,success,"{"total":5,"location_name":"Suur-Paala","location_id":10}"
2026-10-03 21:11:10,+0300,1,Hipodroom,0,success,"{"total":0,"location_name":"Hipodroom (CLOSED)","location_id":1}"
2026-10-03 21:13:11,+0300,3,T1,20,success,"{"total":20,"location_name":"T1 Shopping Mall","location_id":3}"
2026-10-03 21:13:11,+0300,9,Mustika,19,success,"{"total":19,"location_name":"Mustika","location_id":9}"
2026-10-03 21:13:11,+0300,10,Suur-Paala,5,success,"{"total":5,"location_name":"Suur-Paala","location_id":10}"
2026-10-03 21:13:11,+0300,1,Hipodroom,0,success,"{"total":0,"location_name":"Hipodroom (CLOSED)","location_id":1}"
2026-10-03 21:15:11,+0300,3,T1,20,success,"{"total":20,"location_name":"T1 Shopping Mall","location_id":3}"
2026-10-03 21:15:11,+0300,9,Mustika,19,success,"{"total":19,"location_name":"Mustika","location_id":9}"
2026-10-03 21:15:11,+0300,10,Suur-Paala,5,success,"{"total":5,"location_name":"Suur-Paala","location_id":10}"
2026-10-03 21:15:11,+0300,1,Hipodroom,0,success,"{"total":0,"location_name":"Hipodroom (CLOSED)","location_id":1}"
2026-10-03 21:17:12,+0300,3,T1,20,success,"{"total":20,"location_name":"T1 Shopping Mall","location_id":3}"
2026-10-03 21:17:12,+0300,9,Mustika,19,success,"{"total":19,"location_name":"Mustika","location_id":9}"
2026-10-03 21:17:12,+0300,10,Suur-Paala,5,success,"{"total":5,"location_name":"Suur-Paala","location_id":10}"
2026-10-03 21:17:12,+0300,1,Hipodroom,0,success,"{"total":0,"location_name":"Hipodroom (CLOSED)","location_id":1}"
2026-10-03 21:19:13,+0300,3,T1,20,success,"{"total":20,"location_name":"T1 Shopping Mall","location_id":3}"
2026-10-03 21:19:13,+0300,9,Mustika,17,success,"{"total":17,"location_name":"Mustika","location_id":9}"
2026-10-03 21:19:13,+0300,10,Suur-Paala,1,success,"{"total":1,"location_name":"Suur-Paala","location_id":10}"
2026-10-03 21:19:13,+0300,1,Hipodroom,0,success,"{"total":0,"location_name":"Hipodroom (CLOSED)","location_id":1}"
2026-10-03 21:21:13,+0300,3,T1,20,success,"{"total":20,"location_name":"T1 Shopping Mall","location_id":3}"
2026-10-03 21:21:13,+0300,9,Mustika,17,success,"{"total":17,"location_name":"Mustika","location_id":9}"
2026-10-03 21:21:13,+0300,10,Suur-Paala,1,success,"{"total":1,"location_name":"Suur-Paala","location_id":10}"
2026-10-03 21:21:13,+0300,1,Hipodroom,0,success,"{"total":0,"location_name":"Hipodroom (CLOSED)","location_id":1}"
2026-10-03 21:23:14,+0300,3,T1,20,success,"{"total":20,"location_name":"T1 Shopping Mall","location_id":3}"
2026-10-03 21:23:14,+0300,9,Mustika,17,success,"{"total":17,"location_name":"Mustika","location_id":9}"
2026-10-03 21:23:14,+0300,10,Suur-Paala,1,success,"{"total":1,"location_name":"Suur-Paala","location_id":10}"
2026-10-03 21:23:14,+0300,1,Hipodroom,0,success,"{"total":0,"location_name":"Hipodroom (CLOSED)","location_id":1}"
2026-10-03 21:25:14,+0300,3,T1,18,success,"{"total":18,"location_name":"T1 Shopping Mall","location_id":3}"
2026-10-03 21:25:14,+0300,9,Mustika,17,success,"{"total":17,"location_name":"Mustika","location_id":9}"
2026-10-03 21:25:14,+0300,10,Suur-Paala,1,success,"{"total":1,"location_name":"Suur-Paala","location_id":10}"
2026-10-03 21:25:14,+0300,1,Hipodroom,0,success,"{"total":0,"location_name":"Hipodroom (CLOSED)","location_id":1}"
2026-10-03 21:27:15,+0300,3,T1,18,success,"{"total":18,"location_name":"T1 Shopping Mall","location_id":3}"
2026-10-03 21:27:15,+0300,9,Mustika,17,success,"{"total":17,"location_name":"Mustika","location_id":9}"
2026-10-03 21:27:15,+0300,10,Suur-Paala,1,success,"{"total":1,"location_name":"Suur-Paala","location_id":10}"
2026-10-03 21:27:15,+0300,1,Hipodroom,0,success,"{"total":0,"location_name":"Hipodroom (CLOSED)","location_id":1}"
2026-10-03 21:29:16,+0300,3,T1,18,success,"{"total":18,"location_name":"T1 Shopping Mall","location_id":3}"
2026-10-03 21:29:16,+0300,9,Mustika,17,success,"{"total":17,"location_name":"Mustika","location_id":9}"
2026-10-03 21:29:16,+0300,10,Suur-Paala,1,success,"{"total":1,"location_name":"Suur-Paala","location_id":10}"
2026-10-03 21:29:16,+0300,1,Hipodroom,0,success,"{"total":0,"location_name":"Hipodroom (CLOSED)","location_id":1}"
2026-10-03 21:31:16,+0300,3,T1,18,success,"{"total":18,"location_name":"T1 Shopping Mall","location_id":3}"
2026-10-03 21:31:16,+0300,9,Mustika,17,success,"{"total":17,"location_name":"Mustika","location_id":9}"
2026-10-03 21:31:16,+0300,10,Suur-Paala,1,success,"{"total":1,"location_name":"Suur-Paala","location_id":10}"
2026-10-03 21:31:16,+0300,1,Hipodroom,0,success,"{"total":0,"location_name":"Hipodroom (CLOSED)","location_id":1}"
2026-10-03 21:33:17,+0300,3,T1,18,success,"{"total":18,"location_name":"T1 Shopping Mall","location_id":3}"
2026-10-03 21:33:17,+0300,9,Mustika,17,success,"{"total":17,"location_name":"Mustika","location_id":9}"
2026-10-03 21:33:17,+0300,10,Suur-Paala,1,success,"{"total":1,"location_name":"Suur-Paala","location_id":10}"
2026-10-03 21:33:17,+0300,1,Hipodroom,0,success,"{"total":0,"location_name":"Hipodroom (CLOSED)","location_id":1}"
2026-10-03 21:35:18,+0300,3,T1,18,success,"{"total":18,"location_name":"T1 Shopping Mall","location_id":3}"
2026-10-03 21:35:18,+0300,9,Mustika,17,success,"{"total":17,"location_name":"Mustika","location_id":9}"
2026-10-03 21:35:18,+0300,10,Suur-Paala,1,success,"{"total":1,"location_name":"Suur-Paala","location_id":10}"
2026-10-03 21:35:18,+0300,1,Hipodroom,0,success,"{"total":0,"location_name":"Hipodroom (CLOSED)","location_id":1}"
2026-10-03 21:37:18,+0300,3,T1,16,success,"{"total":16,"location_name":"T1 Shopping Mall","location_id":3}"
2026-10-03 21:37:18,+0300,9,Mustika,16,success,"{"total":16,"location_name":"Mustika","location_id":9}"
2026-10-03 21:37:18,+0300,10,Suur-Paala,0,success,"{"total":0,"location_name":"Suur-Paala","location_id":10}"
2026-10-03 21:37:18,+0300,1,Hipodroom,0,success,"{"total":0,"location_name":"Hipodroom (CLOSED)","location_id":1}"
2026-10-03 21:39:19,+0300,3,T1,16,success,"{"total":16,"location_name":"T1 Shopping Mall","location_id":3}"
2026-10-03 21:39:19,+0300,9,Mustika,16,success,"{"total":16,"location_name":"Mustika","location_id":9}"
2026-10-03 21:39:19,+0300,10,Suur-Paala,0,success,"{"total":0,"location_name":"Suur-Paala","location_id":10}"
2026-10-03 21:39:19,+0300,1,Hipodroom,0,success,"{"total":0,"location_name":"Hipodroom (CLOSED)","location_id":1}"
2026-10-03 21:41:20,+0300,3,T1,16,success,"{"total":16,"location_name":"T1 Shopping Mall","location_id":3}"
2026-10-03 21:41:20,+0300,9,Mustika,16,success,"{"total":16,"location_name":"Mustika","location_id":9}"
2026-10-03 21:41:20,+0300,10,Suur-Paala,0,success,"{"total":0,"location_name":"Suur-Paala","location_id":10}"
2026-10-03 21:41:20,+0300,1,Hipodroom,0,success,"{"total":0,"location_name":"Hipodroom (CLOSED)","location_id":1}"
2026-10-03 21:43:20,+0300,3,T1,15,success,"{"total":15,"location_name":"T1 Shopping Mall","location_id":3}"
2026-10-03 21:43:20,+0300,9,Mustika,16,success,"{"total":16,"location_name":"Mustika","location_id":9}"
2026-10-03 21:43:20,+0300,10,Suur-Paala,0,success,"{"total":0,"location_name":"Suur-Paala","location_id":10}"
2026-10-03 21:43:20,+0300,1,Hipodroom,0,success,"{"total":0,"location_name":"Hipodroom (CLOSED)","location_id":1}"
2026-10-03 21:45:21,+0300,3,T1,15,success,"{"total":15,"location_name":"T1 Shopping Mall","location_id":3}"
2026-10-03 21:45:21,+0300,9,Mustika,16,success,"{"total":16,"location_name":"Mustika","location_id":9}"
2026-10-03 21:45:21,+0300,10,Suur-Paala,0,success,"{"total":0,"location_name":"Suur-Paala","location_id":10}"
2026-10-03 21:45:21,+0300,1,Hipodroom,0,success,"{"total":0,"location_name":"Hipodroom (CLOSED)","location_id":1}"
2026-10-03 21:47:21,+0300,3,T1,15,success,"{"total":15,"location_name":"T1 Shopping Mall","location_id":3}"
2026-10-03 21:47:21,+0300,9,Mustika,16,success,"{"total":16,"location_name":"Mustika","location_id":9}"
2026-10-03 21:47:21,+0300,10,Suur-Paala,0,success,"{"total":0,"location_name":"Suur-Paala","location_id":10}"
2026-10-03 21:47:21,+0300,1,Hipodroom,0,success,"{"total":0,"location_name":"Hipodroom (CLOSED)","location_id":1}"
2026-10-03 21:49:22,+0300,3,T1,15,success,"{"total":15,"location_name":"T1 Shopping Mall","location_id":3}"
2026-10-03 21:49:22,+0300,9,Mustika,15,success,"{"total":15,"location_name":"Mustika","location_id":9}"
2026-10-03 21:49:22,+0300,10,Suur-Paala,0,success,"{"total":0,"location_name":"Suur-Paala","location_id":10}"
2026-10-03 21:49:22,+0300,1,Hipodroom,0,success,"{"total":0,"location_name":"Hipodroom (CLOSED)","location_id":1}"
2026-10-03 21:51:22,+0300,3,T1,15,success,"{"total":15,"location_name":"T1 Shopping Mall","location_id":3}"
2026-10-03 21:51:22,+0300,9,Mustika,15,success,"{"total":15,"location_name":"Mustika","location_id":9}"
2026-10-03 21:51:22,+0300,10,Suur-Paala,0,success,"{"total":0,"location_name":"Suur-Paala","location_id":10}"
2026-10-03 21:51:22,+0300,1,Hipodroom,0,success,"{"total":0,"location_name":"Hipodroom (CLOSED)","location_id":1}"
2026-10-03 21:53:23,+0300,3,T1,15,success,"{"total":15,"location_name":"T1 Shopping Mall","location_id":3}"
2026-10-03 21:53:23,+0300,9,Mustika,15,success,"{"total":15,"location_name":"Mustika","location_id":9}"
2026-10-03 21:53:23,+0300,10,Suur-Paala,0,success,"{"total":0,"location_name":"Suur-Paala","location_id":10}"
2026-10-03 21:53:23,+0300,1,Hipodroom,0,success,"{"total":0,"location_name":"Hipodroom (CLOSED)","location_id":1}"
2026-10-03 21:55:23,+0300,3,T1,13,success,"{"total":13,"location_name":"T1 Shopping Mall","location_id":3}"
2026-10-03 21:55:23,+0300,9,Mustika,15,success,"{"total":15,"location_name":"Mustika","location_id":9}"
2026-10-03 21:55:23,+0300,10,Suur-Paala,0,success,"{"total":0,"location_name":"Suur-Paala","location_id":10}"
2026-10-03 21:55:23,+0300,1,Hipodroom,0,success,"{"total":0,"location_name":"Hipodroom (CLOSED)","location_id":1}"
2026-10-03 21:57:24,+0300,3,T1,13,success,"{"total":13,"location_name":"T1 Shopping Mall","location_id":3}"
2026-10-03 21:57:24,+0300,9,Mustika,15,success,"{"total":15,"location_name":"Mustika","location_id":9}"
2026-10-03 21:57:24,+0300,10,Suur-Paala,0,success,"{"total":0,"location_name":"Suur-Paala","location_id":10}"
2026-10-03 21:57:24,+0300,1,Hipodroom,0,success,"{"total":0,"location_name":"Hipodroom (CLOSED)","location_id":1}"
2026-10-03 21:59:25,+0300,3,T1,13,success,"{"total":13,"location_name":"T1 Shopping Mall","location_id":3}"
2026-10-03 21:59:25,+0300,9,Mustika,15,success,"{"total":15,"location_name":"Mustika","location_id":9}"
2026-10-03 21:59:25,+0300,10,Suur-Paala,0,success,"{"total":0,"location_name":"Suur-Paala","location_id":10}"
2026-10-03 21:59:25,+0300,1,Hipodroom,0,success,"{"total":0,"location_name":"Hipodroom (CLOSED)","location_id":1}"
2026-10-03 22:01:25,+0300,3,T1,14,success,"{"total":14,"location_name":"T1 Shopping Mall","location_id":3}"
2026-10-03 22:01:25,+0300,9,Mustika,15,success,"{"total":15,"location_name":"Mustika","location_id":9}"
2026-10-03 22:01:25,+0300,10,Suur-Paala,0,success,"{"total":0,"location_name":"Suur-Paala","location_id":10}"
2026-10-03 22:01:25,+0300,1,Hipodroom,0,success,"{"total":0,"location_name":"Hipodroom (CLOSED)","location_id":1}"
2026-10-03 22:03:26,+0300,3,T1,14,success,"{"total":14,"location_name":"T1 Shopping Mall","location_id":3}"
2026-10-03 22:03:26,+0300,9,Mustika,15,success,"{"total":15,"location_name":"Mustika","location_id":9}"
2026-10-03 22:03:26,+0300,10,Suur-Paala,0,success,"{"total":0,"location_name":"Suur-Paala","location_id":10}"
2026-10-03 22:03:26,+0300,1,Hipodroom,0,success,"{"total":0,"location_name":"Hipodroom (CLOSED)","location_id":1}"
2026-10-03 22:05:26,+0300,3,T1,14,success,"{"total":14,"location_name":"T1 Shopping Mall","location_id":3}"
2026-10-03 22:05:26,+0300,9,Mustika,15,success,"{"total":15,"location_name":"Mustika","location_id":9}"
2026-10-03 22:05:26,+0300,10,Suur-Paala,0,success,"{"total":0,"location_name":"Suur-Paala","location_id":10}"
2026-10-03 22:05:26,+0300,1,Hipodroom,0,success,"{"total":0,"location_name":"Hipodroom (CLOSED)","location_id":1}"
2026-10-03 22:07:27,+0300,3,T1,13,success,"{"total":13,"location_name":"T1 Shopping Mall","location_id":3}"
2026-10-03 22:07:27,+0300,9,Mustika,14,success,"{"total":14,"location_name":"Mustika","location_id":9}"
2026-10-03 22:07:27,+0300,10,Suur-Paala,0,success,"{"total":0,"location_name":"Suur-Paala","location_id":10}"
2026-10-03 22:07:27,+0300,1,Hipodroom,0,success,"{"total":0,"location_name":"Hipodroom (CLOSED)","location_id":1}"
2026-10-03 22:09:28,+0300,3,T1,13,success,"{"total":13,"location_name":"T1 Shopping Mall","location_id":3}"
2026-10-03 22:09:28,+0300,9,Mustika,14,success,"{"total":14,"location_name":"Mustika","location_id":9}"
2026-10-03 22:09:28,+0300,10,Suur-Paala,0,success,"{"total":0,"location_name":"Suur-Paala","location_id":10}"
2026-10-03 22:09:28,+0300,1,Hipodroom,0,success,"{"total":0,"location_name":"Hipodroom (CLOSED)","location_id":1}"
2026-10-03 22:11:28,+0300,3,T1,13,success,"{"total":13,"location_name":"T1 Shopping Mall","location_id":3}"
2026-10-03 22:11:28,+0300,9,Mustika,14,success,"{"total":14,"location_name":"Mustika","location_id":9}"
2026-10-03 22:11:28,+0300,10,Suur-Paala,0,success,"{"total":0,"location_name":"Suur-Paala","location_id":10}"
2026-10-03 22:11:28,+0300,1,Hipodroom,0,success,"{"total":0,"location_name":"Hipodroom (CLOSED)","location_id":1}"
2026-10-03 22:13:29,+0300,3,T1,10,success,"{"total":10,"location_name":"T1 Shopping Mall","location_id":3}"
2026-10-03 22:13:29,+0300,9,Mustika,14,success,"{"total":14,"location_name":"Mustika","location_id":9}"
2026-10-03 22:13:29,+0300,10,Suur-Paala,0,success,"{"total":0,"location_name":"Suur-Paala","location_id":10}"
2026-10-03 22:13:29,+0300,1,Hipodroom,0,success,"{"total":0,"location_name":"Hipodroom (CLOSED)","location_id":1}"
2026-10-03 22:15:29,+0300,3,T1,10,success,"{"total":10,"location_name":"T1 Shopping Mall","location_id":3}"
2026-10-03 22:15:29,+0300,9,Mustika,14,success,"{"total":14,"location_name":"Mustika","location_id":9}"
2026-10-03 22:15:29,+0300,10,Suur-Paala,0,success,"{"total":0,"location_name":"Suur-Paala","location_id":10}"
2026-10-03 22:15:29,+0300,1,Hipodroom,0,success,"{"total":0,"location_name":"Hipodroom (CLOSED)","location_id":1}"
2026-10-03 22:17:30,+0300,3,T1,10,success,"{"total":10,"location_name":"T1 Shopping Mall","location_id":3}"
2026-10-03 22:17:30,+0300,9,Mustika,14,success,"{"total":14,"location_name":"Mustika","location_id":9}"
2026-10-03 22:17:30,+0300,10,Suur-Paala,0,success,"{"total":0,"location_name":"Suur-Paala","location_id":10}"
2026-10-03 22:17:30,+0300,1,Hipodroom,0,success,"{"total":0,"location_name":"Hipodroom (CLOSED)","location_id":1}"
2026-10-03 22:19:30,+0300,3,T1,10,success,"{"total":10,"location_name":"T1 Shopping Mall","location_id":3}"
2026-10-03 22:19:30,+0300,9,Mustika,13,success,"{"total":13,"location_name":"Mustika","location_id":9}"
2026-10-03 22:19:30,+0300,10,Suur-Paala,0,success,"{"total":0,"location_name":"Suur-Paala","location_id":10}"
2026-10-03 22:19:30,+0300,1,Hipodroom,0,success,"{"total":0,"location_name":"Hipodroom (CLOSED)","location_id":1}"
2026-10-03 22:21:31,+0300,3,T1,10,success,"{"total":10,"location_name":"T1 Shopping Mall","location_id":3}"
2026-10-03 22:21:31,+0300,9,Mustika,13,success,"{"total":13,"location_name":"Mustika","location_id":9}"
2026-10-03 22:21:31,+0300,10,Suur-Paala,0,success,"{"total":0,"location_name":"Suur-Paala","location_id":10}"
2026-10-03 22:21:31,+0300,1,Hipodroom,0,success,"{"total":0,"location_name":"Hipodroom (CLOSED)","location_id":1}"
2026-10-03 22:23:32,+0300,3,T1,10,success,"{"total":10,"location_name":"T1 Shopping Mall","location_id":3}"
2026-10-03 22:23:32,+0300,9,Mustika,13,success,"{"total":13,"location_name":"Mustika","location_id":9}"
2026-10-03 22:23:32,+0300,10,Suur-Paala,0,success,"{"total":0,"location_name":"Suur-Paala","location_id":10}"
2026-10-03 22:23:32,+0300,1,Hipodroom,0,success,"{"total":0,"location_name":"Hipodroom (CLOSED)","location_id":1}"
2026-10-03 22:25:32,+0300,3,T1,11,success,"{"total":11,"location_name":"T1 Shopping Mall","location_id":3}"
2026-10-03 22:25:32,+0300,9,Mustika,13,success,"{"total":13,"location_name":"Mustika","location_id":9}"
2026-10-03 22:25:32,+0300,10,Suur-Paala,0,success,"{"total":0,"location_name":"Suur-Paala","location_id":10}"
2026-10-03 22:25:32,+0300,1,Hipodroom,0,success,"{"total":0,"location_name":"Hipodroom (CLOSED)","location_id":1}"
2026-10-03 22:27:33,+0300,3,T1,11,success,"{"total":11,"location_name":"T1 Shopping Mall","location_id":3}"
2026-10-03 22:27:33,+0300,9,Mustika,13,success,"{"total":13,"location_name":"Mustika","location_id":9}"
2026-10-03 22:27:33,+0300,10,Suur-Paala,0,success,"{"total":0,"location_name":"Suur-Paala","location_id":10}"
2026-10-03 22:27:33,+0300,1,Hipodroom,0,success,"{"total":0,"location_name":"Hipodroom (CLOSED)","location_id":1}"
2026-10-03 22:29:33,+0300,3,T1,11,success,"{"total":11,"location_name":"T1 Shopping Mall","location_id":3}"
2026-10-03 22:29:33,+0300,9,Mustika,13,success,"{"total":13,"location_name":"Mustika","location_id":9}"
2026-10-03 22:29:33,+0300,10,Suur-Paala,0,success,"{"total":0,"location_name":"Suur-Paala","location_id":10}"
2026-10-03 22:29:33,+0300,1,Hipodroom,0,success,"{"total":0,"location_name":"Hipodroom (CLOSED)","location_id":1}"
2026-10-03 22:31:34,+0300,3,T1,11,success,"{"total":11,"location_name":"T1 Shopping Mall","location_id":3}"
2026-10-03 22:31:34,+0300,9,Mustika,9,success,"{"total":9,"location_name":"Mustika","location_id":9}"
2026-10-03 22:31:34,+0300,10,Suur-Paala,0,success,"{"total":0,"location_name":"Suur-Paala","location_id":10}"
2026-10-03 22:31:34,+0300,1,Hipodroom,0,success,"{"total":0,"location_name":"Hipodroom (CLOSED)","location_id":1}"
2026-10-03 22:33:35,+0300,3,T1,11,success,"{"total":11,"location_name":"T1 Shopping Mall","location_id":3}"
2026-10-03 22:33:35,+0300,9,Mustika,9,success,"{"total":9,"location_name":"Mustika","location_id":9}"
2026-10-03 22:33:35,+0300,10,Suur-Paala,0,success,"{"total":0,"location_name":"Suur-Paala","location_id":10}"
2026-10-03 22:33:35,+0300,1,Hipodroom,0,success,"{"total":0,"location_name":"Hipodroom (CLOSED)","location_id":1}"
2026-10-03 22:35:35,+0300,3,T1,11,success,"{"total":11,"location_name":"T1 Shopping Mall","location_id":3}"
2026-10-03 22:35:35,+0300,9,Mustika,9,success,"{"total":9,"location_name":"Mustika","location_id":9}"
2026-10-03 22:35:35,+0300,10,Suur-Paala,0,success,"{"total":0,"location_name":"Suur-Paala","location_id":10}"
2026-10-03 22:35:35,+0300,1,Hipodroom,0,success,"{"total":0,"location_name":"Hipodroom (CLOSED)","location_id":1}"
2026-10-03 22:37:36,+0300,3,T1,11,success,"{"total":11,"location_name":"T1 Shopping Mall","location_id":3}"
2026-10-03 22:37:36,+0300,9,Mustika,9,success,"{"total":9,"location_name":"Mustika","location_id":9}"
2026-10-03 22:37:36,+0300,10,Suur-Paala,0,success,"{"total":0,"location_name":"Suur-Paala","location_id":10}"
2026-10-03 22:37:36,+0300,1,Hipodroom,0,success,"{"total":0,"location_name":"Hipodroom (CLOSED)","location_id":1}"
2026-10-03 22:39:36,+0300,3,T1,11,success,"{"total":11,"location_name":"T1 Shopping Mall","location_id":3}"
2026-10-03 22:39:36,+0300,9,Mustika,9,success,"{"total":9,"location_name":"Mustika","location_id":9}"
2026-10-03 22:39:36,+0300,10,Suur-Paala,0,success,"{"total":0,"location_name":"Suur-Paala","location_id":10}"
2026-10-03 22:39:36,+0300,1,Hipodroom,0,success,"{"total":0,"location_name":"Hipodroom (CLOSED)","location_id":1}"
2026-10-03 22:41:37,+0300,3,T1,11,success,"{"total":11,"location_name":"T1 Shopping Mall","location_id":3}"
2026-10-03 22:41:37,+0300,9,Mustika,9,success,"{"total":9,"location_name":"Mustika","location_id":9}"
2026-10-03 22:41:37,+0300,10,Suur-Paala,0,success,"{"total":0,"location_name":"Suur-Paala","location_id":10}"
2026-10-03 22:41:37,+0300,1,Hipodroom,0,success,"{"total":0,"location_name":"Hipodroom (CLOSED)","location_id":1}"
2026-10-03 22:43:38,+0300,3,T1,9,success,"{"total":9,"location_name":"T1 Shopping Mall","location_id":3}"
2026-10-03 22:43:38,+0300,9,Mustika,6,success,"{"total":6,"location_name":"Mustika","location_id":9}"
2026-10-03 22:43:38,+0300,10,Suur-Paala,0,success,"{"total":0,"location_name":"Suur-Paala","location_id":10}"
2026-10-03 22:43:38,+0300,1,Hipodroom,0,success,"{"total":0,"location_name":"Hipodroom (CLOSED)","location_id":1}"
2026-10-03 22:45:38,+0300,3,T1,9,success,"{"total":9,"location_name":"T1 Shopping Mall","location_id":3}"
2026-10-03 22:45:38,+0300,9,Mustika,6,success,"{"total":6,"location_name":"Mustika","location_id":9}"
2026-10-03 22:45:38,+0300,10,Suur-Paala,0,success,"{"total":0,"location_name":"Suur-Paala","location_id":10}"
2026-10-03 22:45:38,+0300,1,Hipodroom,0,success,"{"total":0,"location_name":"Hipodroom (CLOSED)","location_id":1}"
2026-10-03 22:47:39,+0300,3,T1,9,success,"{"total":9,"location_name":"T1 Shopping Mall","location_id":3}"
2026-10-03 22:47:39,+0300,9,Mustika,6,success,"{"total":6,"location_name":"Mustika","location_id":9}"
2026-10-03 22:47:39,+0300,10,Suur-Paala,0,success,"{"total":0,"location_name":"Suur-Paala","location_id":10}"
2026-10-03 22:47:39,+0300,1,Hipodroom,0,success,"{"total":0,"location_name":"Hipodroom (CLOSED)","location_id":1}"
2026-10-03 22:49:39,+0300,3,T1,11,success,"{"total":11,"location_name":"T1 Shopping Mall","location_id":3}"
2026-10-03 22:49:39,+0300,9,Mustika,5,success,"{"total":5,"location_name":"Mustika","location_id":9}"
2026-10-03 22:49:39,+0300,10,Suur-Paala,0,success,"{"total":0,"location_name":"Suur-Paala","location_id":10}"
2026-10-03 22:49:39,+0300,1,Hipodroom,0,success,"{"total":0,"location_name":"Hipodroom (CLOSED)","location_id":1}"
2026-10-03 22:51:40,+0300,3,T1,11,success,"{"total":11,"location_name":"T1 Shopping Mall","location_id":3}"
2026-10-03 22:51:40,+0300,9,Mustika,5,success,"{"total":5,"location_name":"Mustika","location_id":9}"
2026-10-03 22:51:40,+0300,10,Suur-Paala,0,success,"{"total":0,"location_name":"Suur-Paala","location_id":10}"
2026-10-03 22:51:40,+0300,1,Hipodroom,0,success,"{"total":0,"location_name":"Hipodroom (CLOSED)","location_id":1}"
2026-10-03 22:53:41,+0300,3,T1,11,success,"{"total":11,"location_name":"T1 Shopping Mall","location_id":3}"
2026-10-03 22:53:41,+0300,9,Mustika,5,success,"{"total":5,"location_name":"Mustika","location_id":9}"
2026-10-03 22:53:41,+0300,10,Suur-Paala,0,success,"{"total":0,"location_name":"Suur-Paala","location_id":10}"
2026-10-03 22:53:41,+0300,1,Hipodroom,0,success,"{"total":0,"location_name":"Hipodroom (CLOSED)","location_id":1}"
2026-10-03 22:55:41,+0300,3,T1,10,success,"{"total":10,"location_name":"T1 Shopping Mall","location_id":3}"
2026-10-03 22:55:41,+0300,9,Mustika,4,success,"{"total":4,"location_name":"Mustika","location_id":9}"
2026-10-03 22:55:41,+0300,10,Suur-Paala,0,success,"{"total":0,"location_name":"Suur-Paala","location_id":10}"
2026-10-03 22:55:41,+0300,1,Hipodroom,0,success,"{"total":0,"location_name":"Hipodroom (CLOSED)","location_id":1}"
2026-10-03 22:57:42,+0300,3,T1,10,success,"{"total":10,"location_name":"T1 Shopping Mall","location_id":3}"
2026-10-03 22:57:42,+0300,9,Mustika,4,success,"{"total":4,"location_name":"Mustika","location_id":9}"
2026-10-03 22:57:42,+0300,10,Suur-Paala,0,success,"{"total":0,"location_name":"Suur-Paala","location_id":10}"
2026-10-03 22:57:42,+0300,1,Hipodroom,0,success,"{"total":0,"location_name":"Hipodroom (CLOSED)","location_id":1}"
2026-10-03 22:59:42,+0300,3,T1,10,success,"{"total":10,"location_name":"T1 Shopping Mall","location_id":3}"
2026-10-03 22:59:42,+0300,9,Mustika,4,success,"{"total":4,"location_name":"Mustika","location_id":9}"
2026-10-03 22:59:42,+0300,10,Suur-Paala,0,success,"{"total":0,"location_name":"Suur-Paala","location_id":10}"
2026-10-03 22:59:42,+0300,1,Hipodroom,0,success,"{"total":0,"location_name":"Hipodroom (CLOSED)","location_id":1}"
2026-10-03 23:01:43,+0300,3,T1,8,success,"{"total":8,"location_name":"T1 Shopping Mall","location_id":3}"
2026-10-03 23:01:43,+0300,9,Mustika,4,success,"{"total":4,"location_name":"Mustika","location_id":9}"
2026-10-03 23:01:43,+0300,10,Suur-Paala,0,success,"{"total":0,"location_name":"Suur-Paala","location_id":10}"
2026-10-03 23:01:43,+0300,1,Hipodroom,0,success,"{"total":0,"location_name":"Hipodroom (CLOSED)","location_id":1}"
2026-10-03 23:03:44,+0300,3,T1,8,success,"{"total":8,"location_name":"T1 Shopping Mall","location_id":3}"
2026-10-03 23:03:44,+0300,9,Mustika,4,success,"{"total":4,"location_name":"Mustika","location_id":9}"
2026-10-03 23:03:44,+0300,10,Suur-Paala,0,success,"{"total":0,"location_name":"Suur-Paala","location_id":10}"
2026-10-03 23:03:44,+0300,1,Hipodroom,0,success,"{"total":0,"location_name":"Hipodroom (CLOSED)","location_id":1}"
2026-10-03 23:05:44,+0300,3,T1,8,success,"{"total":8,"location_name":"T1 Shopping Mall","location_id":3}"
2026-10-03 23:05:44,+0300,9,Mustika,4,success,"{"total":4,"location_name":"Mustika","location_id":9}"
2026-10-03 23:05:44,+0300,10,Suur-Paala,0,success,"{"total":0,"location_name":"Suur-Paala","location_id":10}"
2026-10-03 23:05:44,+0300,1,Hipodroom,0,success,"{"total":0,"location_name":"Hipodroom (CLOSED)","location_id":1}"
2026-10-03 23:07:45,+0300,3,T1,7,success,"{"total":7,"location_name":"T1 Shopping Mall","location_id":3}"
2026-10-03 23:07:45,+0300,9,Mustika,4,success,"{"total":4,"location_name":"Mustika","location_id":9}"
2026-10-03 23:07:45,+0300,10,Suur-Paala,0,success,"{"total":0,"location_name":"Suur-Paala","location_id":10}"
2026-10-03 23:07:45,+0300,1,Hipodroom,0,success,"{"total":0,"location_name":"Hipodroom (CLOSED)","location_id":1}"
2026-10-03 23:09:45,+0300,3,T1,7,success,"{"total":7,"location_name":"T1 Shopping Mall","location_id":3}"
2026-10-03 23:09:45,+0300,9,Mustika,4,success,"{"total":4,"location_name":"Mustika","location_id":9}"
2026-10-03 23:09:45,+0300,10,Suur-Paala,0,success,"{"total":0,"location_name":"Suur-Paala","location_id":10}"
2026-10-03 23:09:45,+0300,1,Hipodroom,0,success,"{"total":0,"location_name":"Hipodroom (CLOSED)","location_id":1}"
2026-10-03 23:11:46,+0300,3,T1,7,success,"{"total":7,"location_name":"T1 Shopping Mall","location_id":3}"
2026-10-03 23:11:46,+0300,9,Mustika,4,success,"{"total":4,"location_name":"Mustika","location_id":9}"
2026-10-03 23:11:46,+0300,10,Suur-Paala,0,success,"{"total":0,"location_name":"Suur-Paala","location_id":10}"
2026-10-03 23:11:46,+0300,1,Hipodroom,0,success,"{"total":0,"location_name":"Hipodroom (CLOSED)","location_id":1}"
2026-10-03 23:13:46,+0300,3,T1,7,success,"{"total":7,"location_name":"T1 Shopping Mall","location_id":3}"
2026-10-03 23:13:46,+0300,9,Mustika,4,success,"{"total":4,"location_name":"Mustika","location_id":9}"
2026-10-03 23:13:46,+0300,10,Suur-Paala,0,success,"{"total":0,"location_name":"Suur-Paala","location_id":10}"
2026-10-03 23:13:46,+0300,1,Hipodroom,0,success,"{"total":0,"location_name":"Hipodroom (CLOSED)","location_id":1}"
2026-10-03 23:15:47,+0300,3,T1,7,success,"{"total":7,"location_name":"T1 Shopping Mall","location_id":3}"
2026-10-03 23:15:47,+0300,9,Mustika,4,success,"{"total":4,"location_name":"Mustika","location_id":9}"
2026-10-03 23:15:47,+0300,10,Suur-Paala,0,success,"{"total":0,"location_name":"Suur-Paala","location_id":10}"
2026-10-03 23:15:47,+0300,1,Hipodroom,0,success,"{"total":0,"location_name":"Hipodroom (CLOSED)","location_id":1}"
2026-10-03 23:17:47,+0300,3,T1,7,success,"{"total":7,"location_name":"T1 Shopping Mall","location_id":3}"
2026-10-03 23:17:47,+0300,9,Mustika,4,success,"{"total":4,"location_name":"Mustika","location_id":9}"
2026-10-03 23:17:47,+0300,10,Suur-Paala,0,success,"{"total":0,"location_name":"Suur-Paala","location_id":10}"
2026-10-03 23:17:47,+0300,1,Hipodroom,0,success,"{"total":0,"location_name":"Hipodroom (CLOSED)","location_id":1}"
2026-10-03 23:19:48,+0300,3,T1,7,success,"{"total":7,"location_name":"T1 Shopping Mall","location_id":3}"
2026-10-03 23:19:48,+0300,9,Mustika,2,success,"{"total":2,"location_name":"Mustika","location_id":9}"
2026-10-03 23:19:48,+0300,10,Suur-Paala,0,success,"{"total":0,"location_name":"Suur-Paala","location_id":10}"
2026-10-03 23:19:48,+0300,1,Hipodroom,0,success,"{"total":0,"location_name":"Hipodroom (CLOSED)","location_id":1}"
2026-10-03 23:21:49,+0300,3,T1,7,success,"{"total":7,"location_name":"T1 Shopping Mall","location_id":3}"
2026-10-03 23:21:49,+0300,9,Mustika,2,success,"{"total":2,"location_name":"Mustika","location_id":9}"
2026-10-03 23:21:49,+0300,10,Suur-Paala,0,success,"{"total":0,"location_name":"Suur-Paala","location_id":10}"
2026-10-03 23:21:49,+0300,1,Hipodroom,0,success,"{"total":0,"location_name":"Hipodroom (CLOSED)","location_id":1}"
2026-10-03 23:23:49,+0300,3,T1,7,success,"{"total":7,"location_name":"T1 Shopping Mall","location_id":3}"
2026-10-03 23:23:49,+0300,9,Mustika,2,success,"{"total":2,"location_name":"Mustika","location_id":9}"
2026-10-03 23:23:49,+0300,10,Suur-Paala,0,success,"{"total":0,"location_name":"Suur-Paala","location_id":10}"
2026-10-03 23:23:49,+0300,1,Hipodroom,0,success,"{"total":0,"location_name":"Hipodroom (CLOSED)","location_id":1}"
2026-10-03 23:25:50,+0300,3,T1,7,success,"{"total":7,"location_name":"T1 Shopping Mall","location_id":3}"
2026-10-03 23:25:50,+0300,9,Mustika,2,success,"{"total":2,"location_name":"Mustika","location_id":9}"
2026-10-03 23:25:50,+0300,10,Suur-Paala,0,success,"{"total":0,"location_name":"Suur-Paala","location_id":10}"
2026-10-03 23:25:50,+0300,1,Hipodroom,0,success,"{"total":0,"location_name":"Hipodroom (CLOSED)","location_id":1}"
2026-10-03 23:27:50,+0300,3,T1,7,success,"{"total":7,"location_name":"T1 Shopping Mall","location_id":3}"
2026-10-03 23:27:50,+0300,9,Mustika,2,success,"{"total":2,"location_name":"Mustika","location_id":9}"
2026-10-03 23:27:50,+0300,10,Suur-Paala,0,success,"{"total":0,"location_name":"Suur-Paala","location_id":10}"
2026-10-03 23:27:50,+0300,1,Hipodroom,0,success,"{"total":0,"location_name":"Hipodroom (CLOSED)","location_id":1}"
2026-10-03 23:29:51,+0300,3,T1,7,success,"{"total":7,"location_name":"T1 Shopping Mall","location_id":3}"
2026-10-03 23:29:51,+0300,9,Mustika,2,success,"{"total":2,"location_name":"Mustika","location_id":9}"
2026-10-03 23:29:51,+0300,10,Suur-Paala,0,success,"{"total":0,"location_name":"Suur-Paala","location_id":10}"
2026-10-03 23:29:51,+0300,1,Hipodroom,0,success,"{"total":0,"location_name":"Hipodroom (CLOSED)","location_id":1}"
2026-10-03 23:31:52,+0300,3,T1,6,success,"{"total":6,"location_name":"T1 Shopping Mall","location_id":3}"
2026-10-03 23:31:52,+0300,9,Mustika,2,success,"{"total":2,"location_name":"Mustika","location_id":9}"
2026-10-03 23:31:52,+0300,10,Suur-Paala,0,success,"{"total":0,"location_name":"Suur-Paala","location_id":10}"
2026-10-03 23:31:52,+0300,1,Hipodroom,0,success,"{"total":0,"location_name":"Hipodroom (CLOSED)","location_id":1}"
2026-10-03 23:33:52,+0300,3,T1,6,success,"{"total":6,"location_name":"T1 Shopping Mall","location_id":3}"
2026-10-03 23:33:52,+0300,9,Mustika,2,success,"{"total":2,"location_name":"Mustika","location_id":9}"
2026-10-03 23:33:52,+0300,10,Suur-Paala,0,success,"{"total":0,"location_name":"Suur-Paala","location_id":10}"
2026-10-03 23:33:52,+0300,1,Hipodroom,0,success,"{"total":0,"location_name":"Hipodroom (CLOSED)","location_id":1}"
2026-10-03 23:35:53,+0300,3,T1,6,success,"{"total":6,"location_name":"T1 Shopping Mall","location_id":3}"
2026-10-03 23:35:53,+0300,9,Mustika,2,success,"{"total":2,"location_name":"Mustika","location_id":9}"
2026-10-03 23:35:53,+0300,10,Suur-Paala,0,success,"{"total":0,"location_name":"Suur-Paala","location_id":10}"
2026-10-03 23:35:53,+0300,1,Hipodroom,0,success,"{"total":0,"location_name":"Hipodroom (CLOSED)","location_id":1}"
2026-10-03 23:37:54,+0300,3,T1,5,success,"{"total":5,"location_name":"T1 Shopping Mall","location_id":3}"
2026-10-03 23:37:54,+0300,9,Mustika,1,success,"{"total":1,"location_name":"Mustika","location_id":9}"
2026-10-03 23:37:54,+0300,10,Suur-Paala,0,success,"{"total":0,"location_name":"Suur-Paala","location_id":10}"
2026-10-03 23:37:54,+0300,1,Hipodroom,0,success,"{"total":0,"location_name":"Hipodroom (CLOSED)","location_id":1}"
2026-10-03 23:39:54,+0300,3,T1,5,success,"{"total":5,"location_name":"T1 Shopping Mall","location_id":3}"
2026-10-03 23:39:54,+0300,9,Mustika,1,success,"{"total":1,"location_name":"Mustika","location_id":9}"
2026-10-03 23:39:54,+0300,10,Suur-Paala,0,success,"{"total":0,"location_name":"Suur-Paala","location_id":10}"
2026-10-03 23:39:54,+0300,1,Hipodroom,0,success,"{"total":0,"location_name":"Hipodroom (CLOSED)","location_id":1}"
2026-10-03 23:41:55,+0300,3,T1,5,success,"{"total":5,"location_name":"T1 Shopping Mall","location_id":3}"
2026-10-03 23:41:55,+0300,9,Mustika,1,success,"{"total":1,"location_name":"Mustika","location_id":9}"
2026-10-03 23:41:55,+0300,10,Suur-Paala,0,success,"{"total":0,"location_name":"Suur-Paala","location_id":10}"
2026-10-03 23:41:55,+0300,1,Hipodroom,0,success,"{"total":0,"location_name":"Hipodroom (CLOSED)","location_id":1}"
2026-10-03 23:43:55,+0300,3,T1,5,success,"{"total":5,"location_name":"T1 Shopping Mall","location_id":3}"
2026-10-03 23:43:55,+0300,9,Mustika,1,success,"{"total":1,"location_name":"Mustika","location_id":9}"
2026-10-03 23:43:55,+0300,10,Suur-Paala,0,success,"{"total":0,"location_name":"Suur-Paala","location_id":10}"
2026-10-03 23:43:55,+0300,1,Hipodroom,0,success,"{"total":0,"location_name":"Hipodroom (CLOSED)","location_id":1}"
2026-10-03 23:45:56,+0300,3,T1,5,success,"{"total":5,"location_name":"T1 Shopping Mall","location_id":3}"
2026-10-03 23:45:56,+0300,9,Mustika,1,success,"{"total":1,"location_name":"Mustika","location_id":9}"
2026-10-03 23:45:56,+0300,10,Suur-Paala,0,success,"{"total":0,"location_name":"Suur-Paala","location_id":10}"
2026-10-03 23:45:56,+0300,1,Hipodroom,0,success,"{"total":0,"location_name":"Hipodroom (CLOSED)","location_id":1}"
2026-10-03 23:47:56,+0300,3,T1,5,success,"{"total":5,"location_name":"T1 Shopping Mall","location_id":3}"
2026-10-03 23:47:56,+0300,9,Mustika,1,success,"{"total":1,"location_name":"Mustika","location_id":9}"
2026-10-03 23:47:56,+0300,10,Suur-Paala,0,success,"{"total":0,"location_name":"Suur-Paala","location_id":10}"
2026-10-03 23:47:56,+0300,1,Hipodroom,0,success,"{"total":0,"location_name":"Hipodroom (CLOSED)","location_id":1}"
2026-10-03 23:49:57,+0300,3,T1,5,success,"{"total":5,"location_name":"T1 Shopping Mall","location_id":3}"
2026-10-03 23:49:57,+0300,9,Mustika,1,success,"{"total":1,"location_name":"Mustika","location_id":9}"
2026-10-03 23:49:57,+0300,10,Suur-Paala,0,success,"{"total":0,"location_name":"Suur-Paala","location_id":10}"
2026-10-03 23:49:57,+0300,1,Hipodroom,0,success,"{"total":0,"location_name":"Hipodroom (CLOSED)","location_id":1}"
2026-10-03 23:51:58,+0300,3,T1,5,success,"{"total":5,"location_name":"T1 Shopping Mall","location_id":3}"
2026-10-03 23:51:58,+0300,9,Mustika,1,success,"{"total":1,"location_name":"Mustika","location_id":9}"
2026-10-03 23:51:58,+0300,10,Suur-Paala,0,success,"{"total":0,"location_name":"Suur-Paala","location_id":10}"
2026-10-03 23:51:58,+0300,1,Hipodroom,0,success,"{"total":0,"location_name":"Hipodroom (CLOSED)","location_id":1}"
2026-10-03 23:53:58,+0300,3,T1,5,success,"{"total":5,"location_name":"T1 Shopping Mall","location_id":3}"
2026-10-03 23:53:58,+0300,9,Mustika,1,success,"{"total":1,"location_name":"Mustika","location_id":9}"
2026-10-03 23:53:58,+0300,10,Suur-Paala,0,success,"{"total":0,"location_name":"Suur-Paala","location_id":10}"
2026-10-03 23:53:58,+0300,1,Hipodroom,0,success,"{"total":0,"location_name":"Hipodroom (CLOSED)","location_id":1}"
2026-10-03 23:55:59,+0300,3,T1,5,success,"{"total":5,"location_name":"T1 Shopping Mall","location_id":3}"
2026-10-03 23:55:59,+0300,9,Mustika,0,success,"{"total":0,"location_name":"Mustika","location_id":9}"
2026-10-03 23:55:59,+0300,10,Suur-Paala,0,success,"{"total":0,"location_name":"Suur-Paala","location_id":10}"
2026-10-03 23:55:59,+0300,1,Hipodroom,0,success,"{"total":0,"location_name":"Hipodroom (CLOSED)","location_id":1}"
2026-10-03 23:57:59,+0300,3,T1,5,success,"{"total":5,"location_name":"T1 Shopping Mall","location_id":3}"
2026-10-03 23:57:59,+0300,9,Mustika,0,success,"{"total":0,"location_name":"Mustika","location_id":9}"
2026-10-03 23:57:59,+0300,10,Suur-Paala,0,success,"{"total":0,"location_name":"Suur-Paala","location_id":10}"
2026-10-03 23:57:59,+0300,1,Hipodroom,0,success,"{"total":0,"location_name":"Hipodroom (CLOSED)","location_id":1}"
