timestamp,timezone,location_id,location_name,user_count,status,response
2026-09-11 00:00:21,CEST,1,Hipodroom,1,success,"{"total":1,"location_name":"Hipodroom","location_id":1}"
2026-09-11 00:00:21,CEST,3,T1,1,success,"{"total":1,"location_name":"T1 Shopping Mall","location_id":3}"
2026-09-11 00:00:21,CEST,9,Mustika,0,success,"{"total":0,"location_name":"Mustika","location_id":9}"
2026-09-11 00:00:21,CEST,10,Suur-Paala,0,success,"{"total":0,"location_name":"Suur-Paala","location_id":10}"
2026-09-11 00:02:22,CEST,1,Hipodroom,1,success,"{"total":1,"location_name":"Hipodroom","location_id":1}"
2026-09-11 00:02:22,CEST,3,T1,1,success,"{"total":1,"location_name":"T1 Shopping Mall","location_id":3}"
2026-09-11 00:02:22,CEST,9,Mustika,0,success,"{"total":0,"location_name":"Mustika","location_id":9}"
2026-09-11 00:02:22,CEST,10,Suur-Paala,0,success,"{"total":0,"location_name":"Suur-Paala","location_id":10}"
2026-09-11 00:04:23,CEST,1,Hipodroom,1,success,"{"total":1,"location_name":"Hipodroom","location_id":1}"
2026-09-11 00:04:23,CEST,3,T1,1,success,"{"total":1,"location_name":"T1 Shopping Mall","location_id":3}"
2026-09-11 00:04:23,CEST,9,Mustika,0,success,"{"total":0,"location_name":"Mustika","location_id":9}"
2026-09-11 00:04:23,CEST,10,Suur-Paala,0,success,"{"total":0,"location_name":"Suur-Paala","location_id":10}"
2026-09-11 00:06:24,CEST,1,Hipodroom,1,success,"{"total":1,"location_name":"Hipodroom","location_id":1}"
2026-09-11 00:06:24,CEST,3,T1,1,success,"{"total":1,"location_name":"T1 Shopping Mall","location_id":3}"
2026-09-11 00:06:24,CEST,9,Mustika,0,success,"{"total":0,"location_name":"Mustika","location_id":9}"
2026-09-11 00:06:24,CEST,10,Suur-Paala,0,success,"{"total":0,"location_name":"Suur-Paala","location_id":10}"
2026-09-11 00:08:25,CEST,1,Hipodroom,1,success,"{"total":1,"location_name":"Hipodroom","location_id":1}"
2026-09-11 00:08:25,CEST,3,T1,1,success,"{"total":1,"location_name":"T1 Shopping Mall","location_id":3}"
2026-09-11 00:08:25,CEST,9,Mustika,0,success,"{"total":0,"location_name":"Mustika","location_id":9}"
2026-09-11 00:08:25,CEST,10,Suur-Paala,0,success,"{"total":0,"location_name":"Suur-Paala","location_id":10}"
2026-09-11 00:10:26,CEST,1,Hipodroom,1,success,"{"total":1,"location_name":"Hipodroom","location_id":1}"
2026-09-11 00:10:26,CEST,3,T1,1,success,"{"total":1,"location_name":"T1 Shopping Mall","location_id":3}"
2026-09-11 00:10:26,CEST,9,Mustika,0,success,"{"total":0,"location_name":"Mustika","location_id":9}"
2026-09-11 00:10:26,CEST,10,Suur-Paala,0,success,"{"total":0,"location_name":"Suur-Paala","location_id":10}"
2026-09-11 00:12:26,CEST,1,Hipodroom,1,success,"{"total":1,"location_name":"Hipodroom","location_id":1}"
2026-09-11 00:12:26,CEST,3,T1,1,success,"{"total":1,"location_name":"T1 Shopping Mall","location_id":3}"
2026-09-11 00:12:26,CEST,9,Mustika,0,success,"{"total":0,"location_name":"Mustika","location_id":9}"
2026-09-11 00:12:26,CEST,10,Suur-Paala,0,success,"{"total":0,"location_name":"Suur-Paala","location_id":10}"
2026-09-11 00:14:27,CEST,1,Hipodroom,1,success,"{"total":1,"location_name":"Hipodroom","location_id":1}"
2026-09-11 00:14:27,CEST,3,T1,1,success,"{"total":1,"location_name":"T1 Shopping Mall","location_id":3}"
2026-09-11 00:14:27,CEST,9,Mustika,0,success,"{"total":0,"location_name":"Mustika","location_id":9}"
2026-09-11 00:14:27,CEST,10,Suur-Paala,0,success,"{"total":0,"location_name":"Suur-Paala","location_id":10}"
2026-09-11 00:16:28,CEST,1,Hipodroom,1,success,"{"total":1,"location_name":"Hipodroom","location_id":1}"
2026-09-11 00:16:28,CEST,3,T1,1,success,"{"total":1,"location_name":"T1 Shopping Mall","location_id":3}"
2026-09-11 00:16:28,CEST,9,Mustika,0,success,"{"total":0,"location_name":"Mustika","location_id":9}"
2026-09-11 00:16:28,CEST,10,Suur-Paala,0,success,"{"total":0,"location_name":"Suur-Paala","location_id":10}"
2026-09-11 00:18:29,CEST,1,Hipodroom,1,success,"{"total":1,"location_name":"Hipodroom","location_id":1}"
2026-09-11 00:18:29,CEST,3,T1,1,success,"{"total":1,"location_name":"T1 Shopping Mall","location_id":3}"
2026-09-11 00:18:29,CEST,9,Mustika,0,success,"{"total":0,"location_name":"Mustika","location_id":9}"
2026-09-11 00:18:29,CEST,10,Suur-Paala,0,success,"{"total":0,"location_name":"Suur-Paala","location_id":10}"
2026-09-11 00:20:30,CEST,1,Hipodroom,1,success,"{"total":1,"location_name":"Hipodroom","location_id":1}"
2026-09-11 00:20:30,CEST,3,T1,1,success,"{"total":1,"location_name":"T1 Shopping Mall","location_id":3}"
2026-09-11 00:20:30,CEST,9,Mustika,0,success,"{"total":0,"location_name":"Mustika","location_id":9}"
2026-09-11 00:20:30,CEST,10,Suur-Paala,0,success,"{"total":0,"location_name":"Suur-Paala","location_id":10}"
2026-09-11 00:22:31,CEST,1,Hipodroom,1,success,"{"total":1,"location_name":"Hipodroom","location_id":1}"
2026-09-11 00:22:31,CEST,3,T1,1,success,"{"total":1,"location_name":"T1 Shopping Mall","location_id":3}"
2026-09-11 00:22:31,CEST,9,Mustika,0,success,"{"total":0,"location_name":"Mustika","location_id":9}"
2026-09-11 00:22:31,CEST,10,Suur-Paala,0,success,"{"total":0,"location_name":"Suur-Paala","location_id":10}"
2026-09-11 00:24:31,CEST,1,Hipodroom,1,success,"{"total":1,"location_name":"Hipodroom","location_id":1}"
2026-09-11 00:24:31,CEST,3,T1,1,success,"{"total":1,"location_name":"T1 Shopping Mall","location_id":3}"
2026-09-11 00:24:31,CEST,9,Mustika,0,success,"{"total":0,"location_name":"Mustika","location_id":9}"
2026-09-11 00:24:31,CEST,10,Suur-Paala,0,success,"{"total":0,"location_name":"Suur-Paala","location_id":10}"
2026-09-11 00:26:32,CEST,1,Hipodroom,1,success,"{"total":1,"location_name":"Hipodroom","location_id":1}"
2026-09-11 00:26:32,CEST,3,T1,1,success,"{"total":1,"location_name":"T1 Shopping Mall","location_id":3}"
2026-09-11 00:26:32,CEST,9,Mustika,0,success,"{"total":0,"location_name":"Mustika","location_id":9}"
2026-09-11 00:26:32,CEST,10,Suur-Paala,0,success,"{"total":0,"location_name":"Suur-Paala","location_id":10}"
2026-09-11 00:28:33,CEST,1,Hipodroom,1,success,"{"total":1,"location_name":"Hipodroom","location_id":1}"
2026-09-11 00:28:33,CEST,3,T1,1,success,"{"total":1,"location_name":"T1 Shopping Mall","location_id":3}"
2026-09-11 00:28:33,CEST,9,Mustika,0,success,"{"total":0,"location_name":"Mustika","location_id":9}"
2026-09-11 00:28:33,CEST,10,Suur-Paala,0,success,"{"total":0,"location_name":"Suur-Paala","location_id":10}"
2026-09-11 00:30:34,CEST,1,Hipodroom,1,success,"{"total":1,"location_name":"Hipodroom","location_id":1}"
2026-09-11 00:30:34,CEST,3,T1,1,success,"{"total":1,"location_name":"T1 Shopping Mall","location_id":3}"
2026-09-11 00:30:34,CEST,9,Mustika,0,success,"{"total":0,"location_name":"Mustika","location_id":9}"
2026-09-11 00:30:34,CEST,10,Suur-Paala,0,success,"{"total":0,"location_name":"Suur-Paala","location_id":10}"
2026-09-11 00:32:35,CEST,1,Hipodroom,1,success,"{"total":1,"location_name":"Hipodroom","location_id":1}"
2026-09-11 00:32:35,CEST,3,T1,1,success,"{"total":1,"location_name":"T1 Shopping Mall","location_id":3}"
2026-09-11 00:32:35,CEST,9,Mustika,0,success,"{"total":0,"location_name":"Mustika","location_id":9}"
2026-09-11 00:32:35,CEST,10,Suur-Paala,0,success,"{"total":0,"location_name":"Suur-Paala","location_id":10}"
2026-09-11 00:34:36,CEST,1,Hipodroom,1,success,"{"total":1,"location_name":"Hipodroom","location_id":1}"
2026-09-11 00:34:36,CEST,3,T1,1,success,"{"total":1,"location_name":"T1 Shopping Mall","location_id":3}"
2026-09-11 00:34:36,CEST,9,Mustika,0,success,"{"total":0,"location_name":"Mustika","location_id":9}"
2026-09-11 00:34:36,CEST,10,Suur-Paala,0,success,"{"total":0,"location_name":"Suur-Paala","location_id":10}"
2026-09-11 00:36:37,CEST,1,Hipodroom,1,success,"{"total":1,"location_name":"Hipodroom","location_id":1}"
2026-09-11 00:36:37,CEST,3,T1,1,success,"{"total":1,"location_name":"T1 Shopping Mall","location_id":3}"
2026-09-11 00:36:37,CEST,9,Mustika,0,success,"{"total":0,"location_name":"Mustika","location_id":9}"
2026-09-11 00:36:37,CEST,10,Suur-Paala,0,success,"{"total":0,"location_name":"Suur-Paala","location_id":10}"
2026-09-11 00:38:37,CEST,1,Hipodroom,1,success,"{"total":1,"location_name":"Hipodroom","location_id":1}"
2026-09-11 00:38:37,CEST,3,T1,1,success,"{"total":1,"location_name":"T1 Shopping Mall","location_id":3}"
2026-09-11 00:38:37,CEST,9,Mustika,0,success,"{"total":0,"location_name":"Mustika","location_id":9}"
2026-09-11 00:38:37,CEST,10,Suur-Paala,0,success,"{"total":0,"location_name":"Suur-Paala","location_id":10}"
2026-09-11 00:40:39,CEST,1,Hipodroom,1,success,"{"total":1,"location_name":"Hipodroom","location_id":1}"
2026-09-11 00:40:39,CEST,3,T1,1,success,"{"total":1,"location_name":"T1 Shopping Mall","location_id":3}"
2026-09-11 00:40:39,CEST,9,Mustika,0,success,"{"total":0,"location_name":"Mustika","location_id":9}"
2026-09-11 00:40:39,CEST,10,Suur-Paala,0,success,"{"total":0,"location_name":"Suur-Paala","location_id":10}"
2026-09-11 00:42:39,CEST,1,Hipodroom,1,success,"{"total":1,"location_name":"Hipodroom","location_id":1}"
2026-09-11 00:42:39,CEST,3,T1,1,success,"{"total":1,"location_name":"T1 Shopping Mall","location_id":3}"
2026-09-11 00:42:39,CEST,9,Mustika,0,success,"{"total":0,"location_name":"Mustika","location_id":9}"
2026-09-11 00:42:39,CEST,10,Suur-Paala,0,success,"{"total":0,"location_name":"Suur-Paala","location_id":10}"
2026-09-11 00:44:40,CEST,1,Hipodroom,1,success,"{"total":1,"location_name":"Hipodroom","location_id":1}"
2026-09-11 00:44:40,CEST,3,T1,1,success,"{"total":1,"location_name":"T1 Shopping Mall","location_id":3}"
2026-09-11 00:44:40,CEST,9,Mustika,0,success,"{"total":0,"location_name":"Mustika","location_id":9}"
2026-09-11 00:44:40,CEST,10,Suur-Paala,0,success,"{"total":0,"location_name":"Suur-Paala","location_id":10}"
2026-09-11 00:46:41,CEST,1,Hipodroom,1,success,"{"total":1,"location_name":"Hipodroom","location_id":1}"
2026-09-11 00:46:41,CEST,3,T1,1,success,"{"total":1,"location_name":"T1 Shopping Mall","location_id":3}"
2026-09-11 00:46:41,CEST,9,Mustika,0,success,"{"total":0,"location_name":"Mustika","location_id":9}"
2026-09-11 00:46:41,CEST,10,Suur-Paala,0,success,"{"total":0,"location_name":"Suur-Paala","location_id":10}"
2026-09-11 00:48:42,CEST,1,Hipodroom,1,success,"{"total":1,"location_name":"Hipodroom","location_id":1}"
2026-09-11 00:48:42,CEST,3,T1,1,success,"{"total":1,"location_name":"T1 Shopping Mall","location_id":3}"
2026-09-11 00:48:42,CEST,9,Mustika,0,success,"{"total":0,"location_name":"Mustika","location_id":9}"
2026-09-11 00:48:42,CEST,10,Suur-Paala,0,success,"{"total":0,"location_name":"Suur-Paala","location_id":10}"
2026-09-11 00:50:43,CEST,1,Hipodroom,1,success,"{"total":1,"location_name":"Hipodroom","location_id":1}"
2026-09-11 00:50:43,CEST,3,T1,1,success,"{"total":1,"location_name":"T1 Shopping Mall","location_id":3}"
2026-09-11 00:50:43,CEST,9,Mustika,0,success,"{"total":0,"location_name":"Mustika","location_id":9}"
2026-09-11 00:50:43,CEST,10,Suur-Paala,0,success,"{"total":0,"location_name":"Suur-Paala","location_id":10}"
2026-09-11 00:52:44,CEST,1,Hipodroom,1,success,"{"total":1,"location_name":"Hipodroom","location_id":1}"
2026-09-11 00:52:44,CEST,3,T1,1,success,"{"total":1,"location_name":"T1 Shopping Mall","location_id":3}"
2026-09-11 00:52:44,CEST,9,Mustika,0,success,"{"total":0,"location_name":"Mustika","location_id":9}"
2026-09-11 00:52:44,CEST,10,Suur-Paala,0,success,"{"total":0,"location_name":"Suur-Paala","location_id":10}"
2026-09-11 00:54:44,CEST,1,Hipodroom,1,success,"{"total":1,"location_name":"Hipodroom","location_id":1}"
2026-09-11 00:54:44,CEST,3,T1,1,success,"{"total":1,"location_name":"T1 Shopping Mall","location_id":3}"
2026-09-11 00:54:44,CEST,9,Mustika,0,success,"{"total":0,"location_name":"Mustika","location_id":9}"
2026-09-11 00:54:44,CEST,10,Suur-Paala,0,success,"{"total":0,"location_name":"Suur-Paala","location_id":10}"
2026-09-11 00:56:45,CEST,1,Hipodroom,1,success,"{"total":1,"location_name":"Hipodroom","location_id":1}"
2026-09-11 00:56:45,CEST,3,T1,1,success,"{"total":1,"location_name":"T1 Shopping Mall","location_id":3}"
2026-09-11 00:56:45,CEST,9,Mustika,0,success,"{"total":0,"location_name":"Mustika","location_id":9}"
2026-09-11 00:56:45,CEST,10,Suur-Paala,0,success,"{"total":0,"location_name":"Suur-Paala","location_id":10}"
2026-09-11 00:58:46,CEST,1,Hipodroom,1,success,"{"total":1,"location_name":"Hipodroom","location_id":1}"
2026-09-11 00:58:46,CEST,3,T1,1,success,"{"total":1,"location_name":"T1 Shopping Mall","location_id":3}"
2026-09-11 00:58:46,CEST,9,Mustika,0,success,"{"total":0,"location_name":"Mustika","location_id":9}"
2026-09-11 00:58:46,CEST,10,Suur-Paala,0,success,"{"total":0,"location_name":"Suur-Paala","location_id":10}"
2026-09-11 01:00:47,CEST,1,Hipodroom,1,success,"{"total":1,"location_name":"Hipodroom","location_id":1}"
2026-09-11 01:00:47,CEST,3,T1,1,success,"{"total":1,"location_name":"T1 Shopping Mall","location_id":3}"
2026-09-11 01:00:47,CEST,9,Mustika,0,success,"{"total":0,"location_name":"Mustika","location_id":9}"
2026-09-11 01:00:47,CEST,10,Suur-Paala,0,success,"{"total":0,"location_name":"Suur-Paala","location_id":10}"
2026-09-11 01:02:48,CEST,1,Hipodroom,1,success,"{"total":1,"location_name":"Hipodroom","location_id":1}"
2026-09-11 01:02:48,CEST,3,T1,1,success,"{"total":1,"location_name":"T1 Shopping Mall","location_id":3}"
2026-09-11 01:02:48,CEST,9,Mustika,0,success,"{"total":0,"location_name":"Mustika","location_id":9}"
2026-09-11 01:02:48,CEST,10,Suur-Paala,0,success,"{"total":0,"location_name":"Suur-Paala","location_id":10}"
2026-09-11 01:04:49,CEST,1,Hipodroom,1,success,"{"total":1,"location_name":"Hipodroom","location_id":1}"
2026-09-11 01:04:49,CEST,3,T1,1,success,"{"total":1,"location_name":"T1 Shopping Mall","location_id":3}"
2026-09-11 01:04:49,CEST,9,Mustika,0,success,"{"total":0,"location_name":"Mustika","location_id":9}"
2026-09-11 01:04:49,CEST,10,Suur-Paala,0,success,"{"total":0,"location_name":"Suur-Paala","location_id":10}"
2026-09-11 01:06:50,CEST,1,Hipodroom,1,success,"{"total":1,"location_name":"Hipodroom","location_id":1}"
2026-09-11 01:06:50,CEST,3,T1,1,success,"{"total":1,"location_name":"T1 Shopping Mall","location_id":3}"
2026-09-11 01:06:50,CEST,9,Mustika,0,success,"{"total":0,"location_name":"Mustika","location_id":9}"
2026-09-11 01:06:50,CEST,10,Suur-Paala,0,success,"{"total":0,"location_name":"Suur-Paala","location_id":10}"
2026-09-11 01:08:50,CEST,1,Hipodroom,1,success,"{"total":1,"location_name":"Hipodroom","location_id":1}"
2026-09-11 01:08:50,CEST,3,T1,1,success,"{"total":1,"location_name":"T1 Shopping Mall","location_id":3}"
2026-09-11 01:08:50,CEST,9,Mustika,0,success,"{"total":0,"location_name":"Mustika","location_id":9}"
2026-09-11 01:08:50,CEST,10,Suur-Paala,0,success,"{"total":0,"location_name":"Suur-Paala","location_id":10}"
2026-09-11 01:10:51,CEST,1,Hipodroom,1,success,"{"total":1,"location_name":"Hipodroom","location_id":1}"
2026-09-11 01:10:51,CEST,3,T1,1,success,"{"total":1,"location_name":"T1 Shopping Mall","location_id":3}"
2026-09-11 01:10:51,CEST,9,Mustika,0,success,"{"total":0,"location_name":"Mustika","location_id":9}"
2026-09-11 01:10:51,CEST,10,Suur-Paala,0,success,"{"total":0,"location_name":"Suur-Paala","location_id":10}"
2026-09-11 01:12:52,CEST,1,Hipodroom,1,success,"{"total":1,"location_name":"Hipodroom","location_id":1}"
2026-09-11 01:12:52,CEST,3,T1,1,success,"{"total":1,"location_name":"T1 Shopping Mall","location_id":3}"
2026-09-11 01:12:52,CEST,9,Mustika,0,success,"{"total":0,"location_name":"Mustika","location_id":9}"
2026-09-11 01:12:52,CEST,10,Suur-Paala,0,success,"{"total":0,"location_name":"Suur-Paala","location_id":10}"
2026-09-11 01:14:53,CEST,1,Hipodroom,1,success,"{"total":1,"location_name":"Hipodroom","location_id":1}"
2026-09-11 01:14:53,CEST,3,T1,1,success,"{"total":1,"location_name":"T1 Shopping Mall","location_id":3}"
2026-09-11 01:14:53,CEST,9,Mustika,0,success,"{"total":0,"location_name":"Mustika","location_id":9}"
2026-09-11 01:14:53,CEST,10,Suur-Paala,0,success,"{"total":0,"location_name":"Suur-Paala","location_id":10}"
2026-09-11 01:16:54,CEST,1,Hipodroom,1,success,"{"total":1,"location_name":"Hipodroom","location_id":1}"
2026-09-11 01:16:54,CEST,3,T1,1,success,"{"total":1,"location_name":"T1 Shopping Mall","location_id":3}"
2026-09-11 01:16:54,CEST,9,Mustika,0,success,"{"total":0,"location_name":"Mustika","location_id":9}"
2026-09-11 01:16:54,CEST,10,Suur-Paala,0,success,"{"total":0,"location_name":"Suur-Paala","location_id":10}"
2026-09-11 01:18:55,CEST,1,Hipodroom,1,success,"{"total":1,"location_name":"Hipodroom","location_id":1}"
2026-09-11 01:18:55,CEST,3,T1,1,success,"{"total":1,"location_name":"T1 Shopping Mall","location_id":3}"
2026-09-11 01:18:55,CEST,9,Mustika,0,success,"{"total":0,"location_name":"Mustika","location_id":9}"
2026-09-11 01:18:55,CEST,10,Suur-Paala,0,success,"{"total":0,"location_name":"Suur-Paala","location_id":10}"
2026-09-11 01:20:55,CEST,1,Hipodroom,1,success,"{"total":1,"location_name":"Hipodroom","location_id":1}"
2026-09-11 01:20:55,CEST,3,T1,1,success,"{"total":1,"location_name":"T1 Shopping Mall","location_id":3}"
2026-09-11 01:20:55,CEST,9,Mustika,0,success,"{"total":0,"location_name":"Mustika","location_id":9}"
2026-09-11 01:20:55,CEST,10,Suur-Paala,0,success,"{"total":0,"location_name":"Suur-Paala","location_id":10}"
2026-09-11 01:22:57,CEST,1,Hipodroom,1,success,"{"total":1,"location_name":"Hipodroom","location_id":1}"
2026-09-11 01:22:57,CEST,3,T1,1,success,"{"total":1,"location_name":"T1 Shopping Mall","location_id":3}"
2026-09-11 01:22:57,CEST,9,Mustika,0,success,"{"total":0,"location_name":"Mustika","location_id":9}"
2026-09-11 01:22:57,CEST,10,Suur-Paala,0,success,"{"total":0,"location_name":"Suur-Paala","location_id":10}"
2026-09-11 01:24:57,CEST,1,Hipodroom,1,success,"{"total":1,"location_name":"Hipodroom","location_id":1}"
2026-09-11 01:24:57,CEST,3,T1,1,success,"{"total":1,"location_name":"T1 Shopping Mall","location_id":3}"
2026-09-11 01:24:57,CEST,9,Mustika,0,success,"{"total":0,"location_name":"Mustika","location_id":9}"
2026-09-11 01:24:57,CEST,10,Suur-Paala,0,success,"{"total":0,"location_name":"Suur-Paala","location_id":10}"
2026-09-11 01:26:58,CEST,1,Hipodroom,1,success,"{"total":1,"location_name":"Hipodroom","location_id":1}"
2026-09-11 01:26:58,CEST,3,T1,1,success,"{"total":1,"location_name":"T1 Shopping Mall","location_id":3}"
2026-09-11 01:26:58,CEST,9,Mustika,0,success,"{"total":0,"location_name":"Mustika","location_id":9}"
2026-09-11 01:26:58,CEST,10,Suur-Paala,0,success,"{"total":0,"location_name":"Suur-Paala","location_id":10}"
2026-09-11 01:28:59,CEST,1,Hipodroom,1,success,"{"total":1,"location_name":"Hipodroom","location_id":1}"
2026-09-11 01:28:59,CEST,3,T1,1,success,"{"total":1,"location_name":"T1 Shopping Mall","location_id":3}"
2026-09-11 01:28:59,CEST,9,Mustika,0,success,"{"total":0,"location_name":"Mustika","location_id":9}"
2026-09-11 01:28:59,CEST,10,Suur-Paala,0,success,"{"total":0,"location_name":"Suur-Paala","location_id":10}"
2026-09-11 01:31:00,CEST,1,Hipodroom,1,success,"{"total":1,"location_name":"Hipodroom","location_id":1}"
2026-09-11 01:31:00,CEST,3,T1,1,success,"{"total":1,"location_name":"T1 Shopping Mall","location_id":3}"
2026-09-11 01:31:00,CEST,9,Mustika,0,success,"{"total":0,"location_name":"Mustika","location_id":9}"
2026-09-11 01:31:00,CEST,10,Suur-Paala,0,success,"{"total":0,"location_name":"Suur-Paala","location_id":10}"
2026-09-11 01:33:01,CEST,1,Hipodroom,1,success,"{"total":1,"location_name":"Hipodroom","location_id":1}"
2026-09-11 01:33:01,CEST,3,T1,1,success,"{"total":1,"location_name":"T1 Shopping Mall","location_id":3}"
2026-09-11 01:33:01,CEST,9,Mustika,0,success,"{"total":0,"location_name":"Mustika","location_id":9}"
2026-09-11 01:33:01,CEST,10,Suur-Paala,0,success,"{"total":0,"location_name":"Suur-Paala","location_id":10}"
2026-09-11 01:35:02,CEST,1,Hipodroom,1,success,"{"total":1,"location_name":"Hipodroom","location_id":1}"
2026-09-11 01:35:02,CEST,3,T1,1,success,"{"total":1,"location_name":"T1 Shopping Mall","location_id":3}"
2026-09-11 01:35:02,CEST,9,Mustika,0,success,"{"total":0,"location_name":"Mustika","location_id":9}"
2026-09-11 01:35:02,CEST,10,Suur-Paala,0,success,"{"total":0,"location_name":"Suur-Paala","location_id":10}"
2026-09-11 01:37:02,CEST,1,Hipodroom,1,success,"{"total":1,"location_name":"Hipodroom","location_id":1}"
2026-09-11 01:37:02,CEST,3,T1,1,success,"{"total":1,"location_name":"T1 Shopping Mall","location_id":3}"
2026-09-11 01:37:02,CEST,9,Mustika,0,success,"{"total":0,"location_name":"Mustika","location_id":9}"
2026-09-11 01:37:02,CEST,10,Suur-Paala,0,success,"{"total":0,"location_name":"Suur-Paala","location_id":10}"
2026-09-11 01:39:03,CEST,1,Hipodroom,1,success,"{"total":1,"location_name":"Hipodroom","location_id":1}"
2026-09-11 01:39:03,CEST,3,T1,1,success,"{"total":1,"location_name":"T1 Shopping Mall","location_id":3}"
2026-09-11 01:39:03,CEST,9,Mustika,0,success,"{"total":0,"location_name":"Mustika","location_id":9}"
2026-09-11 01:39:03,CEST,10,Suur-Paala,0,success,"{"total":0,"location_name":"Suur-Paala","location_id":10}"
2026-09-11 01:41:04,CEST,1,Hipodroom,1,success,"{"total":1,"location_name":"Hipodroom","location_id":1}"
2026-09-11 01:41:04,CEST,3,T1,1,success,"{"total":1,"location_name":"T1 Shopping Mall","location_id":3}"
2026-09-11 01:41:04,CEST,9,Mustika,0,success,"{"total":0,"location_name":"Mustika","location_id":9}"
2026-09-11 01:41:04,CEST,10,Suur-Paala,0,success,"{"total":0,"location_name":"Suur-Paala","location_id":10}"
2026-09-11 01:43:05,CEST,1,Hipodroom,1,success,"{"total":1,"location_name":"Hipodroom","location_id":1}"
2026-09-11 01:43:05,CEST,3,T1,1,success,"{"total":1,"location_name":"T1 Shopping Mall","location_id":3}"
2026-09-11 01:43:05,CEST,9,Mustika,0,success,"{"total":0,"location_name":"Mustika","location_id":9}"
2026-09-11 01:43:05,CEST,10,Suur-Paala,0,success,"{"total":0,"location_name":"Suur-Paala","location_id":10}"
2026-09-11 01:45:06,CEST,1,Hipodroom,1,success,"{"total":1,"location_name":"Hipodroom","location_id":1}"
2026-09-11 01:45:06,CEST,3,T1,1,success,"{"total":1,"location_name":"T1 Shopping Mall","location_id":3}"
2026-09-11 01:45:06,CEST,9,Mustika,0,success,"{"total":0,"location_name":"Mustika","location_id":9}"
2026-09-11 01:45:06,CEST,10,Suur-Paala,0,success,"{"total":0,"location_name":"Suur-Paala","location_id":10}"
2026-09-11 01:47:08,CEST,1,Hipodroom,1,success,"{"total":1,"location_name":"Hipodroom","location_id":1}"
2026-09-11 01:47:08,CEST,3,T1,1,success,"{"total":1,"location_name":"T1 Shopping Mall","location_id":3}"
2026-09-11 01:47:08,CEST,9,Mustika,0,success,"{"total":0,"location_name":"Mustika","location_id":9}"
2026-09-11 01:47:08,CEST,10,Suur-Paala,0,success,"{"total":0,"location_name":"Suur-Paala","location_id":10}"
2026-09-11 01:49:09,CEST,1,Hipodroom,1,success,"{"total":1,"location_name":"Hipodroom","location_id":1}"
2026-09-11 01:49:09,CEST,3,T1,1,success,"{"total":1,"location_name":"T1 Shopping Mall","location_id":3}"
2026-09-11 01:49:09,CEST,9,Mustika,0,success,"{"total":0,"location_name":"Mustika","location_id":9}"
2026-09-11 01:49:09,CEST,10,Suur-Paala,0,success,"{"total":0,"location_name":"Suur-Paala","location_id":10}"
2026-09-11 01:51:09,CEST,1,Hipodroom,1,success,"{"total":1,"location_name":"Hipodroom","location_id":1}"
2026-09-11 01:51:09,CEST,3,T1,1,success,"{"total":1,"location_name":"T1 Shopping Mall","location_id":3}"
2026-09-11 01:51:09,CEST,9,Mustika,0,success,"{"total":0,"location_name":"Mustika","location_id":9}"
2026-09-11 01:51:09,CEST,10,Suur-Paala,0,success,"{"total":0,"location_name":"Suur-Paala","location_id":10}"
2026-09-11 01:53:10,CEST,1,Hipodroom,1,success,"{"total":1,"location_name":"Hipodroom","location_id":1}"
2026-09-11 01:53:10,CEST,3,T1,1,success,"{"total":1,"location_name":"T1 Shopping Mall","location_id":3}"
2026-09-11 01:53:10,CEST,9,Mustika,0,success,"{"total":0,"location_name":"Mustika","location_id":9}"
2026-09-11 01:53:10,CEST,10,Suur-Paala,0,success,"{"total":0,"location_name":"Suur-Paala","location_id":10}"
2026-09-11 01:55:11,CEST,1,Hipodroom,1,success,"{"total":1,"location_name":"Hipodroom","location_id":1}"
2026-09-11 01:55:11,CEST,3,T1,1,success,"{"total":1,"location_name":"T1 Shopping Mall","location_id":3}"
2026-09-11 01:55:11,CEST,9,Mustika,0,success,"{"total":0,"location_name":"Mustika","location_id":9}"
2026-09-11 01:55:11,CEST,10,Suur-Paala,0,success,"{"total":0,"location_name":"Suur-Paala","location_id":10}"
2026-09-11 01:57:12,CEST,1,Hipodroom,0,success,"{"total":0,"location_name":"Hipodroom","location_id":1}"
2026-09-11 01:57:12,CEST,3,T1,1,success,"{"total":1,"location_name":"T1 Shopping Mall","location_id":3}"
2026-09-11 01:57:12,CEST,9,Mustika,0,success,"{"total":0,"location_name":"Mustika","location_id":9}"
2026-09-11 01:57:12,CEST,10,Suur-Paala,0,success,"{"total":0,"location_name":"Suur-Paala","location_id":10}"
2026-09-11 01:59:13,CEST,1,Hipodroom,0,success,"{"total":0,"location_name":"Hipodroom","location_id":1}"
2026-09-11 01:59:13,CEST,3,T1,1,success,"{"total":1,"location_name":"T1 Shopping Mall","location_id":3}"
2026-09-11 01:59:13,CEST,9,Mustika,0,success,"{"total":0,"location_name":"Mustika","location_id":9}"
2026-09-11 01:59:13,CEST,10,Suur-Paala,0,success,"{"total":0,"location_name":"Suur-Paala","location_id":10}"
2026-09-11 02:01:14,CEST,1,Hipodroom,0,success,"{"total":0,"location_name":"Hipodroom","location_id":1}"
2026-09-11 02:01:14,CEST,3,T1,0,success,"{"total":0,"location_name":"T1 Shopping Mall","location_id":3}"
2026-09-11 02:01:14,CEST,9,Mustika,0,success,"{"total":0,"location_name":"Mustika","location_id":9}"
2026-09-11 02:01:14,CEST,10,Suur-Paala,0,success,"{"total":0,"location_name":"Suur-Paala","location_id":10}"
2026-09-11 02:03:15,CEST,1,Hipodroom,0,success,"{"total":0,"location_name":"Hipodroom","location_id":1}"
2026-09-11 02:03:15,CEST,3,T1,0,success,"{"total":0,"location_name":"T1 Shopping Mall","location_id":3}"
2026-09-11 02:03:15,CEST,9,Mustika,0,success,"{"total":0,"location_name":"Mustika","location_id":9}"
2026-09-11 02:03:15,CEST,10,Suur-Paala,0,success,"{"total":0,"location_name":"Suur-Paala","location_id":10}"
2026-09-11 02:05:15,CEST,1,Hipodroom,0,success,"{"total":0,"location_name":"Hipodroom","location_id":1}"
2026-09-11 02:05:15,CEST,3,T1,0,success,"{"total":0,"location_name":"T1 Shopping Mall","location_id":3}"
2026-09-11 02:05:15,CEST,9,Mustika,0,success,"{"total":0,"location_name":"Mustika","location_id":9}"
2026-09-11 02:05:15,CEST,10,Suur-Paala,0,success,"{"total":0,"location_name":"Suur-Paala","location_id":10}"
2026-09-11 02:07:16,CEST,1,Hipodroom,0,success,"{"total":0,"location_name":"Hipodroom","location_id":1}"
2026-09-11 02:07:16,CEST,3,T1,0,success,"{"total":0,"location_name":"T1 Shopping Mall","location_id":3}"
2026-09-11 02:07:16,CEST,9,Mustika,0,success,"{"total":0,"location_name":"Mustika","location_id":9}"
2026-09-11 02:07:16,CEST,10,Suur-Paala,0,success,"{"total":0,"location_name":"Suur-Paala","location_id":10}"
2026-09-11 02:09:17,CEST,1,Hipodroom,0,success,"{"total":0,"location_name":"Hipodroom","location_id":1}"
2026-09-11 02:09:17,CEST,3,T1,0,success,"{"total":0,"location_name":"T1 Shopping Mall","location_id":3}"
2026-09-11 02:09:17,CEST,9,Mustika,0,success,"{"total":0,"location_name":"Mustika","location_id":9}"
2026-09-11 02:09:17,CEST,10,Suur-Paala,0,success,"{"total":0,"location_name":"Suur-Paala","location_id":10}"
2026-09-11 02:11:18,CEST,1,Hipodroom,0,success,"{"total":0,"location_name":"Hipodroom","location_id":1}"
2026-09-11 02:11:18,CEST,3,T1,0,success,"{"total":0,"location_name":"T1 Shopping Mall","location_id":3}"
2026-09-11 02:11:18,CEST,9,Mustika,0,success,"{"total":0,"location_name":"Mustika","location_id":9}"
2026-09-11 02:11:18,CEST,10,Suur-Paala,0,success,"{"total":0,"location_name":"Suur-Paala","location_id":10}"
2026-09-11 02:13:18,CEST,1,Hipodroom,0,success,"{"total":0,"location_name":"Hipodroom","location_id":1}"
2026-09-11 02:13:18,CEST,3,T1,0,success,"{"total":0,"location_name":"T1 Shopping Mall","location_id":3}"
2026-09-11 02:13:18,CEST,9,Mustika,0,success,"{"total":0,"location_name":"Mustika","location_id":9}"
2026-09-11 02:13:18,CEST,10,Suur-Paala,0,success,"{"total":0,"location_name":"Suur-Paala","location_id":10}"
2026-09-11 02:15:19,CEST,1,Hipodroom,0,success,"{"total":0,"location_name":"Hipodroom","location_id":1}"
2026-09-11 02:15:19,CEST,3,T1,0,success,"{"total":0,"location_name":"T1 Shopping Mall","location_id":3}"
2026-09-11 02:15:19,CEST,9,Mustika,0,success,"{"total":0,"location_name":"Mustika","location_id":9}"
2026-09-11 02:15:19,CEST,10,Suur-Paala,0,success,"{"total":0,"location_name":"Suur-Paala","location_id":10}"
2026-09-11 02:17:20,CEST,1,Hipodroom,0,success,"{"total":0,"location_name":"Hipodroom","location_id":1}"
2026-09-11 02:17:20,CEST,3,T1,0,success,"{"total":0,"location_name":"T1 Shopping Mall","location_id":3}"
2026-09-11 02:17:20,CEST,9,Mustika,0,success,"{"total":0,"location_name":"Mustika","location_id":9}"
2026-09-11 02:17:20,CEST,10,Suur-Paala,0,success,"{"total":0,"location_name":"Suur-Paala","location_id":10}"
2026-09-11 02:19:21,CEST,1,Hipodroom,0,success,"{"total":0,"location_name":"Hipodroom","location_id":1}"
2026-09-11 02:19:21,CEST,3,T1,0,success,"{"total":0,"location_name":"T1 Shopping Mall","location_id":3}"
2026-09-11 02:19:21,CEST,9,Mustika,0,success,"{"total":0,"location_name":"Mustika","location_id":9}"
2026-09-11 02:19:21,CEST,10,Suur-Paala,0,success,"{"total":0,"location_name":"Suur-Paala","location_id":10}"
2026-09-11 02:21:22,CEST,1,Hipodroom,0,success,"{"total":0,"location_name":"Hipodroom","location_id":1}"
2026-09-11 02:21:22,CEST,3,T1,0,success,"{"total":0,"location_name":"T1 Shopping Mall","location_id":3}"
2026-09-11 02:21:22,CEST,9,Mustika,0,success,"{"total":0,"location_name":"Mustika","location_id":9}"
2026-09-11 02:21:22,CEST,10,Suur-Paala,0,success,"{"total":0,"location_name":"Suur-Paala","location_id":10}"
2026-09-11 02:23:22,CEST,1,Hipodroom,0,success,"{"total":0,"location_name":"Hipodroom","location_id":1}"
2026-09-11 02:23:22,CEST,3,T1,0,success,"{"total":0,"location_name":"T1 Shopping Mall","location_id":3}"
2026-09-11 02:23:22,CEST,9,Mustika,0,success,"{"total":0,"location_name":"Mustika","location_id":9}"
2026-09-11 02:23:22,CEST,10,Suur-Paala,0,success,"{"total":0,"location_name":"Suur-Paala","location_id":10}"
2026-09-11 02:25:23,CEST,1,Hipodroom,0,success,"{"total":0,"location_name":"Hipodroom","location_id":1}"
2026-09-11 02:25:23,CEST,3,T1,0,success,"{"total":0,"location_name":"T1 Shopping Mall","location_id":3}"
2026-09-11 02:25:23,CEST,9,Mustika,0,success,"{"total":0,"location_name":"Mustika","location_id":9}"
2026-09-11 02:25:23,CEST,10,Suur-Paala,0,success,"{"total":0,"location_name":"Suur-Paala","location_id":10}"
2026-09-11 02:27:24,CEST,1,Hipodroom,0,success,"{"total":0,"location_name":"Hipodroom","location_id":1}"
2026-09-11 02:27:24,CEST,3,T1,0,success,"{"total":0,"location_name":"T1 Shopping Mall","location_id":3}"
2026-09-11 02:27:24,CEST,9,Mustika,0,success,"{"total":0,"location_name":"Mustika","location_id":9}"
2026-09-11 02:27:24,CEST,10,Suur-Paala,0,success,"{"total":0,"location_name":"Suur-Paala","location_id":10}"
2026-09-11 02:29:25,CEST,1,Hipodroom,0,success,"{"total":0,"location_name":"Hipodroom","location_id":1}"
2026-09-11 02:29:25,CEST,3,T1,0,success,"{"total":0,"location_name":"T1 Shopping Mall","location_id":3}"
2026-09-11 02:29:25,CEST,9,Mustika,0,success,"{"total":0,"location_name":"Mustika","location_id":9}"
2026-09-11 02:29:25,CEST,10,Suur-Paala,0,success,"{"total":0,"location_name":"Suur-Paala","location_id":10}"
2026-09-11 02:31:25,CEST,1,Hipodroom,0,success,"{"total":0,"location_name":"Hipodroom","location_id":1}"
2026-09-11 02:31:25,CEST,3,T1,0,success,"{"total":0,"location_name":"T1 Shopping Mall","location_id":3}"
2026-09-11 02:31:25,CEST,9,Mustika,0,success,"{"total":0,"location_name":"Mustika","location_id":9}"
2026-09-11 02:31:25,CEST,10,Suur-Paala,0,success,"{"total":0,"location_name":"Suur-Paala","location_id":10}"
2026-09-11 02:33:26,CEST,1,Hipodroom,0,success,"{"total":0,"location_name":"Hipodroom","location_id":1}"
2026-09-11 02:33:26,CEST,3,T1,0,success,"{"total":0,"location_name":"T1 Shopping Mall","location_id":3}"
2026-09-11 02:33:26,CEST,9,Mustika,0,success,"{"total":0,"location_name":"Mustika","location_id":9}"
2026-09-11 02:33:26,CEST,10,Suur-Paala,0,success,"{"total":0,"location_name":"Suur-Paala","location_id":10}"
2026-09-11 02:35:27,CEST,1,Hipodroom,0,success,"{"total":0,"location_name":"Hipodroom","location_id":1}"
2026-09-11 02:35:27,CEST,3,T1,0,success,"{"total":0,"location_name":"T1 Shopping Mall","location_id":3}"
2026-09-11 02:35:27,CEST,9,Mustika,0,success,"{"total":0,"location_name":"Mustika","location_id":9}"
2026-09-11 02:35:27,CEST,10,Suur-Paala,0,success,"{"total":0,"location_name":"Suur-Paala","location_id":10}"
2026-09-11 02:37:28,CEST,1,Hipodroom,0,success,"{"total":0,"location_name":"Hipodroom","location_id":1}"
2026-09-11 02:37:28,CEST,3,T1,0,success,"{"total":0,"location_name":"T1 Shopping Mall","location_id":3}"
2026-09-11 02:37:28,CEST,9,Mustika,0,success,"{"total":0,"location_name":"Mustika","location_id":9}"
2026-09-11 02:37:28,CEST,10,Suur-Paala,0,success,"{"total":0,"location_name":"Suur-Paala","location_id":10}"
2026-09-11 02:39:28,CEST,1,Hipodroom,0,success,"{"total":0,"location_name":"Hipodroom","location_id":1}"
2026-09-11 02:39:28,CEST,3,T1,0,success,"{"total":0,"location_name":"T1 Shopping Mall","location_id":3}"
2026-09-11 02:39:28,CEST,9,Mustika,0,success,"{"total":0,"location_name":"Mustika","location_id":9}"
2026-09-11 02:39:28,CEST,10,Suur-Paala,0,success,"{"total":0,"location_name":"Suur-Paala","location_id":10}"
2026-09-11 02:41:29,CEST,1,Hipodroom,0,success,"{"total":0,"location_name":"Hipodroom","location_id":1}"
2026-09-11 02:41:29,CEST,3,T1,0,success,"{"total":0,"location_name":"T1 Shopping Mall","location_id":3}"
2026-09-11 02:41:29,CEST,9,Mustika,0,success,"{"total":0,"location_name":"Mustika","location_id":9}"
2026-09-11 02:41:29,CEST,10,Suur-Paala,0,success,"{"total":0,"location_name":"Suur-Paala","location_id":10}"
2026-09-11 02:43:30,CEST,1,Hipodroom,0,success,"{"total":0,"location_name":"Hipodroom","location_id":1}"
2026-09-11 02:43:30,CEST,3,T1,0,success,"{"total":0,"location_name":"T1 Shopping Mall","location_id":3}"
2026-09-11 02:43:30,CEST,9,Mustika,0,success,"{"total":0,"location_name":"Mustika","location_id":9}"
2026-09-11 02:43:30,CEST,10,Suur-Paala,0,success,"{"total":0,"location_name":"Suur-Paala","location_id":10}"
2026-09-11 02:45:31,CEST,1,Hipodroom,0,success,"{"total":0,"location_name":"Hipodroom","location_id":1}"
2026-09-11 02:45:31,CEST,3,T1,0,success,"{"total":0,"location_name":"T1 Shopping Mall","location_id":3}"
2026-09-11 02:45:31,CEST,9,Mustika,0,success,"{"total":0,"location_name":"Mustika","location_id":9}"
2026-09-11 02:45:31,CEST,10,Suur-Paala,0,success,"{"total":0,"location_name":"Suur-Paala","location_id":10}"
2026-09-11 02:47:32,CEST,1,Hipodroom,0,success,"{"total":0,"location_name":"Hipodroom","location_id":1}"
2026-09-11 02:47:32,CEST,3,T1,0,success,"{"total":0,"location_name":"T1 Shopping Mall","location_id":3}"
2026-09-11 02:47:32,CEST,9,Mustika,0,success,"{"total":0,"location_name":"Mustika","location_id":9}"
2026-09-11 02:47:32,CEST,10,Suur-Paala,0,success,"{"total":0,"location_name":"Suur-Paala","location_id":10}"
2026-09-11 02:49:32,CEST,1,Hipodroom,0,success,"{"total":0,"location_name":"Hipodroom","location_id":1}"
2026-09-11 02:49:32,CEST,3,T1,0,success,"{"total":0,"location_name":"T1 Shopping Mall","location_id":3}"
2026-09-11 02:49:32,CEST,9,Mustika,0,success,"{"total":0,"location_name":"Mustika","location_id":9}"
2026-09-11 02:49:32,CEST,10,Suur-Paala,0,success,"{"total":0,"location_name":"Suur-Paala","location_id":10}"
2026-09-11 02:51:33,CEST,1,Hipodroom,0,success,"{"total":0,"location_name":"Hipodroom","location_id":1}"
2026-09-11 02:51:33,CEST,3,T1,0,success,"{"total":0,"location_name":"T1 Shopping Mall","location_id":3}"
2026-09-11 02:51:33,CEST,9,Mustika,0,success,"{"total":0,"location_name":"Mustika","location_id":9}"
2026-09-11 02:51:33,CEST,10,Suur-Paala,0,success,"{"total":0,"location_name":"Suur-Paala","location_id":10}"
2026-09-11 02:53:34,CEST,1,Hipodroom,0,success,"{"total":0,"location_name":"Hipodroom","location_id":1}"
2026-09-11 02:53:34,CEST,3,T1,0,success,"{"total":0,"location_name":"T1 Shopping Mall","location_id":3}"
2026-09-11 02:53:34,CEST,9,Mustika,0,success,"{"total":0,"location_name":"Mustika","location_id":9}"
2026-09-11 02:53:34,CEST,10,Suur-Paala,0,success,"{"total":0,"location_name":"Suur-Paala","location_id":10}"
2026-09-11 02:55:34,CEST,1,Hipodroom,0,success,"{"total":0,"location_name":"Hipodroom","location_id":1}"
2026-09-11 02:55:34,CEST,3,T1,0,success,"{"total":0,"location_name":"T1 Shopping Mall","location_id":3}"
2026-09-11 02:55:34,CEST,9,Mustika,0,success,"{"total":0,"location_name":"Mustika","location_id":9}"
2026-09-11 02:55:34,CEST,10,Suur-Paala,0,success,"{"total":0,"location_name":"Suur-Paala","location_id":10}"
2026-09-11 02:57:35,CEST,1,Hipodroom,0,success,"{"total":0,"location_name":"Hipodroom","location_id":1}"
2026-09-11 02:57:35,CEST,3,T1,0,success,"{"total":0,"location_name":"T1 Shopping Mall","location_id":3}"
2026-09-11 02:57:35,CEST,9,Mustika,0,success,"{"total":0,"location_name":"Mustika","location_id":9}"
2026-09-11 02:57:35,CEST,10,Suur-Paala,0,success,"{"total":0,"location_name":"Suur-Paala","location_id":10}"
2026-09-11 02:59:36,CEST,1,Hipodroom,0,success,"{"total":0,"location_name":"Hipodroom","location_id":1}"
2026-09-11 02:59:36,CEST,3,T1,0,success,"{"total":0,"location_name":"T1 Shopping Mall","location_id":3}"
2026-09-11 02:59:36,CEST,9,Mustika,0,success,"{"total":0,"location_name":"Mustika","location_id":9}"
2026-09-11 02:59:36,CEST,10,Suur-Paala,0,success,"{"total":0,"location_name":"Suur-Paala","location_id":10}"
2026-09-11 03:01:37,CEST,1,Hipodroom,0,success,"{"total":0,"location_name":"Hipodroom","location_id":1}"
2026-09-11 03:01:37,CEST,3,T1,0,success,"{"total":0,"location_name":"T1 Shopping Mall","location_id":3}"
2026-09-11 03:01:37,CEST,9,Mustika,0,success,"{"total":0,"location_name":"Mustika","location_id":9}"
2026-09-11 03:01:37,CEST,10,Suur-Paala,0,success,"{"total":0,"location_name":"Suur-Paala","location_id":10}"
2026-09-11 03:03:38,CEST,1,Hipodroom,0,success,"{"total":0,"location_name":"Hipodroom","location_id":1}"
2026-09-11 03:03:38,CEST,3,T1,0,success,"{"total":0,"location_name":"T1 Shopping Mall","location_id":3}"
2026-09-11 03:03:38,CEST,9,Mustika,0,success,"{"total":0,"location_name":"Mustika","location_id":9}"
2026-09-11 03:03:38,CEST,10,Suur-Paala,0,success,"{"total":0,"location_name":"Suur-Paala","location_id":10}"
2026-09-11 03:05:38,CEST,1,Hipodroom,0,success,"{"total":0,"location_name":"Hipodroom","location_id":1}"
2026-09-11 03:05:38,CEST,3,T1,0,success,"{"total":0,"location_name":"T1 Shopping Mall","location_id":3}"
2026-09-11 03:05:38,CEST,9,Mustika,0,success,"{"total":0,"location_name":"Mustika","location_id":9}"
2026-09-11 03:05:38,CEST,10,Suur-Paala,0,success,"{"total":0,"location_name":"Suur-Paala","location_id":10}"
2026-09-11 03:07:39,CEST,1,Hipodroom,0,success,"{"total":0,"location_name":"Hipodroom","location_id":1}"
2026-09-11 03:07:39,CEST,3,T1,0,success,"{"total":0,"location_name":"T1 Shopping Mall","location_id":3}"
2026-09-11 03:07:39,CEST,9,Mustika,0,success,"{"total":0,"location_name":"Mustika","location_id":9}"
2026-09-11 03:07:39,CEST,10,Suur-Paala,0,success,"{"total":0,"location_name":"Suur-Paala","location_id":10}"
2026-09-11 03:09:40,CEST,1,Hipodroom,0,success,"{"total":0,"location_name":"Hipodroom","location_id":1}"
2026-09-11 03:09:40,CEST,3,T1,0,success,"{"total":0,"location_name":"T1 Shopping Mall","location_id":3}"
2026-09-11 03:09:40,CEST,9,Mustika,0,success,"{"total":0,"location_name":"Mustika","location_id":9}"
2026-09-11 03:09:40,CEST,10,Suur-Paala,0,success,"{"total":0,"location_name":"Suur-Paala","location_id":10}"
2026-09-11 03:11:41,CEST,1,Hipodroom,0,success,"{"total":0,"location_name":"Hipodroom","location_id":1}"
2026-09-11 03:11:41,CEST,3,T1,0,success,"{"total":0,"location_name":"T1 Shopping Mall","location_id":3}"
2026-09-11 03:11:41,CEST,9,Mustika,0,success,"{"total":0,"location_name":"Mustika","location_id":9}"
2026-09-11 03:11:41,CEST,10,Suur-Paala,0,success,"{"total":0,"location_name":"Suur-Paala","location_id":10}"
2026-09-11 03:13:41,CEST,1,Hipodroom,0,success,"{"total":0,"location_name":"Hipodroom","location_id":1}"
2026-09-11 03:13:41,CEST,3,T1,0,success,"{"total":0,"location_name":"T1 Shopping Mall","location_id":3}"
2026-09-11 03:13:41,CEST,9,Mustika,0,success,"{"total":0,"location_name":"Mustika","location_id":9}"
2026-09-11 03:13:41,CEST,10,Suur-Paala,0,success,"{"total":0,"location_name":"Suur-Paala","location_id":10}"
2026-09-11 03:15:42,CEST,1,Hipodroom,0,success,"{"total":0,"location_name":"Hipodroom","location_id":1}"
2026-09-11 03:15:42,CEST,3,T1,0,success,"{"total":0,"location_name":"T1 Shopping Mall","location_id":3}"
2026-09-11 03:15:42,CEST,9,Mustika,0,success,"{"total":0,"location_name":"Mustika","location_id":9}"
2026-09-11 03:15:42,CEST,10,Suur-Paala,0,success,"{"total":0,"location_name":"Suur-Paala","location_id":10}"
2026-09-11 03:17:43,CEST,1,Hipodroom,0,success,"{"total":0,"location_name":"Hipodroom","location_id":1}"
2026-09-11 03:17:43,CEST,3,T1,0,success,"{"total":0,"location_name":"T1 Shopping Mall","location_id":3}"
2026-09-11 03:17:43,CEST,9,Mustika,0,success,"{"total":0,"location_name":"Mustika","location_id":9}"
2026-09-11 03:17:43,CEST,10,Suur-Paala,0,success,"{"total":0,"location_name":"Suur-Paala","location_id":10}"
2026-09-11 03:19:44,CEST,1,Hipodroom,0,success,"{"total":0,"location_name":"Hipodroom","location_id":1}"
2026-09-11 03:19:44,CEST,3,T1,0,success,"{"total":0,"location_name":"T1 Shopping Mall","location_id":3}"
2026-09-11 03:19:44,CEST,9,Mustika,0,success,"{"total":0,"location_name":"Mustika","location_id":9}"
2026-09-11 03:19:44,CEST,10,Suur-Paala,0,success,"{"total":0,"location_name":"Suur-Paala","location_id":10}"
2026-09-11 03:21:44,CEST,1,Hipodroom,0,success,"{"total":0,"location_name":"Hipodroom","location_id":1}"
2026-09-11 03:21:44,CEST,3,T1,0,success,"{"total":0,"location_name":"T1 Shopping Mall","location_id":3}"
2026-09-11 03:21:44,CEST,9,Mustika,0,success,"{"total":0,"location_name":"Mustika","location_id":9}"
2026-09-11 03:21:44,CEST,10,Suur-Paala,0,success,"{"total":0,"location_name":"Suur-Paala","location_id":10}"
2026-09-11 03:23:45,CEST,1,Hipodroom,0,success,"{"total":0,"location_name":"Hipodroom","location_id":1}"
2026-09-11 03:23:45,CEST,3,T1,0,success,"{"total":0,"location_name":"T1 Shopping Mall","location_id":3}"
2026-09-11 03:23:45,CEST,9,Mustika,0,success,"{"total":0,"location_name":"Mustika","location_id":9}"
2026-09-11 03:23:45,CEST,10,Suur-Paala,0,success,"{"total":0,"location_name":"Suur-Paala","location_id":10}"
2026-09-11 03:25:46,CEST,1,Hipodroom,0,success,"{"total":0,"location_name":"Hipodroom","location_id":1}"
2026-09-11 03:25:46,CEST,3,T1,0,success,"{"total":0,"location_name":"T1 Shopping Mall","location_id":3}"
2026-09-11 03:25:46,CEST,9,Mustika,0,success,"{"total":0,"location_name":"Mustika","location_id":9}"
2026-09-11 03:25:46,CEST,10,Suur-Paala,0,success,"{"total":0,"location_name":"Suur-Paala","location_id":10}"
2026-09-11 03:27:47,CEST,1,Hipodroom,0,success,"{"total":0,"location_name":"Hipodroom","location_id":1}"
2026-09-11 03:27:47,CEST,3,T1,0,success,"{"total":0,"location_name":"T1 Shopping Mall","location_id":3}"
2026-09-11 03:27:47,CEST,9,Mustika,0,success,"{"total":0,"location_name":"Mustika","location_id":9}"
2026-09-11 03:27:47,CEST,10,Suur-Paala,0,success,"{"total":0,"location_name":"Suur-Paala","location_id":10}"
2026-09-11 03:29:48,CEST,1,Hipodroom,0,success,"{"total":0,"location_name":"Hipodroom","location_id":1}"
2026-09-11 03:29:48,CEST,3,T1,0,success,"{"total":0,"location_name":"T1 Shopping Mall","location_id":3}"
2026-09-11 03:29:48,CEST,9,Mustika,0,success,"{"total":0,"location_name":"Mustika","location_id":9}"
2026-09-11 03:29:48,CEST,10,Suur-Paala,0,success,"{"total":0,"location_name":"Suur-Paala","location_id":10}"
2026-09-11 03:31:48,CEST,1,Hipodroom,0,success,"{"total":0,"location_name":"Hipodroom","location_id":1}"
2026-09-11 03:31:48,CEST,3,T1,0,success,"{"total":0,"location_name":"T1 Shopping Mall","location_id":3}"
2026-09-11 03:31:48,CEST,9,Mustika,0,success,"{"total":0,"location_name":"Mustika","location_id":9}"
2026-09-11 03:31:48,CEST,10,Suur-Paala,0,success,"{"total":0,"location_name":"Suur-Paala","location_id":10}"
2026-09-11 03:33:49,CEST,1,Hipodroom,0,success,"{"total":0,"location_name":"Hipodroom","location_id":1}"
2026-09-11 03:33:49,CEST,3,T1,0,success,"{"total":0,"location_name":"T1 Shopping Mall","location_id":3}"
2026-09-11 03:33:49,CEST,9,Mustika,0,success,"{"total":0,"location_name":"Mustika","location_id":9}"
2026-09-11 03:33:49,CEST,10,Suur-Paala,0,success,"{"total":0,"location_name":"Suur-Paala","location_id":10}"
2026-09-11 03:35:50,CEST,1,Hipodroom,0,success,"{"total":0,"location_name":"Hipodroom","location_id":1}"
2026-09-11 03:35:50,CEST,3,T1,0,success,"{"total":0,"location_name":"T1 Shopping Mall","location_id":3}"
2026-09-11 03:35:50,CEST,9,Mustika,0,success,"{"total":0,"location_name":"Mustika","location_id":9}"
2026-09-11 03:35:50,CEST,10,Suur-Paala,0,success,"{"total":0,"location_name":"Suur-Paala","location_id":10}"
2026-09-11 03:37:50,CEST,1,Hipodroom,0,success,"{"total":0,"location_name":"Hipodroom","location_id":1}"
2026-09-11 03:37:50,CEST,3,T1,0,success,"{"total":0,"location_name":"T1 Shopping Mall","location_id":3}"
2026-09-11 03:37:50,CEST,9,Mustika,0,success,"{"total":0,"location_name":"Mustika","location_id":9}"
2026-09-11 03:37:50,CEST,10,Suur-Paala,0,success,"{"total":0,"location_name":"Suur-Paala","location_id":10}"
2026-09-11 03:39:51,CEST,1,Hipodroom,0,success,"{"total":0,"location_name":"Hipodroom","location_id":1}"
2026-09-11 03:39:51,CEST,3,T1,0,success,"{"total":0,"location_name":"T1 Shopping Mall","location_id":3}"
2026-09-11 03:39:51,CEST,9,Mustika,0,success,"{"total":0,"location_name":"Mustika","location_id":9}"
2026-09-11 03:39:51,CEST,10,Suur-Paala,0,success,"{"total":0,"location_name":"Suur-Paala","location_id":10}"
2026-09-11 03:41:52,CEST,1,Hipodroom,0,success,"{"total":0,"location_name":"Hipodroom","location_id":1}"
2026-09-11 03:41:52,CEST,3,T1,0,success,"{"total":0,"location_name":"T1 Shopping Mall","location_id":3}"
2026-09-11 03:41:52,CEST,9,Mustika,0,success,"{"total":0,"location_name":"Mustika","location_id":9}"
2026-09-11 03:41:52,CEST,10,Suur-Paala,0,success,"{"total":0,"location_name":"Suur-Paala","location_id":10}"
2026-09-11 03:43:53,CEST,1,Hipodroom,0,success,"{"total":0,"location_name":"Hipodroom","location_id":1}"
2026-09-11 03:43:53,CEST,3,T1,0,success,"{"total":0,"location_name":"T1 Shopping Mall","location_id":3}"
2026-09-11 03:43:53,CEST,9,Mustika,0,success,"{"total":0,"location_name":"Mustika","location_id":9}"
2026-09-11 03:43:53,CEST,10,Suur-Paala,0,success,"{"total":0,"location_name":"Suur-Paala","location_id":10}"
2026-09-11 03:45:54,CEST,1,Hipodroom,0,success,"{"total":0,"location_name":"Hipodroom","location_id":1}"
2026-09-11 03:45:54,CEST,3,T1,0,success,"{"total":0,"location_name":"T1 Shopping Mall","location_id":3}"
2026-09-11 03:45:54,CEST,9,Mustika,0,success,"{"total":0,"location_name":"Mustika","location_id":9}"
2026-09-11 03:45:54,CEST,10,Suur-Paala,0,success,"{"total":0,"location_name":"Suur-Paala","location_id":10}"
2026-09-11 03:47:54,CEST,1,Hipodroom,0,success,"{"total":0,"location_name":"Hipodroom","location_id":1}"
2026-09-11 03:47:54,CEST,3,T1,0,success,"{"total":0,"location_name":"T1 Shopping Mall","location_id":3}"
2026-09-11 03:47:54,CEST,9,Mustika,0,success,"{"total":0,"location_name":"Mustika","location_id":9}"
2026-09-11 03:47:54,CEST,10,Suur-Paala,0,success,"{"total":0,"location_name":"Suur-Paala","location_id":10}"
2026-09-11 03:49:55,CEST,1,Hipodroom,0,success,"{"total":0,"location_name":"Hipodroom","location_id":1}"
2026-09-11 03:49:55,CEST,3,T1,0,success,"{"total":0,"location_name":"T1 Shopping Mall","location_id":3}"
2026-09-11 03:49:55,CEST,9,Mustika,0,success,"{"total":0,"location_name":"Mustika","location_id":9}"
2026-09-11 03:49:55,CEST,10,Suur-Paala,0,success,"{"total":0,"location_name":"Suur-Paala","location_id":10}"
2026-09-11 03:51:56,CEST,1,Hipodroom,0,success,"{"total":0,"location_name":"Hipodroom","location_id":1}"
2026-09-11 03:51:56,CEST,3,T1,0,success,"{"total":0,"location_name":"T1 Shopping Mall","location_id":3}"
2026-09-11 03:51:56,CEST,9,Mustika,0,success,"{"total":0,"location_name":"Mustika","location_id":9}"
2026-09-11 03:51:56,CEST,10,Suur-Paala,0,success,"{"total":0,"location_name":"Suur-Paala","location_id":10}"
2026-09-11 03:53:57,CEST,1,Hipodroom,0,success,"{"total":0,"location_name":"Hipodroom","location_id":1}"
2026-09-11 03:53:57,CEST,3,T1,0,success,"{"total":0,"location_name":"T1 Shopping Mall","location_id":3}"
2026-09-11 03:53:57,CEST,9,Mustika,0,success,"{"total":0,"location_name":"Mustika","location_id":9}"
2026-09-11 03:53:57,CEST,10,Suur-Paala,0,success,"{"total":0,"location_name":"Suur-Paala","location_id":10}"
2026-09-11 03:55:57,CEST,1,Hipodroom,0,success,"{"total":0,"location_name":"Hipodroom","location_id":1}"
2026-09-11 03:55:57,CEST,3,T1,0,success,"{"total":0,"location_name":"T1 Shopping Mall","location_id":3}"
2026-09-11 03:55:57,CEST,9,Mustika,0,success,"{"total":0,"location_name":"Mustika","location_id":9}"
2026-09-11 03:55:57,CEST,10,Suur-Paala,0,success,"{"total":0,"location_name":"Suur-Paala","location_id":10}"
2026-09-11 03:57:58,CEST,1,Hipodroom,0,success,"{"total":0,"location_name":"Hipodroom","location_id":1}"
2026-09-11 03:57:58,CEST,3,T1,0,success,"{"total":0,"location_name":"T1 Shopping Mall","location_id":3}"
2026-09-11 03:57:58,CEST,9,Mustika,0,success,"{"total":0,"location_name":"Mustika","location_id":9}"
2026-09-11 03:57:58,CEST,10,Suur-Paala,0,success,"{"total":0,"location_name":"Suur-Paala","location_id":10}"
2026-09-11 03:59:59,CEST,1,Hipodroom,0,success,"{"total":0,"location_name":"Hipodroom","location_id":1}"
2026-09-11 03:59:59,CEST,3,T1,0,success,"{"total":0,"location_name":"T1 Shopping Mall","location_id":3}"
2026-09-11 03:59:59,CEST,9,Mustika,0,success,"{"total":0,"location_name":"Mustika","location_id":9}"
2026-09-11 03:59:59,CEST,10,Suur-Paala,0,success,"{"total":0,"location_name":"Suur-Paala","location_id":10}"
2026-09-11 04:02:00,CEST,1,Hipodroom,0,success,"{"total":0,"location_name":"Hipodroom","location_id":1}"
2026-09-11 04:02:00,CEST,3,T1,0,success,"{"total":0,"location_name":"T1 Shopping Mall","location_id":3}"
2026-09-11 04:02:00,CEST,9,Mustika,0,success,"{"total":0,"location_name":"Mustika","location_id":9}"
2026-09-11 04:02:00,CEST,10,Suur-Paala,0,success,"{"total":0,"location_name":"Suur-Paala","location_id":10}"
2026-09-11 04:04:01,CEST,1,Hipodroom,0,success,"{"total":0,"location_name":"Hipodroom","location_id":1}"
2026-09-11 04:04:01,CEST,3,T1,0,success,"{"total":0,"location_name":"T1 Shopping Mall","location_id":3}"
2026-09-11 04:04:01,CEST,9,Mustika,0,success,"{"total":0,"location_name":"Mustika","location_id":9}"
2026-09-11 04:04:01,CEST,10,Suur-Paala,0,success,"{"total":0,"location_name":"Suur-Paala","location_id":10}"
2026-09-11 04:06:01,CEST,1,Hipodroom,0,success,"{"total":0,"location_name":"Hipodroom","location_id":1}"
2026-09-11 04:06:01,CEST,3,T1,0,success,"{"total":0,"location_name":"T1 Shopping Mall","location_id":3}"
2026-09-11 04:06:01,CEST,9,Mustika,0,success,"{"total":0,"location_name":"Mustika","location_id":9}"
2026-09-11 04:06:01,CEST,10,Suur-Paala,0,success,"{"total":0,"location_name":"Suur-Paala","location_id":10}"
2026-09-11 04:08:02,CEST,1,Hipodroom,0,success,"{"total":0,"location_name":"Hipodroom","location_id":1}"
2026-09-11 04:08:02,CEST,3,T1,0,success,"{"total":0,"location_name":"T1 Shopping Mall","location_id":3}"
2026-09-11 04:08:02,CEST,9,Mustika,0,success,"{"total":0,"location_name":"Mustika","location_id":9}"
2026-09-11 04:08:02,CEST,10,Suur-Paala,0,success,"{"total":0,"location_name":"Suur-Paala","location_id":10}"
2026-09-11 04:10:03,CEST,1,Hipodroom,0,success,"{"total":0,"location_name":"Hipodroom","location_id":1}"
2026-09-11 04:10:03,CEST,3,T1,0,success,"{"total":0,"location_name":"T1 Shopping Mall","location_id":3}"
2026-09-11 04:10:03,CEST,9,Mustika,0,success,"{"total":0,"location_name":"Mustika","location_id":9}"
2026-09-11 04:10:03,CEST,10,Suur-Paala,0,success,"{"total":0,"location_name":"Suur-Paala","location_id":10}"
2026-09-11 04:12:04,CEST,1,Hipodroom,0,success,"{"total":0,"location_name":"Hipodroom","location_id":1}"
2026-09-11 04:12:04,CEST,3,T1,0,success,"{"total":0,"location_name":"T1 Shopping Mall","location_id":3}"
2026-09-11 04:12:04,CEST,9,Mustika,0,success,"{"total":0,"location_name":"Mustika","location_id":9}"
2026-09-11 04:12:04,CEST,10,Suur-Paala,0,success,"{"total":0,"location_name":"Suur-Paala","location_id":10}"
2026-09-11 04:14:05,CEST,1,Hipodroom,0,success,"{"total":0,"location_name":"Hipodroom","location_id":1}"
2026-09-11 04:14:05,CEST,3,T1,0,success,"{"total":0,"location_name":"T1 Shopping Mall","location_id":3}"
2026-09-11 04:14:05,CEST,9,Mustika,0,success,"{"total":0,"location_name":"Mustika","location_id":9}"
2026-09-11 04:14:05,CEST,10,Suur-Paala,0,success,"{"total":0,"location_name":"Suur-Paala","location_id":10}"
2026-09-11 04:16:05,CEST,1,Hipodroom,0,success,"{"total":0,"location_name":"Hipodroom","location_id":1}"
2026-09-11 04:16:05,CEST,3,T1,0,success,"{"total":0,"location_name":"T1 Shopping Mall","location_id":3}"
2026-09-11 04:16:05,CEST,9,Mustika,0,success,"{"total":0,"location_name":"Mustika","location_id":9}"
2026-09-11 04:16:05,CEST,10,Suur-Paala,0,success,"{"total":0,"location_name":"Suur-Paala","location_id":10}"
2026-09-11 04:18:06,CEST,1,Hipodroom,0,success,"{"total":0,"location_name":"Hipodroom","location_id":1}"
2026-09-11 04:18:06,CEST,3,T1,0,success,"{"total":0,"location_name":"T1 Shopping Mall","location_id":3}"
2026-09-11 04:18:06,CEST,9,Mustika,0,success,"{"total":0,"location_name":"Mustika","location_id":9}"
2026-09-11 04:18:06,CEST,10,Suur-Paala,0,success,"{"total":0,"location_name":"Suur-Paala","location_id":10}"
2026-09-11 04:20:07,CEST,1,Hipodroom,0,success,"{"total":0,"location_name":"Hipodroom","location_id":1}"
2026-09-11 04:20:07,CEST,3,T1,0,success,"{"total":0,"location_name":"T1 Shopping Mall","location_id":3}"
2026-09-11 04:20:07,CEST,9,Mustika,0,success,"{"total":0,"location_name":"Mustika","location_id":9}"
2026-09-11 04:20:07,CEST,10,Suur-Paala,0,success,"{"total":0,"location_name":"Suur-Paala","location_id":10}"
2026-09-11 04:22:08,CEST,1,Hipodroom,0,success,"{"total":0,"location_name":"Hipodroom","location_id":1}"
2026-09-11 04:22:08,CEST,3,T1,0,success,"{"total":0,"location_name":"T1 Shopping Mall","location_id":3}"
2026-09-11 04:22:08,CEST,9,Mustika,0,success,"{"total":0,"location_name":"Mustika","location_id":9}"
2026-09-11 04:22:08,CEST,10,Suur-Paala,0,success,"{"total":0,"location_name":"Suur-Paala","location_id":10}"
2026-09-11 04:24:08,CEST,1,Hipodroom,0,success,"{"total":0,"location_name":"Hipodroom","location_id":1}"
2026-09-11 04:24:08,CEST,3,T1,0,success,"{"total":0,"location_name":"T1 Shopping Mall","location_id":3}"
2026-09-11 04:24:08,CEST,9,Mustika,0,success,"{"total":0,"location_name":"Mustika","location_id":9}"
2026-09-11 04:24:08,CEST,10,Suur-Paala,0,success,"{"total":0,"location_name":"Suur-Paala","location_id":10}"
2026-09-11 04:26:10,CEST,1,Hipodroom,0,success,"{"total":0,"location_name":"Hipodroom","location_id":1}"
2026-09-11 04:26:10,CEST,3,T1,0,success,"{"total":0,"location_name":"T1 Shopping Mall","location_id":3}"
2026-09-11 04:26:10,CEST,9,Mustika,0,success,"{"total":0,"location_name":"Mustika","location_id":9}"
2026-09-11 04:26:10,CEST,10,Suur-Paala,0,success,"{"total":0,"location_name":"Suur-Paala","location_id":10}"
2026-09-11 04:28:10,CEST,1,Hipodroom,0,success,"{"total":0,"location_name":"Hipodroom","location_id":1}"
2026-09-11 04:28:10,CEST,3,T1,0,success,"{"total":0,"location_name":"T1 Shopping Mall","location_id":3}"
2026-09-11 04:28:10,CEST,9,Mustika,0,success,"{"total":0,"location_name":"Mustika","location_id":9}"
2026-09-11 04:28:10,CEST,10,Suur-Paala,0,success,"{"total":0,"location_name":"Suur-Paala","location_id":10}"
2026-09-11 04:30:11,CEST,1,Hipodroom,0,success,"{"total":0,"location_name":"Hipodroom","location_id":1}"
2026-09-11 04:30:11,CEST,3,T1,0,success,"{"total":0,"location_name":"T1 Shopping Mall","location_id":3}"
2026-09-11 04:30:11,CEST,9,Mustika,0,success,"{"total":0,"location_name":"Mustika","location_id":9}"
2026-09-11 04:30:11,CEST,10,Suur-Paala,0,success,"{"total":0,"location_name":"Suur-Paala","location_id":10}"
2026-09-11 04:32:12,CEST,1,Hipodroom,0,success,"{"total":0,"location_name":"Hipodroom","location_id":1}"
2026-09-11 04:32:12,CEST,3,T1,0,success,"{"total":0,"location_name":"T1 Shopping Mall","location_id":3}"
2026-09-11 04:32:12,CEST,9,Mustika,0,success,"{"total":0,"location_name":"Mustika","location_id":9}"
2026-09-11 04:32:12,CEST,10,Suur-Paala,0,success,"{"total":0,"location_name":"Suur-Paala","location_id":10}"
2026-09-11 04:34:13,CEST,1,Hipodroom,0,success,"{"total":0,"location_name":"Hipodroom","location_id":1}"
2026-09-11 04:34:13,CEST,3,T1,0,success,"{"total":0,"location_name":"T1 Shopping Mall","location_id":3}"
2026-09-11 04:34:13,CEST,9,Mustika,0,success,"{"total":0,"location_name":"Mustika","location_id":9}"
2026-09-11 04:34:13,CEST,10,Suur-Paala,0,success,"{"total":0,"location_name":"Suur-Paala","location_id":10}"
2026-09-11 04:36:14,CEST,1,Hipodroom,0,success,"{"total":0,"location_name":"Hipodroom","location_id":1}"
2026-09-11 04:36:14,CEST,3,T1,0,success,"{"total":0,"location_name":"T1 Shopping Mall","location_id":3}"
2026-09-11 04:36:14,CEST,9,Mustika,0,success,"{"total":0,"location_name":"Mustika","location_id":9}"
2026-09-11 04:36:14,CEST,10,Suur-Paala,0,success,"{"total":0,"location_name":"Suur-Paala","location_id":10}"
2026-09-11 04:38:15,CEST,1,Hipodroom,0,success,"{"total":0,"location_name":"Hipodroom","location_id":1}"
2026-09-11 04:38:15,CEST,3,T1,0,success,"{"total":0,"location_name":"T1 Shopping Mall","location_id":3}"
2026-09-11 04:38:15,CEST,9,Mustika,0,success,"{"total":0,"location_name":"Mustika","location_id":9}"
2026-09-11 04:38:15,CEST,10,Suur-Paala,0,success,"{"total":0,"location_name":"Suur-Paala","location_id":10}"
2026-09-11 04:40:15,CEST,1,Hipodroom,0,success,"{"total":0,"location_name":"Hipodroom","location_id":1}"
2026-09-11 04:40:15,CEST,3,T1,0,success,"{"total":0,"location_name":"T1 Shopping Mall","location_id":3}"
2026-09-11 04:40:15,CEST,9,Mustika,0,success,"{"total":0,"location_name":"Mustika","location_id":9}"
2026-09-11 04:40:15,CEST,10,Suur-Paala,0,success,"{"total":0,"location_name":"Suur-Paala","location_id":10}"
2026-09-11 04:42:16,CEST,1,Hipodroom,0,success,"{"total":0,"location_name":"Hipodroom","location_id":1}"
2026-09-11 04:42:16,CEST,3,T1,0,success,"{"total":0,"location_name":"T1 Shopping Mall","location_id":3}"
2026-09-11 04:42:16,CEST,9,Mustika,0,success,"{"total":0,"location_name":"Mustika","location_id":9}"
2026-09-11 04:42:16,CEST,10,Suur-Paala,0,success,"{"total":0,"location_name":"Suur-Paala","location_id":10}"
2026-09-11 04:44:17,CEST,1,Hipodroom,0,success,"{"total":0,"location_name":"Hipodroom","location_id":1}"
2026-09-11 04:44:17,CEST,3,T1,0,success,"{"total":0,"location_name":"T1 Shopping Mall","location_id":3}"
2026-09-11 04:44:17,CEST,9,Mustika,0,success,"{"total":0,"location_name":"Mustika","location_id":9}"
2026-09-11 04:44:17,CEST,10,Suur-Paala,0,success,"{"total":0,"location_name":"Suur-Paala","location_id":10}"
2026-09-11 04:46:18,CEST,1,Hipodroom,0,success,"{"total":0,"location_name":"Hipodroom","location_id":1}"
2026-09-11 04:46:18,CEST,3,T1,0,success,"{"total":0,"location_name":"T1 Shopping Mall","location_id":3}"
2026-09-11 04:46:18,CEST,9,Mustika,0,success,"{"total":0,"location_name":"Mustika","location_id":9}"
2026-09-11 04:46:18,CEST,10,Suur-Paala,0,success,"{"total":0,"location_name":"Suur-Paala","location_id":10}"
2026-09-11 04:48:18,CEST,1,Hipodroom,0,success,"{"total":0,"location_name":"Hipodroom","location_id":1}"
2026-09-11 04:48:18,CEST,3,T1,0,success,"{"total":0,"location_name":"T1 Shopping Mall","location_id":3}"
2026-09-11 04:48:18,CEST,9,Mustika,0,success,"{"total":0,"location_name":"Mustika","location_id":9}"
2026-09-11 04:48:18,CEST,10,Suur-Paala,0,success,"{"total":0,"location_name":"Suur-Paala","location_id":10}"
2026-09-11 04:50:19,CEST,1,Hipodroom,0,success,"{"total":0,"location_name":"Hipodroom","location_id":1}"
2026-09-11 04:50:19,CEST,3,T1,0,success,"{"total":0,"location_name":"T1 Shopping Mall","location_id":3}"
2026-09-11 04:50:19,CEST,9,Mustika,0,success,"{"total":0,"location_name":"Mustika","location_id":9}"
2026-09-11 04:50:19,CEST,10,Suur-Paala,0,success,"{"total":0,"location_name":"Suur-Paala","location_id":10}"
2026-09-11 04:52:20,CEST,1,Hipodroom,0,success,"{"total":0,"location_name":"Hipodroom","location_id":1}"
2026-09-11 04:52:20,CEST,3,T1,0,success,"{"total":0,"location_name":"T1 Shopping Mall","location_id":3}"
2026-09-11 04:52:20,CEST,9,Mustika,0,success,"{"total":0,"location_name":"Mustika","location_id":9}"
2026-09-11 04:52:20,CEST,10,Suur-Paala,0,success,"{"total":0,"location_name":"Suur-Paala","location_id":10}"
2026-09-11 04:54:21,CEST,1,Hipodroom,0,success,"{"total":0,"location_name":"Hipodroom","location_id":1}"
2026-09-11 04:54:21,CEST,3,T1,0,success,"{"total":0,"location_name":"T1 Shopping Mall","location_id":3}"
2026-09-11 04:54:21,CEST,9,Mustika,0,success,"{"total":0,"location_name":"Mustika","location_id":9}"
2026-09-11 04:54:21,CEST,10,Suur-Paala,0,success,"{"total":0,"location_name":"Suur-Paala","location_id":10}"
2026-09-11 04:56:21,CEST,1,Hipodroom,0,success,"{"total":0,"location_name":"Hipodroom","location_id":1}"
2026-09-11 04:56:21,CEST,3,T1,0,success,"{"total":0,"location_name":"T1 Shopping Mall","location_id":3}"
2026-09-11 04:56:21,CEST,9,Mustika,0,success,"{"total":0,"location_name":"Mustika","location_id":9}"
2026-09-11 04:56:21,CEST,10,Suur-Paala,0,success,"{"total":0,"location_name":"Suur-Paala","location_id":10}"
2026-09-11 04:58:22,CEST,1,Hipodroom,0,success,"{"total":0,"location_name":"Hipodroom","location_id":1}"
2026-09-11 04:58:22,CEST,3,T1,0,success,"{"total":0,"location_name":"T1 Shopping Mall","location_id":3}"
2026-09-11 04:58:22,CEST,9,Mustika,0,success,"{"total":0,"location_name":"Mustika","location_id":9}"
2026-09-11 04:58:22,CEST,10,Suur-Paala,0,success,"{"total":0,"location_name":"Suur-Paala","location_id":10}"
2026-09-11 05:00:23,CEST,1,Hipodroom,0,success,"{"total":0,"location_name":"Hipodroom","location_id":1}"
2026-09-11 05:00:23,CEST,3,T1,0,success,"{"total":0,"location_name":"T1 Shopping Mall","location_id":3}"
2026-09-11 05:00:23,CEST,9,Mustika,0,success,"{"total":0,"location_name":"Mustika","location_id":9}"
2026-09-11 05:00:23,CEST,10,Suur-Paala,0,success,"{"total":0,"location_name":"Suur-Paala","location_id":10}"
2026-09-11 05:02:24,CEST,1,Hipodroom,0,success,"{"total":0,"location_name":"Hipodroom","location_id":1}"
2026-09-11 05:02:24,CEST,3,T1,0,success,"{"total":0,"location_name":"T1 Shopping Mall","location_id":3}"
2026-09-11 05:02:24,CEST,9,Mustika,0,success,"{"total":0,"location_name":"Mustika","location_id":9}"
2026-09-11 05:02:24,CEST,10,Suur-Paala,0,success,"{"total":0,"location_name":"Suur-Paala","location_id":10}"
2026-09-11 05:04:25,CEST,1,Hipodroom,0,success,"{"total":0,"location_name":"Hipodroom","location_id":1}"
2026-09-11 05:04:25,CEST,3,T1,0,success,"{"total":0,"location_name":"T1 Shopping Mall","location_id":3}"
2026-09-11 05:04:25,CEST,9,Mustika,0,success,"{"total":0,"location_name":"Mustika","location_id":9}"
2026-09-11 05:04:25,CEST,10,Suur-Paala,0,success,"{"total":0,"location_name":"Suur-Paala","location_id":10}"
2026-09-11 05:06:25,CEST,1,Hipodroom,0,success,"{"total":0,"location_name":"Hipodroom","location_id":1}"
2026-09-11 05:06:25,CEST,3,T1,0,success,"{"total":0,"location_name":"T1 Shopping Mall","location_id":3}"
2026-09-11 05:06:25,CEST,9,Mustika,0,success,"{"total":0,"location_name":"Mustika","location_id":9}"
2026-09-11 05:06:25,CEST,10,Suur-Paala,0,success,"{"total":0,"location_name":"Suur-Paala","location_id":10}"
2026-09-11 05:08:26,CEST,1,Hipodroom,0,success,"{"total":0,"location_name":"Hipodroom","location_id":1}"
2026-09-11 05:08:26,CEST,3,T1,0,success,"{"total":0,"location_name":"T1 Shopping Mall","location_id":3}"
2026-09-11 05:08:26,CEST,9,Mustika,0,success,"{"total":0,"location_name":"Mustika","location_id":9}"
2026-09-11 05:08:26,CEST,10,Suur-Paala,0,success,"{"total":0,"location_name":"Suur-Paala","location_id":10}"
2026-09-11 05:10:27,CEST,1,Hipodroom,0,success,"{"total":0,"location_name":"Hipodroom","location_id":1}"
2026-09-11 05:10:27,CEST,3,T1,0,success,"{"total":0,"location_name":"T1 Shopping Mall","location_id":3}"
2026-09-11 05:10:27,CEST,9,Mustika,0,success,"{"total":0,"location_name":"Mustika","location_id":9}"
2026-09-11 05:10:27,CEST,10,Suur-Paala,0,success,"{"total":0,"location_name":"Suur-Paala","location_id":10}"
2026-09-11 05:12:28,CEST,1,Hipodroom,0,success,"{"total":0,"location_name":"Hipodroom","location_id":1}"
2026-09-11 05:12:28,CEST,3,T1,0,success,"{"total":0,"location_name":"T1 Shopping Mall","location_id":3}"
2026-09-11 05:12:28,CEST,9,Mustika,0,success,"{"total":0,"location_name":"Mustika","location_id":9}"
2026-09-11 05:12:28,CEST,10,Suur-Paala,0,success,"{"total":0,"location_name":"Suur-Paala","location_id":10}"
2026-09-11 05:14:28,CEST,1,Hipodroom,0,success,"{"total":0,"location_name":"Hipodroom","location_id":1}"
2026-09-11 05:14:28,CEST,3,T1,0,success,"{"total":0,"location_name":"T1 Shopping Mall","location_id":3}"
2026-09-11 05:14:28,CEST,9,Mustika,0,success,"{"total":0,"location_name":"Mustika","location_id":9}"
2026-09-11 05:14:28,CEST,10,Suur-Paala,0,success,"{"total":0,"location_name":"Suur-Paala","location_id":10}"
2026-09-11 05:16:29,CEST,1,Hipodroom,0,success,"{"total":0,"location_name":"Hipodroom","location_id":1}"
2026-09-11 05:16:29,CEST,3,T1,0,success,"{"total":0,"location_name":"T1 Shopping Mall","location_id":3}"
2026-09-11 05:16:29,CEST,9,Mustika,0,success,"{"total":0,"location_name":"Mustika","location_id":9}"
2026-09-11 05:16:29,CEST,10,Suur-Paala,0,success,"{"total":0,"location_name":"Suur-Paala","location_id":10}"
2026-09-11 05:18:30,CEST,1,Hipodroom,0,success,"{"total":0,"location_name":"Hipodroom","location_id":1}"
2026-09-11 05:18:30,CEST,3,T1,0,success,"{"total":0,"location_name":"T1 Shopping Mall","location_id":3}"
2026-09-11 05:18:30,CEST,9,Mustika,0,success,"{"total":0,"location_name":"Mustika","location_id":9}"
2026-09-11 05:18:30,CEST,10,Suur-Paala,0,success,"{"total":0,"location_name":"Suur-Paala","location_id":10}"
2026-09-11 05:20:30,CEST,1,Hipodroom,0,success,"{"total":0,"location_name":"Hipodroom","location_id":1}"
2026-09-11 05:20:30,CEST,3,T1,0,success,"{"total":0,"location_name":"T1 Shopping Mall","location_id":3}"
2026-09-11 05:20:30,CEST,9,Mustika,0,success,"{"total":0,"location_name":"Mustika","location_id":9}"
2026-09-11 05:20:30,CEST,10,Suur-Paala,0,success,"{"total":0,"location_name":"Suur-Paala","location_id":10}"
2026-09-11 05:22:31,CEST,1,Hipodroom,0,success,"{"total":0,"location_name":"Hipodroom","location_id":1}"
2026-09-11 05:22:31,CEST,3,T1,0,success,"{"total":0,"location_name":"T1 Shopping Mall","location_id":3}"
2026-09-11 05:22:31,CEST,9,Mustika,0,success,"{"total":0,"location_name":"Mustika","location_id":9}"
2026-09-11 05:22:31,CEST,10,Suur-Paala,0,success,"{"total":0,"location_name":"Suur-Paala","location_id":10}"
2026-09-11 05:24:32,CEST,1,Hipodroom,0,success,"{"total":0,"location_name":"Hipodroom","location_id":1}"
2026-09-11 05:24:32,CEST,3,T1,0,success,"{"total":0,"location_name":"T1 Shopping Mall","location_id":3}"
2026-09-11 05:24:32,CEST,9,Mustika,0,success,"{"total":0,"location_name":"Mustika","location_id":9}"
2026-09-11 05:24:32,CEST,10,Suur-Paala,0,success,"{"total":0,"location_name":"Suur-Paala","location_id":10}"
2026-09-11 05:26:33,CEST,1,Hipodroom,0,success,"{"total":0,"location_name":"Hipodroom","location_id":1}"
2026-09-11 05:26:33,CEST,3,T1,0,success,"{"total":0,"location_name":"T1 Shopping Mall","location_id":3}"
2026-09-11 05:26:33,CEST,9,Mustika,0,success,"{"total":0,"location_name":"Mustika","location_id":9}"
2026-09-11 05:26:33,CEST,10,Suur-Paala,0,success,"{"total":0,"location_name":"Suur-Paala","location_id":10}"
2026-09-11 05:28:34,CEST,1,Hipodroom,0,success,"{"total":0,"location_name":"Hipodroom","location_id":1}"
2026-09-11 05:28:34,CEST,3,T1,0,success,"{"total":0,"location_name":"T1 Shopping Mall","location_id":3}"
2026-09-11 05:28:34,CEST,9,Mustika,0,success,"{"total":0,"location_name":"Mustika","location_id":9}"
2026-09-11 05:28:34,CEST,10,Suur-Paala,0,success,"{"total":0,"location_name":"Suur-Paala","location_id":10}"
2026-09-11 05:30:34,CEST,1,Hipodroom,0,success,"{"total":0,"location_name":"Hipodroom","location_id":1}"
2026-09-11 05:30:34,CEST,3,T1,0,success,"{"total":0,"location_name":"T1 Shopping Mall","location_id":3}"
2026-09-11 05:30:34,CEST,9,Mustika,0,success,"{"total":0,"location_name":"Mustika","location_id":9}"
2026-09-11 05:30:34,CEST,10,Suur-Paala,0,success,"{"total":0,"location_name":"Suur-Paala","location_id":10}"
2026-09-11 05:32:35,CEST,1,Hipodroom,0,success,"{"total":0,"location_name":"Hipodroom","location_id":1}"
2026-09-11 05:32:35,CEST,3,T1,0,success,"{"total":0,"location_name":"T1 Shopping Mall","location_id":3}"
2026-09-11 05:32:35,CEST,9,Mustika,0,success,"{"total":0,"location_name":"Mustika","location_id":9}"
2026-09-11 05:32:35,CEST,10,Suur-Paala,0,success,"{"total":0,"location_name":"Suur-Paala","location_id":10}"
2026-09-11 05:34:36,CEST,1,Hipodroom,0,success,"{"total":0,"location_name":"Hipodroom","location_id":1}"
2026-09-11 05:34:36,CEST,3,T1,0,success,"{"total":0,"location_name":"T1 Shopping Mall","location_id":3}"
2026-09-11 05:34:36,CEST,9,Mustika,0,success,"{"total":0,"location_name":"Mustika","location_id":9}"
2026-09-11 05:34:36,CEST,10,Suur-Paala,0,success,"{"total":0,"location_name":"Suur-Paala","location_id":10}"
2026-09-11 05:36:37,CEST,1,Hipodroom,0,success,"{"total":0,"location_name":"Hipodroom","location_id":1}"
2026-09-11 05:36:37,CEST,3,T1,0,success,"{"total":0,"location_name":"T1 Shopping Mall","location_id":3}"
2026-09-11 05:36:37,CEST,9,Mustika,0,success,"{"total":0,"location_name":"Mustika","location_id":9}"
2026-09-11 05:36:37,CEST,10,Suur-Paala,0,success,"{"total":0,"location_name":"Suur-Paala","location_id":10}"
2026-09-11 05:38:37,CEST,1,Hipodroom,0,success,"{"total":0,"location_name":"Hipodroom","location_id":1}"
2026-09-11 05:38:37,CEST,3,T1,0,success,"{"total":0,"location_name":"T1 Shopping Mall","location_id":3}"
2026-09-11 05:38:37,CEST,9,Mustika,0,success,"{"total":0,"location_name":"Mustika","location_id":9}"
2026-09-11 05:38:37,CEST,10,Suur-Paala,0,success,"{"total":0,"location_name":"Suur-Paala","location_id":10}"
2026-09-11 05:40:38,CEST,1,Hipodroom,0,success,"{"total":0,"location_name":"Hipodroom","location_id":1}"
2026-09-11 05:40:38,CEST,3,T1,0,success,"{"total":0,"location_name":"T1 Shopping Mall","location_id":3}"
2026-09-11 05:40:38,CEST,9,Mustika,0,success,"{"total":0,"location_name":"Mustika","location_id":9}"
2026-09-11 05:40:38,CEST,10,Suur-Paala,0,success,"{"total":0,"location_name":"Suur-Paala","location_id":10}"
2026-09-11 05:42:39,CEST,1,Hipodroom,0,success,"{"total":0,"location_name":"Hipodroom","location_id":1}"
2026-09-11 05:42:39,CEST,3,T1,0,success,"{"total":0,"location_name":"T1 Shopping Mall","location_id":3}"
2026-09-11 05:42:39,CEST,9,Mustika,0,success,"{"total":0,"location_name":"Mustika","location_id":9}"
2026-09-11 05:42:39,CEST,10,Suur-Paala,0,success,"{"total":0,"location_name":"Suur-Paala","location_id":10}"
2026-09-11 05:44:40,CEST,1,Hipodroom,0,success,"{"total":0,"location_name":"Hipodroom","location_id":1}"
2026-09-11 05:44:40,CEST,3,T1,0,success,"{"total":0,"location_name":"T1 Shopping Mall","location_id":3}"
2026-09-11 05:44:40,CEST,9,Mustika,0,success,"{"total":0,"location_name":"Mustika","location_id":9}"
2026-09-11 05:44:40,CEST,10,Suur-Paala,1,success,"{"total":1,"location_name":"Suur-Paala","location_id":10}"
2026-09-11 05:46:40,CEST,1,Hipodroom,0,success,"{"total":0,"location_name":"Hipodroom","location_id":1}"
2026-09-11 05:46:40,CEST,3,T1,0,success,"{"total":0,"location_name":"T1 Shopping Mall","location_id":3}"
2026-09-11 05:46:40,CEST,9,Mustika,0,success,"{"total":0,"location_name":"Mustika","location_id":9}"
2026-09-11 05:46:40,CEST,10,Suur-Paala,1,success,"{"total":1,"location_name":"Suur-Paala","location_id":10}"
2026-09-11 05:48:41,CEST,1,Hipodroom,0,success,"{"total":0,"location_name":"Hipodroom","location_id":1}"
2026-09-11 05:48:41,CEST,3,T1,0,success,"{"total":0,"location_name":"T1 Shopping Mall","location_id":3}"
2026-09-11 05:48:41,CEST,9,Mustika,0,success,"{"total":0,"location_name":"Mustika","location_id":9}"
2026-09-11 05:48:41,CEST,10,Suur-Paala,1,success,"{"total":1,"location_name":"Suur-Paala","location_id":10}"
2026-09-11 05:50:42,CEST,1,Hipodroom,0,success,"{"total":0,"location_name":"Hipodroom","location_id":1}"
2026-09-11 05:50:42,CEST,3,T1,0,success,"{"total":0,"location_name":"T1 Shopping Mall","location_id":3}"
2026-09-11 05:50:42,CEST,9,Mustika,0,success,"{"total":0,"location_name":"Mustika","location_id":9}"
2026-09-11 05:50:42,CEST,10,Suur-Paala,1,success,"{"total":1,"location_name":"Suur-Paala","location_id":10}"
2026-09-11 05:52:43,CEST,1,Hipodroom,0,success,"{"total":0,"location_name":"Hipodroom","location_id":1}"
2026-09-11 05:52:43,CEST,3,T1,0,success,"{"total":0,"location_name":"T1 Shopping Mall","location_id":3}"
2026-09-11 05:52:43,CEST,9,Mustika,0,success,"{"total":0,"location_name":"Mustika","location_id":9}"
2026-09-11 05:52:43,CEST,10,Suur-Paala,1,success,"{"total":1,"location_name":"Suur-Paala","location_id":10}"
2026-09-11 05:54:43,CEST,1,Hipodroom,0,success,"{"total":0,"location_name":"Hipodroom","location_id":1}"
2026-09-11 05:54:43,CEST,3,T1,0,success,"{"total":0,"location_name":"T1 Shopping Mall","location_id":3}"
2026-09-11 05:54:43,CEST,9,Mustika,0,success,"{"total":0,"location_name":"Mustika","location_id":9}"
2026-09-11 05:54:43,CEST,10,Suur-Paala,1,success,"{"total":1,"location_name":"Suur-Paala","location_id":10}"
2026-09-11 05:56:44,CEST,1,Hipodroom,0,success,"{"total":0,"location_name":"Hipodroom","location_id":1}"
2026-09-11 05:56:44,CEST,3,T1,0,success,"{"total":0,"location_name":"T1 Shopping Mall","location_id":3}"
2026-09-11 05:56:44,CEST,9,Mustika,0,success,"{"total":0,"location_name":"Mustika","location_id":9}"
2026-09-11 05:56:44,CEST,10,Suur-Paala,1,success,"{"total":1,"location_name":"Suur-Paala","location_id":10}"
2026-09-11 05:58:45,CEST,1,Hipodroom,0,success,"{"total":0,"location_name":"Hipodroom","location_id":1}"
2026-09-11 05:58:45,CEST,3,T1,0,success,"{"total":0,"location_name":"T1 Shopping Mall","location_id":3}"
2026-09-11 05:58:45,CEST,9,Mustika,0,success,"{"total":0,"location_name":"Mustika","location_id":9}"
2026-09-11 05:58:45,CEST,10,Suur-Paala,1,success,"{"total":1,"location_name":"Suur-Paala","location_id":10}"
2026-09-11 06:00:46,CEST,1,Hipodroom,0,success,"{"total":0,"location_name":"Hipodroom","location_id":1}"
2026-09-11 06:00:46,CEST,3,T1,0,success,"{"total":0,"location_name":"T1 Shopping Mall","location_id":3}"
2026-09-11 06:00:46,CEST,9,Mustika,0,success,"{"total":0,"location_name":"Mustika","location_id":9}"
2026-09-11 06:00:46,CEST,10,Suur-Paala,1,success,"{"total":1,"location_name":"Suur-Paala","location_id":10}"
2026-09-11 06:02:46,CEST,1,Hipodroom,0,success,"{"total":0,"location_name":"Hipodroom","location_id":1}"
2026-09-11 06:02:46,CEST,3,T1,0,success,"{"total":0,"location_name":"T1 Shopping Mall","location_id":3}"
2026-09-11 06:02:46,CEST,9,Mustika,0,success,"{"total":0,"location_name":"Mustika","location_id":9}"
2026-09-11 06:02:46,CEST,10,Suur-Paala,1,success,"{"total":1,"location_name":"Suur-Paala","location_id":10}"
2026-09-11 06:04:47,CEST,1,Hipodroom,0,success,"{"total":0,"location_name":"Hipodroom","location_id":1}"
2026-09-11 06:04:47,CEST,3,T1,0,success,"{"total":0,"location_name":"T1 Shopping Mall","location_id":3}"
2026-09-11 06:04:47,CEST,9,Mustika,0,success,"{"total":0,"location_name":"Mustika","location_id":9}"
2026-09-11 06:04:47,CEST,10,Suur-Paala,1,success,"{"total":1,"location_name":"Suur-Paala","location_id":10}"
2026-09-11 06:06:48,CEST,1,Hipodroom,0,success,"{"total":0,"location_name":"Hipodroom","location_id":1}"
2026-09-11 06:06:48,CEST,3,T1,0,success,"{"total":0,"location_name":"T1 Shopping Mall","location_id":3}"
2026-09-11 06:06:48,CEST,9,Mustika,0,success,"{"total":0,"location_name":"Mustika","location_id":9}"
2026-09-11 06:06:48,CEST,10,Suur-Paala,1,success,"{"total":1,"location_name":"Suur-Paala","location_id":10}"
2026-09-11 06:08:49,CEST,1,Hipodroom,0,success,"{"total":0,"location_name":"Hipodroom","location_id":1}"
2026-09-11 06:08:49,CEST,3,T1,0,success,"{"total":0,"location_name":"T1 Shopping Mall","location_id":3}"
2026-09-11 06:08:49,CEST,9,Mustika,0,success,"{"total":0,"location_name":"Mustika","location_id":9}"
2026-09-11 06:08:49,CEST,10,Suur-Paala,1,success,"{"total":1,"location_name":"Suur-Paala","location_id":10}"
2026-09-11 06:10:49,CEST,1,Hipodroom,0,success,"{"total":0,"location_name":"Hipodroom","location_id":1}"
2026-09-11 06:10:49,CEST,3,T1,0,success,"{"total":0,"location_name":"T1 Shopping Mall","location_id":3}"
2026-09-11 06:10:49,CEST,9,Mustika,0,success,"{"total":0,"location_name":"Mustika","location_id":9}"
2026-09-11 06:10:49,CEST,10,Suur-Paala,2,success,"{"total":2,"location_name":"Suur-Paala","location_id":10}"
2026-09-11 06:12:50,CEST,1,Hipodroom,0,success,"{"total":0,"location_name":"Hipodroom","location_id":1}"
2026-09-11 06:12:50,CEST,3,T1,0,success,"{"total":0,"location_name":"T1 Shopping Mall","location_id":3}"
2026-09-11 06:12:50,CEST,9,Mustika,0,success,"{"total":0,"location_name":"Mustika","location_id":9}"
2026-09-11 06:12:50,CEST,10,Suur-Paala,2,success,"{"total":2,"location_name":"Suur-Paala","location_id":10}"
2026-09-11 06:14:51,CEST,1,Hipodroom,0,success,"{"total":0,"location_name":"Hipodroom","location_id":1}"
2026-09-11 06:14:51,CEST,3,T1,0,success,"{"total":0,"location_name":"T1 Shopping Mall","location_id":3}"
2026-09-11 06:14:51,CEST,9,Mustika,0,success,"{"total":0,"location_name":"Mustika","location_id":9}"
2026-09-11 06:14:51,CEST,10,Suur-Paala,2,success,"{"total":2,"location_name":"Suur-Paala","location_id":10}"
2026-09-11 06:16:52,CEST,1,Hipodroom,0,success,"{"total":0,"location_name":"Hipodroom","location_id":1}"
2026-09-11 06:16:52,CEST,3,T1,1,success,"{"total":1,"location_name":"T1 Shopping Mall","location_id":3}"
2026-09-11 06:16:52,CEST,9,Mustika,0,success,"{"total":0,"location_name":"Mustika","location_id":9}"
2026-09-11 06:16:52,CEST,10,Suur-Paala,2,success,"{"total":2,"location_name":"Suur-Paala","location_id":10}"
2026-09-11 06:18:52,CEST,1,Hipodroom,0,success,"{"total":0,"location_name":"Hipodroom","location_id":1}"
2026-09-11 06:18:52,CEST,3,T1,1,success,"{"total":1,"location_name":"T1 Shopping Mall","location_id":3}"
2026-09-11 06:18:52,CEST,9,Mustika,0,success,"{"total":0,"location_name":"Mustika","location_id":9}"
2026-09-11 06:18:52,CEST,10,Suur-Paala,2,success,"{"total":2,"location_name":"Suur-Paala","location_id":10}"
2026-09-11 06:20:53,CEST,1,Hipodroom,0,success,"{"total":0,"location_name":"Hipodroom","location_id":1}"
2026-09-11 06:20:53,CEST,3,T1,1,success,"{"total":1,"location_name":"T1 Shopping Mall","location_id":3}"
2026-09-11 06:20:53,CEST,9,Mustika,0,success,"{"total":0,"location_name":"Mustika","location_id":9}"
2026-09-11 06:20:53,CEST,10,Suur-Paala,2,success,"{"total":2,"location_name":"Suur-Paala","location_id":10}"
2026-09-11 06:22:54,CEST,1,Hipodroom,0,success,"{"total":0,"location_name":"Hipodroom","location_id":1}"
2026-09-11 06:22:54,CEST,3,T1,1,success,"{"total":1,"location_name":"T1 Shopping Mall","location_id":3}"
2026-09-11 06:22:54,CEST,9,Mustika,0,success,"{"total":0,"location_name":"Mustika","location_id":9}"
2026-09-11 06:22:54,CEST,10,Suur-Paala,2,success,"{"total":2,"location_name":"Suur-Paala","location_id":10}"
2026-09-11 06:24:55,CEST,1,Hipodroom,0,success,"{"total":0,"location_name":"Hipodroom","location_id":1}"
2026-09-11 06:24:55,CEST,3,T1,1,success,"{"total":1,"location_name":"T1 Shopping Mall","location_id":3}"
2026-09-11 06:24:55,CEST,9,Mustika,0,success,"{"total":0,"location_name":"Mustika","location_id":9}"
2026-09-11 06:24:55,CEST,10,Suur-Paala,2,success,"{"total":2,"location_name":"Suur-Paala","location_id":10}"
2026-09-11 06:26:55,CEST,1,Hipodroom,0,success,"{"total":0,"location_name":"Hipodroom","location_id":1}"
2026-09-11 06:26:55,CEST,3,T1,1,success,"{"total":1,"location_name":"T1 Shopping Mall","location_id":3}"
2026-09-11 06:26:55,CEST,9,Mustika,0,success,"{"total":0,"location_name":"Mustika","location_id":9}"
2026-09-11 06:26:55,CEST,10,Suur-Paala,2,success,"{"total":2,"location_name":"Suur-Paala","location_id":10}"
2026-09-11 06:28:56,CEST,1,Hipodroom,0,success,"{"total":0,"location_name":"Hipodroom","location_id":1}"
2026-09-11 06:28:56,CEST,3,T1,1,success,"{"total":1,"location_name":"T1 Shopping Mall","location_id":3}"
2026-09-11 06:28:56,CEST,9,Mustika,0,success,"{"total":0,"location_name":"Mustika","location_id":9}"
2026-09-11 06:28:56,CEST,10,Suur-Paala,2,success,"{"total":2,"location_name":"Suur-Paala","location_id":10}"
2026-09-11 06:30:57,CEST,1,Hipodroom,0,success,"{"total":0,"location_name":"Hipodroom","location_id":1}"
2026-09-11 06:30:57,CEST,3,T1,1,success,"{"total":1,"location_name":"T1 Shopping Mall","location_id":3}"
2026-09-11 06:30:57,CEST,9,Mustika,0,success,"{"total":0,"location_name":"Mustika","location_id":9}"
2026-09-11 06:30:57,CEST,10,Suur-Paala,2,success,"{"total":2,"location_name":"Suur-Paala","location_id":10}"
2026-09-11 06:32:58,CEST,1,Hipodroom,0,success,"{"total":0,"location_name":"Hipodroom","location_id":1}"
2026-09-11 06:32:58,CEST,3,T1,1,success,"{"total":1,"location_name":"T1 Shopping Mall","location_id":3}"
2026-09-11 06:32:58,CEST,9,Mustika,0,success,"{"total":0,"location_name":"Mustika","location_id":9}"
2026-09-11 06:32:58,CEST,10,Suur-Paala,2,success,"{"total":2,"location_name":"Suur-Paala","location_id":10}"
2026-09-11 06:34:59,CEST,1,Hipodroom,0,success,"{"total":0,"location_name":"Hipodroom","location_id":1}"
2026-09-11 06:34:59,CEST,3,T1,1,success,"{"total":1,"location_name":"T1 Shopping Mall","location_id":3}"
2026-09-11 06:34:59,CEST,9,Mustika,0,success,"{"total":0,"location_name":"Mustika","location_id":9}"
2026-09-11 06:34:59,CEST,10,Suur-Paala,2,success,"{"total":2,"location_name":"Suur-Paala","location_id":10}"
2026-09-11 06:36:59,CEST,1,Hipodroom,0,success,"{"total":0,"location_name":"Hipodroom","location_id":1}"
2026-09-11 06:36:59,CEST,3,T1,1,success,"{"total":1,"location_name":"T1 Shopping Mall","location_id":3}"
2026-09-11 06:36:59,CEST,9,Mustika,0,success,"{"total":0,"location_name":"Mustika","location_id":9}"
2026-09-11 06:36:59,CEST,10,Suur-Paala,2,success,"{"total":2,"location_name":"Suur-Paala","location_id":10}"
2026-09-11 06:39:00,CEST,1,Hipodroom,0,success,"{"total":0,"location_name":"Hipodroom","location_id":1}"
2026-09-11 06:39:00,CEST,3,T1,1,success,"{"total":1,"location_name":"T1 Shopping Mall","location_id":3}"
2026-09-11 06:39:00,CEST,9,Mustika,0,success,"{"total":0,"location_name":"Mustika","location_id":9}"
2026-09-11 06:39:00,CEST,10,Suur-Paala,2,success,"{"total":2,"location_name":"Suur-Paala","location_id":10}"
2026-09-11 06:41:01,CEST,1,Hipodroom,0,success,"{"total":0,"location_name":"Hipodroom","location_id":1}"
2026-09-11 06:41:01,CEST,3,T1,1,success,"{"total":1,"location_name":"T1 Shopping Mall","location_id":3}"
2026-09-11 06:41:01,CEST,9,Mustika,0,success,"{"total":0,"location_name":"Mustika","location_id":9}"
2026-09-11 06:41:01,CEST,10,Suur-Paala,2,success,"{"total":2,"location_name":"Suur-Paala","location_id":10}"
2026-09-11 06:43:02,CEST,1,Hipodroom,0,success,"{"total":0,"location_name":"Hipodroom","location_id":1}"
2026-09-11 06:43:02,CEST,3,T1,1,success,"{"total":1,"location_name":"T1 Shopping Mall","location_id":3}"
2026-09-11 06:43:02,CEST,9,Mustika,0,success,"{"total":0,"location_name":"Mustika","location_id":9}"
2026-09-11 06:43:02,CEST,10,Suur-Paala,2,success,"{"total":2,"location_name":"Suur-Paala","location_id":10}"
2026-09-11 06:45:02,CEST,1,Hipodroom,0,success,"{"total":0,"location_name":"Hipodroom","location_id":1}"
2026-09-11 06:45:02,CEST,3,T1,1,success,"{"total":1,"location_name":"T1 Shopping Mall","location_id":3}"
2026-09-11 06:45:02,CEST,9,Mustika,0,success,"{"total":0,"location_name":"Mustika","location_id":9}"
2026-09-11 06:45:02,CEST,10,Suur-Paala,2,success,"{"total":2,"location_name":"Suur-Paala","location_id":10}"
2026-09-11 06:47:03,CEST,1,Hipodroom,0,success,"{"total":0,"location_name":"Hipodroom","location_id":1}"
2026-09-11 06:47:03,CEST,3,T1,1,success,"{"total":1,"location_name":"T1 Shopping Mall","location_id":3}"
2026-09-11 06:47:03,CEST,9,Mustika,0,success,"{"total":0,"location_name":"Mustika","location_id":9}"
2026-09-11 06:47:03,CEST,10,Suur-Paala,2,success,"{"total":2,"location_name":"Suur-Paala","location_id":10}"
2026-09-11 06:49:04,CEST,1,Hipodroom,0,success,"{"total":0,"location_name":"Hipodroom","location_id":1}"
2026-09-11 06:49:04,CEST,3,T1,1,success,"{"total":1,"location_name":"T1 Shopping Mall","location_id":3}"
2026-09-11 06:49:04,CEST,9,Mustika,0,success,"{"total":0,"location_name":"Mustika","location_id":9}"
2026-09-11 06:49:04,CEST,10,Suur-Paala,2,success,"{"total":2,"location_name":"Suur-Paala","location_id":10}"
2026-09-11 06:51:05,CEST,1,Hipodroom,0,success,"{"total":0,"location_name":"Hipodroom","location_id":1}"
2026-09-11 06:51:05,CEST,3,T1,1,success,"{"total":1,"location_name":"T1 Shopping Mall","location_id":3}"
2026-09-11 06:51:05,CEST,9,Mustika,0,success,"{"total":0,"location_name":"Mustika","location_id":9}"
2026-09-11 06:51:05,CEST,10,Suur-Paala,2,success,"{"total":2,"location_name":"Suur-Paala","location_id":10}"
2026-09-11 06:53:05,CEST,1,Hipodroom,0,success,"{"total":0,"location_name":"Hipodroom","location_id":1}"
2026-09-11 06:53:05,CEST,3,T1,1,success,"{"total":1,"location_name":"T1 Shopping Mall","location_id":3}"
2026-09-11 06:53:05,CEST,9,Mustika,2,success,"{"total":2,"location_name":"Mustika","location_id":9}"
2026-09-11 06:53:05,CEST,10,Suur-Paala,2,success,"{"total":2,"location_name":"Suur-Paala","location_id":10}"
2026-09-11 06:55:06,CEST,1,Hipodroom,0,success,"{"total":0,"location_name":"Hipodroom","location_id":1}"
2026-09-11 06:55:06,CEST,3,T1,1,success,"{"total":1,"location_name":"T1 Shopping Mall","location_id":3}"
2026-09-11 06:55:06,CEST,9,Mustika,2,success,"{"total":2,"location_name":"Mustika","location_id":9}"
2026-09-11 06:55:06,CEST,10,Suur-Paala,2,success,"{"total":2,"location_name":"Suur-Paala","location_id":10}"
2026-09-11 06:57:07,CEST,1,Hipodroom,0,success,"{"total":0,"location_name":"Hipodroom","location_id":1}"
2026-09-11 06:57:07,CEST,3,T1,1,success,"{"total":1,"location_name":"T1 Shopping Mall","location_id":3}"
2026-09-11 06:57:07,CEST,9,Mustika,2,success,"{"total":2,"location_name":"Mustika","location_id":9}"
2026-09-11 06:57:07,CEST,10,Suur-Paala,2,success,"{"total":2,"location_name":"Suur-Paala","location_id":10}"
2026-09-11 06:59:08,CEST,1,Hipodroom,0,success,"{"total":0,"location_name":"Hipodroom","location_id":1}"
2026-09-11 06:59:08,CEST,3,T1,1,success,"{"total":1,"location_name":"T1 Shopping Mall","location_id":3}"
2026-09-11 06:59:08,CEST,9,Mustika,2,success,"{"total":2,"location_name":"Mustika","location_id":9}"
2026-09-11 06:59:08,CEST,10,Suur-Paala,2,success,"{"total":2,"location_name":"Suur-Paala","location_id":10}"
2026-09-11 07:01:09,CEST,1,Hipodroom,0,success,"{"total":0,"location_name":"Hipodroom","location_id":1}"
2026-09-11 07:01:09,CEST,3,T1,1,success,"{"total":1,"location_name":"T1 Shopping Mall","location_id":3}"
2026-09-11 07:01:09,CEST,9,Mustika,2,success,"{"total":2,"location_name":"Mustika","location_id":9}"
2026-09-11 07:01:09,CEST,10,Suur-Paala,2,success,"{"total":2,"location_name":"Suur-Paala","location_id":10}"
2026-09-11 07:03:09,CEST,1,Hipodroom,0,success,"{"total":0,"location_name":"Hipodroom","location_id":1}"
2026-09-11 07:03:09,CEST,3,T1,1,success,"{"total":1,"location_name":"T1 Shopping Mall","location_id":3}"
2026-09-11 07:03:09,CEST,9,Mustika,2,success,"{"total":2,"location_name":"Mustika","location_id":9}"
2026-09-11 07:03:09,CEST,10,Suur-Paala,2,success,"{"total":2,"location_name":"Suur-Paala","location_id":10}"
2026-09-11 07:05:10,CEST,1,Hipodroom,0,success,"{"total":0,"location_name":"Hipodroom","location_id":1}"
2026-09-11 07:05:10,CEST,3,T1,1,success,"{"total":1,"location_name":"T1 Shopping Mall","location_id":3}"
2026-09-11 07:05:10,CEST,9,Mustika,2,success,"{"total":2,"location_name":"Mustika","location_id":9}"
2026-09-11 07:05:10,CEST,10,Suur-Paala,2,success,"{"total":2,"location_name":"Suur-Paala","location_id":10}"
2026-09-11 07:07:11,CEST,1,Hipodroom,0,success,"{"total":0,"location_name":"Hipodroom","location_id":1}"
2026-09-11 07:07:11,CEST,3,T1,1,success,"{"total":1,"location_name":"T1 Shopping Mall","location_id":3}"
2026-09-11 07:07:11,CEST,9,Mustika,2,success,"{"total":2,"location_name":"Mustika","location_id":9}"
2026-09-11 07:07:11,CEST,10,Suur-Paala,2,success,"{"total":2,"location_name":"Suur-Paala","location_id":10}"
2026-09-11 07:09:12,CEST,1,Hipodroom,0,success,"{"total":0,"location_name":"Hipodroom","location_id":1}"
2026-09-11 07:09:12,CEST,3,T1,1,success,"{"total":1,"location_name":"T1 Shopping Mall","location_id":3}"
2026-09-11 07:09:12,CEST,9,Mustika,2,success,"{"total":2,"location_name":"Mustika","location_id":9}"
2026-09-11 07:09:12,CEST,10,Suur-Paala,2,success,"{"total":2,"location_name":"Suur-Paala","location_id":10}"
2026-09-11 07:11:13,CEST,1,Hipodroom,0,success,"{"total":0,"location_name":"Hipodroom","location_id":1}"
2026-09-11 07:11:13,CEST,3,T1,1,success,"{"total":1,"location_name":"T1 Shopping Mall","location_id":3}"
2026-09-11 07:11:13,CEST,9,Mustika,2,success,"{"total":2,"location_name":"Mustika","location_id":9}"
2026-09-11 07:11:13,CEST,10,Suur-Paala,2,success,"{"total":2,"location_name":"Suur-Paala","location_id":10}"
2026-09-11 07:13:14,CEST,1,Hipodroom,0,success,"{"total":0,"location_name":"Hipodroom","location_id":1}"
2026-09-11 07:13:14,CEST,3,T1,1,success,"{"total":1,"location_name":"T1 Shopping Mall","location_id":3}"
2026-09-11 07:13:14,CEST,9,Mustika,2,success,"{"total":2,"location_name":"Mustika","location_id":9}"
2026-09-11 07:13:14,CEST,10,Suur-Paala,2,success,"{"total":2,"location_name":"Suur-Paala","location_id":10}"
2026-09-11 07:15:14,CEST,1,Hipodroom,0,success,"{"total":0,"location_name":"Hipodroom","location_id":1}"
2026-09-11 07:15:14,CEST,3,T1,2,success,"{"total":2,"location_name":"T1 Shopping Mall","location_id":3}"
2026-09-11 07:15:14,CEST,9,Mustika,2,success,"{"total":2,"location_name":"Mustika","location_id":9}"
2026-09-11 07:15:14,CEST,10,Suur-Paala,2,success,"{"total":2,"location_name":"Suur-Paala","location_id":10}"
2026-09-11 07:17:15,CEST,1,Hipodroom,0,success,"{"total":0,"location_name":"Hipodroom","location_id":1}"
2026-09-11 07:17:15,CEST,3,T1,2,success,"{"total":2,"location_name":"T1 Shopping Mall","location_id":3}"
2026-09-11 07:17:15,CEST,9,Mustika,2,success,"{"total":2,"location_name":"Mustika","location_id":9}"
2026-09-11 07:17:15,CEST,10,Suur-Paala,2,success,"{"total":2,"location_name":"Suur-Paala","location_id":10}"
2026-09-11 07:19:16,CEST,1,Hipodroom,0,success,"{"total":0,"location_name":"Hipodroom","location_id":1}"
2026-09-11 07:19:16,CEST,3,T1,2,success,"{"total":2,"location_name":"T1 Shopping Mall","location_id":3}"
2026-09-11 07:19:16,CEST,9,Mustika,2,success,"{"total":2,"location_name":"Mustika","location_id":9}"
2026-09-11 07:19:16,CEST,10,Suur-Paala,2,success,"{"total":2,"location_name":"Suur-Paala","location_id":10}"
2026-09-11 07:21:17,CEST,1,Hipodroom,0,success,"{"total":0,"location_name":"Hipodroom","location_id":1}"
2026-09-11 07:21:17,CEST,3,T1,2,success,"{"total":2,"location_name":"T1 Shopping Mall","location_id":3}"
2026-09-11 07:21:17,CEST,9,Mustika,2,success,"{"total":2,"location_name":"Mustika","location_id":9}"
2026-09-11 07:21:17,CEST,10,Suur-Paala,2,success,"{"total":2,"location_name":"Suur-Paala","location_id":10}"
2026-09-11 07:23:18,CEST,1,Hipodroom,0,success,"{"total":0,"location_name":"Hipodroom","location_id":1}"
2026-09-11 07:23:18,CEST,3,T1,2,success,"{"total":2,"location_name":"T1 Shopping Mall","location_id":3}"
2026-09-11 07:23:18,CEST,9,Mustika,2,success,"{"total":2,"location_name":"Mustika","location_id":9}"
2026-09-11 07:23:18,CEST,10,Suur-Paala,2,success,"{"total":2,"location_name":"Suur-Paala","location_id":10}"
2026-09-11 07:25:18,CEST,1,Hipodroom,0,success,"{"total":0,"location_name":"Hipodroom","location_id":1}"
2026-09-11 07:25:18,CEST,3,T1,2,success,"{"total":2,"location_name":"T1 Shopping Mall","location_id":3}"
2026-09-11 07:25:18,CEST,9,Mustika,2,success,"{"total":2,"location_name":"Mustika","location_id":9}"
2026-09-11 07:25:18,CEST,10,Suur-Paala,2,success,"{"total":2,"location_name":"Suur-Paala","location_id":10}"
2026-09-11 07:27:19,CEST,1,Hipodroom,0,success,"{"total":0,"location_name":"Hipodroom","location_id":1}"
2026-09-11 07:27:19,CEST,3,T1,2,success,"{"total":2,"location_name":"T1 Shopping Mall","location_id":3}"
2026-09-11 07:27:19,CEST,9,Mustika,2,success,"{"total":2,"location_name":"Mustika","location_id":9}"
2026-09-11 07:27:19,CEST,10,Suur-Paala,2,success,"{"total":2,"location_name":"Suur-Paala","location_id":10}"
2026-09-11 07:29:20,CEST,1,Hipodroom,0,success,"{"total":0,"location_name":"Hipodroom","location_id":1}"
2026-09-11 07:29:20,CEST,3,T1,2,success,"{"total":2,"location_name":"T1 Shopping Mall","location_id":3}"
2026-09-11 07:29:20,CEST,9,Mustika,2,success,"{"total":2,"location_name":"Mustika","location_id":9}"
2026-09-11 07:29:20,CEST,10,Suur-Paala,2,success,"{"total":2,"location_name":"Suur-Paala","location_id":10}"
2026-09-11 07:31:21,CEST,1,Hipodroom,0,success,"{"total":0,"location_name":"Hipodroom","location_id":1}"
2026-09-11 07:31:21,CEST,3,T1,2,success,"{"total":2,"location_name":"T1 Shopping Mall","location_id":3}"
2026-09-11 07:31:21,CEST,9,Mustika,2,success,"{"total":2,"location_name":"Mustika","location_id":9}"
2026-09-11 07:31:21,CEST,10,Suur-Paala,2,success,"{"total":2,"location_name":"Suur-Paala","location_id":10}"
2026-09-11 07:33:21,CEST,1,Hipodroom,0,success,"{"total":0,"location_name":"Hipodroom","location_id":1}"
2026-09-11 07:33:21,CEST,3,T1,2,success,"{"total":2,"location_name":"T1 Shopping Mall","location_id":3}"
2026-09-11 07:33:21,CEST,9,Mustika,2,success,"{"total":2,"location_name":"Mustika","location_id":9}"
2026-09-11 07:33:21,CEST,10,Suur-Paala,2,success,"{"total":2,"location_name":"Suur-Paala","location_id":10}"
2026-09-11 07:35:22,CEST,1,Hipodroom,0,success,"{"total":0,"location_name":"Hipodroom","location_id":1}"
2026-09-11 07:35:22,CEST,3,T1,2,success,"{"total":2,"location_name":"T1 Shopping Mall","location_id":3}"
2026-09-11 07:35:22,CEST,9,Mustika,2,success,"{"total":2,"location_name":"Mustika","location_id":9}"
2026-09-11 07:35:22,CEST,10,Suur-Paala,2,success,"{"total":2,"location_name":"Suur-Paala","location_id":10}"
2026-09-11 07:37:23,CEST,1,Hipodroom,0,success,"{"total":0,"location_name":"Hipodroom","location_id":1}"
2026-09-11 07:37:23,CEST,3,T1,2,success,"{"total":2,"location_name":"T1 Shopping Mall","location_id":3}"
2026-09-11 07:37:23,CEST,9,Mustika,2,success,"{"total":2,"location_name":"Mustika","location_id":9}"
2026-09-11 07:37:23,CEST,10,Suur-Paala,2,success,"{"total":2,"location_name":"Suur-Paala","location_id":10}"
2026-09-11 07:39:24,CEST,1,Hipodroom,0,success,"{"total":0,"location_name":"Hipodroom","location_id":1}"
2026-09-11 07:39:24,CEST,3,T1,3,success,"{"total":3,"location_name":"T1 Shopping Mall","location_id":3}"
2026-09-11 07:39:24,CEST,9,Mustika,2,success,"{"total":2,"location_name":"Mustika","location_id":9}"
2026-09-11 07:39:24,CEST,10,Suur-Paala,2,success,"{"total":2,"location_name":"Suur-Paala","location_id":10}"
2026-09-11 07:41:24,CEST,1,Hipodroom,0,success,"{"total":0,"location_name":"Hipodroom","location_id":1}"
2026-09-11 07:41:24,CEST,3,T1,3,success,"{"total":3,"location_name":"T1 Shopping Mall","location_id":3}"
2026-09-11 07:41:24,CEST,9,Mustika,2,success,"{"total":2,"location_name":"Mustika","location_id":9}"
2026-09-11 07:41:24,CEST,10,Suur-Paala,2,success,"{"total":2,"location_name":"Suur-Paala","location_id":10}"
2026-09-11 07:43:25,CEST,1,Hipodroom,0,success,"{"total":0,"location_name":"Hipodroom","location_id":1}"
2026-09-11 07:43:25,CEST,3,T1,3,success,"{"total":3,"location_name":"T1 Shopping Mall","location_id":3}"
2026-09-11 07:43:25,CEST,9,Mustika,2,success,"{"total":2,"location_name":"Mustika","location_id":9}"
2026-09-11 07:43:25,CEST,10,Suur-Paala,2,success,"{"total":2,"location_name":"Suur-Paala","location_id":10}"
2026-09-11 07:45:26,CEST,1,Hipodroom,0,success,"{"total":0,"location_name":"Hipodroom","location_id":1}"
2026-09-11 07:45:26,CEST,3,T1,3,success,"{"total":3,"location_name":"T1 Shopping Mall","location_id":3}"
2026-09-11 07:45:26,CEST,9,Mustika,2,success,"{"total":2,"location_name":"Mustika","location_id":9}"
2026-09-11 07:45:26,CEST,10,Suur-Paala,2,success,"{"total":2,"location_name":"Suur-Paala","location_id":10}"
2026-09-11 07:47:27,CEST,1,Hipodroom,0,success,"{"total":0,"location_name":"Hipodroom","location_id":1}"
2026-09-11 07:47:27,CEST,3,T1,3,success,"{"total":3,"location_name":"T1 Shopping Mall","location_id":3}"
2026-09-11 07:47:27,CEST,9,Mustika,2,success,"{"total":2,"location_name":"Mustika","location_id":9}"
2026-09-11 07:47:27,CEST,10,Suur-Paala,2,success,"{"total":2,"location_name":"Suur-Paala","location_id":10}"
2026-09-11 07:49:28,CEST,1,Hipodroom,0,success,"{"total":0,"location_name":"Hipodroom","location_id":1}"
2026-09-11 07:49:28,CEST,3,T1,3,success,"{"total":3,"location_name":"T1 Shopping Mall","location_id":3}"
2026-09-11 07:49:28,CEST,9,Mustika,2,success,"{"total":2,"location_name":"Mustika","location_id":9}"
2026-09-11 07:49:28,CEST,10,Suur-Paala,2,success,"{"total":2,"location_name":"Suur-Paala","location_id":10}"
2026-09-11 07:51:28,CEST,1,Hipodroom,0,success,"{"total":0,"location_name":"Hipodroom","location_id":1}"
2026-09-11 07:51:28,CEST,3,T1,3,success,"{"total":3,"location_name":"T1 Shopping Mall","location_id":3}"
2026-09-11 07:51:28,CEST,9,Mustika,2,success,"{"total":2,"location_name":"Mustika","location_id":9}"
2026-09-11 07:51:28,CEST,10,Suur-Paala,2,success,"{"total":2,"location_name":"Suur-Paala","location_id":10}"
2026-09-11 07:53:29,CEST,1,Hipodroom,0,success,"{"total":0,"location_name":"Hipodroom","location_id":1}"
2026-09-11 07:53:29,CEST,3,T1,3,success,"{"total":3,"location_name":"T1 Shopping Mall","location_id":3}"
2026-09-11 07:53:29,CEST,9,Mustika,2,success,"{"total":2,"location_name":"Mustika","location_id":9}"
2026-09-11 07:53:29,CEST,10,Suur-Paala,2,success,"{"total":2,"location_name":"Suur-Paala","location_id":10}"
2026-09-11 07:55:30,CEST,1,Hipodroom,0,success,"{"total":0,"location_name":"Hipodroom","location_id":1}"
2026-09-11 07:55:30,CEST,3,T1,3,success,"{"total":3,"location_name":"T1 Shopping Mall","location_id":3}"
2026-09-11 07:55:30,CEST,9,Mustika,2,success,"{"total":2,"location_name":"Mustika","location_id":9}"
2026-09-11 07:55:30,CEST,10,Suur-Paala,2,success,"{"total":2,"location_name":"Suur-Paala","location_id":10}"
2026-09-11 07:57:31,CEST,1,Hipodroom,0,success,"{"total":0,"location_name":"Hipodroom","location_id":1}"
2026-09-11 07:57:31,CEST,3,T1,3,success,"{"total":3,"location_name":"T1 Shopping Mall","location_id":3}"
2026-09-11 07:57:31,CEST,9,Mustika,2,success,"{"total":2,"location_name":"Mustika","location_id":9}"
2026-09-11 07:57:31,CEST,10,Suur-Paala,2,success,"{"total":2,"location_name":"Suur-Paala","location_id":10}"
2026-09-11 07:59:31,CEST,1,Hipodroom,0,success,"{"total":0,"location_name":"Hipodroom","location_id":1}"
2026-09-11 07:59:31,CEST,3,T1,3,success,"{"total":3,"location_name":"T1 Shopping Mall","location_id":3}"
2026-09-11 07:59:31,CEST,9,Mustika,2,success,"{"total":2,"location_name":"Mustika","location_id":9}"
2026-09-11 07:59:31,CEST,10,Suur-Paala,2,success,"{"total":2,"location_name":"Suur-Paala","location_id":10}"
2026-09-11 08:01:32,CEST,1,Hipodroom,0,success,"{"total":0,"location_name":"Hipodroom","location_id":1}"
2026-09-11 08:01:32,CEST,3,T1,3,success,"{"total":3,"location_name":"T1 Shopping Mall","location_id":3}"
2026-09-11 08:01:32,CEST,9,Mustika,2,success,"{"total":2,"location_name":"Mustika","location_id":9}"
2026-09-11 08:01:32,CEST,10,Suur-Paala,2,success,"{"total":2,"location_name":"Suur-Paala","location_id":10}"
2026-09-11 08:03:33,CEST,1,Hipodroom,0,success,"{"total":0,"location_name":"Hipodroom","location_id":1}"
2026-09-11 08:03:33,CEST,3,T1,5,success,"{"total":5,"location_name":"T1 Shopping Mall","location_id":3}"
2026-09-11 08:03:33,CEST,9,Mustika,2,success,"{"total":2,"location_name":"Mustika","location_id":9}"
2026-09-11 08:03:33,CEST,10,Suur-Paala,2,success,"{"total":2,"location_name":"Suur-Paala","location_id":10}"
2026-09-11 08:05:34,CEST,1,Hipodroom,0,success,"{"total":0,"location_name":"Hipodroom","location_id":1}"
2026-09-11 08:05:34,CEST,3,T1,5,success,"{"total":5,"location_name":"T1 Shopping Mall","location_id":3}"
2026-09-11 08:05:34,CEST,9,Mustika,2,success,"{"total":2,"location_name":"Mustika","location_id":9}"
2026-09-11 08:05:34,CEST,10,Suur-Paala,2,success,"{"total":2,"location_name":"Suur-Paala","location_id":10}"
2026-09-11 08:07:34,CEST,1,Hipodroom,0,success,"{"total":0,"location_name":"Hipodroom","location_id":1}"
2026-09-11 08:07:34,CEST,3,T1,5,success,"{"total":5,"location_name":"T1 Shopping Mall","location_id":3}"
2026-09-11 08:07:34,CEST,9,Mustika,2,success,"{"total":2,"location_name":"Mustika","location_id":9}"
2026-09-11 08:07:34,CEST,10,Suur-Paala,2,success,"{"total":2,"location_name":"Suur-Paala","location_id":10}"
2026-09-11 08:09:35,CEST,1,Hipodroom,0,success,"{"total":0,"location_name":"Hipodroom","location_id":1}"
2026-09-11 08:09:35,CEST,3,T1,5,success,"{"total":5,"location_name":"T1 Shopping Mall","location_id":3}"
2026-09-11 08:09:35,CEST,9,Mustika,2,success,"{"total":2,"location_name":"Mustika","location_id":9}"
2026-09-11 08:09:35,CEST,10,Suur-Paala,2,success,"{"total":2,"location_name":"Suur-Paala","location_id":10}"
2026-09-11 08:11:36,CEST,1,Hipodroom,0,success,"{"total":0,"location_name":"Hipodroom","location_id":1}"
2026-09-11 08:11:36,CEST,3,T1,5,success,"{"total":5,"location_name":"T1 Shopping Mall","location_id":3}"
2026-09-11 08:11:36,CEST,9,Mustika,2,success,"{"total":2,"location_name":"Mustika","location_id":9}"
2026-09-11 08:11:36,CEST,10,Suur-Paala,2,success,"{"total":2,"location_name":"Suur-Paala","location_id":10}"
2026-09-11 08:13:37,CEST,1,Hipodroom,0,success,"{"total":0,"location_name":"Hipodroom","location_id":1}"
2026-09-11 08:13:37,CEST,3,T1,5,success,"{"total":5,"location_name":"T1 Shopping Mall","location_id":3}"
2026-09-11 08:13:37,CEST,9,Mustika,2,success,"{"total":2,"location_name":"Mustika","location_id":9}"
2026-09-11 08:13:37,CEST,10,Suur-Paala,2,success,"{"total":2,"location_name":"Suur-Paala","location_id":10}"
2026-09-11 08:15:37,CEST,1,Hipodroom,0,success,"{"total":0,"location_name":"Hipodroom","location_id":1}"
2026-09-11 08:15:37,CEST,3,T1,6,success,"{"total":6,"location_name":"T1 Shopping Mall","location_id":3}"
2026-09-11 08:15:37,CEST,9,Mustika,2,success,"{"total":2,"location_name":"Mustika","location_id":9}"
2026-09-11 08:15:37,CEST,10,Suur-Paala,2,success,"{"total":2,"location_name":"Suur-Paala","location_id":10}"
2026-09-11 08:17:38,CEST,1,Hipodroom,0,success,"{"total":0,"location_name":"Hipodroom","location_id":1}"
2026-09-11 08:17:38,CEST,3,T1,6,success,"{"total":6,"location_name":"T1 Shopping Mall","location_id":3}"
2026-09-11 08:17:38,CEST,9,Mustika,2,success,"{"total":2,"location_name":"Mustika","location_id":9}"
2026-09-11 08:17:38,CEST,10,Suur-Paala,2,success,"{"total":2,"location_name":"Suur-Paala","location_id":10}"
2026-09-11 08:19:39,CEST,1,Hipodroom,0,success,"{"total":0,"location_name":"Hipodroom","location_id":1}"
2026-09-11 08:19:39,CEST,3,T1,6,success,"{"total":6,"location_name":"T1 Shopping Mall","location_id":3}"
2026-09-11 08:19:39,CEST,9,Mustika,2,success,"{"total":2,"location_name":"Mustika","location_id":9}"
2026-09-11 08:19:39,CEST,10,Suur-Paala,2,success,"{"total":2,"location_name":"Suur-Paala","location_id":10}"
2026-09-11 08:21:39,CEST,1,Hipodroom,1,success,"{"total":1,"location_name":"Hipodroom","location_id":1}"
2026-09-11 08:21:39,CEST,3,T1,6,success,"{"total":6,"location_name":"T1 Shopping Mall","location_id":3}"
2026-09-11 08:21:39,CEST,9,Mustika,2,success,"{"total":2,"location_name":"Mustika","location_id":9}"
2026-09-11 08:21:39,CEST,10,Suur-Paala,2,success,"{"total":2,"location_name":"Suur-Paala","location_id":10}"
2026-09-11 08:23:40,CEST,1,Hipodroom,1,success,"{"total":1,"location_name":"Hipodroom","location_id":1}"
2026-09-11 08:23:40,CEST,3,T1,6,success,"{"total":6,"location_name":"T1 Shopping Mall","location_id":3}"
2026-09-11 08:23:40,CEST,9,Mustika,2,success,"{"total":2,"location_name":"Mustika","location_id":9}"
2026-09-11 08:23:40,CEST,10,Suur-Paala,2,success,"{"total":2,"location_name":"Suur-Paala","location_id":10}"
2026-09-11 08:25:41,CEST,1,Hipodroom,1,success,"{"total":1,"location_name":"Hipodroom","location_id":1}"
2026-09-11 08:25:41,CEST,3,T1,6,success,"{"total":6,"location_name":"T1 Shopping Mall","location_id":3}"
2026-09-11 08:25:41,CEST,9,Mustika,2,success,"{"total":2,"location_name":"Mustika","location_id":9}"
2026-09-11 08:25:41,CEST,10,Suur-Paala,2,success,"{"total":2,"location_name":"Suur-Paala","location_id":10}"
2026-09-11 08:27:42,CEST,1,Hipodroom,2,success,"{"total":2,"location_name":"Hipodroom","location_id":1}"
2026-09-11 08:27:42,CEST,3,T1,6,success,"{"total":6,"location_name":"T1 Shopping Mall","location_id":3}"
2026-09-11 08:27:42,CEST,9,Mustika,2,success,"{"total":2,"location_name":"Mustika","location_id":9}"
2026-09-11 08:27:42,CEST,10,Suur-Paala,2,success,"{"total":2,"location_name":"Suur-Paala","location_id":10}"
2026-09-11 08:29:42,CEST,1,Hipodroom,2,success,"{"total":2,"location_name":"Hipodroom","location_id":1}"
2026-09-11 08:29:42,CEST,3,T1,6,success,"{"total":6,"location_name":"T1 Shopping Mall","location_id":3}"
2026-09-11 08:29:42,CEST,9,Mustika,2,success,"{"total":2,"location_name":"Mustika","location_id":9}"
2026-09-11 08:29:42,CEST,10,Suur-Paala,3,success,"{"total":3,"location_name":"Suur-Paala","location_id":10}"
2026-09-11 08:31:43,CEST,1,Hipodroom,2,success,"{"total":2,"location_name":"Hipodroom","location_id":1}"
2026-09-11 08:31:43,CEST,3,T1,6,success,"{"total":6,"location_name":"T1 Shopping Mall","location_id":3}"
2026-09-11 08:31:43,CEST,9,Mustika,2,success,"{"total":2,"location_name":"Mustika","location_id":9}"
2026-09-11 08:31:43,CEST,10,Suur-Paala,3,success,"{"total":3,"location_name":"Suur-Paala","location_id":10}"
2026-09-11 08:33:44,CEST,1,Hipodroom,3,success,"{"total":3,"location_name":"Hipodroom","location_id":1}"
2026-09-11 08:33:44,CEST,3,T1,6,success,"{"total":6,"location_name":"T1 Shopping Mall","location_id":3}"
2026-09-11 08:33:44,CEST,9,Mustika,2,success,"{"total":2,"location_name":"Mustika","location_id":9}"
2026-09-11 08:33:44,CEST,10,Suur-Paala,3,success,"{"total":3,"location_name":"Suur-Paala","location_id":10}"
2026-09-11 08:35:44,CEST,1,Hipodroom,3,success,"{"total":3,"location_name":"Hipodroom","location_id":1}"
2026-09-11 08:35:44,CEST,3,T1,6,success,"{"total":6,"location_name":"T1 Shopping Mall","location_id":3}"
2026-09-11 08:35:44,CEST,9,Mustika,2,success,"{"total":2,"location_name":"Mustika","location_id":9}"
2026-09-11 08:35:44,CEST,10,Suur-Paala,3,success,"{"total":3,"location_name":"Suur-Paala","location_id":10}"
2026-09-11 08:37:45,CEST,1,Hipodroom,3,success,"{"total":3,"location_name":"Hipodroom","location_id":1}"
2026-09-11 08:37:45,CEST,3,T1,6,success,"{"total":6,"location_name":"T1 Shopping Mall","location_id":3}"
2026-09-11 08:37:45,CEST,9,Mustika,2,success,"{"total":2,"location_name":"Mustika","location_id":9}"
2026-09-11 08:37:45,CEST,10,Suur-Paala,3,success,"{"total":3,"location_name":"Suur-Paala","location_id":10}"
2026-09-11 08:39:46,CEST,1,Hipodroom,3,success,"{"total":3,"location_name":"Hipodroom","location_id":1}"
2026-09-11 08:39:46,CEST,3,T1,6,success,"{"total":6,"location_name":"T1 Shopping Mall","location_id":3}"
2026-09-11 08:39:46,CEST,9,Mustika,2,success,"{"total":2,"location_name":"Mustika","location_id":9}"
2026-09-11 08:39:46,CEST,10,Suur-Paala,3,success,"{"total":3,"location_name":"Suur-Paala","location_id":10}"
2026-09-11 08:41:46,CEST,1,Hipodroom,3,success,"{"total":3,"location_name":"Hipodroom","location_id":1}"
2026-09-11 08:41:46,CEST,3,T1,6,success,"{"total":6,"location_name":"T1 Shopping Mall","location_id":3}"
2026-09-11 08:41:46,CEST,9,Mustika,2,success,"{"total":2,"location_name":"Mustika","location_id":9}"
2026-09-11 08:41:46,CEST,10,Suur-Paala,2,success,"{"total":2,"location_name":"Suur-Paala","location_id":10}"
2026-09-11 08:43:47,CEST,1,Hipodroom,3,success,"{"total":3,"location_name":"Hipodroom","location_id":1}"
2026-09-11 08:43:47,CEST,3,T1,6,success,"{"total":6,"location_name":"T1 Shopping Mall","location_id":3}"
2026-09-11 08:43:47,CEST,9,Mustika,2,success,"{"total":2,"location_name":"Mustika","location_id":9}"
2026-09-11 08:43:47,CEST,10,Suur-Paala,2,success,"{"total":2,"location_name":"Suur-Paala","location_id":10}"
2026-09-11 08:45:48,CEST,1,Hipodroom,3,success,"{"total":3,"location_name":"Hipodroom","location_id":1}"
2026-09-11 08:45:48,CEST,3,T1,6,success,"{"total":6,"location_name":"T1 Shopping Mall","location_id":3}"
2026-09-11 08:45:48,CEST,9,Mustika,2,success,"{"total":2,"location_name":"Mustika","location_id":9}"
2026-09-11 08:45:48,CEST,10,Suur-Paala,2,success,"{"total":2,"location_name":"Suur-Paala","location_id":10}"
2026-09-11 08:47:48,CEST,1,Hipodroom,3,success,"{"total":3,"location_name":"Hipodroom","location_id":1}"
2026-09-11 08:47:48,CEST,3,T1,6,success,"{"total":6,"location_name":"T1 Shopping Mall","location_id":3}"
2026-09-11 08:47:48,CEST,9,Mustika,2,success,"{"total":2,"location_name":"Mustika","location_id":9}"
2026-09-11 08:47:48,CEST,10,Suur-Paala,2,success,"{"total":2,"location_name":"Suur-Paala","location_id":10}"
2026-09-11 08:49:49,CEST,1,Hipodroom,3,success,"{"total":3,"location_name":"Hipodroom","location_id":1}"
2026-09-11 08:49:49,CEST,3,T1,6,success,"{"total":6,"location_name":"T1 Shopping Mall","location_id":3}"
2026-09-11 08:49:49,CEST,9,Mustika,2,success,"{"total":2,"location_name":"Mustika","location_id":9}"
2026-09-11 08:49:49,CEST,10,Suur-Paala,2,success,"{"total":2,"location_name":"Suur-Paala","location_id":10}"
2026-09-11 08:51:50,CEST,1,Hipodroom,3,success,"{"total":3,"location_name":"Hipodroom","location_id":1}"
2026-09-11 08:51:50,CEST,3,T1,6,success,"{"total":6,"location_name":"T1 Shopping Mall","location_id":3}"
2026-09-11 08:51:50,CEST,9,Mustika,2,success,"{"total":2,"location_name":"Mustika","location_id":9}"
2026-09-11 08:51:50,CEST,10,Suur-Paala,2,success,"{"total":2,"location_name":"Suur-Paala","location_id":10}"
2026-09-11 08:53:51,CEST,1,Hipodroom,3,success,"{"total":3,"location_name":"Hipodroom","location_id":1}"
2026-09-11 08:53:51,CEST,3,T1,6,success,"{"total":6,"location_name":"T1 Shopping Mall","location_id":3}"
2026-09-11 08:53:51,CEST,9,Mustika,2,success,"{"total":2,"location_name":"Mustika","location_id":9}"
2026-09-11 08:53:51,CEST,10,Suur-Paala,2,success,"{"total":2,"location_name":"Suur-Paala","location_id":10}"
2026-09-11 08:55:51,CEST,1,Hipodroom,3,success,"{"total":3,"location_name":"Hipodroom","location_id":1}"
2026-09-11 08:55:51,CEST,3,T1,6,success,"{"total":6,"location_name":"T1 Shopping Mall","location_id":3}"
2026-09-11 08:55:51,CEST,9,Mustika,2,success,"{"total":2,"location_name":"Mustika","location_id":9}"
2026-09-11 08:55:51,CEST,10,Suur-Paala,2,success,"{"total":2,"location_name":"Suur-Paala","location_id":10}"
2026-09-11 08:57:52,CEST,1,Hipodroom,3,success,"{"total":3,"location_name":"Hipodroom","location_id":1}"
2026-09-11 08:57:52,CEST,3,T1,7,success,"{"total":7,"location_name":"T1 Shopping Mall","location_id":3}"
2026-09-11 08:57:52,CEST,9,Mustika,2,success,"{"total":2,"location_name":"Mustika","location_id":9}"
2026-09-11 08:57:52,CEST,10,Suur-Paala,2,success,"{"total":2,"location_name":"Suur-Paala","location_id":10}"
2026-09-11 08:59:53,CEST,1,Hipodroom,3,success,"{"total":3,"location_name":"Hipodroom","location_id":1}"
2026-09-11 08:59:53,CEST,3,T1,7,success,"{"total":7,"location_name":"T1 Shopping Mall","location_id":3}"
2026-09-11 08:59:53,CEST,9,Mustika,2,success,"{"total":2,"location_name":"Mustika","location_id":9}"
2026-09-11 08:59:53,CEST,10,Suur-Paala,2,success,"{"total":2,"location_name":"Suur-Paala","location_id":10}"
2026-09-11 09:01:54,CEST,1,Hipodroom,3,success,"{"total":3,"location_name":"Hipodroom","location_id":1}"
2026-09-11 09:01:54,CEST,3,T1,7,success,"{"total":7,"location_name":"T1 Shopping Mall","location_id":3}"
2026-09-11 09:01:54,CEST,9,Mustika,2,success,"{"total":2,"location_name":"Mustika","location_id":9}"
2026-09-11 09:01:54,CEST,10,Suur-Paala,2,success,"{"total":2,"location_name":"Suur-Paala","location_id":10}"
2026-09-11 09:03:54,CEST,1,Hipodroom,3,success,"{"total":3,"location_name":"Hipodroom","location_id":1}"
2026-09-11 09:03:54,CEST,3,T1,7,success,"{"total":7,"location_name":"T1 Shopping Mall","location_id":3}"
2026-09-11 09:03:54,CEST,9,Mustika,2,success,"{"total":2,"location_name":"Mustika","location_id":9}"
2026-09-11 09:03:54,CEST,10,Suur-Paala,2,success,"{"total":2,"location_name":"Suur-Paala","location_id":10}"
2026-09-11 09:05:55,CEST,1,Hipodroom,3,success,"{"total":3,"location_name":"Hipodroom","location_id":1}"
2026-09-11 09:05:55,CEST,3,T1,7,success,"{"total":7,"location_name":"T1 Shopping Mall","location_id":3}"
2026-09-11 09:05:55,CEST,9,Mustika,2,success,"{"total":2,"location_name":"Mustika","location_id":9}"
2026-09-11 09:05:55,CEST,10,Suur-Paala,2,success,"{"total":2,"location_name":"Suur-Paala","location_id":10}"
2026-09-11 09:07:56,CEST,1,Hipodroom,3,success,"{"total":3,"location_name":"Hipodroom","location_id":1}"
2026-09-11 09:07:56,CEST,3,T1,7,success,"{"total":7,"location_name":"T1 Shopping Mall","location_id":3}"
2026-09-11 09:07:56,CEST,9,Mustika,2,success,"{"total":2,"location_name":"Mustika","location_id":9}"
2026-09-11 09:07:56,CEST,10,Suur-Paala,2,success,"{"total":2,"location_name":"Suur-Paala","location_id":10}"
2026-09-11 09:09:56,CEST,1,Hipodroom,3,success,"{"total":3,"location_name":"Hipodroom","location_id":1}"
2026-09-11 09:09:56,CEST,3,T1,7,success,"{"total":7,"location_name":"T1 Shopping Mall","location_id":3}"
2026-09-11 09:09:56,CEST,9,Mustika,3,success,"{"total":3,"location_name":"Mustika","location_id":9}"
2026-09-11 09:09:56,CEST,10,Suur-Paala,2,success,"{"total":2,"location_name":"Suur-Paala","location_id":10}"
2026-09-11 09:11:57,CEST,1,Hipodroom,3,success,"{"total":3,"location_name":"Hipodroom","location_id":1}"
2026-09-11 09:11:57,CEST,3,T1,7,success,"{"total":7,"location_name":"T1 Shopping Mall","location_id":3}"
2026-09-11 09:11:57,CEST,9,Mustika,3,success,"{"total":3,"location_name":"Mustika","location_id":9}"
2026-09-11 09:11:57,CEST,10,Suur-Paala,1,success,"{"total":1,"location_name":"Suur-Paala","location_id":10}"
2026-09-11 09:13:58,CEST,1,Hipodroom,3,success,"{"total":3,"location_name":"Hipodroom","location_id":1}"
2026-09-11 09:13:58,CEST,3,T1,7,success,"{"total":7,"location_name":"T1 Shopping Mall","location_id":3}"
2026-09-11 09:13:58,CEST,9,Mustika,3,success,"{"total":3,"location_name":"Mustika","location_id":9}"
2026-09-11 09:13:58,CEST,10,Suur-Paala,1,success,"{"total":1,"location_name":"Suur-Paala","location_id":10}"
2026-09-11 09:15:59,CEST,1,Hipodroom,3,success,"{"total":3,"location_name":"Hipodroom","location_id":1}"
2026-09-11 09:15:59,CEST,3,T1,6,success,"{"total":6,"location_name":"T1 Shopping Mall","location_id":3}"
2026-09-11 09:15:59,CEST,9,Mustika,3,success,"{"total":3,"location_name":"Mustika","location_id":9}"
2026-09-11 09:15:59,CEST,10,Suur-Paala,1,success,"{"total":1,"location_name":"Suur-Paala","location_id":10}"
2026-09-11 09:17:59,CEST,1,Hipodroom,3,success,"{"total":3,"location_name":"Hipodroom","location_id":1}"
2026-09-11 09:17:59,CEST,3,T1,6,success,"{"total":6,"location_name":"T1 Shopping Mall","location_id":3}"
2026-09-11 09:17:59,CEST,9,Mustika,3,success,"{"total":3,"location_name":"Mustika","location_id":9}"
2026-09-11 09:17:59,CEST,10,Suur-Paala,1,success,"{"total":1,"location_name":"Suur-Paala","location_id":10}"
2026-09-11 09:20:00,CEST,1,Hipodroom,3,success,"{"total":3,"location_name":"Hipodroom","location_id":1}"
2026-09-11 09:20:00,CEST,3,T1,6,success,"{"total":6,"location_name":"T1 Shopping Mall","location_id":3}"
2026-09-11 09:20:00,CEST,9,Mustika,3,success,"{"total":3,"location_name":"Mustika","location_id":9}"
2026-09-11 09:20:00,CEST,10,Suur-Paala,1,success,"{"total":1,"location_name":"Suur-Paala","location_id":10}"
2026-09-11 09:22:01,CEST,1,Hipodroom,3,success,"{"total":3,"location_name":"Hipodroom","location_id":1}"
2026-09-11 09:22:01,CEST,3,T1,6,success,"{"total":6,"location_name":"T1 Shopping Mall","location_id":3}"
2026-09-11 09:22:01,CEST,9,Mustika,3,success,"{"total":3,"location_name":"Mustika","location_id":9}"
2026-09-11 09:22:01,CEST,10,Suur-Paala,1,success,"{"total":1,"location_name":"Suur-Paala","location_id":10}"
2026-09-11 09:24:01,CEST,1,Hipodroom,3,success,"{"total":3,"location_name":"Hipodroom","location_id":1}"
2026-09-11 09:24:01,CEST,3,T1,6,success,"{"total":6,"location_name":"T1 Shopping Mall","location_id":3}"
2026-09-11 09:24:01,CEST,9,Mustika,3,success,"{"total":3,"location_name":"Mustika","location_id":9}"
2026-09-11 09:24:01,CEST,10,Suur-Paala,1,success,"{"total":1,"location_name":"Suur-Paala","location_id":10}"
2026-09-11 09:26:02,CEST,1,Hipodroom,3,success,"{"total":3,"location_name":"Hipodroom","location_id":1}"
2026-09-11 09:26:02,CEST,3,T1,6,success,"{"total":6,"location_name":"T1 Shopping Mall","location_id":3}"
2026-09-11 09:26:02,CEST,9,Mustika,3,success,"{"total":3,"location_name":"Mustika","location_id":9}"
2026-09-11 09:26:02,CEST,10,Suur-Paala,1,success,"{"total":1,"location_name":"Suur-Paala","location_id":10}"
2026-09-11 09:28:03,CEST,1,Hipodroom,3,success,"{"total":3,"location_name":"Hipodroom","location_id":1}"
2026-09-11 09:28:03,CEST,3,T1,6,success,"{"total":6,"location_name":"T1 Shopping Mall","location_id":3}"
2026-09-11 09:28:03,CEST,9,Mustika,3,success,"{"total":3,"location_name":"Mustika","location_id":9}"
2026-09-11 09:28:03,CEST,10,Suur-Paala,1,success,"{"total":1,"location_name":"Suur-Paala","location_id":10}"
2026-09-11 09:30:04,CEST,1,Hipodroom,3,success,"{"total":3,"location_name":"Hipodroom","location_id":1}"
2026-09-11 09:30:04,CEST,3,T1,6,success,"{"total":6,"location_name":"T1 Shopping Mall","location_id":3}"
2026-09-11 09:30:04,CEST,9,Mustika,3,success,"{"total":3,"location_name":"Mustika","location_id":9}"
2026-09-11 09:30:04,CEST,10,Suur-Paala,1,success,"{"total":1,"location_name":"Suur-Paala","location_id":10}"
2026-09-11 09:32:04,CEST,1,Hipodroom,3,success,"{"total":3,"location_name":"Hipodroom","location_id":1}"
2026-09-11 09:32:04,CEST,3,T1,6,success,"{"total":6,"location_name":"T1 Shopping Mall","location_id":3}"
2026-09-11 09:32:04,CEST,9,Mustika,3,success,"{"total":3,"location_name":"Mustika","location_id":9}"
2026-09-11 09:32:04,CEST,10,Suur-Paala,1,success,"{"total":1,"location_name":"Suur-Paala","location_id":10}"
2026-09-11 09:34:05,CEST,1,Hipodroom,3,success,"{"total":3,"location_name":"Hipodroom","location_id":1}"
2026-09-11 09:34:05,CEST,3,T1,8,success,"{"total":8,"location_name":"T1 Shopping Mall","location_id":3}"
2026-09-11 09:34:05,CEST,9,Mustika,3,success,"{"total":3,"location_name":"Mustika","location_id":9}"
2026-09-11 09:34:05,CEST,10,Suur-Paala,1,success,"{"total":1,"location_name":"Suur-Paala","location_id":10}"
2026-09-11 09:36:06,CEST,1,Hipodroom,3,success,"{"total":3,"location_name":"Hipodroom","location_id":1}"
2026-09-11 09:36:06,CEST,3,T1,8,success,"{"total":8,"location_name":"T1 Shopping Mall","location_id":3}"
2026-09-11 09:36:06,CEST,9,Mustika,3,success,"{"total":3,"location_name":"Mustika","location_id":9}"
2026-09-11 09:36:06,CEST,10,Suur-Paala,1,success,"{"total":1,"location_name":"Suur-Paala","location_id":10}"
2026-09-11 09:38:07,CEST,1,Hipodroom,3,success,"{"total":3,"location_name":"Hipodroom","location_id":1}"
2026-09-11 09:38:07,CEST,3,T1,8,success,"{"total":8,"location_name":"T1 Shopping Mall","location_id":3}"
2026-09-11 09:38:07,CEST,9,Mustika,3,success,"{"total":3,"location_name":"Mustika","location_id":9}"
2026-09-11 09:38:07,CEST,10,Suur-Paala,1,success,"{"total":1,"location_name":"Suur-Paala","location_id":10}"
2026-09-11 09:40:07,CEST,1,Hipodroom,3,success,"{"total":3,"location_name":"Hipodroom","location_id":1}"
2026-09-11 09:40:07,CEST,3,T1,8,success,"{"total":8,"location_name":"T1 Shopping Mall","location_id":3}"
2026-09-11 09:40:07,CEST,9,Mustika,3,success,"{"total":3,"location_name":"Mustika","location_id":9}"
2026-09-11 09:40:07,CEST,10,Suur-Paala,1,success,"{"total":1,"location_name":"Suur-Paala","location_id":10}"
2026-09-11 09:42:08,CEST,1,Hipodroom,3,success,"{"total":3,"location_name":"Hipodroom","location_id":1}"
2026-09-11 09:42:08,CEST,3,T1,8,success,"{"total":8,"location_name":"T1 Shopping Mall","location_id":3}"
2026-09-11 09:42:08,CEST,9,Mustika,3,success,"{"total":3,"location_name":"Mustika","location_id":9}"
2026-09-11 09:42:08,CEST,10,Suur-Paala,1,success,"{"total":1,"location_name":"Suur-Paala","location_id":10}"
2026-09-11 09:44:09,CEST,1,Hipodroom,3,success,"{"total":3,"location_name":"Hipodroom","location_id":1}"
2026-09-11 09:44:09,CEST,3,T1,8,success,"{"total":8,"location_name":"T1 Shopping Mall","location_id":3}"
2026-09-11 09:44:09,CEST,9,Mustika,3,success,"{"total":3,"location_name":"Mustika","location_id":9}"
2026-09-11 09:44:09,CEST,10,Suur-Paala,1,success,"{"total":1,"location_name":"Suur-Paala","location_id":10}"
2026-09-11 09:46:09,CEST,1,Hipodroom,3,success,"{"total":3,"location_name":"Hipodroom","location_id":1}"
2026-09-11 09:46:09,CEST,3,T1,9,success,"{"total":9,"location_name":"T1 Shopping Mall","location_id":3}"
2026-09-11 09:46:09,CEST,9,Mustika,1,success,"{"total":1,"location_name":"Mustika","location_id":9}"
2026-09-11 09:46:09,CEST,10,Suur-Paala,1,success,"{"total":1,"location_name":"Suur-Paala","location_id":10}"
2026-09-11 09:48:10,CEST,1,Hipodroom,3,success,"{"total":3,"location_name":"Hipodroom","location_id":1}"
2026-09-11 09:48:10,CEST,3,T1,9,success,"{"total":9,"location_name":"T1 Shopping Mall","location_id":3}"
2026-09-11 09:48:10,CEST,9,Mustika,1,success,"{"total":1,"location_name":"Mustika","location_id":9}"
2026-09-11 09:48:10,CEST,10,Suur-Paala,1,success,"{"total":1,"location_name":"Suur-Paala","location_id":10}"
2026-09-11 09:50:11,CEST,1,Hipodroom,3,success,"{"total":3,"location_name":"Hipodroom","location_id":1}"
2026-09-11 09:50:11,CEST,3,T1,9,success,"{"total":9,"location_name":"T1 Shopping Mall","location_id":3}"
2026-09-11 09:50:11,CEST,9,Mustika,1,success,"{"total":1,"location_name":"Mustika","location_id":9}"
2026-09-11 09:50:11,CEST,10,Suur-Paala,1,success,"{"total":1,"location_name":"Suur-Paala","location_id":10}"
2026-09-11 09:52:11,CEST,1,Hipodroom,3,success,"{"total":3,"location_name":"Hipodroom","location_id":1}"
2026-09-11 09:52:11,CEST,3,T1,9,success,"{"total":9,"location_name":"T1 Shopping Mall","location_id":3}"
2026-09-11 09:52:11,CEST,9,Mustika,1,success,"{"total":1,"location_name":"Mustika","location_id":9}"
2026-09-11 09:52:11,CEST,10,Suur-Paala,1,success,"{"total":1,"location_name":"Suur-Paala","location_id":10}"
2026-09-11 09:54:12,CEST,1,Hipodroom,3,success,"{"total":3,"location_name":"Hipodroom","location_id":1}"
2026-09-11 09:54:12,CEST,3,T1,9,success,"{"total":9,"location_name":"T1 Shopping Mall","location_id":3}"
2026-09-11 09:54:12,CEST,9,Mustika,1,success,"{"total":1,"location_name":"Mustika","location_id":9}"
2026-09-11 09:54:12,CEST,10,Suur-Paala,1,success,"{"total":1,"location_name":"Suur-Paala","location_id":10}"
2026-09-11 09:56:13,CEST,1,Hipodroom,3,success,"{"total":3,"location_name":"Hipodroom","location_id":1}"
2026-09-11 09:56:13,CEST,3,T1,9,success,"{"total":9,"location_name":"T1 Shopping Mall","location_id":3}"
2026-09-11 09:56:13,CEST,9,Mustika,1,success,"{"total":1,"location_name":"Mustika","location_id":9}"
2026-09-11 09:56:13,CEST,10,Suur-Paala,1,success,"{"total":1,"location_name":"Suur-Paala","location_id":10}"
2026-09-11 09:58:13,CEST,1,Hipodroom,3,success,"{"total":3,"location_name":"Hipodroom","location_id":1}"
2026-09-11 09:58:13,CEST,3,T1,9,success,"{"total":9,"location_name":"T1 Shopping Mall","location_id":3}"
2026-09-11 09:58:13,CEST,9,Mustika,1,success,"{"total":1,"location_name":"Mustika","location_id":9}"
2026-09-11 09:58:13,CEST,10,Suur-Paala,1,success,"{"total":1,"location_name":"Suur-Paala","location_id":10}"
2026-09-11 10:00:14,CEST,1,Hipodroom,3,success,"{"total":3,"location_name":"Hipodroom","location_id":1}"
2026-09-11 10:00:14,CEST,3,T1,9,success,"{"total":9,"location_name":"T1 Shopping Mall","location_id":3}"
2026-09-11 10:00:14,CEST,9,Mustika,1,success,"{"total":1,"location_name":"Mustika","location_id":9}"
2026-09-11 10:00:14,CEST,10,Suur-Paala,1,success,"{"total":1,"location_name":"Suur-Paala","location_id":10}"
2026-09-11 10:02:15,CEST,1,Hipodroom,3,success,"{"total":3,"location_name":"Hipodroom","location_id":1}"
2026-09-11 10:02:15,CEST,3,T1,9,success,"{"total":9,"location_name":"T1 Shopping Mall","location_id":3}"
2026-09-11 10:02:15,CEST,9,Mustika,1,success,"{"total":1,"location_name":"Mustika","location_id":9}"
2026-09-11 10:02:15,CEST,10,Suur-Paala,1,success,"{"total":1,"location_name":"Suur-Paala","location_id":10}"
2026-09-11 10:04:15,CEST,1,Hipodroom,3,success,"{"total":3,"location_name":"Hipodroom","location_id":1}"
2026-09-11 10:04:15,CEST,3,T1,9,success,"{"total":9,"location_name":"T1 Shopping Mall","location_id":3}"
2026-09-11 10:04:15,CEST,9,Mustika,1,success,"{"total":1,"location_name":"Mustika","location_id":9}"
2026-09-11 10:04:15,CEST,10,Suur-Paala,1,success,"{"total":1,"location_name":"Suur-Paala","location_id":10}"
2026-09-11 10:06:16,CEST,1,Hipodroom,3,success,"{"total":3,"location_name":"Hipodroom","location_id":1}"
2026-09-11 10:06:16,CEST,3,T1,9,success,"{"total":9,"location_name":"T1 Shopping Mall","location_id":3}"
2026-09-11 10:06:16,CEST,9,Mustika,1,success,"{"total":1,"location_name":"Mustika","location_id":9}"
2026-09-11 10:06:16,CEST,10,Suur-Paala,1,success,"{"total":1,"location_name":"Suur-Paala","location_id":10}"
2026-09-11 10:08:17,CEST,1,Hipodroom,3,success,"{"total":3,"location_name":"Hipodroom","location_id":1}"
2026-09-11 10:08:17,CEST,3,T1,9,success,"{"total":9,"location_name":"T1 Shopping Mall","location_id":3}"
2026-09-11 10:08:17,CEST,9,Mustika,1,success,"{"total":1,"location_name":"Mustika","location_id":9}"
2026-09-11 10:08:17,CEST,10,Suur-Paala,1,success,"{"total":1,"location_name":"Suur-Paala","location_id":10}"
2026-09-11 10:10:18,CEST,1,Hipodroom,3,success,"{"total":3,"location_name":"Hipodroom","location_id":1}"
2026-09-11 10:10:18,CEST,3,T1,8,success,"{"total":8,"location_name":"T1 Shopping Mall","location_id":3}"
2026-09-11 10:10:18,CEST,9,Mustika,1,success,"{"total":1,"location_name":"Mustika","location_id":9}"
2026-09-11 10:10:18,CEST,10,Suur-Paala,1,success,"{"total":1,"location_name":"Suur-Paala","location_id":10}"
2026-09-11 10:12:18,CEST,1,Hipodroom,3,success,"{"total":3,"location_name":"Hipodroom","location_id":1}"
2026-09-11 10:12:18,CEST,3,T1,8,success,"{"total":8,"location_name":"T1 Shopping Mall","location_id":3}"
2026-09-11 10:12:18,CEST,9,Mustika,1,success,"{"total":1,"location_name":"Mustika","location_id":9}"
2026-09-11 10:12:18,CEST,10,Suur-Paala,1,success,"{"total":1,"location_name":"Suur-Paala","location_id":10}"
2026-09-11 10:14:19,CEST,1,Hipodroom,3,success,"{"total":3,"location_name":"Hipodroom","location_id":1}"
2026-09-11 10:14:19,CEST,3,T1,8,success,"{"total":8,"location_name":"T1 Shopping Mall","location_id":3}"
2026-09-11 10:14:19,CEST,9,Mustika,1,success,"{"total":1,"location_name":"Mustika","location_id":9}"
2026-09-11 10:14:19,CEST,10,Suur-Paala,1,success,"{"total":1,"location_name":"Suur-Paala","location_id":10}"
2026-09-11 10:16:20,CEST,1,Hipodroom,3,success,"{"total":3,"location_name":"Hipodroom","location_id":1}"
2026-09-11 10:16:20,CEST,3,T1,8,success,"{"total":8,"location_name":"T1 Shopping Mall","location_id":3}"
2026-09-11 10:16:20,CEST,9,Mustika,3,success,"{"total":3,"location_name":"Mustika","location_id":9}"
2026-09-11 10:16:20,CEST,10,Suur-Paala,1,success,"{"total":1,"location_name":"Suur-Paala","location_id":10}"
2026-09-11 10:18:21,CEST,1,Hipodroom,3,success,"{"total":3,"location_name":"Hipodroom","location_id":1}"
2026-09-11 10:18:21,CEST,3,T1,8,success,"{"total":8,"location_name":"T1 Shopping Mall","location_id":3}"
2026-09-11 10:18:21,CEST,9,Mustika,3,success,"{"total":3,"location_name":"Mustika","location_id":9}"
2026-09-11 10:18:21,CEST,10,Suur-Paala,1,success,"{"total":1,"location_name":"Suur-Paala","location_id":10}"
2026-09-11 12:20:28,CEST,1,Hipodroom,error,000,""
2026-09-11 12:20:28,CEST,3,T1,error,000,""
2026-09-11 12:20:28,CEST,9,Mustika,error,000,""
2026-09-11 12:20:28,CEST,10,Suur-Paala,error,000,""
2026-09-11 17:25:37,CEST,1,Hipodroom,error,000,""
2026-09-11 17:25:37,CEST,3,T1,error,000,""
2026-09-11 17:25:37,CEST,9,Mustika,error,000,""
2026-09-11 17:25:37,CEST,10,Suur-Paala,error,000,""
2026-09-11 20:28:57,CEST,1,Hipodroom,error,000,""
2026-09-11 20:28:57,CEST,3,T1,error,000,""
2026-09-11 20:28:57,CEST,9,Mustika,error,000,""
2026-09-11 20:28:57,CEST,10,Suur-Paala,error,000,""
2026-09-11 21:42:56,CEST,1,Hipodroom,4,success,"{"total":4,"location_name":"Hipodroom","location_id":1}"
2026-09-11 21:42:56,CEST,3,T1,11,success,"{"total":11,"location_name":"T1 Shopping Mall","location_id":3}"
2026-09-11 21:42:56,CEST,9,Mustika,10,success,"{"total":10,"location_name":"Mustika","location_id":9}"
2026-09-11 21:42:56,CEST,10,Suur-Paala,0,success,"{"total":0,"location_name":"Suur-Paala","location_id":10}"
2026-09-11 21:44:57,CEST,1,Hipodroom,4,success,"{"total":4,"location_name":"Hipodroom","location_id":1}"
2026-09-11 21:44:57,CEST,3,T1,11,success,"{"total":11,"location_name":"T1 Shopping Mall","location_id":3}"
2026-09-11 21:44:57,CEST,9,Mustika,10,success,"{"total":10,"location_name":"Mustika","location_id":9}"
2026-09-11 21:44:57,CEST,10,Suur-Paala,0,success,"{"total":0,"location_name":"Suur-Paala","location_id":10}"
2026-09-11 21:46:57,CEST,1,Hipodroom,4,success,"{"total":4,"location_name":"Hipodroom","location_id":1}"
2026-09-11 21:46:57,CEST,3,T1,11,success,"{"total":11,"location_name":"T1 Shopping Mall","location_id":3}"
2026-09-11 21:46:57,CEST,9,Mustika,9,success,"{"total":9,"location_name":"Mustika","location_id":9}"
2026-09-11 21:46:57,CEST,10,Suur-Paala,0,success,"{"total":0,"location_name":"Suur-Paala","location_id":10}"
2026-09-11 21:48:58,CEST,1,Hipodroom,4,success,"{"total":4,"location_name":"Hipodroom","location_id":1}"
2026-09-11 21:48:58,CEST,3,T1,11,success,"{"total":11,"location_name":"T1 Shopping Mall","location_id":3}"
2026-09-11 21:48:58,CEST,9,Mustika,9,success,"{"total":9,"location_name":"Mustika","location_id":9}"
2026-09-11 21:48:58,CEST,10,Suur-Paala,0,success,"{"total":0,"location_name":"Suur-Paala","location_id":10}"
2026-09-11 21:50:59,CEST,1,Hipodroom,4,success,"{"total":4,"location_name":"Hipodroom","location_id":1}"
2026-09-11 21:50:59,CEST,3,T1,11,success,"{"total":11,"location_name":"T1 Shopping Mall","location_id":3}"
2026-09-11 21:50:59,CEST,9,Mustika,9,success,"{"total":9,"location_name":"Mustika","location_id":9}"
2026-09-11 21:50:59,CEST,10,Suur-Paala,0,success,"{"total":0,"location_name":"Suur-Paala","location_id":10}"
2026-09-11 21:53:00,CEST,1,Hipodroom,4,success,"{"total":4,"location_name":"Hipodroom","location_id":1}"
2026-09-11 21:53:00,CEST,3,T1,11,success,"{"total":11,"location_name":"T1 Shopping Mall","location_id":3}"
2026-09-11 21:53:00,CEST,9,Mustika,11,success,"{"total":11,"location_name":"Mustika","location_id":9}"
2026-09-11 21:53:00,CEST,10,Suur-Paala,0,success,"{"total":0,"location_name":"Suur-Paala","location_id":10}"
2026-09-11 21:55:00,CEST,1,Hipodroom,4,success,"{"total":4,"location_name":"Hipodroom","location_id":1}"
2026-09-11 21:55:00,CEST,3,T1,11,success,"{"total":11,"location_name":"T1 Shopping Mall","location_id":3}"
2026-09-11 21:55:00,CEST,9,Mustika,11,success,"{"total":11,"location_name":"Mustika","location_id":9}"
2026-09-11 21:55:00,CEST,10,Suur-Paala,0,success,"{"total":0,"location_name":"Suur-Paala","location_id":10}"
2026-09-11 21:57:01,CEST,1,Hipodroom,4,success,"{"total":4,"location_name":"Hipodroom","location_id":1}"
2026-09-11 21:57:01,CEST,3,T1,11,success,"{"total":11,"location_name":"T1 Shopping Mall","location_id":3}"
2026-09-11 21:57:01,CEST,9,Mustika,11,success,"{"total":11,"location_name":"Mustika","location_id":9}"
2026-09-11 21:57:01,CEST,10,Suur-Paala,0,success,"{"total":0,"location_name":"Suur-Paala","location_id":10}"
2026-09-11 21:59:02,CEST,1,Hipodroom,4,success,"{"total":4,"location_name":"Hipodroom","location_id":1}"
2026-09-11 21:59:02,CEST,3,T1,11,success,"{"total":11,"location_name":"T1 Shopping Mall","location_id":3}"
2026-09-11 21:59:02,CEST,9,Mustika,11,success,"{"total":11,"location_name":"Mustika","location_id":9}"
2026-09-11 21:59:02,CEST,10,Suur-Paala,0,success,"{"total":0,"location_name":"Suur-Paala","location_id":10}"
2026-09-11 22:01:03,CEST,1,Hipodroom,4,success,"{"total":4,"location_name":"Hipodroom","location_id":1}"
2026-09-11 22:01:03,CEST,3,T1,11,success,"{"total":11,"location_name":"T1 Shopping Mall","location_id":3}"
2026-09-11 22:01:03,CEST,9,Mustika,11,success,"{"total":11,"location_name":"Mustika","location_id":9}"
2026-09-11 22:01:03,CEST,10,Suur-Paala,0,success,"{"total":0,"location_name":"Suur-Paala","location_id":10}"
2026-09-11 22:03:03,CEST,1,Hipodroom,4,success,"{"total":4,"location_name":"Hipodroom","location_id":1}"
2026-09-11 22:03:03,CEST,3,T1,11,success,"{"total":11,"location_name":"T1 Shopping Mall","location_id":3}"
2026-09-11 22:03:03,CEST,9,Mustika,11,success,"{"total":11,"location_name":"Mustika","location_id":9}"
2026-09-11 22:03:03,CEST,10,Suur-Paala,0,success,"{"total":0,"location_name":"Suur-Paala","location_id":10}"
2026-09-11 22:05:04,CEST,1,Hipodroom,4,success,"{"total":4,"location_name":"Hipodroom","location_id":1}"
2026-09-11 22:05:04,CEST,3,T1,11,success,"{"total":11,"location_name":"T1 Shopping Mall","location_id":3}"
2026-09-11 22:05:04,CEST,9,Mustika,10,success,"{"total":10,"location_name":"Mustika","location_id":9}"
2026-09-11 22:05:04,CEST,10,Suur-Paala,0,success,"{"total":0,"location_name":"Suur-Paala","location_id":10}"
2026-09-11 22:07:06,CEST,1,Hipodroom,4,success,"{"total":4,"location_name":"Hipodroom","location_id":1}"
2026-09-11 22:07:06,CEST,3,T1,11,success,"{"total":11,"location_name":"T1 Shopping Mall","location_id":3}"
2026-09-11 22:07:06,CEST,9,Mustika,10,success,"{"total":10,"location_name":"Mustika","location_id":9}"
2026-09-11 22:07:06,CEST,10,Suur-Paala,0,success,"{"total":0,"location_name":"Suur-Paala","location_id":10}"
2026-09-11 22:09:06,CEST,1,Hipodroom,4,success,"{"total":4,"location_name":"Hipodroom","location_id":1}"
2026-09-11 22:09:06,CEST,3,T1,11,success,"{"total":11,"location_name":"T1 Shopping Mall","location_id":3}"
2026-09-11 22:09:06,CEST,9,Mustika,10,success,"{"total":10,"location_name":"Mustika","location_id":9}"
2026-09-11 22:09:06,CEST,10,Suur-Paala,0,success,"{"total":0,"location_name":"Suur-Paala","location_id":10}"
2026-09-11 22:11:07,CEST,1,Hipodroom,4,success,"{"total":4,"location_name":"Hipodroom","location_id":1}"
2026-09-11 22:11:07,CEST,3,T1,10,success,"{"total":10,"location_name":"T1 Shopping Mall","location_id":3}"
2026-09-11 22:11:07,CEST,9,Mustika,10,success,"{"total":10,"location_name":"Mustika","location_id":9}"
2026-09-11 22:11:07,CEST,10,Suur-Paala,0,success,"{"total":0,"location_name":"Suur-Paala","location_id":10}"
2026-09-11 22:13:08,CEST,1,Hipodroom,4,success,"{"total":4,"location_name":"Hipodroom","location_id":1}"
2026-09-11 22:13:08,CEST,3,T1,10,success,"{"total":10,"location_name":"T1 Shopping Mall","location_id":3}"
2026-09-11 22:13:08,CEST,9,Mustika,10,success,"{"total":10,"location_name":"Mustika","location_id":9}"
2026-09-11 22:13:08,CEST,10,Suur-Paala,0,success,"{"total":0,"location_name":"Suur-Paala","location_id":10}"
2026-09-11 22:15:09,CEST,1,Hipodroom,4,success,"{"total":4,"location_name":"Hipodroom","location_id":1}"
2026-09-11 22:15:09,CEST,3,T1,10,success,"{"total":10,"location_name":"T1 Shopping Mall","location_id":3}"
2026-09-11 22:15:09,CEST,9,Mustika,10,success,"{"total":10,"location_name":"Mustika","location_id":9}"
2026-09-11 22:15:09,CEST,10,Suur-Paala,0,success,"{"total":0,"location_name":"Suur-Paala","location_id":10}"
2026-09-11 22:17:09,CEST,1,Hipodroom,4,success,"{"total":4,"location_name":"Hipodroom","location_id":1}"
2026-09-11 22:17:09,CEST,3,T1,10,success,"{"total":10,"location_name":"T1 Shopping Mall","location_id":3}"
2026-09-11 22:17:09,CEST,9,Mustika,8,success,"{"total":8,"location_name":"Mustika","location_id":9}"
2026-09-11 22:17:09,CEST,10,Suur-Paala,0,success,"{"total":0,"location_name":"Suur-Paala","location_id":10}"
2026-09-11 22:19:10,CEST,1,Hipodroom,4,success,"{"total":4,"location_name":"Hipodroom","location_id":1}"
2026-09-11 22:19:10,CEST,3,T1,10,success,"{"total":10,"location_name":"T1 Shopping Mall","location_id":3}"
2026-09-11 22:19:10,CEST,9,Mustika,8,success,"{"total":8,"location_name":"Mustika","location_id":9}"
2026-09-11 22:19:10,CEST,10,Suur-Paala,0,success,"{"total":0,"location_name":"Suur-Paala","location_id":10}"
2026-09-11 22:21:11,CEST,1,Hipodroom,4,success,"{"total":4,"location_name":"Hipodroom","location_id":1}"
2026-09-11 22:21:11,CEST,3,T1,10,success,"{"total":10,"location_name":"T1 Shopping Mall","location_id":3}"
2026-09-11 22:21:11,CEST,9,Mustika,7,success,"{"total":7,"location_name":"Mustika","location_id":9}"
2026-09-11 22:21:11,CEST,10,Suur-Paala,0,success,"{"total":0,"location_name":"Suur-Paala","location_id":10}"
2026-09-11 22:23:12,CEST,1,Hipodroom,4,success,"{"total":4,"location_name":"Hipodroom","location_id":1}"
2026-09-11 22:23:12,CEST,3,T1,10,success,"{"total":10,"location_name":"T1 Shopping Mall","location_id":3}"
2026-09-11 22:23:12,CEST,9,Mustika,7,success,"{"total":7,"location_name":"Mustika","location_id":9}"
2026-09-11 22:23:12,CEST,10,Suur-Paala,0,success,"{"total":0,"location_name":"Suur-Paala","location_id":10}"
2026-09-11 22:25:13,CEST,1,Hipodroom,4,success,"{"total":4,"location_name":"Hipodroom","location_id":1}"
2026-09-11 22:25:13,CEST,3,T1,10,success,"{"total":10,"location_name":"T1 Shopping Mall","location_id":3}"
2026-09-11 22:25:13,CEST,9,Mustika,7,success,"{"total":7,"location_name":"Mustika","location_id":9}"
2026-09-11 22:25:13,CEST,10,Suur-Paala,0,success,"{"total":0,"location_name":"Suur-Paala","location_id":10}"
2026-09-11 22:27:13,CEST,1,Hipodroom,4,success,"{"total":4,"location_name":"Hipodroom","location_id":1}"
2026-09-11 22:27:13,CEST,3,T1,10,success,"{"total":10,"location_name":"T1 Shopping Mall","location_id":3}"
2026-09-11 22:27:13,CEST,9,Mustika,7,success,"{"total":7,"location_name":"Mustika","location_id":9}"
2026-09-11 22:27:13,CEST,10,Suur-Paala,0,success,"{"total":0,"location_name":"Suur-Paala","location_id":10}"
2026-09-11 22:29:15,CEST,1,Hipodroom,4,success,"{"total":4,"location_name":"Hipodroom","location_id":1}"
2026-09-11 22:29:15,CEST,3,T1,10,success,"{"total":10,"location_name":"T1 Shopping Mall","location_id":3}"
2026-09-11 22:29:15,CEST,9,Mustika,7,success,"{"total":7,"location_name":"Mustika","location_id":9}"
2026-09-11 22:29:15,CEST,10,Suur-Paala,0,success,"{"total":0,"location_name":"Suur-Paala","location_id":10}"
2026-09-11 22:31:15,CEST,1,Hipodroom,4,success,"{"total":4,"location_name":"Hipodroom","location_id":1}"
2026-09-11 22:31:15,CEST,3,T1,10,success,"{"total":10,"location_name":"T1 Shopping Mall","location_id":3}"
2026-09-11 22:31:15,CEST,9,Mustika,7,success,"{"total":7,"location_name":"Mustika","location_id":9}"
2026-09-11 22:31:15,CEST,10,Suur-Paala,0,success,"{"total":0,"location_name":"Suur-Paala","location_id":10}"
2026-09-11 22:33:16,CEST,1,Hipodroom,4,success,"{"total":4,"location_name":"Hipodroom","location_id":1}"
2026-09-11 22:33:16,CEST,3,T1,8,success,"{"total":8,"location_name":"T1 Shopping Mall","location_id":3}"
2026-09-11 22:33:16,CEST,9,Mustika,6,success,"{"total":6,"location_name":"Mustika","location_id":9}"
2026-09-11 22:33:16,CEST,10,Suur-Paala,0,success,"{"total":0,"location_name":"Suur-Paala","location_id":10}"
2026-09-11 22:35:17,CEST,1,Hipodroom,4,success,"{"total":4,"location_name":"Hipodroom","location_id":1}"
2026-09-11 22:35:17,CEST,3,T1,8,success,"{"total":8,"location_name":"T1 Shopping Mall","location_id":3}"
2026-09-11 22:35:17,CEST,9,Mustika,6,success,"{"total":6,"location_name":"Mustika","location_id":9}"
2026-09-11 22:35:17,CEST,10,Suur-Paala,0,success,"{"total":0,"location_name":"Suur-Paala","location_id":10}"
2026-09-11 22:37:18,CEST,1,Hipodroom,4,success,"{"total":4,"location_name":"Hipodroom","location_id":1}"
2026-09-11 22:37:18,CEST,3,T1,8,success,"{"total":8,"location_name":"T1 Shopping Mall","location_id":3}"
2026-09-11 22:37:18,CEST,9,Mustika,6,success,"{"total":6,"location_name":"Mustika","location_id":9}"
2026-09-11 22:37:18,CEST,10,Suur-Paala,0,success,"{"total":0,"location_name":"Suur-Paala","location_id":10}"
2026-09-11 22:39:18,CEST,1,Hipodroom,4,success,"{"total":4,"location_name":"Hipodroom","location_id":1}"
2026-09-11 22:39:18,CEST,3,T1,8,success,"{"total":8,"location_name":"T1 Shopping Mall","location_id":3}"
2026-09-11 22:39:18,CEST,9,Mustika,6,success,"{"total":6,"location_name":"Mustika","location_id":9}"
2026-09-11 22:39:18,CEST,10,Suur-Paala,0,success,"{"total":0,"location_name":"Suur-Paala","location_id":10}"
2026-09-11 22:41:19,CEST,1,Hipodroom,4,success,"{"total":4,"location_name":"Hipodroom","location_id":1}"
2026-09-11 22:41:19,CEST,3,T1,8,success,"{"total":8,"location_name":"T1 Shopping Mall","location_id":3}"
2026-09-11 22:41:19,CEST,9,Mustika,6,success,"{"total":6,"location_name":"Mustika","location_id":9}"
2026-09-11 22:41:19,CEST,10,Suur-Paala,0,success,"{"total":0,"location_name":"Suur-Paala","location_id":10}"
2026-09-11 22:43:20,CEST,1,Hipodroom,4,success,"{"total":4,"location_name":"Hipodroom","location_id":1}"
2026-09-11 22:43:20,CEST,3,T1,8,success,"{"total":8,"location_name":"T1 Shopping Mall","location_id":3}"
2026-09-11 22:43:20,CEST,9,Mustika,6,success,"{"total":6,"location_name":"Mustika","location_id":9}"
2026-09-11 22:43:20,CEST,10,Suur-Paala,0,success,"{"total":0,"location_name":"Suur-Paala","location_id":10}"
2026-09-11 22:45:21,CEST,1,Hipodroom,5,success,"{"total":5,"location_name":"Hipodroom","location_id":1}"
2026-09-11 22:45:21,CEST,3,T1,7,success,"{"total":7,"location_name":"T1 Shopping Mall","location_id":3}"
2026-09-11 22:45:21,CEST,9,Mustika,4,success,"{"total":4,"location_name":"Mustika","location_id":9}"
2026-09-11 22:45:21,CEST,10,Suur-Paala,0,success,"{"total":0,"location_name":"Suur-Paala","location_id":10}"
2026-09-11 22:47:21,CEST,1,Hipodroom,5,success,"{"total":5,"location_name":"Hipodroom","location_id":1}"
2026-09-11 22:47:21,CEST,3,T1,7,success,"{"total":7,"location_name":"T1 Shopping Mall","location_id":3}"
2026-09-11 22:47:21,CEST,9,Mustika,4,success,"{"total":4,"location_name":"Mustika","location_id":9}"
2026-09-11 22:47:21,CEST,10,Suur-Paala,0,success,"{"total":0,"location_name":"Suur-Paala","location_id":10}"
2026-09-11 22:49:22,CEST,1,Hipodroom,5,success,"{"total":5,"location_name":"Hipodroom","location_id":1}"
2026-09-11 22:49:22,CEST,3,T1,7,success,"{"total":7,"location_name":"T1 Shopping Mall","location_id":3}"
2026-09-11 22:49:22,CEST,9,Mustika,4,success,"{"total":4,"location_name":"Mustika","location_id":9}"
2026-09-11 22:49:22,CEST,10,Suur-Paala,0,success,"{"total":0,"location_name":"Suur-Paala","location_id":10}"
2026-09-11 22:51:23,CEST,1,Hipodroom,7,success,"{"total":7,"location_name":"Hipodroom","location_id":1}"
2026-09-11 22:51:23,CEST,3,T1,6,success,"{"total":6,"location_name":"T1 Shopping Mall","location_id":3}"
2026-09-11 22:51:23,CEST,9,Mustika,4,success,"{"total":4,"location_name":"Mustika","location_id":9}"
2026-09-11 22:51:23,CEST,10,Suur-Paala,0,success,"{"total":0,"location_name":"Suur-Paala","location_id":10}"
2026-09-11 22:53:23,CEST,1,Hipodroom,7,success,"{"total":7,"location_name":"Hipodroom","location_id":1}"
2026-09-11 22:53:23,CEST,3,T1,6,success,"{"total":6,"location_name":"T1 Shopping Mall","location_id":3}"
2026-09-11 22:53:23,CEST,9,Mustika,4,success,"{"total":4,"location_name":"Mustika","location_id":9}"
2026-09-11 22:53:23,CEST,10,Suur-Paala,0,success,"{"total":0,"location_name":"Suur-Paala","location_id":10}"
2026-09-11 22:55:24,CEST,1,Hipodroom,7,success,"{"total":7,"location_name":"Hipodroom","location_id":1}"
2026-09-11 22:55:24,CEST,3,T1,6,success,"{"total":6,"location_name":"T1 Shopping Mall","location_id":3}"
2026-09-11 22:55:24,CEST,9,Mustika,4,success,"{"total":4,"location_name":"Mustika","location_id":9}"
2026-09-11 22:55:24,CEST,10,Suur-Paala,0,success,"{"total":0,"location_name":"Suur-Paala","location_id":10}"
2026-09-11 22:57:25,CEST,1,Hipodroom,7,success,"{"total":7,"location_name":"Hipodroom","location_id":1}"
2026-09-11 22:57:25,CEST,3,T1,5,success,"{"total":5,"location_name":"T1 Shopping Mall","location_id":3}"
2026-09-11 22:57:25,CEST,9,Mustika,4,success,"{"total":4,"location_name":"Mustika","location_id":9}"
2026-09-11 22:57:25,CEST,10,Suur-Paala,0,success,"{"total":0,"location_name":"Suur-Paala","location_id":10}"
2026-09-11 22:59:25,CEST,1,Hipodroom,7,success,"{"total":7,"location_name":"Hipodroom","location_id":1}"
2026-09-11 22:59:25,CEST,3,T1,5,success,"{"total":5,"location_name":"T1 Shopping Mall","location_id":3}"
2026-09-11 22:59:25,CEST,9,Mustika,4,success,"{"total":4,"location_name":"Mustika","location_id":9}"
2026-09-11 22:59:25,CEST,10,Suur-Paala,0,success,"{"total":0,"location_name":"Suur-Paala","location_id":10}"
2026-09-11 23:01:26,CEST,1,Hipodroom,7,success,"{"total":7,"location_name":"Hipodroom","location_id":1}"
2026-09-11 23:01:26,CEST,3,T1,5,success,"{"total":5,"location_name":"T1 Shopping Mall","location_id":3}"
2026-09-11 23:01:26,CEST,9,Mustika,4,success,"{"total":4,"location_name":"Mustika","location_id":9}"
2026-09-11 23:01:26,CEST,10,Suur-Paala,0,success,"{"total":0,"location_name":"Suur-Paala","location_id":10}"
2026-09-11 23:03:27,CEST,1,Hipodroom,7,success,"{"total":7,"location_name":"Hipodroom","location_id":1}"
2026-09-11 23:03:27,CEST,3,T1,5,success,"{"total":5,"location_name":"T1 Shopping Mall","location_id":3}"
2026-09-11 23:03:27,CEST,9,Mustika,4,success,"{"total":4,"location_name":"Mustika","location_id":9}"
2026-09-11 23:03:27,CEST,10,Suur-Paala,0,success,"{"total":0,"location_name":"Suur-Paala","location_id":10}"
2026-09-11 23:05:28,CEST,1,Hipodroom,7,success,"{"total":7,"location_name":"Hipodroom","location_id":1}"
2026-09-11 23:05:28,CEST,3,T1,5,success,"{"total":5,"location_name":"T1 Shopping Mall","location_id":3}"
2026-09-11 23:05:28,CEST,9,Mustika,4,success,"{"total":4,"location_name":"Mustika","location_id":9}"
2026-09-11 23:05:28,CEST,10,Suur-Paala,0,success,"{"total":0,"location_name":"Suur-Paala","location_id":10}"
2026-09-11 23:07:29,CEST,1,Hipodroom,7,success,"{"total":7,"location_name":"Hipodroom","location_id":1}"
2026-09-11 23:07:29,CEST,3,T1,5,success,"{"total":5,"location_name":"T1 Shopping Mall","location_id":3}"
2026-09-11 23:07:29,CEST,9,Mustika,4,success,"{"total":4,"location_name":"Mustika","location_id":9}"
2026-09-11 23:07:29,CEST,10,Suur-Paala,0,success,"{"total":0,"location_name":"Suur-Paala","location_id":10}"
2026-09-11 23:09:30,CEST,1,Hipodroom,7,success,"{"total":7,"location_name":"Hipodroom","location_id":1}"
2026-09-11 23:09:30,CEST,3,T1,4,success,"{"total":4,"location_name":"T1 Shopping Mall","location_id":3}"
2026-09-11 23:09:30,CEST,9,Mustika,4,success,"{"total":4,"location_name":"Mustika","location_id":9}"
2026-09-11 23:09:30,CEST,10,Suur-Paala,0,success,"{"total":0,"location_name":"Suur-Paala","location_id":10}"
2026-09-11 23:11:31,CEST,1,Hipodroom,7,success,"{"total":7,"location_name":"Hipodroom","location_id":1}"
2026-09-11 23:11:31,CEST,3,T1,4,success,"{"total":4,"location_name":"T1 Shopping Mall","location_id":3}"
2026-09-11 23:11:31,CEST,9,Mustika,4,success,"{"total":4,"location_name":"Mustika","location_id":9}"
2026-09-11 23:11:31,CEST,10,Suur-Paala,0,success,"{"total":0,"location_name":"Suur-Paala","location_id":10}"
2026-09-11 23:13:31,CEST,1,Hipodroom,7,success,"{"total":7,"location_name":"Hipodroom","location_id":1}"
2026-09-11 23:13:31,CEST,3,T1,4,success,"{"total":4,"location_name":"T1 Shopping Mall","location_id":3}"
2026-09-11 23:13:31,CEST,9,Mustika,4,success,"{"total":4,"location_name":"Mustika","location_id":9}"
2026-09-11 23:13:31,CEST,10,Suur-Paala,0,success,"{"total":0,"location_name":"Suur-Paala","location_id":10}"
2026-09-11 23:15:32,CEST,1,Hipodroom,7,success,"{"total":7,"location_name":"Hipodroom","location_id":1}"
2026-09-11 23:15:32,CEST,3,T1,3,success,"{"total":3,"location_name":"T1 Shopping Mall","location_id":3}"
2026-09-11 23:15:32,CEST,9,Mustika,4,success,"{"total":4,"location_name":"Mustika","location_id":9}"
2026-09-11 23:15:32,CEST,10,Suur-Paala,0,success,"{"total":0,"location_name":"Suur-Paala","location_id":10}"
2026-09-11 23:17:33,CEST,1,Hipodroom,7,success,"{"total":7,"location_name":"Hipodroom","location_id":1}"
2026-09-11 23:17:33,CEST,3,T1,3,success,"{"total":3,"location_name":"T1 Shopping Mall","location_id":3}"
2026-09-11 23:17:33,CEST,9,Mustika,4,success,"{"total":4,"location_name":"Mustika","location_id":9}"
2026-09-11 23:17:33,CEST,10,Suur-Paala,0,success,"{"total":0,"location_name":"Suur-Paala","location_id":10}"
2026-09-11 23:19:34,CEST,1,Hipodroom,7,success,"{"total":7,"location_name":"Hipodroom","location_id":1}"
2026-09-11 23:19:34,CEST,3,T1,3,success,"{"total":3,"location_name":"T1 Shopping Mall","location_id":3}"
2026-09-11 23:19:34,CEST,9,Mustika,4,success,"{"total":4,"location_name":"Mustika","location_id":9}"
2026-09-11 23:19:34,CEST,10,Suur-Paala,0,success,"{"total":0,"location_name":"Suur-Paala","location_id":10}"
2026-09-11 23:21:35,CEST,1,Hipodroom,7,success,"{"total":7,"location_name":"Hipodroom","location_id":1}"
2026-09-11 23:21:35,CEST,3,T1,3,success,"{"total":3,"location_name":"T1 Shopping Mall","location_id":3}"
2026-09-11 23:21:35,CEST,9,Mustika,4,success,"{"total":4,"location_name":"Mustika","location_id":9}"
2026-09-11 23:21:35,CEST,10,Suur-Paala,0,success,"{"total":0,"location_name":"Suur-Paala","location_id":10}"
2026-09-11 23:23:36,CEST,1,Hipodroom,7,success,"{"total":7,"location_name":"Hipodroom","location_id":1}"
2026-09-11 23:23:36,CEST,3,T1,3,success,"{"total":3,"location_name":"T1 Shopping Mall","location_id":3}"
2026-09-11 23:23:36,CEST,9,Mustika,4,success,"{"total":4,"location_name":"Mustika","location_id":9}"
2026-09-11 23:23:36,CEST,10,Suur-Paala,0,success,"{"total":0,"location_name":"Suur-Paala","location_id":10}"
2026-09-11 23:25:36,CEST,1,Hipodroom,7,success,"{"total":7,"location_name":"Hipodroom","location_id":1}"
2026-09-11 23:25:36,CEST,3,T1,3,success,"{"total":3,"location_name":"T1 Shopping Mall","location_id":3}"
2026-09-11 23:25:36,CEST,9,Mustika,4,success,"{"total":4,"location_name":"Mustika","location_id":9}"
2026-09-11 23:25:36,CEST,10,Suur-Paala,0,success,"{"total":0,"location_name":"Suur-Paala","location_id":10}"
2026-09-11 23:27:37,CEST,1,Hipodroom,6,success,"{"total":6,"location_name":"Hipodroom","location_id":1}"
2026-09-11 23:27:37,CEST,3,T1,2,success,"{"total":2,"location_name":"T1 Shopping Mall","location_id":3}"
2026-09-11 23:27:37,CEST,9,Mustika,4,success,"{"total":4,"location_name":"Mustika","location_id":9}"
2026-09-11 23:27:37,CEST,10,Suur-Paala,0,success,"{"total":0,"location_name":"Suur-Paala","location_id":10}"
2026-09-11 23:29:38,CEST,1,Hipodroom,6,success,"{"total":6,"location_name":"Hipodroom","location_id":1}"
2026-09-11 23:29:38,CEST,3,T1,2,success,"{"total":2,"location_name":"T1 Shopping Mall","location_id":3}"
2026-09-11 23:29:38,CEST,9,Mustika,4,success,"{"total":4,"location_name":"Mustika","location_id":9}"
2026-09-11 23:29:38,CEST,10,Suur-Paala,0,success,"{"total":0,"location_name":"Suur-Paala","location_id":10}"
2026-09-11 23:31:39,CEST,1,Hipodroom,6,success,"{"total":6,"location_name":"Hipodroom","location_id":1}"
2026-09-11 23:31:39,CEST,3,T1,2,success,"{"total":2,"location_name":"T1 Shopping Mall","location_id":3}"
2026-09-11 23:31:39,CEST,9,Mustika,4,success,"{"total":4,"location_name":"Mustika","location_id":9}"
2026-09-11 23:31:39,CEST,10,Suur-Paala,0,success,"{"total":0,"location_name":"Suur-Paala","location_id":10}"
2026-09-11 23:33:39,CEST,1,Hipodroom,6,success,"{"total":6,"location_name":"Hipodroom","location_id":1}"
2026-09-11 23:33:39,CEST,3,T1,2,success,"{"total":2,"location_name":"T1 Shopping Mall","location_id":3}"
2026-09-11 23:33:39,CEST,9,Mustika,4,success,"{"total":4,"location_name":"Mustika","location_id":9}"
2026-09-11 23:33:39,CEST,10,Suur-Paala,0,success,"{"total":0,"location_name":"Suur-Paala","location_id":10}"
2026-09-11 23:35:40,CEST,1,Hipodroom,6,success,"{"total":6,"location_name":"Hipodroom","location_id":1}"
2026-09-11 23:35:40,CEST,3,T1,2,success,"{"total":2,"location_name":"T1 Shopping Mall","location_id":3}"
2026-09-11 23:35:40,CEST,9,Mustika,4,success,"{"total":4,"location_name":"Mustika","location_id":9}"
2026-09-11 23:35:40,CEST,10,Suur-Paala,0,success,"{"total":0,"location_name":"Suur-Paala","location_id":10}"
2026-09-11 23:37:41,CEST,1,Hipodroom,6,success,"{"total":6,"location_name":"Hipodroom","location_id":1}"
2026-09-11 23:37:41,CEST,3,T1,2,success,"{"total":2,"location_name":"T1 Shopping Mall","location_id":3}"
2026-09-11 23:37:41,CEST,9,Mustika,4,success,"{"total":4,"location_name":"Mustika","location_id":9}"
2026-09-11 23:37:41,CEST,10,Suur-Paala,0,success,"{"total":0,"location_name":"Suur-Paala","location_id":10}"
2026-09-11 23:39:42,CEST,1,Hipodroom,6,success,"{"total":6,"location_name":"Hipodroom","location_id":1}"
2026-09-11 23:39:42,CEST,3,T1,3,success,"{"total":3,"location_name":"T1 Shopping Mall","location_id":3}"
2026-09-11 23:39:42,CEST,9,Mustika,4,success,"{"total":4,"location_name":"Mustika","location_id":9}"
2026-09-11 23:39:42,CEST,10,Suur-Paala,0,success,"{"total":0,"location_name":"Suur-Paala","location_id":10}"
2026-09-11 23:41:43,CEST,1,Hipodroom,6,success,"{"total":6,"location_name":"Hipodroom","location_id":1}"
2026-09-11 23:41:43,CEST,3,T1,3,success,"{"total":3,"location_name":"T1 Shopping Mall","location_id":3}"
2026-09-11 23:41:43,CEST,9,Mustika,4,success,"{"total":4,"location_name":"Mustika","location_id":9}"
2026-09-11 23:41:43,CEST,10,Suur-Paala,0,success,"{"total":0,"location_name":"Suur-Paala","location_id":10}"
2026-09-11 23:43:44,CEST,1,Hipodroom,6,success,"{"total":6,"location_name":"Hipodroom","location_id":1}"
2026-09-11 23:43:44,CEST,3,T1,3,success,"{"total":3,"location_name":"T1 Shopping Mall","location_id":3}"
2026-09-11 23:43:44,CEST,9,Mustika,4,success,"{"total":4,"location_name":"Mustika","location_id":9}"
2026-09-11 23:43:44,CEST,10,Suur-Paala,0,success,"{"total":0,"location_name":"Suur-Paala","location_id":10}"
2026-09-11 23:45:44,CEST,1,Hipodroom,5,success,"{"total":5,"location_name":"Hipodroom","location_id":1}"
2026-09-11 23:45:44,CEST,3,T1,3,success,"{"total":3,"location_name":"T1 Shopping Mall","location_id":3}"
2026-09-11 23:45:44,CEST,9,Mustika,4,success,"{"total":4,"location_name":"Mustika","location_id":9}"
2026-09-11 23:45:44,CEST,10,Suur-Paala,0,success,"{"total":0,"location_name":"Suur-Paala","location_id":10}"
2026-09-11 23:47:45,CEST,1,Hipodroom,5,success,"{"total":5,"location_name":"Hipodroom","location_id":1}"
2026-09-11 23:47:45,CEST,3,T1,3,success,"{"total":3,"location_name":"T1 Shopping Mall","location_id":3}"
2026-09-11 23:47:45,CEST,9,Mustika,4,success,"{"total":4,"location_name":"Mustika","location_id":9}"
2026-09-11 23:47:45,CEST,10,Suur-Paala,0,success,"{"total":0,"location_name":"Suur-Paala","location_id":10}"
2026-09-11 23:49:46,CEST,1,Hipodroom,error,000,""
2026-09-11 23:49:46,CEST,3,T1,error,000,""
2026-09-11 23:49:46,CEST,9,Mustika,error,000,""
2026-09-11 23:49:46,CEST,10,Suur-Paala,error,000,""
2026-09-11 23:51:46,CEST,1,Hipodroom,4,success,"{"total":4,"location_name":"Hipodroom","location_id":1}"
2026-09-11 23:51:46,CEST,3,T1,3,success,"{"total":3,"location_name":"T1 Shopping Mall","location_id":3}"
2026-09-11 23:51:46,CEST,9,Mustika,4,success,"{"total":4,"location_name":"Mustika","location_id":9}"
2026-09-11 23:51:46,CEST,10,Suur-Paala,0,success,"{"total":0,"location_name":"Suur-Paala","location_id":10}"
2026-09-11 23:53:47,CEST,1,Hipodroom,4,success,"{"total":4,"location_name":"Hipodroom","location_id":1}"
2026-09-11 23:53:47,CEST,3,T1,3,success,"{"total":3,"location_name":"T1 Shopping Mall","location_id":3}"
2026-09-11 23:53:47,CEST,9,Mustika,4,success,"{"total":4,"location_name":"Mustika","location_id":9}"
2026-09-11 23:53:47,CEST,10,Suur-Paala,0,success,"{"total":0,"location_name":"Suur-Paala","location_id":10}"
2026-09-11 23:55:48,CEST,1,Hipodroom,4,success,"{"total":4,"location_name":"Hipodroom","location_id":1}"
2026-09-11 23:55:48,CEST,3,T1,3,success,"{"total":3,"location_name":"T1 Shopping Mall","location_id":3}"
2026-09-11 23:55:48,CEST,9,Mustika,4,success,"{"total":4,"location_name":"Mustika","location_id":9}"
2026-09-11 23:55:48,CEST,10,Suur-Paala,0,success,"{"total":0,"location_name":"Suur-Paala","location_id":10}"
2026-09-11 23:57:49,CEST,1,Hipodroom,4,success,"{"total":4,"location_name":"Hipodroom","location_id":1}"
2026-09-11 23:57:49,CEST,3,T1,3,success,"{"total":3,"location_name":"T1 Shopping Mall","location_id":3}"
2026-09-11 23:57:49,CEST,9,Mustika,4,success,"{"total":4,"location_name":"Mustika","location_id":9}"
2026-09-11 23:57:49,CEST,10,Suur-Paala,0,success,"{"total":0,"location_name":"Suur-Paala","location_id":10}"
2026-09-11 23:59:50,CEST,1,Hipodroom,4,success,"{"total":4,"location_name":"Hipodroom","location_id":1}"
2026-09-11 23:59:50,CEST,3,T1,3,success,"{"total":3,"location_name":"T1 Shopping Mall","location_id":3}"
2026-09-11 23:59:50,CEST,9,Mustika,4,success,"{"total":4,"location_name":"Mustika","location_id":9}"
2026-09-11 23:59:50,CEST,10,Suur-Paala,0,success,"{"total":0,"location_name":"Suur-Paala","location_id":10}"
