timestamp,timezone,location_id,location_name,user_count,status,response
2026-09-30 00:01:28,+0300,3,T1,6,success,"{"total":6,"location_name":"T1 Shopping Mall","location_id":3}"
2026-09-30 00:01:28,+0300,9,Mustika,2,success,"{"total":2,"location_name":"Mustika","location_id":9}"
2026-09-30 00:01:28,+0300,10,Suur-Paala,0,success,"{"total":0,"location_name":"Suur-Paala","location_id":10}"
2026-09-30 00:01:28,+0300,1,Hipodroom,0,success,"{"total":0,"location_name":"Hipodroom (CLOSED)","location_id":1}"
2026-09-30 00:03:29,+0300,3,T1,6,success,"{"total":6,"location_name":"T1 Shopping Mall","location_id":3}"
2026-09-30 00:03:29,+0300,9,Mustika,2,success,"{"total":2,"location_name":"Mustika","location_id":9}"
2026-09-30 00:03:29,+0300,10,Suur-Paala,0,success,"{"total":0,"location_name":"Suur-Paala","location_id":10}"
2026-09-30 00:03:29,+0300,1,Hipodroom,0,success,"{"total":0,"location_name":"Hipodroom (CLOSED)","location_id":1}"
2026-09-30 00:05:30,+0300,3,T1,6,success,"{"total":6,"location_name":"T1 Shopping Mall","location_id":3}"
2026-09-30 00:05:30,+0300,9,Mustika,2,success,"{"total":2,"location_name":"Mustika","location_id":9}"
2026-09-30 00:05:30,+0300,10,Suur-Paala,0,success,"{"total":0,"location_name":"Suur-Paala","location_id":10}"
2026-09-30 00:05:30,+0300,1,Hipodroom,0,success,"{"total":0,"location_name":"Hipodroom (CLOSED)","location_id":1}"
2026-09-30 00:07:31,+0300,3,T1,6,success,"{"total":6,"location_name":"T1 Shopping Mall","location_id":3}"
2026-09-30 00:07:31,+0300,9,Mustika,2,success,"{"total":2,"location_name":"Mustika","location_id":9}"
2026-09-30 00:07:31,+0300,10,Suur-Paala,0,success,"{"total":0,"location_name":"Suur-Paala","location_id":10}"
2026-09-30 00:07:31,+0300,1,Hipodroom,0,success,"{"total":0,"location_name":"Hipodroom (CLOSED)","location_id":1}"
2026-09-30 00:09:31,+0300,3,T1,6,success,"{"total":6,"location_name":"T1 Shopping Mall","location_id":3}"
2026-09-30 00:09:31,+0300,9,Mustika,2,success,"{"total":2,"location_name":"Mustika","location_id":9}"
2026-09-30 00:09:31,+0300,10,Suur-Paala,0,success,"{"total":0,"location_name":"Suur-Paala","location_id":10}"
2026-09-30 00:09:31,+0300,1,Hipodroom,0,success,"{"total":0,"location_name":"Hipodroom (CLOSED)","location_id":1}"
2026-09-30 00:11:32,+0300,3,T1,6,success,"{"total":6,"location_name":"T1 Shopping Mall","location_id":3}"
2026-09-30 00:11:32,+0300,9,Mustika,2,success,"{"total":2,"location_name":"Mustika","location_id":9}"
2026-09-30 00:11:32,+0300,10,Suur-Paala,0,success,"{"total":0,"location_name":"Suur-Paala","location_id":10}"
2026-09-30 00:11:32,+0300,1,Hipodroom,0,success,"{"total":0,"location_name":"Hipodroom (CLOSED)","location_id":1}"
2026-09-30 00:13:33,+0300,3,T1,6,success,"{"total":6,"location_name":"T1 Shopping Mall","location_id":3}"
2026-09-30 00:13:33,+0300,9,Mustika,2,success,"{"total":2,"location_name":"Mustika","location_id":9}"
2026-09-30 00:13:33,+0300,10,Suur-Paala,0,success,"{"total":0,"location_name":"Suur-Paala","location_id":10}"
2026-09-30 00:13:33,+0300,1,Hipodroom,0,success,"{"total":0,"location_name":"Hipodroom (CLOSED)","location_id":1}"
2026-09-30 00:15:34,+0300,3,T1,4,success,"{"total":4,"location_name":"T1 Shopping Mall","location_id":3}"
2026-09-30 00:15:34,+0300,9,Mustika,2,success,"{"total":2,"location_name":"Mustika","location_id":9}"
2026-09-30 00:15:34,+0300,10,Suur-Paala,0,success,"{"total":0,"location_name":"Suur-Paala","location_id":10}"
2026-09-30 00:15:34,+0300,1,Hipodroom,0,success,"{"total":0,"location_name":"Hipodroom (CLOSED)","location_id":1}"
2026-09-30 00:17:35,+0300,3,T1,4,success,"{"total":4,"location_name":"T1 Shopping Mall","location_id":3}"
2026-09-30 00:17:35,+0300,9,Mustika,2,success,"{"total":2,"location_name":"Mustika","location_id":9}"
2026-09-30 00:17:35,+0300,10,Suur-Paala,0,success,"{"total":0,"location_name":"Suur-Paala","location_id":10}"
2026-09-30 00:17:35,+0300,1,Hipodroom,0,success,"{"total":0,"location_name":"Hipodroom (CLOSED)","location_id":1}"
2026-09-30 00:19:36,+0300,3,T1,4,success,"{"total":4,"location_name":"T1 Shopping Mall","location_id":3}"
2026-09-30 00:19:36,+0300,9,Mustika,2,success,"{"total":2,"location_name":"Mustika","location_id":9}"
2026-09-30 00:19:36,+0300,10,Suur-Paala,0,success,"{"total":0,"location_name":"Suur-Paala","location_id":10}"
2026-09-30 00:19:36,+0300,1,Hipodroom,0,success,"{"total":0,"location_name":"Hipodroom (CLOSED)","location_id":1}"
2026-09-30 00:21:36,+0300,3,T1,2,success,"{"total":2,"location_name":"T1 Shopping Mall","location_id":3}"
2026-09-30 00:21:36,+0300,9,Mustika,1,success,"{"total":1,"location_name":"Mustika","location_id":9}"
2026-09-30 00:21:36,+0300,10,Suur-Paala,0,success,"{"total":0,"location_name":"Suur-Paala","location_id":10}"
2026-09-30 00:21:36,+0300,1,Hipodroom,0,success,"{"total":0,"location_name":"Hipodroom (CLOSED)","location_id":1}"
2026-09-30 00:23:37,+0300,3,T1,2,success,"{"total":2,"location_name":"T1 Shopping Mall","location_id":3}"
2026-09-30 00:23:37,+0300,9,Mustika,1,success,"{"total":1,"location_name":"Mustika","location_id":9}"
2026-09-30 00:23:37,+0300,10,Suur-Paala,0,success,"{"total":0,"location_name":"Suur-Paala","location_id":10}"
2026-09-30 00:23:37,+0300,1,Hipodroom,0,success,"{"total":0,"location_name":"Hipodroom (CLOSED)","location_id":1}"
2026-09-30 00:25:38,+0300,3,T1,2,success,"{"total":2,"location_name":"T1 Shopping Mall","location_id":3}"
2026-09-30 00:25:38,+0300,9,Mustika,1,success,"{"total":1,"location_name":"Mustika","location_id":9}"
2026-09-30 00:25:38,+0300,10,Suur-Paala,0,success,"{"total":0,"location_name":"Suur-Paala","location_id":10}"
2026-09-30 00:25:38,+0300,1,Hipodroom,0,success,"{"total":0,"location_name":"Hipodroom (CLOSED)","location_id":1}"
2026-09-30 00:27:38,+0300,3,T1,1,success,"{"total":1,"location_name":"T1 Shopping Mall","location_id":3}"
2026-09-30 00:27:38,+0300,9,Mustika,1,success,"{"total":1,"location_name":"Mustika","location_id":9}"
2026-09-30 00:27:38,+0300,10,Suur-Paala,0,success,"{"total":0,"location_name":"Suur-Paala","location_id":10}"
2026-09-30 00:27:38,+0300,1,Hipodroom,0,success,"{"total":0,"location_name":"Hipodroom (CLOSED)","location_id":1}"
2026-09-30 00:29:39,+0300,3,T1,1,success,"{"total":1,"location_name":"T1 Shopping Mall","location_id":3}"
2026-09-30 00:29:39,+0300,9,Mustika,1,success,"{"total":1,"location_name":"Mustika","location_id":9}"
2026-09-30 00:29:39,+0300,10,Suur-Paala,0,success,"{"total":0,"location_name":"Suur-Paala","location_id":10}"
2026-09-30 00:29:39,+0300,1,Hipodroom,0,success,"{"total":0,"location_name":"Hipodroom (CLOSED)","location_id":1}"
2026-09-30 00:31:40,+0300,3,T1,1,success,"{"total":1,"location_name":"T1 Shopping Mall","location_id":3}"
2026-09-30 00:31:40,+0300,9,Mustika,1,success,"{"total":1,"location_name":"Mustika","location_id":9}"
2026-09-30 00:31:40,+0300,10,Suur-Paala,0,success,"{"total":0,"location_name":"Suur-Paala","location_id":10}"
2026-09-30 00:31:40,+0300,1,Hipodroom,0,success,"{"total":0,"location_name":"Hipodroom (CLOSED)","location_id":1}"
2026-09-30 00:33:40,+0300,3,T1,1,success,"{"total":1,"location_name":"T1 Shopping Mall","location_id":3}"
2026-09-30 00:33:40,+0300,9,Mustika,1,success,"{"total":1,"location_name":"Mustika","location_id":9}"
2026-09-30 00:33:40,+0300,10,Suur-Paala,0,success,"{"total":0,"location_name":"Suur-Paala","location_id":10}"
2026-09-30 00:33:40,+0300,1,Hipodroom,0,success,"{"total":0,"location_name":"Hipodroom (CLOSED)","location_id":1}"
2026-09-30 00:35:41,+0300,3,T1,1,success,"{"total":1,"location_name":"T1 Shopping Mall","location_id":3}"
2026-09-30 00:35:41,+0300,9,Mustika,1,success,"{"total":1,"location_name":"Mustika","location_id":9}"
2026-09-30 00:35:41,+0300,10,Suur-Paala,0,success,"{"total":0,"location_name":"Suur-Paala","location_id":10}"
2026-09-30 00:35:41,+0300,1,Hipodroom,0,success,"{"total":0,"location_name":"Hipodroom (CLOSED)","location_id":1}"
2026-09-30 00:37:42,+0300,3,T1,1,success,"{"total":1,"location_name":"T1 Shopping Mall","location_id":3}"
2026-09-30 00:37:42,+0300,9,Mustika,1,success,"{"total":1,"location_name":"Mustika","location_id":9}"
2026-09-30 00:37:42,+0300,10,Suur-Paala,0,success,"{"total":0,"location_name":"Suur-Paala","location_id":10}"
2026-09-30 00:37:42,+0300,1,Hipodroom,0,success,"{"total":0,"location_name":"Hipodroom (CLOSED)","location_id":1}"
2026-09-30 00:39:42,+0300,3,T1,1,success,"{"total":1,"location_name":"T1 Shopping Mall","location_id":3}"
2026-09-30 00:39:42,+0300,9,Mustika,1,success,"{"total":1,"location_name":"Mustika","location_id":9}"
2026-09-30 00:39:42,+0300,10,Suur-Paala,0,success,"{"total":0,"location_name":"Suur-Paala","location_id":10}"
2026-09-30 00:39:42,+0300,1,Hipodroom,0,success,"{"total":0,"location_name":"Hipodroom (CLOSED)","location_id":1}"
2026-09-30 00:41:43,+0300,3,T1,1,success,"{"total":1,"location_name":"T1 Shopping Mall","location_id":3}"
2026-09-30 00:41:43,+0300,9,Mustika,1,success,"{"total":1,"location_name":"Mustika","location_id":9}"
2026-09-30 00:41:43,+0300,10,Suur-Paala,0,success,"{"total":0,"location_name":"Suur-Paala","location_id":10}"
2026-09-30 00:41:43,+0300,1,Hipodroom,0,success,"{"total":0,"location_name":"Hipodroom (CLOSED)","location_id":1}"
2026-09-30 00:43:44,+0300,3,T1,1,success,"{"total":1,"location_name":"T1 Shopping Mall","location_id":3}"
2026-09-30 00:43:44,+0300,9,Mustika,1,success,"{"total":1,"location_name":"Mustika","location_id":9}"
2026-09-30 00:43:44,+0300,10,Suur-Paala,0,success,"{"total":0,"location_name":"Suur-Paala","location_id":10}"
2026-09-30 00:43:44,+0300,1,Hipodroom,0,success,"{"total":0,"location_name":"Hipodroom (CLOSED)","location_id":1}"
2026-09-30 00:45:45,+0300,3,T1,1,success,"{"total":1,"location_name":"T1 Shopping Mall","location_id":3}"
2026-09-30 00:45:45,+0300,9,Mustika,1,success,"{"total":1,"location_name":"Mustika","location_id":9}"
2026-09-30 00:45:45,+0300,10,Suur-Paala,0,success,"{"total":0,"location_name":"Suur-Paala","location_id":10}"
2026-09-30 00:45:45,+0300,1,Hipodroom,0,success,"{"total":0,"location_name":"Hipodroom (CLOSED)","location_id":1}"
2026-09-30 00:47:45,+0300,3,T1,1,success,"{"total":1,"location_name":"T1 Shopping Mall","location_id":3}"
2026-09-30 00:47:45,+0300,9,Mustika,1,success,"{"total":1,"location_name":"Mustika","location_id":9}"
2026-09-30 00:47:45,+0300,10,Suur-Paala,0,success,"{"total":0,"location_name":"Suur-Paala","location_id":10}"
2026-09-30 00:47:45,+0300,1,Hipodroom,0,success,"{"total":0,"location_name":"Hipodroom (CLOSED)","location_id":1}"
2026-09-30 00:49:46,+0300,3,T1,1,success,"{"total":1,"location_name":"T1 Shopping Mall","location_id":3}"
2026-09-30 00:49:46,+0300,9,Mustika,1,success,"{"total":1,"location_name":"Mustika","location_id":9}"
2026-09-30 00:49:46,+0300,10,Suur-Paala,0,success,"{"total":0,"location_name":"Suur-Paala","location_id":10}"
2026-09-30 00:49:46,+0300,1,Hipodroom,0,success,"{"total":0,"location_name":"Hipodroom (CLOSED)","location_id":1}"
2026-09-30 00:51:47,+0300,3,T1,2,success,"{"total":2,"location_name":"T1 Shopping Mall","location_id":3}"
2026-09-30 00:51:47,+0300,9,Mustika,1,success,"{"total":1,"location_name":"Mustika","location_id":9}"
2026-09-30 00:51:47,+0300,10,Suur-Paala,0,success,"{"total":0,"location_name":"Suur-Paala","location_id":10}"
2026-09-30 00:51:47,+0300,1,Hipodroom,0,success,"{"total":0,"location_name":"Hipodroom (CLOSED)","location_id":1}"
2026-09-30 00:53:47,+0300,3,T1,2,success,"{"total":2,"location_name":"T1 Shopping Mall","location_id":3}"
2026-09-30 00:53:47,+0300,9,Mustika,1,success,"{"total":1,"location_name":"Mustika","location_id":9}"
2026-09-30 00:53:47,+0300,10,Suur-Paala,0,success,"{"total":0,"location_name":"Suur-Paala","location_id":10}"
2026-09-30 00:53:47,+0300,1,Hipodroom,0,success,"{"total":0,"location_name":"Hipodroom (CLOSED)","location_id":1}"
2026-09-30 00:55:48,+0300,3,T1,2,success,"{"total":2,"location_name":"T1 Shopping Mall","location_id":3}"
2026-09-30 00:55:48,+0300,9,Mustika,1,success,"{"total":1,"location_name":"Mustika","location_id":9}"
2026-09-30 00:55:48,+0300,10,Suur-Paala,0,success,"{"total":0,"location_name":"Suur-Paala","location_id":10}"
2026-09-30 00:55:48,+0300,1,Hipodroom,0,success,"{"total":0,"location_name":"Hipodroom (CLOSED)","location_id":1}"
2026-09-30 00:57:49,+0300,3,T1,4,success,"{"total":4,"location_name":"T1 Shopping Mall","location_id":3}"
2026-09-30 00:57:49,+0300,9,Mustika,1,success,"{"total":1,"location_name":"Mustika","location_id":9}"
2026-09-30 00:57:49,+0300,10,Suur-Paala,0,success,"{"total":0,"location_name":"Suur-Paala","location_id":10}"
2026-09-30 00:57:49,+0300,1,Hipodroom,0,success,"{"total":0,"location_name":"Hipodroom (CLOSED)","location_id":1}"
2026-09-30 00:59:49,+0300,3,T1,4,success,"{"total":4,"location_name":"T1 Shopping Mall","location_id":3}"
2026-09-30 00:59:49,+0300,9,Mustika,1,success,"{"total":1,"location_name":"Mustika","location_id":9}"
2026-09-30 00:59:49,+0300,10,Suur-Paala,0,success,"{"total":0,"location_name":"Suur-Paala","location_id":10}"
2026-09-30 00:59:49,+0300,1,Hipodroom,0,success,"{"total":0,"location_name":"Hipodroom (CLOSED)","location_id":1}"
2026-09-30 01:01:50,+0300,3,T1,4,success,"{"total":4,"location_name":"T1 Shopping Mall","location_id":3}"
2026-09-30 01:01:50,+0300,9,Mustika,1,success,"{"total":1,"location_name":"Mustika","location_id":9}"
2026-09-30 01:01:50,+0300,10,Suur-Paala,0,success,"{"total":0,"location_name":"Suur-Paala","location_id":10}"
2026-09-30 01:01:50,+0300,1,Hipodroom,0,success,"{"total":0,"location_name":"Hipodroom (CLOSED)","location_id":1}"
2026-09-30 01:03:51,+0300,3,T1,3,success,"{"total":3,"location_name":"T1 Shopping Mall","location_id":3}"
2026-09-30 01:03:51,+0300,9,Mustika,1,success,"{"total":1,"location_name":"Mustika","location_id":9}"
2026-09-30 01:03:51,+0300,10,Suur-Paala,0,success,"{"total":0,"location_name":"Suur-Paala","location_id":10}"
2026-09-30 01:03:51,+0300,1,Hipodroom,0,success,"{"total":0,"location_name":"Hipodroom (CLOSED)","location_id":1}"
2026-09-30 01:05:52,+0300,3,T1,3,success,"{"total":3,"location_name":"T1 Shopping Mall","location_id":3}"
2026-09-30 01:05:52,+0300,9,Mustika,1,success,"{"total":1,"location_name":"Mustika","location_id":9}"
2026-09-30 01:05:52,+0300,10,Suur-Paala,0,success,"{"total":0,"location_name":"Suur-Paala","location_id":10}"
2026-09-30 01:05:52,+0300,1,Hipodroom,0,success,"{"total":0,"location_name":"Hipodroom (CLOSED)","location_id":1}"
2026-09-30 01:07:53,+0300,3,T1,3,success,"{"total":3,"location_name":"T1 Shopping Mall","location_id":3}"
2026-09-30 01:07:53,+0300,9,Mustika,1,success,"{"total":1,"location_name":"Mustika","location_id":9}"
2026-09-30 01:07:53,+0300,10,Suur-Paala,0,success,"{"total":0,"location_name":"Suur-Paala","location_id":10}"
2026-09-30 01:07:53,+0300,1,Hipodroom,0,success,"{"total":0,"location_name":"Hipodroom (CLOSED)","location_id":1}"
2026-09-30 01:09:53,+0300,3,T1,3,success,"{"total":3,"location_name":"T1 Shopping Mall","location_id":3}"
2026-09-30 01:09:53,+0300,9,Mustika,1,success,"{"total":1,"location_name":"Mustika","location_id":9}"
2026-09-30 01:09:53,+0300,10,Suur-Paala,0,success,"{"total":0,"location_name":"Suur-Paala","location_id":10}"
2026-09-30 01:09:53,+0300,1,Hipodroom,0,success,"{"total":0,"location_name":"Hipodroom (CLOSED)","location_id":1}"
2026-09-30 01:11:54,+0300,3,T1,3,success,"{"total":3,"location_name":"T1 Shopping Mall","location_id":3}"
2026-09-30 01:11:54,+0300,9,Mustika,1,success,"{"total":1,"location_name":"Mustika","location_id":9}"
2026-09-30 01:11:54,+0300,10,Suur-Paala,0,success,"{"total":0,"location_name":"Suur-Paala","location_id":10}"
2026-09-30 01:11:54,+0300,1,Hipodroom,0,success,"{"total":0,"location_name":"Hipodroom (CLOSED)","location_id":1}"
2026-09-30 01:13:55,+0300,3,T1,3,success,"{"total":3,"location_name":"T1 Shopping Mall","location_id":3}"
2026-09-30 01:13:55,+0300,9,Mustika,1,success,"{"total":1,"location_name":"Mustika","location_id":9}"
2026-09-30 01:13:55,+0300,10,Suur-Paala,0,success,"{"total":0,"location_name":"Suur-Paala","location_id":10}"
2026-09-30 01:13:55,+0300,1,Hipodroom,0,success,"{"total":0,"location_name":"Hipodroom (CLOSED)","location_id":1}"
2026-09-30 01:15:56,+0300,3,T1,3,success,"{"total":3,"location_name":"T1 Shopping Mall","location_id":3}"
2026-09-30 01:15:56,+0300,9,Mustika,0,success,"{"total":0,"location_name":"Mustika","location_id":9}"
2026-09-30 01:15:56,+0300,10,Suur-Paala,0,success,"{"total":0,"location_name":"Suur-Paala","location_id":10}"
2026-09-30 01:15:56,+0300,1,Hipodroom,0,success,"{"total":0,"location_name":"Hipodroom (CLOSED)","location_id":1}"
2026-09-30 01:17:58,+0300,3,T1,3,success,"{"total":3,"location_name":"T1 Shopping Mall","location_id":3}"
2026-09-30 01:17:58,+0300,9,Mustika,0,success,"{"total":0,"location_name":"Mustika","location_id":9}"
2026-09-30 01:17:58,+0300,10,Suur-Paala,0,success,"{"total":0,"location_name":"Suur-Paala","location_id":10}"
2026-09-30 01:17:58,+0300,1,Hipodroom,0,success,"{"total":0,"location_name":"Hipodroom (CLOSED)","location_id":1}"
2026-09-30 01:19:58,+0300,3,T1,3,success,"{"total":3,"location_name":"T1 Shopping Mall","location_id":3}"
2026-09-30 01:19:58,+0300,9,Mustika,0,success,"{"total":0,"location_name":"Mustika","location_id":9}"
2026-09-30 01:19:58,+0300,10,Suur-Paala,0,success,"{"total":0,"location_name":"Suur-Paala","location_id":10}"
2026-09-30 01:19:58,+0300,1,Hipodroom,0,success,"{"total":0,"location_name":"Hipodroom (CLOSED)","location_id":1}"
2026-09-30 01:21:59,+0300,3,T1,3,success,"{"total":3,"location_name":"T1 Shopping Mall","location_id":3}"
2026-09-30 01:21:59,+0300,9,Mustika,0,success,"{"total":0,"location_name":"Mustika","location_id":9}"
2026-09-30 01:21:59,+0300,10,Suur-Paala,0,success,"{"total":0,"location_name":"Suur-Paala","location_id":10}"
2026-09-30 01:21:59,+0300,1,Hipodroom,0,success,"{"total":0,"location_name":"Hipodroom (CLOSED)","location_id":1}"
2026-09-30 01:24:00,+0300,3,T1,3,success,"{"total":3,"location_name":"T1 Shopping Mall","location_id":3}"
2026-09-30 01:24:00,+0300,9,Mustika,0,success,"{"total":0,"location_name":"Mustika","location_id":9}"
2026-09-30 01:24:00,+0300,10,Suur-Paala,0,success,"{"total":0,"location_name":"Suur-Paala","location_id":10}"
2026-09-30 01:24:00,+0300,1,Hipodroom,0,success,"{"total":0,"location_name":"Hipodroom (CLOSED)","location_id":1}"
2026-09-30 01:26:01,+0300,3,T1,3,success,"{"total":3,"location_name":"T1 Shopping Mall","location_id":3}"
2026-09-30 01:26:01,+0300,9,Mustika,0,success,"{"total":0,"location_name":"Mustika","location_id":9}"
2026-09-30 01:26:01,+0300,10,Suur-Paala,0,success,"{"total":0,"location_name":"Suur-Paala","location_id":10}"
2026-09-30 01:26:01,+0300,1,Hipodroom,0,success,"{"total":0,"location_name":"Hipodroom (CLOSED)","location_id":1}"
2026-09-30 01:28:02,+0300,3,T1,3,success,"{"total":3,"location_name":"T1 Shopping Mall","location_id":3}"
2026-09-30 01:28:02,+0300,9,Mustika,0,success,"{"total":0,"location_name":"Mustika","location_id":9}"
2026-09-30 01:28:02,+0300,10,Suur-Paala,0,success,"{"total":0,"location_name":"Suur-Paala","location_id":10}"
2026-09-30 01:28:02,+0300,1,Hipodroom,0,success,"{"total":0,"location_name":"Hipodroom (CLOSED)","location_id":1}"
2026-09-30 01:30:03,+0300,3,T1,3,success,"{"total":3,"location_name":"T1 Shopping Mall","location_id":3}"
2026-09-30 01:30:03,+0300,9,Mustika,0,success,"{"total":0,"location_name":"Mustika","location_id":9}"
2026-09-30 01:30:03,+0300,10,Suur-Paala,0,success,"{"total":0,"location_name":"Suur-Paala","location_id":10}"
2026-09-30 01:30:03,+0300,1,Hipodroom,0,success,"{"total":0,"location_name":"Hipodroom (CLOSED)","location_id":1}"
2026-09-30 01:32:04,+0300,3,T1,3,success,"{"total":3,"location_name":"T1 Shopping Mall","location_id":3}"
2026-09-30 01:32:04,+0300,9,Mustika,0,success,"{"total":0,"location_name":"Mustika","location_id":9}"
2026-09-30 01:32:04,+0300,10,Suur-Paala,0,success,"{"total":0,"location_name":"Suur-Paala","location_id":10}"
2026-09-30 01:32:04,+0300,1,Hipodroom,0,success,"{"total":0,"location_name":"Hipodroom (CLOSED)","location_id":1}"
2026-09-30 01:34:04,+0300,3,T1,3,success,"{"total":3,"location_name":"T1 Shopping Mall","location_id":3}"
2026-09-30 01:34:04,+0300,9,Mustika,0,success,"{"total":0,"location_name":"Mustika","location_id":9}"
2026-09-30 01:34:04,+0300,10,Suur-Paala,0,success,"{"total":0,"location_name":"Suur-Paala","location_id":10}"
2026-09-30 01:34:04,+0300,1,Hipodroom,0,success,"{"total":0,"location_name":"Hipodroom (CLOSED)","location_id":1}"
2026-09-30 01:36:05,+0300,3,T1,3,success,"{"total":3,"location_name":"T1 Shopping Mall","location_id":3}"
2026-09-30 01:36:05,+0300,9,Mustika,0,success,"{"total":0,"location_name":"Mustika","location_id":9}"
2026-09-30 01:36:05,+0300,10,Suur-Paala,0,success,"{"total":0,"location_name":"Suur-Paala","location_id":10}"
2026-09-30 01:36:05,+0300,1,Hipodroom,0,success,"{"total":0,"location_name":"Hipodroom (CLOSED)","location_id":1}"
2026-09-30 01:38:06,+0300,3,T1,3,success,"{"total":3,"location_name":"T1 Shopping Mall","location_id":3}"
2026-09-30 01:38:06,+0300,9,Mustika,0,success,"{"total":0,"location_name":"Mustika","location_id":9}"
2026-09-30 01:38:06,+0300,10,Suur-Paala,0,success,"{"total":0,"location_name":"Suur-Paala","location_id":10}"
2026-09-30 01:38:06,+0300,1,Hipodroom,0,success,"{"total":0,"location_name":"Hipodroom (CLOSED)","location_id":1}"
2026-09-30 01:40:07,+0300,3,T1,3,success,"{"total":3,"location_name":"T1 Shopping Mall","location_id":3}"
2026-09-30 01:40:07,+0300,9,Mustika,0,success,"{"total":0,"location_name":"Mustika","location_id":9}"
2026-09-30 01:40:07,+0300,10,Suur-Paala,0,success,"{"total":0,"location_name":"Suur-Paala","location_id":10}"
2026-09-30 01:40:07,+0300,1,Hipodroom,0,success,"{"total":0,"location_name":"Hipodroom (CLOSED)","location_id":1}"
2026-09-30 01:42:08,+0300,3,T1,3,success,"{"total":3,"location_name":"T1 Shopping Mall","location_id":3}"
2026-09-30 01:42:08,+0300,9,Mustika,0,success,"{"total":0,"location_name":"Mustika","location_id":9}"
2026-09-30 01:42:08,+0300,10,Suur-Paala,0,success,"{"total":0,"location_name":"Suur-Paala","location_id":10}"
2026-09-30 01:42:08,+0300,1,Hipodroom,0,success,"{"total":0,"location_name":"Hipodroom (CLOSED)","location_id":1}"
2026-09-30 01:44:09,+0300,3,T1,3,success,"{"total":3,"location_name":"T1 Shopping Mall","location_id":3}"
2026-09-30 01:44:09,+0300,9,Mustika,0,success,"{"total":0,"location_name":"Mustika","location_id":9}"
2026-09-30 01:44:09,+0300,10,Suur-Paala,0,success,"{"total":0,"location_name":"Suur-Paala","location_id":10}"
2026-09-30 01:44:09,+0300,1,Hipodroom,0,success,"{"total":0,"location_name":"Hipodroom (CLOSED)","location_id":1}"
2026-09-30 01:46:09,+0300,3,T1,3,success,"{"total":3,"location_name":"T1 Shopping Mall","location_id":3}"
2026-09-30 01:46:09,+0300,9,Mustika,0,success,"{"total":0,"location_name":"Mustika","location_id":9}"
2026-09-30 01:46:09,+0300,10,Suur-Paala,0,success,"{"total":0,"location_name":"Suur-Paala","location_id":10}"
2026-09-30 01:46:09,+0300,1,Hipodroom,0,success,"{"total":0,"location_name":"Hipodroom (CLOSED)","location_id":1}"
2026-09-30 01:48:10,+0300,3,T1,3,success,"{"total":3,"location_name":"T1 Shopping Mall","location_id":3}"
2026-09-30 01:48:10,+0300,9,Mustika,0,success,"{"total":0,"location_name":"Mustika","location_id":9}"
2026-09-30 01:48:10,+0300,10,Suur-Paala,0,success,"{"total":0,"location_name":"Suur-Paala","location_id":10}"
2026-09-30 01:48:10,+0300,1,Hipodroom,0,success,"{"total":0,"location_name":"Hipodroom (CLOSED)","location_id":1}"
2026-09-30 01:50:11,+0300,3,T1,3,success,"{"total":3,"location_name":"T1 Shopping Mall","location_id":3}"
2026-09-30 01:50:11,+0300,9,Mustika,0,success,"{"total":0,"location_name":"Mustika","location_id":9}"
2026-09-30 01:50:11,+0300,10,Suur-Paala,0,success,"{"total":0,"location_name":"Suur-Paala","location_id":10}"
2026-09-30 01:50:11,+0300,1,Hipodroom,0,success,"{"total":0,"location_name":"Hipodroom (CLOSED)","location_id":1}"
2026-09-30 01:52:12,+0300,3,T1,3,success,"{"total":3,"location_name":"T1 Shopping Mall","location_id":3}"
2026-09-30 01:52:12,+0300,9,Mustika,0,success,"{"total":0,"location_name":"Mustika","location_id":9}"
2026-09-30 01:52:12,+0300,10,Suur-Paala,0,success,"{"total":0,"location_name":"Suur-Paala","location_id":10}"
2026-09-30 01:52:12,+0300,1,Hipodroom,0,success,"{"total":0,"location_name":"Hipodroom (CLOSED)","location_id":1}"
2026-09-30 01:54:13,+0300,3,T1,3,success,"{"total":3,"location_name":"T1 Shopping Mall","location_id":3}"
2026-09-30 01:54:13,+0300,9,Mustika,0,success,"{"total":0,"location_name":"Mustika","location_id":9}"
2026-09-30 01:54:13,+0300,10,Suur-Paala,0,success,"{"total":0,"location_name":"Suur-Paala","location_id":10}"
2026-09-30 01:54:13,+0300,1,Hipodroom,0,success,"{"total":0,"location_name":"Hipodroom (CLOSED)","location_id":1}"
2026-09-30 01:56:13,+0300,3,T1,3,success,"{"total":3,"location_name":"T1 Shopping Mall","location_id":3}"
2026-09-30 01:56:13,+0300,9,Mustika,0,success,"{"total":0,"location_name":"Mustika","location_id":9}"
2026-09-30 01:56:13,+0300,10,Suur-Paala,0,success,"{"total":0,"location_name":"Suur-Paala","location_id":10}"
2026-09-30 01:56:13,+0300,1,Hipodroom,0,success,"{"total":0,"location_name":"Hipodroom (CLOSED)","location_id":1}"
2026-09-30 01:58:14,+0300,3,T1,3,success,"{"total":3,"location_name":"T1 Shopping Mall","location_id":3}"
2026-09-30 01:58:14,+0300,9,Mustika,0,success,"{"total":0,"location_name":"Mustika","location_id":9}"
2026-09-30 01:58:14,+0300,10,Suur-Paala,0,success,"{"total":0,"location_name":"Suur-Paala","location_id":10}"
2026-09-30 01:58:14,+0300,1,Hipodroom,0,success,"{"total":0,"location_name":"Hipodroom (CLOSED)","location_id":1}"
2026-09-30 02:00:15,+0300,3,T1,3,success,"{"total":3,"location_name":"T1 Shopping Mall","location_id":3}"
2026-09-30 02:00:15,+0300,9,Mustika,0,success,"{"total":0,"location_name":"Mustika","location_id":9}"
2026-09-30 02:00:15,+0300,10,Suur-Paala,0,success,"{"total":0,"location_name":"Suur-Paala","location_id":10}"
2026-09-30 02:00:15,+0300,1,Hipodroom,0,success,"{"total":0,"location_name":"Hipodroom (CLOSED)","location_id":1}"
2026-09-30 02:02:16,+0300,3,T1,3,success,"{"total":3,"location_name":"T1 Shopping Mall","location_id":3}"
2026-09-30 02:02:16,+0300,9,Mustika,0,success,"{"total":0,"location_name":"Mustika","location_id":9}"
2026-09-30 02:02:16,+0300,10,Suur-Paala,0,success,"{"total":0,"location_name":"Suur-Paala","location_id":10}"
2026-09-30 02:02:16,+0300,1,Hipodroom,0,success,"{"total":0,"location_name":"Hipodroom (CLOSED)","location_id":1}"
2026-09-30 02:04:16,+0300,3,T1,3,success,"{"total":3,"location_name":"T1 Shopping Mall","location_id":3}"
2026-09-30 02:04:16,+0300,9,Mustika,0,success,"{"total":0,"location_name":"Mustika","location_id":9}"
2026-09-30 02:04:16,+0300,10,Suur-Paala,0,success,"{"total":0,"location_name":"Suur-Paala","location_id":10}"
2026-09-30 02:04:16,+0300,1,Hipodroom,0,success,"{"total":0,"location_name":"Hipodroom (CLOSED)","location_id":1}"
2026-09-30 02:06:17,+0300,3,T1,3,success,"{"total":3,"location_name":"T1 Shopping Mall","location_id":3}"
2026-09-30 02:06:17,+0300,9,Mustika,0,success,"{"total":0,"location_name":"Mustika","location_id":9}"
2026-09-30 02:06:17,+0300,10,Suur-Paala,0,success,"{"total":0,"location_name":"Suur-Paala","location_id":10}"
2026-09-30 02:06:17,+0300,1,Hipodroom,0,success,"{"total":0,"location_name":"Hipodroom (CLOSED)","location_id":1}"
2026-09-30 02:08:18,+0300,3,T1,3,success,"{"total":3,"location_name":"T1 Shopping Mall","location_id":3}"
2026-09-30 02:08:18,+0300,9,Mustika,0,success,"{"total":0,"location_name":"Mustika","location_id":9}"
2026-09-30 02:08:18,+0300,10,Suur-Paala,0,success,"{"total":0,"location_name":"Suur-Paala","location_id":10}"
2026-09-30 02:08:18,+0300,1,Hipodroom,0,success,"{"total":0,"location_name":"Hipodroom (CLOSED)","location_id":1}"
2026-09-30 02:10:19,+0300,3,T1,3,success,"{"total":3,"location_name":"T1 Shopping Mall","location_id":3}"
2026-09-30 02:10:19,+0300,9,Mustika,0,success,"{"total":0,"location_name":"Mustika","location_id":9}"
2026-09-30 02:10:19,+0300,10,Suur-Paala,0,success,"{"total":0,"location_name":"Suur-Paala","location_id":10}"
2026-09-30 02:10:19,+0300,1,Hipodroom,0,success,"{"total":0,"location_name":"Hipodroom (CLOSED)","location_id":1}"
2026-09-30 02:12:20,+0300,3,T1,3,success,"{"total":3,"location_name":"T1 Shopping Mall","location_id":3}"
2026-09-30 02:12:20,+0300,9,Mustika,0,success,"{"total":0,"location_name":"Mustika","location_id":9}"
2026-09-30 02:12:20,+0300,10,Suur-Paala,0,success,"{"total":0,"location_name":"Suur-Paala","location_id":10}"
2026-09-30 02:12:20,+0300,1,Hipodroom,0,success,"{"total":0,"location_name":"Hipodroom (CLOSED)","location_id":1}"
2026-09-30 02:14:21,+0300,3,T1,3,success,"{"total":3,"location_name":"T1 Shopping Mall","location_id":3}"
2026-09-30 02:14:21,+0300,9,Mustika,0,success,"{"total":0,"location_name":"Mustika","location_id":9}"
2026-09-30 02:14:21,+0300,10,Suur-Paala,0,success,"{"total":0,"location_name":"Suur-Paala","location_id":10}"
2026-09-30 02:14:21,+0300,1,Hipodroom,0,success,"{"total":0,"location_name":"Hipodroom (CLOSED)","location_id":1}"
2026-09-30 02:16:21,+0300,3,T1,3,success,"{"total":3,"location_name":"T1 Shopping Mall","location_id":3}"
2026-09-30 02:16:21,+0300,9,Mustika,0,success,"{"total":0,"location_name":"Mustika","location_id":9}"
2026-09-30 02:16:21,+0300,10,Suur-Paala,0,success,"{"total":0,"location_name":"Suur-Paala","location_id":10}"
2026-09-30 02:16:21,+0300,1,Hipodroom,0,success,"{"total":0,"location_name":"Hipodroom (CLOSED)","location_id":1}"
2026-09-30 02:18:22,+0300,3,T1,3,success,"{"total":3,"location_name":"T1 Shopping Mall","location_id":3}"
2026-09-30 02:18:22,+0300,9,Mustika,0,success,"{"total":0,"location_name":"Mustika","location_id":9}"
2026-09-30 02:18:22,+0300,10,Suur-Paala,0,success,"{"total":0,"location_name":"Suur-Paala","location_id":10}"
2026-09-30 02:18:22,+0300,1,Hipodroom,0,success,"{"total":0,"location_name":"Hipodroom (CLOSED)","location_id":1}"
2026-09-30 02:20:23,+0300,3,T1,3,success,"{"total":3,"location_name":"T1 Shopping Mall","location_id":3}"
2026-09-30 02:20:23,+0300,9,Mustika,0,success,"{"total":0,"location_name":"Mustika","location_id":9}"
2026-09-30 02:20:23,+0300,10,Suur-Paala,0,success,"{"total":0,"location_name":"Suur-Paala","location_id":10}"
2026-09-30 02:20:23,+0300,1,Hipodroom,0,success,"{"total":0,"location_name":"Hipodroom (CLOSED)","location_id":1}"
2026-09-30 02:22:24,+0300,3,T1,3,success,"{"total":3,"location_name":"T1 Shopping Mall","location_id":3}"
2026-09-30 02:22:24,+0300,9,Mustika,0,success,"{"total":0,"location_name":"Mustika","location_id":9}"
2026-09-30 02:22:24,+0300,10,Suur-Paala,0,success,"{"total":0,"location_name":"Suur-Paala","location_id":10}"
2026-09-30 02:22:24,+0300,1,Hipodroom,0,success,"{"total":0,"location_name":"Hipodroom (CLOSED)","location_id":1}"
2026-09-30 02:24:25,+0300,3,T1,3,success,"{"total":3,"location_name":"T1 Shopping Mall","location_id":3}"
2026-09-30 02:24:25,+0300,9,Mustika,0,success,"{"total":0,"location_name":"Mustika","location_id":9}"
2026-09-30 02:24:25,+0300,10,Suur-Paala,0,success,"{"total":0,"location_name":"Suur-Paala","location_id":10}"
2026-09-30 02:24:25,+0300,1,Hipodroom,0,success,"{"total":0,"location_name":"Hipodroom (CLOSED)","location_id":1}"
2026-09-30 02:26:26,+0300,3,T1,3,success,"{"total":3,"location_name":"T1 Shopping Mall","location_id":3}"
2026-09-30 02:26:26,+0300,9,Mustika,0,success,"{"total":0,"location_name":"Mustika","location_id":9}"
2026-09-30 02:26:26,+0300,10,Suur-Paala,0,success,"{"total":0,"location_name":"Suur-Paala","location_id":10}"
2026-09-30 02:26:26,+0300,1,Hipodroom,0,success,"{"total":0,"location_name":"Hipodroom (CLOSED)","location_id":1}"
2026-09-30 02:28:26,+0300,3,T1,3,success,"{"total":3,"location_name":"T1 Shopping Mall","location_id":3}"
2026-09-30 02:28:26,+0300,9,Mustika,0,success,"{"total":0,"location_name":"Mustika","location_id":9}"
2026-09-30 02:28:26,+0300,10,Suur-Paala,0,success,"{"total":0,"location_name":"Suur-Paala","location_id":10}"
2026-09-30 02:28:26,+0300,1,Hipodroom,0,success,"{"total":0,"location_name":"Hipodroom (CLOSED)","location_id":1}"
2026-09-30 02:30:27,+0300,3,T1,3,success,"{"total":3,"location_name":"T1 Shopping Mall","location_id":3}"
2026-09-30 02:30:27,+0300,9,Mustika,0,success,"{"total":0,"location_name":"Mustika","location_id":9}"
2026-09-30 02:30:27,+0300,10,Suur-Paala,0,success,"{"total":0,"location_name":"Suur-Paala","location_id":10}"
2026-09-30 02:30:27,+0300,1,Hipodroom,0,success,"{"total":0,"location_name":"Hipodroom (CLOSED)","location_id":1}"
2026-09-30 02:32:28,+0300,3,T1,3,success,"{"total":3,"location_name":"T1 Shopping Mall","location_id":3}"
2026-09-30 02:32:28,+0300,9,Mustika,0,success,"{"total":0,"location_name":"Mustika","location_id":9}"
2026-09-30 02:32:28,+0300,10,Suur-Paala,0,success,"{"total":0,"location_name":"Suur-Paala","location_id":10}"
2026-09-30 02:32:28,+0300,1,Hipodroom,0,success,"{"total":0,"location_name":"Hipodroom (CLOSED)","location_id":1}"
2026-09-30 02:34:28,+0300,3,T1,3,success,"{"total":3,"location_name":"T1 Shopping Mall","location_id":3}"
2026-09-30 02:34:28,+0300,9,Mustika,0,success,"{"total":0,"location_name":"Mustika","location_id":9}"
2026-09-30 02:34:28,+0300,10,Suur-Paala,0,success,"{"total":0,"location_name":"Suur-Paala","location_id":10}"
2026-09-30 02:34:28,+0300,1,Hipodroom,0,success,"{"total":0,"location_name":"Hipodroom (CLOSED)","location_id":1}"
2026-09-30 02:36:30,+0300,3,T1,3,success,"{"total":3,"location_name":"T1 Shopping Mall","location_id":3}"
2026-09-30 02:36:30,+0300,9,Mustika,0,success,"{"total":0,"location_name":"Mustika","location_id":9}"
2026-09-30 02:36:30,+0300,10,Suur-Paala,0,success,"{"total":0,"location_name":"Suur-Paala","location_id":10}"
2026-09-30 02:36:30,+0300,1,Hipodroom,0,success,"{"total":0,"location_name":"Hipodroom (CLOSED)","location_id":1}"
2026-09-30 02:38:30,+0300,3,T1,3,success,"{"total":3,"location_name":"T1 Shopping Mall","location_id":3}"
2026-09-30 02:38:30,+0300,9,Mustika,0,success,"{"total":0,"location_name":"Mustika","location_id":9}"
2026-09-30 02:38:30,+0300,10,Suur-Paala,0,success,"{"total":0,"location_name":"Suur-Paala","location_id":10}"
2026-09-30 02:38:30,+0300,1,Hipodroom,0,success,"{"total":0,"location_name":"Hipodroom (CLOSED)","location_id":1}"
2026-09-30 02:40:31,+0300,3,T1,3,success,"{"total":3,"location_name":"T1 Shopping Mall","location_id":3}"
2026-09-30 02:40:31,+0300,9,Mustika,0,success,"{"total":0,"location_name":"Mustika","location_id":9}"
2026-09-30 02:40:31,+0300,10,Suur-Paala,0,success,"{"total":0,"location_name":"Suur-Paala","location_id":10}"
2026-09-30 02:40:31,+0300,1,Hipodroom,0,success,"{"total":0,"location_name":"Hipodroom (CLOSED)","location_id":1}"
2026-09-30 02:42:32,+0300,3,T1,3,success,"{"total":3,"location_name":"T1 Shopping Mall","location_id":3}"
2026-09-30 02:42:32,+0300,9,Mustika,0,success,"{"total":0,"location_name":"Mustika","location_id":9}"
2026-09-30 02:42:32,+0300,10,Suur-Paala,0,success,"{"total":0,"location_name":"Suur-Paala","location_id":10}"
2026-09-30 02:42:32,+0300,1,Hipodroom,0,success,"{"total":0,"location_name":"Hipodroom (CLOSED)","location_id":1}"
2026-09-30 02:44:33,+0300,3,T1,3,success,"{"total":3,"location_name":"T1 Shopping Mall","location_id":3}"
2026-09-30 02:44:33,+0300,9,Mustika,0,success,"{"total":0,"location_name":"Mustika","location_id":9}"
2026-09-30 02:44:33,+0300,10,Suur-Paala,0,success,"{"total":0,"location_name":"Suur-Paala","location_id":10}"
2026-09-30 02:44:33,+0300,1,Hipodroom,0,success,"{"total":0,"location_name":"Hipodroom (CLOSED)","location_id":1}"
2026-09-30 02:46:34,+0300,3,T1,3,success,"{"total":3,"location_name":"T1 Shopping Mall","location_id":3}"
2026-09-30 02:46:34,+0300,9,Mustika,0,success,"{"total":0,"location_name":"Mustika","location_id":9}"
2026-09-30 02:46:34,+0300,10,Suur-Paala,0,success,"{"total":0,"location_name":"Suur-Paala","location_id":10}"
2026-09-30 02:46:34,+0300,1,Hipodroom,0,success,"{"total":0,"location_name":"Hipodroom (CLOSED)","location_id":1}"
2026-09-30 02:48:35,+0300,3,T1,3,success,"{"total":3,"location_name":"T1 Shopping Mall","location_id":3}"
2026-09-30 02:48:35,+0300,9,Mustika,0,success,"{"total":0,"location_name":"Mustika","location_id":9}"
2026-09-30 02:48:35,+0300,10,Suur-Paala,0,success,"{"total":0,"location_name":"Suur-Paala","location_id":10}"
2026-09-30 02:48:35,+0300,1,Hipodroom,0,success,"{"total":0,"location_name":"Hipodroom (CLOSED)","location_id":1}"
2026-09-30 02:50:35,+0300,3,T1,3,success,"{"total":3,"location_name":"T1 Shopping Mall","location_id":3}"
2026-09-30 02:50:35,+0300,9,Mustika,0,success,"{"total":0,"location_name":"Mustika","location_id":9}"
2026-09-30 02:50:35,+0300,10,Suur-Paala,0,success,"{"total":0,"location_name":"Suur-Paala","location_id":10}"
2026-09-30 02:50:35,+0300,1,Hipodroom,0,success,"{"total":0,"location_name":"Hipodroom (CLOSED)","location_id":1}"
2026-09-30 02:52:36,+0300,3,T1,3,success,"{"total":3,"location_name":"T1 Shopping Mall","location_id":3}"
2026-09-30 02:52:36,+0300,9,Mustika,0,success,"{"total":0,"location_name":"Mustika","location_id":9}"
2026-09-30 02:52:36,+0300,10,Suur-Paala,0,success,"{"total":0,"location_name":"Suur-Paala","location_id":10}"
2026-09-30 02:52:36,+0300,1,Hipodroom,0,success,"{"total":0,"location_name":"Hipodroom (CLOSED)","location_id":1}"
2026-09-30 02:54:37,+0300,3,T1,3,success,"{"total":3,"location_name":"T1 Shopping Mall","location_id":3}"
2026-09-30 02:54:37,+0300,9,Mustika,0,success,"{"total":0,"location_name":"Mustika","location_id":9}"
2026-09-30 02:54:37,+0300,10,Suur-Paala,0,success,"{"total":0,"location_name":"Suur-Paala","location_id":10}"
2026-09-30 02:54:37,+0300,1,Hipodroom,0,success,"{"total":0,"location_name":"Hipodroom (CLOSED)","location_id":1}"
2026-09-30 02:56:38,+0300,3,T1,3,success,"{"total":3,"location_name":"T1 Shopping Mall","location_id":3}"
2026-09-30 02:56:38,+0300,9,Mustika,0,success,"{"total":0,"location_name":"Mustika","location_id":9}"
2026-09-30 02:56:38,+0300,10,Suur-Paala,0,success,"{"total":0,"location_name":"Suur-Paala","location_id":10}"
2026-09-30 02:56:38,+0300,1,Hipodroom,0,success,"{"total":0,"location_name":"Hipodroom (CLOSED)","location_id":1}"
2026-09-30 02:58:38,+0300,3,T1,3,success,"{"total":3,"location_name":"T1 Shopping Mall","location_id":3}"
2026-09-30 02:58:38,+0300,9,Mustika,0,success,"{"total":0,"location_name":"Mustika","location_id":9}"
2026-09-30 02:58:38,+0300,10,Suur-Paala,0,success,"{"total":0,"location_name":"Suur-Paala","location_id":10}"
2026-09-30 02:58:38,+0300,1,Hipodroom,0,success,"{"total":0,"location_name":"Hipodroom (CLOSED)","location_id":1}"
2026-09-30 03:00:39,+0300,3,T1,0,success,"{"total":0,"location_name":"T1 Shopping Mall","location_id":3}"
2026-09-30 03:00:39,+0300,9,Mustika,0,success,"{"total":0,"location_name":"Mustika","location_id":9}"
2026-09-30 03:00:39,+0300,10,Suur-Paala,0,success,"{"total":0,"location_name":"Suur-Paala","location_id":10}"
2026-09-30 03:00:39,+0300,1,Hipodroom,0,success,"{"total":0,"location_name":"Hipodroom (CLOSED)","location_id":1}"
2026-09-30 03:02:40,+0300,3,T1,0,success,"{"total":0,"location_name":"T1 Shopping Mall","location_id":3}"
2026-09-30 03:02:40,+0300,9,Mustika,0,success,"{"total":0,"location_name":"Mustika","location_id":9}"
2026-09-30 03:02:40,+0300,10,Suur-Paala,0,success,"{"total":0,"location_name":"Suur-Paala","location_id":10}"
2026-09-30 03:02:40,+0300,1,Hipodroom,0,success,"{"total":0,"location_name":"Hipodroom (CLOSED)","location_id":1}"
2026-09-30 03:04:41,+0300,3,T1,0,success,"{"total":0,"location_name":"T1 Shopping Mall","location_id":3}"
2026-09-30 03:04:41,+0300,9,Mustika,0,success,"{"total":0,"location_name":"Mustika","location_id":9}"
2026-09-30 03:04:41,+0300,10,Suur-Paala,0,success,"{"total":0,"location_name":"Suur-Paala","location_id":10}"
2026-09-30 03:04:41,+0300,1,Hipodroom,0,success,"{"total":0,"location_name":"Hipodroom (CLOSED)","location_id":1}"
2026-09-30 03:06:41,+0300,3,T1,0,success,"{"total":0,"location_name":"T1 Shopping Mall","location_id":3}"
2026-09-30 03:06:41,+0300,9,Mustika,0,success,"{"total":0,"location_name":"Mustika","location_id":9}"
2026-09-30 03:06:41,+0300,10,Suur-Paala,0,success,"{"total":0,"location_name":"Suur-Paala","location_id":10}"
2026-09-30 03:06:41,+0300,1,Hipodroom,0,success,"{"total":0,"location_name":"Hipodroom (CLOSED)","location_id":1}"
2026-09-30 03:08:42,+0300,3,T1,0,success,"{"total":0,"location_name":"T1 Shopping Mall","location_id":3}"
2026-09-30 03:08:42,+0300,9,Mustika,0,success,"{"total":0,"location_name":"Mustika","location_id":9}"
2026-09-30 03:08:42,+0300,10,Suur-Paala,0,success,"{"total":0,"location_name":"Suur-Paala","location_id":10}"
2026-09-30 03:08:42,+0300,1,Hipodroom,0,success,"{"total":0,"location_name":"Hipodroom (CLOSED)","location_id":1}"
2026-09-30 03:10:43,+0300,3,T1,0,success,"{"total":0,"location_name":"T1 Shopping Mall","location_id":3}"
2026-09-30 03:10:43,+0300,9,Mustika,0,success,"{"total":0,"location_name":"Mustika","location_id":9}"
2026-09-30 03:10:43,+0300,10,Suur-Paala,0,success,"{"total":0,"location_name":"Suur-Paala","location_id":10}"
2026-09-30 03:10:43,+0300,1,Hipodroom,0,success,"{"total":0,"location_name":"Hipodroom (CLOSED)","location_id":1}"
2026-09-30 03:12:44,+0300,3,T1,0,success,"{"total":0,"location_name":"T1 Shopping Mall","location_id":3}"
2026-09-30 03:12:44,+0300,9,Mustika,0,success,"{"total":0,"location_name":"Mustika","location_id":9}"
2026-09-30 03:12:44,+0300,10,Suur-Paala,0,success,"{"total":0,"location_name":"Suur-Paala","location_id":10}"
2026-09-30 03:12:44,+0300,1,Hipodroom,0,success,"{"total":0,"location_name":"Hipodroom (CLOSED)","location_id":1}"
2026-09-30 03:14:44,+0300,3,T1,0,success,"{"total":0,"location_name":"T1 Shopping Mall","location_id":3}"
2026-09-30 03:14:44,+0300,9,Mustika,0,success,"{"total":0,"location_name":"Mustika","location_id":9}"
2026-09-30 03:14:44,+0300,10,Suur-Paala,0,success,"{"total":0,"location_name":"Suur-Paala","location_id":10}"
2026-09-30 03:14:44,+0300,1,Hipodroom,0,success,"{"total":0,"location_name":"Hipodroom (CLOSED)","location_id":1}"
2026-09-30 03:16:45,+0300,3,T1,0,success,"{"total":0,"location_name":"T1 Shopping Mall","location_id":3}"
2026-09-30 03:16:45,+0300,9,Mustika,0,success,"{"total":0,"location_name":"Mustika","location_id":9}"
2026-09-30 03:16:45,+0300,10,Suur-Paala,0,success,"{"total":0,"location_name":"Suur-Paala","location_id":10}"
2026-09-30 03:16:45,+0300,1,Hipodroom,0,success,"{"total":0,"location_name":"Hipodroom (CLOSED)","location_id":1}"
2026-09-30 03:18:46,+0300,3,T1,0,success,"{"total":0,"location_name":"T1 Shopping Mall","location_id":3}"
2026-09-30 03:18:46,+0300,9,Mustika,0,success,"{"total":0,"location_name":"Mustika","location_id":9}"
2026-09-30 03:18:46,+0300,10,Suur-Paala,0,success,"{"total":0,"location_name":"Suur-Paala","location_id":10}"
2026-09-30 03:18:46,+0300,1,Hipodroom,0,success,"{"total":0,"location_name":"Hipodroom (CLOSED)","location_id":1}"
2026-09-30 03:20:47,+0300,3,T1,0,success,"{"total":0,"location_name":"T1 Shopping Mall","location_id":3}"
2026-09-30 03:20:47,+0300,9,Mustika,0,success,"{"total":0,"location_name":"Mustika","location_id":9}"
2026-09-30 03:20:47,+0300,10,Suur-Paala,0,success,"{"total":0,"location_name":"Suur-Paala","location_id":10}"
2026-09-30 03:20:47,+0300,1,Hipodroom,0,success,"{"total":0,"location_name":"Hipodroom (CLOSED)","location_id":1}"
2026-09-30 03:22:47,+0300,3,T1,0,success,"{"total":0,"location_name":"T1 Shopping Mall","location_id":3}"
2026-09-30 03:22:47,+0300,9,Mustika,0,success,"{"total":0,"location_name":"Mustika","location_id":9}"
2026-09-30 03:22:47,+0300,10,Suur-Paala,0,success,"{"total":0,"location_name":"Suur-Paala","location_id":10}"
2026-09-30 03:22:47,+0300,1,Hipodroom,0,success,"{"total":0,"location_name":"Hipodroom (CLOSED)","location_id":1}"
2026-09-30 03:24:48,+0300,3,T1,0,success,"{"total":0,"location_name":"T1 Shopping Mall","location_id":3}"
2026-09-30 03:24:48,+0300,9,Mustika,0,success,"{"total":0,"location_name":"Mustika","location_id":9}"
2026-09-30 03:24:48,+0300,10,Suur-Paala,0,success,"{"total":0,"location_name":"Suur-Paala","location_id":10}"
2026-09-30 03:24:48,+0300,1,Hipodroom,0,success,"{"total":0,"location_name":"Hipodroom (CLOSED)","location_id":1}"
2026-09-30 03:26:49,+0300,3,T1,0,success,"{"total":0,"location_name":"T1 Shopping Mall","location_id":3}"
2026-09-30 03:26:49,+0300,9,Mustika,0,success,"{"total":0,"location_name":"Mustika","location_id":9}"
2026-09-30 03:26:49,+0300,10,Suur-Paala,0,success,"{"total":0,"location_name":"Suur-Paala","location_id":10}"
2026-09-30 03:26:49,+0300,1,Hipodroom,0,success,"{"total":0,"location_name":"Hipodroom (CLOSED)","location_id":1}"
2026-09-30 03:28:50,+0300,3,T1,0,success,"{"total":0,"location_name":"T1 Shopping Mall","location_id":3}"
2026-09-30 03:28:50,+0300,9,Mustika,0,success,"{"total":0,"location_name":"Mustika","location_id":9}"
2026-09-30 03:28:50,+0300,10,Suur-Paala,0,success,"{"total":0,"location_name":"Suur-Paala","location_id":10}"
2026-09-30 03:28:50,+0300,1,Hipodroom,0,success,"{"total":0,"location_name":"Hipodroom (CLOSED)","location_id":1}"
2026-09-30 03:30:50,+0300,3,T1,0,success,"{"total":0,"location_name":"T1 Shopping Mall","location_id":3}"
2026-09-30 03:30:50,+0300,9,Mustika,0,success,"{"total":0,"location_name":"Mustika","location_id":9}"
2026-09-30 03:30:50,+0300,10,Suur-Paala,0,success,"{"total":0,"location_name":"Suur-Paala","location_id":10}"
2026-09-30 03:30:50,+0300,1,Hipodroom,0,success,"{"total":0,"location_name":"Hipodroom (CLOSED)","location_id":1}"
2026-09-30 03:32:51,+0300,3,T1,0,success,"{"total":0,"location_name":"T1 Shopping Mall","location_id":3}"
2026-09-30 03:32:51,+0300,9,Mustika,0,success,"{"total":0,"location_name":"Mustika","location_id":9}"
2026-09-30 03:32:51,+0300,10,Suur-Paala,0,success,"{"total":0,"location_name":"Suur-Paala","location_id":10}"
2026-09-30 03:32:51,+0300,1,Hipodroom,0,success,"{"total":0,"location_name":"Hipodroom (CLOSED)","location_id":1}"
2026-09-30 03:34:52,+0300,3,T1,0,success,"{"total":0,"location_name":"T1 Shopping Mall","location_id":3}"
2026-09-30 03:34:52,+0300,9,Mustika,0,success,"{"total":0,"location_name":"Mustika","location_id":9}"
2026-09-30 03:34:52,+0300,10,Suur-Paala,0,success,"{"total":0,"location_name":"Suur-Paala","location_id":10}"
2026-09-30 03:34:52,+0300,1,Hipodroom,0,success,"{"total":0,"location_name":"Hipodroom (CLOSED)","location_id":1}"
2026-09-30 03:36:52,+0300,3,T1,0,success,"{"total":0,"location_name":"T1 Shopping Mall","location_id":3}"
2026-09-30 03:36:52,+0300,9,Mustika,0,success,"{"total":0,"location_name":"Mustika","location_id":9}"
2026-09-30 03:36:52,+0300,10,Suur-Paala,0,success,"{"total":0,"location_name":"Suur-Paala","location_id":10}"
2026-09-30 03:36:52,+0300,1,Hipodroom,0,success,"{"total":0,"location_name":"Hipodroom (CLOSED)","location_id":1}"
2026-09-30 03:38:53,+0300,3,T1,0,success,"{"total":0,"location_name":"T1 Shopping Mall","location_id":3}"
2026-09-30 03:38:53,+0300,9,Mustika,0,success,"{"total":0,"location_name":"Mustika","location_id":9}"
2026-09-30 03:38:53,+0300,10,Suur-Paala,0,success,"{"total":0,"location_name":"Suur-Paala","location_id":10}"
2026-09-30 03:38:53,+0300,1,Hipodroom,0,success,"{"total":0,"location_name":"Hipodroom (CLOSED)","location_id":1}"
2026-09-30 03:40:54,+0300,3,T1,0,success,"{"total":0,"location_name":"T1 Shopping Mall","location_id":3}"
2026-09-30 03:40:54,+0300,9,Mustika,0,success,"{"total":0,"location_name":"Mustika","location_id":9}"
2026-09-30 03:40:54,+0300,10,Suur-Paala,0,success,"{"total":0,"location_name":"Suur-Paala","location_id":10}"
2026-09-30 03:40:54,+0300,1,Hipodroom,0,success,"{"total":0,"location_name":"Hipodroom (CLOSED)","location_id":1}"
2026-09-30 03:42:54,+0300,3,T1,0,success,"{"total":0,"location_name":"T1 Shopping Mall","location_id":3}"
2026-09-30 03:42:54,+0300,9,Mustika,0,success,"{"total":0,"location_name":"Mustika","location_id":9}"
2026-09-30 03:42:54,+0300,10,Suur-Paala,0,success,"{"total":0,"location_name":"Suur-Paala","location_id":10}"
2026-09-30 03:42:54,+0300,1,Hipodroom,0,success,"{"total":0,"location_name":"Hipodroom (CLOSED)","location_id":1}"
2026-09-30 03:44:55,+0300,3,T1,0,success,"{"total":0,"location_name":"T1 Shopping Mall","location_id":3}"
2026-09-30 03:44:55,+0300,9,Mustika,0,success,"{"total":0,"location_name":"Mustika","location_id":9}"
2026-09-30 03:44:55,+0300,10,Suur-Paala,0,success,"{"total":0,"location_name":"Suur-Paala","location_id":10}"
2026-09-30 03:44:55,+0300,1,Hipodroom,0,success,"{"total":0,"location_name":"Hipodroom (CLOSED)","location_id":1}"
2026-09-30 03:46:56,+0300,3,T1,0,success,"{"total":0,"location_name":"T1 Shopping Mall","location_id":3}"
2026-09-30 03:46:56,+0300,9,Mustika,0,success,"{"total":0,"location_name":"Mustika","location_id":9}"
2026-09-30 03:46:56,+0300,10,Suur-Paala,0,success,"{"total":0,"location_name":"Suur-Paala","location_id":10}"
2026-09-30 03:46:56,+0300,1,Hipodroom,0,success,"{"total":0,"location_name":"Hipodroom (CLOSED)","location_id":1}"
2026-09-30 03:48:57,+0300,3,T1,0,success,"{"total":0,"location_name":"T1 Shopping Mall","location_id":3}"
2026-09-30 03:48:57,+0300,9,Mustika,0,success,"{"total":0,"location_name":"Mustika","location_id":9}"
2026-09-30 03:48:57,+0300,10,Suur-Paala,0,success,"{"total":0,"location_name":"Suur-Paala","location_id":10}"
2026-09-30 03:48:57,+0300,1,Hipodroom,0,success,"{"total":0,"location_name":"Hipodroom (CLOSED)","location_id":1}"
2026-09-30 03:50:57,+0300,3,T1,0,success,"{"total":0,"location_name":"T1 Shopping Mall","location_id":3}"
2026-09-30 03:50:57,+0300,9,Mustika,0,success,"{"total":0,"location_name":"Mustika","location_id":9}"
2026-09-30 03:50:57,+0300,10,Suur-Paala,0,success,"{"total":0,"location_name":"Suur-Paala","location_id":10}"
2026-09-30 03:50:57,+0300,1,Hipodroom,0,success,"{"total":0,"location_name":"Hipodroom (CLOSED)","location_id":1}"
2026-09-30 03:52:58,+0300,3,T1,0,success,"{"total":0,"location_name":"T1 Shopping Mall","location_id":3}"
2026-09-30 03:52:58,+0300,9,Mustika,0,success,"{"total":0,"location_name":"Mustika","location_id":9}"
2026-09-30 03:52:58,+0300,10,Suur-Paala,0,success,"{"total":0,"location_name":"Suur-Paala","location_id":10}"
2026-09-30 03:52:58,+0300,1,Hipodroom,0,success,"{"total":0,"location_name":"Hipodroom (CLOSED)","location_id":1}"
2026-09-30 03:54:59,+0300,3,T1,0,success,"{"total":0,"location_name":"T1 Shopping Mall","location_id":3}"
2026-09-30 03:54:59,+0300,9,Mustika,0,success,"{"total":0,"location_name":"Mustika","location_id":9}"
2026-09-30 03:54:59,+0300,10,Suur-Paala,0,success,"{"total":0,"location_name":"Suur-Paala","location_id":10}"
2026-09-30 03:54:59,+0300,1,Hipodroom,0,success,"{"total":0,"location_name":"Hipodroom (CLOSED)","location_id":1}"
2026-09-30 03:56:59,+0300,3,T1,0,success,"{"total":0,"location_name":"T1 Shopping Mall","location_id":3}"
2026-09-30 03:56:59,+0300,9,Mustika,0,success,"{"total":0,"location_name":"Mustika","location_id":9}"
2026-09-30 03:56:59,+0300,10,Suur-Paala,0,success,"{"total":0,"location_name":"Suur-Paala","location_id":10}"
2026-09-30 03:56:59,+0300,1,Hipodroom,0,success,"{"total":0,"location_name":"Hipodroom (CLOSED)","location_id":1}"
2026-09-30 03:59:00,+0300,3,T1,0,success,"{"total":0,"location_name":"T1 Shopping Mall","location_id":3}"
2026-09-30 03:59:00,+0300,9,Mustika,0,success,"{"total":0,"location_name":"Mustika","location_id":9}"
2026-09-30 03:59:00,+0300,10,Suur-Paala,0,success,"{"total":0,"location_name":"Suur-Paala","location_id":10}"
2026-09-30 03:59:00,+0300,1,Hipodroom,0,success,"{"total":0,"location_name":"Hipodroom (CLOSED)","location_id":1}"
2026-09-30 04:01:01,+0300,3,T1,0,success,"{"total":0,"location_name":"T1 Shopping Mall","location_id":3}"
2026-09-30 04:01:01,+0300,9,Mustika,0,success,"{"total":0,"location_name":"Mustika","location_id":9}"
2026-09-30 04:01:01,+0300,10,Suur-Paala,0,success,"{"total":0,"location_name":"Suur-Paala","location_id":10}"
2026-09-30 04:01:01,+0300,1,Hipodroom,0,success,"{"total":0,"location_name":"Hipodroom (CLOSED)","location_id":1}"
2026-09-30 04:03:01,+0300,3,T1,0,success,"{"total":0,"location_name":"T1 Shopping Mall","location_id":3}"
2026-09-30 04:03:01,+0300,9,Mustika,0,success,"{"total":0,"location_name":"Mustika","location_id":9}"
2026-09-30 04:03:01,+0300,10,Suur-Paala,0,success,"{"total":0,"location_name":"Suur-Paala","location_id":10}"
2026-09-30 04:03:01,+0300,1,Hipodroom,0,success,"{"total":0,"location_name":"Hipodroom (CLOSED)","location_id":1}"
2026-09-30 04:05:02,+0300,3,T1,0,success,"{"total":0,"location_name":"T1 Shopping Mall","location_id":3}"
2026-09-30 04:05:02,+0300,9,Mustika,0,success,"{"total":0,"location_name":"Mustika","location_id":9}"
2026-09-30 04:05:02,+0300,10,Suur-Paala,0,success,"{"total":0,"location_name":"Suur-Paala","location_id":10}"
2026-09-30 04:05:02,+0300,1,Hipodroom,0,success,"{"total":0,"location_name":"Hipodroom (CLOSED)","location_id":1}"
2026-09-30 04:07:03,+0300,3,T1,0,success,"{"total":0,"location_name":"T1 Shopping Mall","location_id":3}"
2026-09-30 04:07:03,+0300,9,Mustika,0,success,"{"total":0,"location_name":"Mustika","location_id":9}"
2026-09-30 04:07:03,+0300,10,Suur-Paala,0,success,"{"total":0,"location_name":"Suur-Paala","location_id":10}"
2026-09-30 04:07:03,+0300,1,Hipodroom,0,success,"{"total":0,"location_name":"Hipodroom (CLOSED)","location_id":1}"
2026-09-30 04:09:04,+0300,3,T1,0,success,"{"total":0,"location_name":"T1 Shopping Mall","location_id":3}"
2026-09-30 04:09:04,+0300,9,Mustika,0,success,"{"total":0,"location_name":"Mustika","location_id":9}"
2026-09-30 04:09:04,+0300,10,Suur-Paala,0,success,"{"total":0,"location_name":"Suur-Paala","location_id":10}"
2026-09-30 04:09:04,+0300,1,Hipodroom,0,success,"{"total":0,"location_name":"Hipodroom (CLOSED)","location_id":1}"
2026-09-30 04:11:04,+0300,3,T1,0,success,"{"total":0,"location_name":"T1 Shopping Mall","location_id":3}"
2026-09-30 04:11:04,+0300,9,Mustika,0,success,"{"total":0,"location_name":"Mustika","location_id":9}"
2026-09-30 04:11:04,+0300,10,Suur-Paala,0,success,"{"total":0,"location_name":"Suur-Paala","location_id":10}"
2026-09-30 04:11:04,+0300,1,Hipodroom,0,success,"{"total":0,"location_name":"Hipodroom (CLOSED)","location_id":1}"
2026-09-30 04:13:05,+0300,3,T1,0,success,"{"total":0,"location_name":"T1 Shopping Mall","location_id":3}"
2026-09-30 04:13:05,+0300,9,Mustika,0,success,"{"total":0,"location_name":"Mustika","location_id":9}"
2026-09-30 04:13:05,+0300,10,Suur-Paala,0,success,"{"total":0,"location_name":"Suur-Paala","location_id":10}"
2026-09-30 04:13:05,+0300,1,Hipodroom,0,success,"{"total":0,"location_name":"Hipodroom (CLOSED)","location_id":1}"
2026-09-30 04:15:06,+0300,3,T1,0,success,"{"total":0,"location_name":"T1 Shopping Mall","location_id":3}"
2026-09-30 04:15:06,+0300,9,Mustika,0,success,"{"total":0,"location_name":"Mustika","location_id":9}"
2026-09-30 04:15:06,+0300,10,Suur-Paala,0,success,"{"total":0,"location_name":"Suur-Paala","location_id":10}"
2026-09-30 04:15:06,+0300,1,Hipodroom,0,success,"{"total":0,"location_name":"Hipodroom (CLOSED)","location_id":1}"
2026-09-30 04:17:06,+0300,3,T1,0,success,"{"total":0,"location_name":"T1 Shopping Mall","location_id":3}"
2026-09-30 04:17:06,+0300,9,Mustika,0,success,"{"total":0,"location_name":"Mustika","location_id":9}"
2026-09-30 04:17:06,+0300,10,Suur-Paala,0,success,"{"total":0,"location_name":"Suur-Paala","location_id":10}"
2026-09-30 04:17:06,+0300,1,Hipodroom,0,success,"{"total":0,"location_name":"Hipodroom (CLOSED)","location_id":1}"
2026-09-30 04:19:07,+0300,3,T1,0,success,"{"total":0,"location_name":"T1 Shopping Mall","location_id":3}"
2026-09-30 04:19:07,+0300,9,Mustika,0,success,"{"total":0,"location_name":"Mustika","location_id":9}"
2026-09-30 04:19:07,+0300,10,Suur-Paala,0,success,"{"total":0,"location_name":"Suur-Paala","location_id":10}"
2026-09-30 04:19:07,+0300,1,Hipodroom,0,success,"{"total":0,"location_name":"Hipodroom (CLOSED)","location_id":1}"
2026-09-30 04:21:08,+0300,3,T1,0,success,"{"total":0,"location_name":"T1 Shopping Mall","location_id":3}"
2026-09-30 04:21:08,+0300,9,Mustika,0,success,"{"total":0,"location_name":"Mustika","location_id":9}"
2026-09-30 04:21:08,+0300,10,Suur-Paala,0,success,"{"total":0,"location_name":"Suur-Paala","location_id":10}"
2026-09-30 04:21:08,+0300,1,Hipodroom,0,success,"{"total":0,"location_name":"Hipodroom (CLOSED)","location_id":1}"
2026-09-30 04:23:09,+0300,3,T1,0,success,"{"total":0,"location_name":"T1 Shopping Mall","location_id":3}"
2026-09-30 04:23:09,+0300,9,Mustika,0,success,"{"total":0,"location_name":"Mustika","location_id":9}"
2026-09-30 04:23:09,+0300,10,Suur-Paala,0,success,"{"total":0,"location_name":"Suur-Paala","location_id":10}"
2026-09-30 04:23:09,+0300,1,Hipodroom,0,success,"{"total":0,"location_name":"Hipodroom (CLOSED)","location_id":1}"
2026-09-30 04:25:09,+0300,3,T1,0,success,"{"total":0,"location_name":"T1 Shopping Mall","location_id":3}"
2026-09-30 04:25:09,+0300,9,Mustika,0,success,"{"total":0,"location_name":"Mustika","location_id":9}"
2026-09-30 04:25:09,+0300,10,Suur-Paala,0,success,"{"total":0,"location_name":"Suur-Paala","location_id":10}"
2026-09-30 04:25:09,+0300,1,Hipodroom,0,success,"{"total":0,"location_name":"Hipodroom (CLOSED)","location_id":1}"
2026-09-30 04:27:10,+0300,3,T1,0,success,"{"total":0,"location_name":"T1 Shopping Mall","location_id":3}"
2026-09-30 04:27:10,+0300,9,Mustika,0,success,"{"total":0,"location_name":"Mustika","location_id":9}"
2026-09-30 04:27:10,+0300,10,Suur-Paala,0,success,"{"total":0,"location_name":"Suur-Paala","location_id":10}"
2026-09-30 04:27:10,+0300,1,Hipodroom,0,success,"{"total":0,"location_name":"Hipodroom (CLOSED)","location_id":1}"
2026-09-30 04:29:11,+0300,3,T1,0,success,"{"total":0,"location_name":"T1 Shopping Mall","location_id":3}"
2026-09-30 04:29:11,+0300,9,Mustika,0,success,"{"total":0,"location_name":"Mustika","location_id":9}"
2026-09-30 04:29:11,+0300,10,Suur-Paala,0,success,"{"total":0,"location_name":"Suur-Paala","location_id":10}"
2026-09-30 04:29:11,+0300,1,Hipodroom,0,success,"{"total":0,"location_name":"Hipodroom (CLOSED)","location_id":1}"
2026-09-30 04:31:11,+0300,3,T1,0,success,"{"total":0,"location_name":"T1 Shopping Mall","location_id":3}"
2026-09-30 04:31:11,+0300,9,Mustika,0,success,"{"total":0,"location_name":"Mustika","location_id":9}"
2026-09-30 04:31:11,+0300,10,Suur-Paala,0,success,"{"total":0,"location_name":"Suur-Paala","location_id":10}"
2026-09-30 04:31:11,+0300,1,Hipodroom,0,success,"{"total":0,"location_name":"Hipodroom (CLOSED)","location_id":1}"
2026-09-30 04:33:12,+0300,3,T1,0,success,"{"total":0,"location_name":"T1 Shopping Mall","location_id":3}"
2026-09-30 04:33:12,+0300,9,Mustika,0,success,"{"total":0,"location_name":"Mustika","location_id":9}"
2026-09-30 04:33:12,+0300,10,Suur-Paala,0,success,"{"total":0,"location_name":"Suur-Paala","location_id":10}"
2026-09-30 04:33:12,+0300,1,Hipodroom,0,success,"{"total":0,"location_name":"Hipodroom (CLOSED)","location_id":1}"
2026-09-30 04:35:13,+0300,3,T1,0,success,"{"total":0,"location_name":"T1 Shopping Mall","location_id":3}"
2026-09-30 04:35:13,+0300,9,Mustika,0,success,"{"total":0,"location_name":"Mustika","location_id":9}"
2026-09-30 04:35:13,+0300,10,Suur-Paala,0,success,"{"total":0,"location_name":"Suur-Paala","location_id":10}"
2026-09-30 04:35:13,+0300,1,Hipodroom,0,success,"{"total":0,"location_name":"Hipodroom (CLOSED)","location_id":1}"
2026-09-30 04:37:14,+0300,3,T1,0,success,"{"total":0,"location_name":"T1 Shopping Mall","location_id":3}"
2026-09-30 04:37:14,+0300,9,Mustika,0,success,"{"total":0,"location_name":"Mustika","location_id":9}"
2026-09-30 04:37:14,+0300,10,Suur-Paala,0,success,"{"total":0,"location_name":"Suur-Paala","location_id":10}"
2026-09-30 04:37:14,+0300,1,Hipodroom,0,success,"{"total":0,"location_name":"Hipodroom (CLOSED)","location_id":1}"
2026-09-30 04:39:14,+0300,3,T1,0,success,"{"total":0,"location_name":"T1 Shopping Mall","location_id":3}"
2026-09-30 04:39:14,+0300,9,Mustika,0,success,"{"total":0,"location_name":"Mustika","location_id":9}"
2026-09-30 04:39:14,+0300,10,Suur-Paala,0,success,"{"total":0,"location_name":"Suur-Paala","location_id":10}"
2026-09-30 04:39:14,+0300,1,Hipodroom,0,success,"{"total":0,"location_name":"Hipodroom (CLOSED)","location_id":1}"
2026-09-30 04:41:15,+0300,3,T1,0,success,"{"total":0,"location_name":"T1 Shopping Mall","location_id":3}"
2026-09-30 04:41:15,+0300,9,Mustika,0,success,"{"total":0,"location_name":"Mustika","location_id":9}"
2026-09-30 04:41:15,+0300,10,Suur-Paala,0,success,"{"total":0,"location_name":"Suur-Paala","location_id":10}"
2026-09-30 04:41:15,+0300,1,Hipodroom,0,success,"{"total":0,"location_name":"Hipodroom (CLOSED)","location_id":1}"
2026-09-30 04:43:16,+0300,3,T1,0,success,"{"total":0,"location_name":"T1 Shopping Mall","location_id":3}"
2026-09-30 04:43:16,+0300,9,Mustika,0,success,"{"total":0,"location_name":"Mustika","location_id":9}"
2026-09-30 04:43:16,+0300,10,Suur-Paala,0,success,"{"total":0,"location_name":"Suur-Paala","location_id":10}"
2026-09-30 04:43:16,+0300,1,Hipodroom,0,success,"{"total":0,"location_name":"Hipodroom (CLOSED)","location_id":1}"
2026-09-30 04:45:17,+0300,3,T1,0,success,"{"total":0,"location_name":"T1 Shopping Mall","location_id":3}"
2026-09-30 04:45:17,+0300,9,Mustika,0,success,"{"total":0,"location_name":"Mustika","location_id":9}"
2026-09-30 04:45:17,+0300,10,Suur-Paala,0,success,"{"total":0,"location_name":"Suur-Paala","location_id":10}"
2026-09-30 04:45:17,+0300,1,Hipodroom,0,success,"{"total":0,"location_name":"Hipodroom (CLOSED)","location_id":1}"
2026-09-30 04:47:17,+0300,3,T1,0,success,"{"total":0,"location_name":"T1 Shopping Mall","location_id":3}"
2026-09-30 04:47:17,+0300,9,Mustika,0,success,"{"total":0,"location_name":"Mustika","location_id":9}"
2026-09-30 04:47:17,+0300,10,Suur-Paala,0,success,"{"total":0,"location_name":"Suur-Paala","location_id":10}"
2026-09-30 04:47:17,+0300,1,Hipodroom,0,success,"{"total":0,"location_name":"Hipodroom (CLOSED)","location_id":1}"
2026-09-30 04:49:18,+0300,3,T1,0,success,"{"total":0,"location_name":"T1 Shopping Mall","location_id":3}"
2026-09-30 04:49:18,+0300,9,Mustika,0,success,"{"total":0,"location_name":"Mustika","location_id":9}"
2026-09-30 04:49:18,+0300,10,Suur-Paala,0,success,"{"total":0,"location_name":"Suur-Paala","location_id":10}"
2026-09-30 04:49:18,+0300,1,Hipodroom,0,success,"{"total":0,"location_name":"Hipodroom (CLOSED)","location_id":1}"
2026-09-30 04:51:19,+0300,3,T1,0,success,"{"total":0,"location_name":"T1 Shopping Mall","location_id":3}"
2026-09-30 04:51:19,+0300,9,Mustika,0,success,"{"total":0,"location_name":"Mustika","location_id":9}"
2026-09-30 04:51:19,+0300,10,Suur-Paala,0,success,"{"total":0,"location_name":"Suur-Paala","location_id":10}"
2026-09-30 04:51:19,+0300,1,Hipodroom,0,success,"{"total":0,"location_name":"Hipodroom (CLOSED)","location_id":1}"
2026-09-30 04:53:19,+0300,3,T1,0,success,"{"total":0,"location_name":"T1 Shopping Mall","location_id":3}"
2026-09-30 04:53:19,+0300,9,Mustika,0,success,"{"total":0,"location_name":"Mustika","location_id":9}"
2026-09-30 04:53:19,+0300,10,Suur-Paala,0,success,"{"total":0,"location_name":"Suur-Paala","location_id":10}"
2026-09-30 04:53:19,+0300,1,Hipodroom,0,success,"{"total":0,"location_name":"Hipodroom (CLOSED)","location_id":1}"
2026-09-30 04:55:20,+0300,3,T1,0,success,"{"total":0,"location_name":"T1 Shopping Mall","location_id":3}"
2026-09-30 04:55:20,+0300,9,Mustika,0,success,"{"total":0,"location_name":"Mustika","location_id":9}"
2026-09-30 04:55:20,+0300,10,Suur-Paala,0,success,"{"total":0,"location_name":"Suur-Paala","location_id":10}"
2026-09-30 04:55:20,+0300,1,Hipodroom,0,success,"{"total":0,"location_name":"Hipodroom (CLOSED)","location_id":1}"
2026-09-30 04:57:21,+0300,3,T1,0,success,"{"total":0,"location_name":"T1 Shopping Mall","location_id":3}"
2026-09-30 04:57:21,+0300,9,Mustika,0,success,"{"total":0,"location_name":"Mustika","location_id":9}"
2026-09-30 04:57:21,+0300,10,Suur-Paala,0,success,"{"total":0,"location_name":"Suur-Paala","location_id":10}"
2026-09-30 04:57:21,+0300,1,Hipodroom,0,success,"{"total":0,"location_name":"Hipodroom (CLOSED)","location_id":1}"
2026-09-30 04:59:22,+0300,3,T1,0,success,"{"total":0,"location_name":"T1 Shopping Mall","location_id":3}"
2026-09-30 04:59:22,+0300,9,Mustika,0,success,"{"total":0,"location_name":"Mustika","location_id":9}"
2026-09-30 04:59:22,+0300,10,Suur-Paala,0,success,"{"total":0,"location_name":"Suur-Paala","location_id":10}"
2026-09-30 04:59:22,+0300,1,Hipodroom,0,success,"{"total":0,"location_name":"Hipodroom (CLOSED)","location_id":1}"
2026-09-30 05:01:22,+0300,3,T1,0,success,"{"total":0,"location_name":"T1 Shopping Mall","location_id":3}"
2026-09-30 05:01:22,+0300,9,Mustika,0,success,"{"total":0,"location_name":"Mustika","location_id":9}"
2026-09-30 05:01:22,+0300,10,Suur-Paala,0,success,"{"total":0,"location_name":"Suur-Paala","location_id":10}"
2026-09-30 05:01:22,+0300,1,Hipodroom,0,success,"{"total":0,"location_name":"Hipodroom (CLOSED)","location_id":1}"
2026-09-30 05:03:23,+0300,3,T1,0,success,"{"total":0,"location_name":"T1 Shopping Mall","location_id":3}"
2026-09-30 05:03:23,+0300,9,Mustika,0,success,"{"total":0,"location_name":"Mustika","location_id":9}"
2026-09-30 05:03:23,+0300,10,Suur-Paala,0,success,"{"total":0,"location_name":"Suur-Paala","location_id":10}"
2026-09-30 05:03:23,+0300,1,Hipodroom,0,success,"{"total":0,"location_name":"Hipodroom (CLOSED)","location_id":1}"
2026-09-30 05:05:24,+0300,3,T1,0,success,"{"total":0,"location_name":"T1 Shopping Mall","location_id":3}"
2026-09-30 05:05:24,+0300,9,Mustika,0,success,"{"total":0,"location_name":"Mustika","location_id":9}"
2026-09-30 05:05:24,+0300,10,Suur-Paala,0,success,"{"total":0,"location_name":"Suur-Paala","location_id":10}"
2026-09-30 05:05:24,+0300,1,Hipodroom,0,success,"{"total":0,"location_name":"Hipodroom (CLOSED)","location_id":1}"
2026-09-30 05:07:25,+0300,3,T1,0,success,"{"total":0,"location_name":"T1 Shopping Mall","location_id":3}"
2026-09-30 05:07:25,+0300,9,Mustika,0,success,"{"total":0,"location_name":"Mustika","location_id":9}"
2026-09-30 05:07:25,+0300,10,Suur-Paala,0,success,"{"total":0,"location_name":"Suur-Paala","location_id":10}"
2026-09-30 05:07:25,+0300,1,Hipodroom,0,success,"{"total":0,"location_name":"Hipodroom (CLOSED)","location_id":1}"
2026-09-30 05:09:25,+0300,3,T1,0,success,"{"total":0,"location_name":"T1 Shopping Mall","location_id":3}"
2026-09-30 05:09:25,+0300,9,Mustika,0,success,"{"total":0,"location_name":"Mustika","location_id":9}"
2026-09-30 05:09:25,+0300,10,Suur-Paala,0,success,"{"total":0,"location_name":"Suur-Paala","location_id":10}"
2026-09-30 05:09:25,+0300,1,Hipodroom,0,success,"{"total":0,"location_name":"Hipodroom (CLOSED)","location_id":1}"
2026-09-30 05:11:26,+0300,3,T1,0,success,"{"total":0,"location_name":"T1 Shopping Mall","location_id":3}"
2026-09-30 05:11:26,+0300,9,Mustika,0,success,"{"total":0,"location_name":"Mustika","location_id":9}"
2026-09-30 05:11:26,+0300,10,Suur-Paala,0,success,"{"total":0,"location_name":"Suur-Paala","location_id":10}"
2026-09-30 05:11:26,+0300,1,Hipodroom,0,success,"{"total":0,"location_name":"Hipodroom (CLOSED)","location_id":1}"
2026-09-30 05:13:27,+0300,3,T1,0,success,"{"total":0,"location_name":"T1 Shopping Mall","location_id":3}"
2026-09-30 05:13:27,+0300,9,Mustika,0,success,"{"total":0,"location_name":"Mustika","location_id":9}"
2026-09-30 05:13:27,+0300,10,Suur-Paala,0,success,"{"total":0,"location_name":"Suur-Paala","location_id":10}"
2026-09-30 05:13:27,+0300,1,Hipodroom,0,success,"{"total":0,"location_name":"Hipodroom (CLOSED)","location_id":1}"
2026-09-30 05:15:28,+0300,3,T1,0,success,"{"total":0,"location_name":"T1 Shopping Mall","location_id":3}"
2026-09-30 05:15:28,+0300,9,Mustika,0,success,"{"total":0,"location_name":"Mustika","location_id":9}"
2026-09-30 05:15:28,+0300,10,Suur-Paala,0,success,"{"total":0,"location_name":"Suur-Paala","location_id":10}"
2026-09-30 05:15:28,+0300,1,Hipodroom,0,success,"{"total":0,"location_name":"Hipodroom (CLOSED)","location_id":1}"
2026-09-30 05:17:28,+0300,3,T1,0,success,"{"total":0,"location_name":"T1 Shopping Mall","location_id":3}"
2026-09-30 05:17:28,+0300,9,Mustika,0,success,"{"total":0,"location_name":"Mustika","location_id":9}"
2026-09-30 05:17:28,+0300,10,Suur-Paala,0,success,"{"total":0,"location_name":"Suur-Paala","location_id":10}"
2026-09-30 05:17:28,+0300,1,Hipodroom,0,success,"{"total":0,"location_name":"Hipodroom (CLOSED)","location_id":1}"
2026-09-30 05:19:29,+0300,3,T1,0,success,"{"total":0,"location_name":"T1 Shopping Mall","location_id":3}"
2026-09-30 05:19:29,+0300,9,Mustika,0,success,"{"total":0,"location_name":"Mustika","location_id":9}"
2026-09-30 05:19:29,+0300,10,Suur-Paala,0,success,"{"total":0,"location_name":"Suur-Paala","location_id":10}"
2026-09-30 05:19:29,+0300,1,Hipodroom,0,success,"{"total":0,"location_name":"Hipodroom (CLOSED)","location_id":1}"
2026-09-30 05:21:30,+0300,3,T1,0,success,"{"total":0,"location_name":"T1 Shopping Mall","location_id":3}"
2026-09-30 05:21:30,+0300,9,Mustika,0,success,"{"total":0,"location_name":"Mustika","location_id":9}"
2026-09-30 05:21:30,+0300,10,Suur-Paala,0,success,"{"total":0,"location_name":"Suur-Paala","location_id":10}"
2026-09-30 05:21:30,+0300,1,Hipodroom,0,success,"{"total":0,"location_name":"Hipodroom (CLOSED)","location_id":1}"
2026-09-30 05:23:30,+0300,3,T1,0,success,"{"total":0,"location_name":"T1 Shopping Mall","location_id":3}"
2026-09-30 05:23:30,+0300,9,Mustika,0,success,"{"total":0,"location_name":"Mustika","location_id":9}"
2026-09-30 05:23:30,+0300,10,Suur-Paala,0,success,"{"total":0,"location_name":"Suur-Paala","location_id":10}"
2026-09-30 05:23:30,+0300,1,Hipodroom,0,success,"{"total":0,"location_name":"Hipodroom (CLOSED)","location_id":1}"
2026-09-30 05:25:31,+0300,3,T1,0,success,"{"total":0,"location_name":"T1 Shopping Mall","location_id":3}"
2026-09-30 05:25:31,+0300,9,Mustika,0,success,"{"total":0,"location_name":"Mustika","location_id":9}"
2026-09-30 05:25:31,+0300,10,Suur-Paala,0,success,"{"total":0,"location_name":"Suur-Paala","location_id":10}"
2026-09-30 05:25:31,+0300,1,Hipodroom,0,success,"{"total":0,"location_name":"Hipodroom (CLOSED)","location_id":1}"
2026-09-30 05:27:32,+0300,3,T1,0,success,"{"total":0,"location_name":"T1 Shopping Mall","location_id":3}"
2026-09-30 05:27:32,+0300,9,Mustika,0,success,"{"total":0,"location_name":"Mustika","location_id":9}"
2026-09-30 05:27:32,+0300,10,Suur-Paala,0,success,"{"total":0,"location_name":"Suur-Paala","location_id":10}"
2026-09-30 05:27:32,+0300,1,Hipodroom,0,success,"{"total":0,"location_name":"Hipodroom (CLOSED)","location_id":1}"
2026-09-30 05:29:33,+0300,3,T1,0,success,"{"total":0,"location_name":"T1 Shopping Mall","location_id":3}"
2026-09-30 05:29:33,+0300,9,Mustika,0,success,"{"total":0,"location_name":"Mustika","location_id":9}"
2026-09-30 05:29:33,+0300,10,Suur-Paala,0,success,"{"total":0,"location_name":"Suur-Paala","location_id":10}"
2026-09-30 05:29:33,+0300,1,Hipodroom,0,success,"{"total":0,"location_name":"Hipodroom (CLOSED)","location_id":1}"
2026-09-30 05:31:33,+0300,3,T1,0,success,"{"total":0,"location_name":"T1 Shopping Mall","location_id":3}"
2026-09-30 05:31:33,+0300,9,Mustika,0,success,"{"total":0,"location_name":"Mustika","location_id":9}"
2026-09-30 05:31:33,+0300,10,Suur-Paala,0,success,"{"total":0,"location_name":"Suur-Paala","location_id":10}"
2026-09-30 05:31:33,+0300,1,Hipodroom,0,success,"{"total":0,"location_name":"Hipodroom (CLOSED)","location_id":1}"
2026-09-30 05:33:34,+0300,3,T1,0,success,"{"total":0,"location_name":"T1 Shopping Mall","location_id":3}"
2026-09-30 05:33:34,+0300,9,Mustika,0,success,"{"total":0,"location_name":"Mustika","location_id":9}"
2026-09-30 05:33:34,+0300,10,Suur-Paala,0,success,"{"total":0,"location_name":"Suur-Paala","location_id":10}"
2026-09-30 05:33:34,+0300,1,Hipodroom,0,success,"{"total":0,"location_name":"Hipodroom (CLOSED)","location_id":1}"
2026-09-30 05:35:35,+0300,3,T1,0,success,"{"total":0,"location_name":"T1 Shopping Mall","location_id":3}"
2026-09-30 05:35:35,+0300,9,Mustika,0,success,"{"total":0,"location_name":"Mustika","location_id":9}"
2026-09-30 05:35:35,+0300,10,Suur-Paala,0,success,"{"total":0,"location_name":"Suur-Paala","location_id":10}"
2026-09-30 05:35:35,+0300,1,Hipodroom,0,success,"{"total":0,"location_name":"Hipodroom (CLOSED)","location_id":1}"
2026-09-30 05:37:35,+0300,3,T1,0,success,"{"total":0,"location_name":"T1 Shopping Mall","location_id":3}"
2026-09-30 05:37:35,+0300,9,Mustika,0,success,"{"total":0,"location_name":"Mustika","location_id":9}"
2026-09-30 05:37:35,+0300,10,Suur-Paala,0,success,"{"total":0,"location_name":"Suur-Paala","location_id":10}"
2026-09-30 05:37:35,+0300,1,Hipodroom,0,success,"{"total":0,"location_name":"Hipodroom (CLOSED)","location_id":1}"
2026-09-30 05:39:36,+0300,3,T1,0,success,"{"total":0,"location_name":"T1 Shopping Mall","location_id":3}"
2026-09-30 05:39:36,+0300,9,Mustika,0,success,"{"total":0,"location_name":"Mustika","location_id":9}"
2026-09-30 05:39:36,+0300,10,Suur-Paala,0,success,"{"total":0,"location_name":"Suur-Paala","location_id":10}"
2026-09-30 05:39:36,+0300,1,Hipodroom,0,success,"{"total":0,"location_name":"Hipodroom (CLOSED)","location_id":1}"
2026-09-30 05:41:37,+0300,3,T1,0,success,"{"total":0,"location_name":"T1 Shopping Mall","location_id":3}"
2026-09-30 05:41:37,+0300,9,Mustika,0,success,"{"total":0,"location_name":"Mustika","location_id":9}"
2026-09-30 05:41:37,+0300,10,Suur-Paala,0,success,"{"total":0,"location_name":"Suur-Paala","location_id":10}"
2026-09-30 05:41:37,+0300,1,Hipodroom,0,success,"{"total":0,"location_name":"Hipodroom (CLOSED)","location_id":1}"
2026-09-30 05:43:38,+0300,3,T1,0,success,"{"total":0,"location_name":"T1 Shopping Mall","location_id":3}"
2026-09-30 05:43:38,+0300,9,Mustika,0,success,"{"total":0,"location_name":"Mustika","location_id":9}"
2026-09-30 05:43:38,+0300,10,Suur-Paala,0,success,"{"total":0,"location_name":"Suur-Paala","location_id":10}"
2026-09-30 05:43:38,+0300,1,Hipodroom,0,success,"{"total":0,"location_name":"Hipodroom (CLOSED)","location_id":1}"
2026-09-30 05:45:38,+0300,3,T1,0,success,"{"total":0,"location_name":"T1 Shopping Mall","location_id":3}"
2026-09-30 05:45:38,+0300,9,Mustika,0,success,"{"total":0,"location_name":"Mustika","location_id":9}"
2026-09-30 05:45:38,+0300,10,Suur-Paala,0,success,"{"total":0,"location_name":"Suur-Paala","location_id":10}"
2026-09-30 05:45:38,+0300,1,Hipodroom,0,success,"{"total":0,"location_name":"Hipodroom (CLOSED)","location_id":1}"
2026-09-30 05:47:39,+0300,3,T1,0,success,"{"total":0,"location_name":"T1 Shopping Mall","location_id":3}"
2026-09-30 05:47:39,+0300,9,Mustika,0,success,"{"total":0,"location_name":"Mustika","location_id":9}"
2026-09-30 05:47:39,+0300,10,Suur-Paala,0,success,"{"total":0,"location_name":"Suur-Paala","location_id":10}"
2026-09-30 05:47:39,+0300,1,Hipodroom,0,success,"{"total":0,"location_name":"Hipodroom (CLOSED)","location_id":1}"
2026-09-30 05:49:40,+0300,3,T1,0,success,"{"total":0,"location_name":"T1 Shopping Mall","location_id":3}"
2026-09-30 05:49:40,+0300,9,Mustika,0,success,"{"total":0,"location_name":"Mustika","location_id":9}"
2026-09-30 05:49:40,+0300,10,Suur-Paala,0,success,"{"total":0,"location_name":"Suur-Paala","location_id":10}"
2026-09-30 05:49:40,+0300,1,Hipodroom,0,success,"{"total":0,"location_name":"Hipodroom (CLOSED)","location_id":1}"
2026-09-30 05:51:41,+0300,3,T1,0,success,"{"total":0,"location_name":"T1 Shopping Mall","location_id":3}"
2026-09-30 05:51:41,+0300,9,Mustika,0,success,"{"total":0,"location_name":"Mustika","location_id":9}"
2026-09-30 05:51:41,+0300,10,Suur-Paala,0,success,"{"total":0,"location_name":"Suur-Paala","location_id":10}"
2026-09-30 05:51:41,+0300,1,Hipodroom,0,success,"{"total":0,"location_name":"Hipodroom (CLOSED)","location_id":1}"
2026-09-30 05:53:41,+0300,3,T1,0,success,"{"total":0,"location_name":"T1 Shopping Mall","location_id":3}"
2026-09-30 05:53:41,+0300,9,Mustika,0,success,"{"total":0,"location_name":"Mustika","location_id":9}"
2026-09-30 05:53:41,+0300,10,Suur-Paala,0,success,"{"total":0,"location_name":"Suur-Paala","location_id":10}"
2026-09-30 05:53:41,+0300,1,Hipodroom,0,success,"{"total":0,"location_name":"Hipodroom (CLOSED)","location_id":1}"
2026-09-30 05:55:42,+0300,3,T1,0,success,"{"total":0,"location_name":"T1 Shopping Mall","location_id":3}"
2026-09-30 05:55:42,+0300,9,Mustika,0,success,"{"total":0,"location_name":"Mustika","location_id":9}"
2026-09-30 05:55:42,+0300,10,Suur-Paala,0,success,"{"total":0,"location_name":"Suur-Paala","location_id":10}"
2026-09-30 05:55:42,+0300,1,Hipodroom,0,success,"{"total":0,"location_name":"Hipodroom (CLOSED)","location_id":1}"
2026-09-30 05:57:43,+0300,3,T1,0,success,"{"total":0,"location_name":"T1 Shopping Mall","location_id":3}"
2026-09-30 05:57:43,+0300,9,Mustika,0,success,"{"total":0,"location_name":"Mustika","location_id":9}"
2026-09-30 05:57:43,+0300,10,Suur-Paala,0,success,"{"total":0,"location_name":"Suur-Paala","location_id":10}"
2026-09-30 05:57:43,+0300,1,Hipodroom,0,success,"{"total":0,"location_name":"Hipodroom (CLOSED)","location_id":1}"
2026-09-30 05:59:44,+0300,3,T1,0,success,"{"total":0,"location_name":"T1 Shopping Mall","location_id":3}"
2026-09-30 05:59:44,+0300,9,Mustika,0,success,"{"total":0,"location_name":"Mustika","location_id":9}"
2026-09-30 05:59:44,+0300,10,Suur-Paala,0,success,"{"total":0,"location_name":"Suur-Paala","location_id":10}"
2026-09-30 05:59:44,+0300,1,Hipodroom,0,success,"{"total":0,"location_name":"Hipodroom (CLOSED)","location_id":1}"
2026-09-30 06:01:45,+0300,3,T1,0,success,"{"total":0,"location_name":"T1 Shopping Mall","location_id":3}"
2026-09-30 06:01:45,+0300,9,Mustika,0,success,"{"total":0,"location_name":"Mustika","location_id":9}"
2026-09-30 06:01:45,+0300,10,Suur-Paala,0,success,"{"total":0,"location_name":"Suur-Paala","location_id":10}"
2026-09-30 06:01:45,+0300,1,Hipodroom,0,success,"{"total":0,"location_name":"Hipodroom (CLOSED)","location_id":1}"
2026-09-30 06:03:45,+0300,3,T1,0,success,"{"total":0,"location_name":"T1 Shopping Mall","location_id":3}"
2026-09-30 06:03:45,+0300,9,Mustika,0,success,"{"total":0,"location_name":"Mustika","location_id":9}"
2026-09-30 06:03:45,+0300,10,Suur-Paala,0,success,"{"total":0,"location_name":"Suur-Paala","location_id":10}"
2026-09-30 06:03:45,+0300,1,Hipodroom,0,success,"{"total":0,"location_name":"Hipodroom (CLOSED)","location_id":1}"
2026-09-30 06:05:46,+0300,3,T1,0,success,"{"total":0,"location_name":"T1 Shopping Mall","location_id":3}"
2026-09-30 06:05:46,+0300,9,Mustika,0,success,"{"total":0,"location_name":"Mustika","location_id":9}"
2026-09-30 06:05:46,+0300,10,Suur-Paala,0,success,"{"total":0,"location_name":"Suur-Paala","location_id":10}"
2026-09-30 06:05:46,+0300,1,Hipodroom,0,success,"{"total":0,"location_name":"Hipodroom (CLOSED)","location_id":1}"
2026-09-30 06:07:47,+0300,3,T1,0,success,"{"total":0,"location_name":"T1 Shopping Mall","location_id":3}"
2026-09-30 06:07:47,+0300,9,Mustika,0,success,"{"total":0,"location_name":"Mustika","location_id":9}"
2026-09-30 06:07:47,+0300,10,Suur-Paala,0,success,"{"total":0,"location_name":"Suur-Paala","location_id":10}"
2026-09-30 06:07:47,+0300,1,Hipodroom,0,success,"{"total":0,"location_name":"Hipodroom (CLOSED)","location_id":1}"
2026-09-30 06:09:48,+0300,3,T1,0,success,"{"total":0,"location_name":"T1 Shopping Mall","location_id":3}"
2026-09-30 06:09:48,+0300,9,Mustika,0,success,"{"total":0,"location_name":"Mustika","location_id":9}"
2026-09-30 06:09:48,+0300,10,Suur-Paala,0,success,"{"total":0,"location_name":"Suur-Paala","location_id":10}"
2026-09-30 06:09:48,+0300,1,Hipodroom,0,success,"{"total":0,"location_name":"Hipodroom (CLOSED)","location_id":1}"
2026-09-30 06:11:48,+0300,3,T1,0,success,"{"total":0,"location_name":"T1 Shopping Mall","location_id":3}"
2026-09-30 06:11:48,+0300,9,Mustika,0,success,"{"total":0,"location_name":"Mustika","location_id":9}"
2026-09-30 06:11:48,+0300,10,Suur-Paala,0,success,"{"total":0,"location_name":"Suur-Paala","location_id":10}"
2026-09-30 06:11:48,+0300,1,Hipodroom,0,success,"{"total":0,"location_name":"Hipodroom (CLOSED)","location_id":1}"
2026-09-30 06:13:49,+0300,3,T1,0,success,"{"total":0,"location_name":"T1 Shopping Mall","location_id":3}"
2026-09-30 06:13:49,+0300,9,Mustika,0,success,"{"total":0,"location_name":"Mustika","location_id":9}"
2026-09-30 06:13:49,+0300,10,Suur-Paala,0,success,"{"total":0,"location_name":"Suur-Paala","location_id":10}"
2026-09-30 06:13:49,+0300,1,Hipodroom,0,success,"{"total":0,"location_name":"Hipodroom (CLOSED)","location_id":1}"
2026-09-30 06:15:50,+0300,3,T1,0,success,"{"total":0,"location_name":"T1 Shopping Mall","location_id":3}"
2026-09-30 06:15:50,+0300,9,Mustika,0,success,"{"total":0,"location_name":"Mustika","location_id":9}"
2026-09-30 06:15:50,+0300,10,Suur-Paala,0,success,"{"total":0,"location_name":"Suur-Paala","location_id":10}"
2026-09-30 06:15:50,+0300,1,Hipodroom,0,success,"{"total":0,"location_name":"Hipodroom (CLOSED)","location_id":1}"
2026-09-30 06:17:50,+0300,3,T1,0,success,"{"total":0,"location_name":"T1 Shopping Mall","location_id":3}"
2026-09-30 06:17:50,+0300,9,Mustika,0,success,"{"total":0,"location_name":"Mustika","location_id":9}"
2026-09-30 06:17:50,+0300,10,Suur-Paala,0,success,"{"total":0,"location_name":"Suur-Paala","location_id":10}"
2026-09-30 06:17:50,+0300,1,Hipodroom,0,success,"{"total":0,"location_name":"Hipodroom (CLOSED)","location_id":1}"
2026-09-30 06:19:51,+0300,3,T1,0,success,"{"total":0,"location_name":"T1 Shopping Mall","location_id":3}"
2026-09-30 06:19:51,+0300,9,Mustika,0,success,"{"total":0,"location_name":"Mustika","location_id":9}"
2026-09-30 06:19:51,+0300,10,Suur-Paala,0,success,"{"total":0,"location_name":"Suur-Paala","location_id":10}"
2026-09-30 06:19:51,+0300,1,Hipodroom,0,success,"{"total":0,"location_name":"Hipodroom (CLOSED)","location_id":1}"
2026-09-30 06:21:52,+0300,3,T1,0,success,"{"total":0,"location_name":"T1 Shopping Mall","location_id":3}"
2026-09-30 06:21:52,+0300,9,Mustika,0,success,"{"total":0,"location_name":"Mustika","location_id":9}"
2026-09-30 06:21:52,+0300,10,Suur-Paala,0,success,"{"total":0,"location_name":"Suur-Paala","location_id":10}"
2026-09-30 06:21:52,+0300,1,Hipodroom,0,success,"{"total":0,"location_name":"Hipodroom (CLOSED)","location_id":1}"
2026-09-30 06:23:53,+0300,3,T1,0,success,"{"total":0,"location_name":"T1 Shopping Mall","location_id":3}"
2026-09-30 06:23:53,+0300,9,Mustika,0,success,"{"total":0,"location_name":"Mustika","location_id":9}"
2026-09-30 06:23:53,+0300,10,Suur-Paala,0,success,"{"total":0,"location_name":"Suur-Paala","location_id":10}"
2026-09-30 06:23:53,+0300,1,Hipodroom,0,success,"{"total":0,"location_name":"Hipodroom (CLOSED)","location_id":1}"
2026-09-30 06:25:53,+0300,3,T1,0,success,"{"total":0,"location_name":"T1 Shopping Mall","location_id":3}"
2026-09-30 06:25:53,+0300,9,Mustika,0,success,"{"total":0,"location_name":"Mustika","location_id":9}"
2026-09-30 06:25:53,+0300,10,Suur-Paala,0,success,"{"total":0,"location_name":"Suur-Paala","location_id":10}"
2026-09-30 06:25:53,+0300,1,Hipodroom,0,success,"{"total":0,"location_name":"Hipodroom (CLOSED)","location_id":1}"
2026-09-30 06:27:54,+0300,3,T1,0,success,"{"total":0,"location_name":"T1 Shopping Mall","location_id":3}"
2026-09-30 06:27:54,+0300,9,Mustika,0,success,"{"total":0,"location_name":"Mustika","location_id":9}"
2026-09-30 06:27:54,+0300,10,Suur-Paala,0,success,"{"total":0,"location_name":"Suur-Paala","location_id":10}"
2026-09-30 06:27:54,+0300,1,Hipodroom,0,success,"{"total":0,"location_name":"Hipodroom (CLOSED)","location_id":1}"
2026-09-30 06:29:55,+0300,3,T1,0,success,"{"total":0,"location_name":"T1 Shopping Mall","location_id":3}"
2026-09-30 06:29:55,+0300,9,Mustika,0,success,"{"total":0,"location_name":"Mustika","location_id":9}"
2026-09-30 06:29:55,+0300,10,Suur-Paala,0,success,"{"total":0,"location_name":"Suur-Paala","location_id":10}"
2026-09-30 06:29:55,+0300,1,Hipodroom,0,success,"{"total":0,"location_name":"Hipodroom (CLOSED)","location_id":1}"
2026-09-30 06:31:55,+0300,3,T1,0,success,"{"total":0,"location_name":"T1 Shopping Mall","location_id":3}"
2026-09-30 06:31:55,+0300,9,Mustika,0,success,"{"total":0,"location_name":"Mustika","location_id":9}"
2026-09-30 06:31:55,+0300,10,Suur-Paala,0,success,"{"total":0,"location_name":"Suur-Paala","location_id":10}"
2026-09-30 06:31:55,+0300,1,Hipodroom,0,success,"{"total":0,"location_name":"Hipodroom (CLOSED)","location_id":1}"
2026-09-30 06:33:56,+0300,3,T1,0,success,"{"total":0,"location_name":"T1 Shopping Mall","location_id":3}"
2026-09-30 06:33:56,+0300,9,Mustika,0,success,"{"total":0,"location_name":"Mustika","location_id":9}"
2026-09-30 06:33:56,+0300,10,Suur-Paala,0,success,"{"total":0,"location_name":"Suur-Paala","location_id":10}"
2026-09-30 06:33:56,+0300,1,Hipodroom,0,success,"{"total":0,"location_name":"Hipodroom (CLOSED)","location_id":1}"
2026-09-30 06:35:57,+0300,3,T1,0,success,"{"total":0,"location_name":"T1 Shopping Mall","location_id":3}"
2026-09-30 06:35:57,+0300,9,Mustika,0,success,"{"total":0,"location_name":"Mustika","location_id":9}"
2026-09-30 06:35:57,+0300,10,Suur-Paala,0,success,"{"total":0,"location_name":"Suur-Paala","location_id":10}"
2026-09-30 06:35:57,+0300,1,Hipodroom,0,success,"{"total":0,"location_name":"Hipodroom (CLOSED)","location_id":1}"
2026-09-30 06:37:58,+0300,3,T1,0,success,"{"total":0,"location_name":"T1 Shopping Mall","location_id":3}"
2026-09-30 06:37:58,+0300,9,Mustika,0,success,"{"total":0,"location_name":"Mustika","location_id":9}"
2026-09-30 06:37:58,+0300,10,Suur-Paala,0,success,"{"total":0,"location_name":"Suur-Paala","location_id":10}"
2026-09-30 06:37:58,+0300,1,Hipodroom,0,success,"{"total":0,"location_name":"Hipodroom (CLOSED)","location_id":1}"
2026-09-30 06:39:59,+0300,3,T1,0,success,"{"total":0,"location_name":"T1 Shopping Mall","location_id":3}"
2026-09-30 06:39:59,+0300,9,Mustika,0,success,"{"total":0,"location_name":"Mustika","location_id":9}"
2026-09-30 06:39:59,+0300,10,Suur-Paala,0,success,"{"total":0,"location_name":"Suur-Paala","location_id":10}"
2026-09-30 06:39:59,+0300,1,Hipodroom,0,success,"{"total":0,"location_name":"Hipodroom (CLOSED)","location_id":1}"
2026-09-30 06:41:59,+0300,3,T1,0,success,"{"total":0,"location_name":"T1 Shopping Mall","location_id":3}"
2026-09-30 06:41:59,+0300,9,Mustika,0,success,"{"total":0,"location_name":"Mustika","location_id":9}"
2026-09-30 06:41:59,+0300,10,Suur-Paala,0,success,"{"total":0,"location_name":"Suur-Paala","location_id":10}"
2026-09-30 06:41:59,+0300,1,Hipodroom,0,success,"{"total":0,"location_name":"Hipodroom (CLOSED)","location_id":1}"
2026-09-30 06:44:00,+0300,3,T1,0,success,"{"total":0,"location_name":"T1 Shopping Mall","location_id":3}"
2026-09-30 06:44:00,+0300,9,Mustika,0,success,"{"total":0,"location_name":"Mustika","location_id":9}"
2026-09-30 06:44:00,+0300,10,Suur-Paala,0,success,"{"total":0,"location_name":"Suur-Paala","location_id":10}"
2026-09-30 06:44:00,+0300,1,Hipodroom,0,success,"{"total":0,"location_name":"Hipodroom (CLOSED)","location_id":1}"
2026-09-30 06:46:01,+0300,3,T1,0,success,"{"total":0,"location_name":"T1 Shopping Mall","location_id":3}"
2026-09-30 06:46:01,+0300,9,Mustika,0,success,"{"total":0,"location_name":"Mustika","location_id":9}"
2026-09-30 06:46:01,+0300,10,Suur-Paala,0,success,"{"total":0,"location_name":"Suur-Paala","location_id":10}"
2026-09-30 06:46:01,+0300,1,Hipodroom,0,success,"{"total":0,"location_name":"Hipodroom (CLOSED)","location_id":1}"
2026-09-30 06:48:01,+0300,3,T1,0,success,"{"total":0,"location_name":"T1 Shopping Mall","location_id":3}"
2026-09-30 06:48:01,+0300,9,Mustika,0,success,"{"total":0,"location_name":"Mustika","location_id":9}"
2026-09-30 06:48:01,+0300,10,Suur-Paala,0,success,"{"total":0,"location_name":"Suur-Paala","location_id":10}"
2026-09-30 06:48:01,+0300,1,Hipodroom,0,success,"{"total":0,"location_name":"Hipodroom (CLOSED)","location_id":1}"
2026-09-30 06:50:02,+0300,3,T1,0,success,"{"total":0,"location_name":"T1 Shopping Mall","location_id":3}"
2026-09-30 06:50:02,+0300,9,Mustika,0,success,"{"total":0,"location_name":"Mustika","location_id":9}"
2026-09-30 06:50:02,+0300,10,Suur-Paala,0,success,"{"total":0,"location_name":"Suur-Paala","location_id":10}"
2026-09-30 06:50:02,+0300,1,Hipodroom,0,success,"{"total":0,"location_name":"Hipodroom (CLOSED)","location_id":1}"
2026-09-30 06:52:03,+0300,3,T1,0,success,"{"total":0,"location_name":"T1 Shopping Mall","location_id":3}"
2026-09-30 06:52:03,+0300,9,Mustika,0,success,"{"total":0,"location_name":"Mustika","location_id":9}"
2026-09-30 06:52:03,+0300,10,Suur-Paala,0,success,"{"total":0,"location_name":"Suur-Paala","location_id":10}"
2026-09-30 06:52:03,+0300,1,Hipodroom,0,success,"{"total":0,"location_name":"Hipodroom (CLOSED)","location_id":1}"
2026-09-30 06:54:04,+0300,3,T1,0,success,"{"total":0,"location_name":"T1 Shopping Mall","location_id":3}"
2026-09-30 06:54:04,+0300,9,Mustika,0,success,"{"total":0,"location_name":"Mustika","location_id":9}"
2026-09-30 06:54:04,+0300,10,Suur-Paala,0,success,"{"total":0,"location_name":"Suur-Paala","location_id":10}"
2026-09-30 06:54:04,+0300,1,Hipodroom,0,success,"{"total":0,"location_name":"Hipodroom (CLOSED)","location_id":1}"
2026-09-30 06:56:04,+0300,3,T1,0,success,"{"total":0,"location_name":"T1 Shopping Mall","location_id":3}"
2026-09-30 06:56:04,+0300,9,Mustika,0,success,"{"total":0,"location_name":"Mustika","location_id":9}"
2026-09-30 06:56:04,+0300,10,Suur-Paala,0,success,"{"total":0,"location_name":"Suur-Paala","location_id":10}"
2026-09-30 06:56:04,+0300,1,Hipodroom,0,success,"{"total":0,"location_name":"Hipodroom (CLOSED)","location_id":1}"
2026-09-30 06:58:05,+0300,3,T1,0,success,"{"total":0,"location_name":"T1 Shopping Mall","location_id":3}"
2026-09-30 06:58:05,+0300,9,Mustika,0,success,"{"total":0,"location_name":"Mustika","location_id":9}"
2026-09-30 06:58:05,+0300,10,Suur-Paala,0,success,"{"total":0,"location_name":"Suur-Paala","location_id":10}"
2026-09-30 06:58:05,+0300,1,Hipodroom,0,success,"{"total":0,"location_name":"Hipodroom (CLOSED)","location_id":1}"
2026-09-30 07:00:06,+0300,3,T1,0,success,"{"total":0,"location_name":"T1 Shopping Mall","location_id":3}"
2026-09-30 07:00:06,+0300,9,Mustika,0,success,"{"total":0,"location_name":"Mustika","location_id":9}"
2026-09-30 07:00:06,+0300,10,Suur-Paala,0,success,"{"total":0,"location_name":"Suur-Paala","location_id":10}"
2026-09-30 07:00:06,+0300,1,Hipodroom,0,success,"{"total":0,"location_name":"Hipodroom (CLOSED)","location_id":1}"
2026-09-30 07:02:07,+0300,3,T1,0,success,"{"total":0,"location_name":"T1 Shopping Mall","location_id":3}"
2026-09-30 07:02:07,+0300,9,Mustika,0,success,"{"total":0,"location_name":"Mustika","location_id":9}"
2026-09-30 07:02:07,+0300,10,Suur-Paala,0,success,"{"total":0,"location_name":"Suur-Paala","location_id":10}"
2026-09-30 07:02:07,+0300,1,Hipodroom,0,success,"{"total":0,"location_name":"Hipodroom (CLOSED)","location_id":1}"
2026-09-30 07:04:07,+0300,3,T1,0,success,"{"total":0,"location_name":"T1 Shopping Mall","location_id":3}"
2026-09-30 07:04:07,+0300,9,Mustika,0,success,"{"total":0,"location_name":"Mustika","location_id":9}"
2026-09-30 07:04:07,+0300,10,Suur-Paala,0,success,"{"total":0,"location_name":"Suur-Paala","location_id":10}"
2026-09-30 07:04:07,+0300,1,Hipodroom,0,success,"{"total":0,"location_name":"Hipodroom (CLOSED)","location_id":1}"
2026-09-30 07:06:08,+0300,3,T1,0,success,"{"total":0,"location_name":"T1 Shopping Mall","location_id":3}"
2026-09-30 07:06:08,+0300,9,Mustika,0,success,"{"total":0,"location_name":"Mustika","location_id":9}"
2026-09-30 07:06:08,+0300,10,Suur-Paala,0,success,"{"total":0,"location_name":"Suur-Paala","location_id":10}"
2026-09-30 07:06:08,+0300,1,Hipodroom,0,success,"{"total":0,"location_name":"Hipodroom (CLOSED)","location_id":1}"
2026-09-30 07:08:09,+0300,3,T1,0,success,"{"total":0,"location_name":"T1 Shopping Mall","location_id":3}"
2026-09-30 07:08:09,+0300,9,Mustika,0,success,"{"total":0,"location_name":"Mustika","location_id":9}"
2026-09-30 07:08:09,+0300,10,Suur-Paala,0,success,"{"total":0,"location_name":"Suur-Paala","location_id":10}"
2026-09-30 07:08:09,+0300,1,Hipodroom,0,success,"{"total":0,"location_name":"Hipodroom (CLOSED)","location_id":1}"
2026-09-30 07:10:09,+0300,3,T1,0,success,"{"total":0,"location_name":"T1 Shopping Mall","location_id":3}"
2026-09-30 07:10:09,+0300,9,Mustika,0,success,"{"total":0,"location_name":"Mustika","location_id":9}"
2026-09-30 07:10:09,+0300,10,Suur-Paala,0,success,"{"total":0,"location_name":"Suur-Paala","location_id":10}"
2026-09-30 07:10:09,+0300,1,Hipodroom,0,success,"{"total":0,"location_name":"Hipodroom (CLOSED)","location_id":1}"
2026-09-30 07:12:10,+0300,3,T1,0,success,"{"total":0,"location_name":"T1 Shopping Mall","location_id":3}"
2026-09-30 07:12:10,+0300,9,Mustika,0,success,"{"total":0,"location_name":"Mustika","location_id":9}"
2026-09-30 07:12:10,+0300,10,Suur-Paala,0,success,"{"total":0,"location_name":"Suur-Paala","location_id":10}"
2026-09-30 07:12:10,+0300,1,Hipodroom,0,success,"{"total":0,"location_name":"Hipodroom (CLOSED)","location_id":1}"
2026-09-30 07:14:11,+0300,3,T1,0,success,"{"total":0,"location_name":"T1 Shopping Mall","location_id":3}"
2026-09-30 07:14:11,+0300,9,Mustika,0,success,"{"total":0,"location_name":"Mustika","location_id":9}"
2026-09-30 07:14:11,+0300,10,Suur-Paala,0,success,"{"total":0,"location_name":"Suur-Paala","location_id":10}"
2026-09-30 07:14:11,+0300,1,Hipodroom,0,success,"{"total":0,"location_name":"Hipodroom (CLOSED)","location_id":1}"
2026-09-30 07:16:11,+0300,3,T1,0,success,"{"total":0,"location_name":"T1 Shopping Mall","location_id":3}"
2026-09-30 07:16:11,+0300,9,Mustika,0,success,"{"total":0,"location_name":"Mustika","location_id":9}"
2026-09-30 07:16:11,+0300,10,Suur-Paala,0,success,"{"total":0,"location_name":"Suur-Paala","location_id":10}"
2026-09-30 07:16:11,+0300,1,Hipodroom,0,success,"{"total":0,"location_name":"Hipodroom (CLOSED)","location_id":1}"
2026-09-30 07:18:12,+0300,3,T1,0,success,"{"total":0,"location_name":"T1 Shopping Mall","location_id":3}"
2026-09-30 07:18:12,+0300,9,Mustika,0,success,"{"total":0,"location_name":"Mustika","location_id":9}"
2026-09-30 07:18:12,+0300,10,Suur-Paala,0,success,"{"total":0,"location_name":"Suur-Paala","location_id":10}"
2026-09-30 07:18:12,+0300,1,Hipodroom,0,success,"{"total":0,"location_name":"Hipodroom (CLOSED)","location_id":1}"
2026-09-30 07:20:13,+0300,3,T1,0,success,"{"total":0,"location_name":"T1 Shopping Mall","location_id":3}"
2026-09-30 07:20:13,+0300,9,Mustika,0,success,"{"total":0,"location_name":"Mustika","location_id":9}"
2026-09-30 07:20:13,+0300,10,Suur-Paala,0,success,"{"total":0,"location_name":"Suur-Paala","location_id":10}"
2026-09-30 07:20:13,+0300,1,Hipodroom,0,success,"{"total":0,"location_name":"Hipodroom (CLOSED)","location_id":1}"
2026-09-30 07:22:14,+0300,3,T1,0,success,"{"total":0,"location_name":"T1 Shopping Mall","location_id":3}"
2026-09-30 07:22:14,+0300,9,Mustika,0,success,"{"total":0,"location_name":"Mustika","location_id":9}"
2026-09-30 07:22:14,+0300,10,Suur-Paala,0,success,"{"total":0,"location_name":"Suur-Paala","location_id":10}"
2026-09-30 07:22:14,+0300,1,Hipodroom,0,success,"{"total":0,"location_name":"Hipodroom (CLOSED)","location_id":1}"
2026-09-30 07:24:14,+0300,3,T1,0,success,"{"total":0,"location_name":"T1 Shopping Mall","location_id":3}"
2026-09-30 07:24:14,+0300,9,Mustika,0,success,"{"total":0,"location_name":"Mustika","location_id":9}"
2026-09-30 07:24:14,+0300,10,Suur-Paala,0,success,"{"total":0,"location_name":"Suur-Paala","location_id":10}"
2026-09-30 07:24:14,+0300,1,Hipodroom,0,success,"{"total":0,"location_name":"Hipodroom (CLOSED)","location_id":1}"
2026-09-30 07:26:15,+0300,3,T1,0,success,"{"total":0,"location_name":"T1 Shopping Mall","location_id":3}"
2026-09-30 07:26:15,+0300,9,Mustika,0,success,"{"total":0,"location_name":"Mustika","location_id":9}"
2026-09-30 07:26:15,+0300,10,Suur-Paala,0,success,"{"total":0,"location_name":"Suur-Paala","location_id":10}"
2026-09-30 07:26:15,+0300,1,Hipodroom,0,success,"{"total":0,"location_name":"Hipodroom (CLOSED)","location_id":1}"
2026-09-30 07:28:16,+0300,3,T1,0,success,"{"total":0,"location_name":"T1 Shopping Mall","location_id":3}"
2026-09-30 07:28:16,+0300,9,Mustika,0,success,"{"total":0,"location_name":"Mustika","location_id":9}"
2026-09-30 07:28:16,+0300,10,Suur-Paala,0,success,"{"total":0,"location_name":"Suur-Paala","location_id":10}"
2026-09-30 07:28:16,+0300,1,Hipodroom,0,success,"{"total":0,"location_name":"Hipodroom (CLOSED)","location_id":1}"
2026-09-30 07:30:16,+0300,3,T1,0,success,"{"total":0,"location_name":"T1 Shopping Mall","location_id":3}"
2026-09-30 07:30:16,+0300,9,Mustika,0,success,"{"total":0,"location_name":"Mustika","location_id":9}"
2026-09-30 07:30:16,+0300,10,Suur-Paala,0,success,"{"total":0,"location_name":"Suur-Paala","location_id":10}"
2026-09-30 07:30:16,+0300,1,Hipodroom,0,success,"{"total":0,"location_name":"Hipodroom (CLOSED)","location_id":1}"
2026-09-30 07:32:17,+0300,3,T1,0,success,"{"total":0,"location_name":"T1 Shopping Mall","location_id":3}"
2026-09-30 07:32:17,+0300,9,Mustika,0,success,"{"total":0,"location_name":"Mustika","location_id":9}"
2026-09-30 07:32:17,+0300,10,Suur-Paala,0,success,"{"total":0,"location_name":"Suur-Paala","location_id":10}"
2026-09-30 07:32:17,+0300,1,Hipodroom,0,success,"{"total":0,"location_name":"Hipodroom (CLOSED)","location_id":1}"
2026-09-30 07:34:18,+0300,3,T1,0,success,"{"total":0,"location_name":"T1 Shopping Mall","location_id":3}"
2026-09-30 07:34:18,+0300,9,Mustika,0,success,"{"total":0,"location_name":"Mustika","location_id":9}"
2026-09-30 07:34:18,+0300,10,Suur-Paala,0,success,"{"total":0,"location_name":"Suur-Paala","location_id":10}"
2026-09-30 07:34:18,+0300,1,Hipodroom,0,success,"{"total":0,"location_name":"Hipodroom (CLOSED)","location_id":1}"
2026-09-30 07:36:18,+0300,3,T1,0,success,"{"total":0,"location_name":"T1 Shopping Mall","location_id":3}"
2026-09-30 07:36:18,+0300,9,Mustika,0,success,"{"total":0,"location_name":"Mustika","location_id":9}"
2026-09-30 07:36:18,+0300,10,Suur-Paala,0,success,"{"total":0,"location_name":"Suur-Paala","location_id":10}"
2026-09-30 07:36:18,+0300,1,Hipodroom,0,success,"{"total":0,"location_name":"Hipodroom (CLOSED)","location_id":1}"
2026-09-30 07:38:19,+0300,3,T1,0,success,"{"total":0,"location_name":"T1 Shopping Mall","location_id":3}"
2026-09-30 07:38:19,+0300,9,Mustika,0,success,"{"total":0,"location_name":"Mustika","location_id":9}"
2026-09-30 07:38:19,+0300,10,Suur-Paala,0,success,"{"total":0,"location_name":"Suur-Paala","location_id":10}"
2026-09-30 07:38:19,+0300,1,Hipodroom,0,success,"{"total":0,"location_name":"Hipodroom (CLOSED)","location_id":1}"
2026-09-30 07:40:20,+0300,3,T1,0,success,"{"total":0,"location_name":"T1 Shopping Mall","location_id":3}"
2026-09-30 07:40:20,+0300,9,Mustika,0,success,"{"total":0,"location_name":"Mustika","location_id":9}"
2026-09-30 07:40:20,+0300,10,Suur-Paala,0,success,"{"total":0,"location_name":"Suur-Paala","location_id":10}"
2026-09-30 07:40:20,+0300,1,Hipodroom,0,success,"{"total":0,"location_name":"Hipodroom (CLOSED)","location_id":1}"
2026-09-30 07:42:21,+0300,3,T1,0,success,"{"total":0,"location_name":"T1 Shopping Mall","location_id":3}"
2026-09-30 07:42:21,+0300,9,Mustika,0,success,"{"total":0,"location_name":"Mustika","location_id":9}"
2026-09-30 07:42:21,+0300,10,Suur-Paala,0,success,"{"total":0,"location_name":"Suur-Paala","location_id":10}"
2026-09-30 07:42:21,+0300,1,Hipodroom,0,success,"{"total":0,"location_name":"Hipodroom (CLOSED)","location_id":1}"
2026-09-30 07:44:21,+0300,3,T1,0,success,"{"total":0,"location_name":"T1 Shopping Mall","location_id":3}"
2026-09-30 07:44:21,+0300,9,Mustika,0,success,"{"total":0,"location_name":"Mustika","location_id":9}"
2026-09-30 07:44:21,+0300,10,Suur-Paala,0,success,"{"total":0,"location_name":"Suur-Paala","location_id":10}"
2026-09-30 07:44:21,+0300,1,Hipodroom,0,success,"{"total":0,"location_name":"Hipodroom (CLOSED)","location_id":1}"
2026-09-30 07:46:22,+0300,3,T1,0,success,"{"total":0,"location_name":"T1 Shopping Mall","location_id":3}"
2026-09-30 07:46:22,+0300,9,Mustika,0,success,"{"total":0,"location_name":"Mustika","location_id":9}"
2026-09-30 07:46:22,+0300,10,Suur-Paala,0,success,"{"total":0,"location_name":"Suur-Paala","location_id":10}"
2026-09-30 07:46:22,+0300,1,Hipodroom,0,success,"{"total":0,"location_name":"Hipodroom (CLOSED)","location_id":1}"
2026-09-30 07:48:23,+0300,3,T1,0,success,"{"total":0,"location_name":"T1 Shopping Mall","location_id":3}"
2026-09-30 07:48:23,+0300,9,Mustika,0,success,"{"total":0,"location_name":"Mustika","location_id":9}"
2026-09-30 07:48:23,+0300,10,Suur-Paala,0,success,"{"total":0,"location_name":"Suur-Paala","location_id":10}"
2026-09-30 07:48:23,+0300,1,Hipodroom,0,success,"{"total":0,"location_name":"Hipodroom (CLOSED)","location_id":1}"
2026-09-30 07:50:23,+0300,3,T1,0,success,"{"total":0,"location_name":"T1 Shopping Mall","location_id":3}"
2026-09-30 07:50:23,+0300,9,Mustika,0,success,"{"total":0,"location_name":"Mustika","location_id":9}"
2026-09-30 07:50:23,+0300,10,Suur-Paala,0,success,"{"total":0,"location_name":"Suur-Paala","location_id":10}"
2026-09-30 07:50:23,+0300,1,Hipodroom,0,success,"{"total":0,"location_name":"Hipodroom (CLOSED)","location_id":1}"
2026-09-30 07:52:24,+0300,3,T1,0,success,"{"total":0,"location_name":"T1 Shopping Mall","location_id":3}"
2026-09-30 07:52:24,+0300,9,Mustika,0,success,"{"total":0,"location_name":"Mustika","location_id":9}"
2026-09-30 07:52:24,+0300,10,Suur-Paala,0,success,"{"total":0,"location_name":"Suur-Paala","location_id":10}"
2026-09-30 07:52:24,+0300,1,Hipodroom,0,success,"{"total":0,"location_name":"Hipodroom (CLOSED)","location_id":1}"
2026-09-30 07:54:25,+0300,3,T1,0,success,"{"total":0,"location_name":"T1 Shopping Mall","location_id":3}"
2026-09-30 07:54:25,+0300,9,Mustika,0,success,"{"total":0,"location_name":"Mustika","location_id":9}"
2026-09-30 07:54:25,+0300,10,Suur-Paala,0,success,"{"total":0,"location_name":"Suur-Paala","location_id":10}"
2026-09-30 07:54:25,+0300,1,Hipodroom,0,success,"{"total":0,"location_name":"Hipodroom (CLOSED)","location_id":1}"
2026-09-30 07:56:25,+0300,3,T1,0,success,"{"total":0,"location_name":"T1 Shopping Mall","location_id":3}"
2026-09-30 07:56:25,+0300,9,Mustika,0,success,"{"total":0,"location_name":"Mustika","location_id":9}"
2026-09-30 07:56:25,+0300,10,Suur-Paala,0,success,"{"total":0,"location_name":"Suur-Paala","location_id":10}"
2026-09-30 07:56:25,+0300,1,Hipodroom,0,success,"{"total":0,"location_name":"Hipodroom (CLOSED)","location_id":1}"
2026-09-30 07:58:26,+0300,3,T1,1,success,"{"total":1,"location_name":"T1 Shopping Mall","location_id":3}"
2026-09-30 07:58:26,+0300,9,Mustika,0,success,"{"total":0,"location_name":"Mustika","location_id":9}"
2026-09-30 07:58:26,+0300,10,Suur-Paala,0,success,"{"total":0,"location_name":"Suur-Paala","location_id":10}"
2026-09-30 07:58:26,+0300,1,Hipodroom,0,success,"{"total":0,"location_name":"Hipodroom (CLOSED)","location_id":1}"
2026-09-30 08:00:27,+0300,3,T1,1,success,"{"total":1,"location_name":"T1 Shopping Mall","location_id":3}"
2026-09-30 08:00:27,+0300,9,Mustika,0,success,"{"total":0,"location_name":"Mustika","location_id":9}"
2026-09-30 08:00:27,+0300,10,Suur-Paala,0,success,"{"total":0,"location_name":"Suur-Paala","location_id":10}"
2026-09-30 08:00:27,+0300,1,Hipodroom,0,success,"{"total":0,"location_name":"Hipodroom (CLOSED)","location_id":1}"
2026-09-30 08:02:28,+0300,3,T1,1,success,"{"total":1,"location_name":"T1 Shopping Mall","location_id":3}"
2026-09-30 08:02:28,+0300,9,Mustika,0,success,"{"total":0,"location_name":"Mustika","location_id":9}"
2026-09-30 08:02:28,+0300,10,Suur-Paala,0,success,"{"total":0,"location_name":"Suur-Paala","location_id":10}"
2026-09-30 08:02:28,+0300,1,Hipodroom,0,success,"{"total":0,"location_name":"Hipodroom (CLOSED)","location_id":1}"
2026-09-30 08:04:28,+0300,3,T1,3,success,"{"total":3,"location_name":"T1 Shopping Mall","location_id":3}"
2026-09-30 08:04:28,+0300,9,Mustika,0,success,"{"total":0,"location_name":"Mustika","location_id":9}"
2026-09-30 08:04:28,+0300,10,Suur-Paala,0,success,"{"total":0,"location_name":"Suur-Paala","location_id":10}"
2026-09-30 08:04:28,+0300,1,Hipodroom,0,success,"{"total":0,"location_name":"Hipodroom (CLOSED)","location_id":1}"
2026-09-30 08:06:29,+0300,3,T1,3,success,"{"total":3,"location_name":"T1 Shopping Mall","location_id":3}"
2026-09-30 08:06:29,+0300,9,Mustika,0,success,"{"total":0,"location_name":"Mustika","location_id":9}"
2026-09-30 08:06:29,+0300,10,Suur-Paala,0,success,"{"total":0,"location_name":"Suur-Paala","location_id":10}"
2026-09-30 08:06:29,+0300,1,Hipodroom,0,success,"{"total":0,"location_name":"Hipodroom (CLOSED)","location_id":1}"
2026-09-30 08:08:30,+0300,3,T1,3,success,"{"total":3,"location_name":"T1 Shopping Mall","location_id":3}"
2026-09-30 08:08:30,+0300,9,Mustika,0,success,"{"total":0,"location_name":"Mustika","location_id":9}"
2026-09-30 08:08:30,+0300,10,Suur-Paala,0,success,"{"total":0,"location_name":"Suur-Paala","location_id":10}"
2026-09-30 08:08:30,+0300,1,Hipodroom,0,success,"{"total":0,"location_name":"Hipodroom (CLOSED)","location_id":1}"
2026-09-30 08:10:31,+0300,3,T1,3,success,"{"total":3,"location_name":"T1 Shopping Mall","location_id":3}"
2026-09-30 08:10:31,+0300,9,Mustika,0,success,"{"total":0,"location_name":"Mustika","location_id":9}"
2026-09-30 08:10:31,+0300,10,Suur-Paala,0,success,"{"total":0,"location_name":"Suur-Paala","location_id":10}"
2026-09-30 08:10:31,+0300,1,Hipodroom,0,success,"{"total":0,"location_name":"Hipodroom (CLOSED)","location_id":1}"
2026-09-30 08:12:32,+0300,3,T1,3,success,"{"total":3,"location_name":"T1 Shopping Mall","location_id":3}"
2026-09-30 08:12:32,+0300,9,Mustika,0,success,"{"total":0,"location_name":"Mustika","location_id":9}"
2026-09-30 08:12:32,+0300,10,Suur-Paala,0,success,"{"total":0,"location_name":"Suur-Paala","location_id":10}"
2026-09-30 08:12:32,+0300,1,Hipodroom,0,success,"{"total":0,"location_name":"Hipodroom (CLOSED)","location_id":1}"
2026-09-30 08:14:33,+0300,3,T1,3,success,"{"total":3,"location_name":"T1 Shopping Mall","location_id":3}"
2026-09-30 08:14:33,+0300,9,Mustika,0,success,"{"total":0,"location_name":"Mustika","location_id":9}"
2026-09-30 08:14:33,+0300,10,Suur-Paala,0,success,"{"total":0,"location_name":"Suur-Paala","location_id":10}"
2026-09-30 08:14:33,+0300,1,Hipodroom,0,success,"{"total":0,"location_name":"Hipodroom (CLOSED)","location_id":1}"
2026-09-30 08:16:33,+0300,3,T1,3,success,"{"total":3,"location_name":"T1 Shopping Mall","location_id":3}"
2026-09-30 08:16:33,+0300,9,Mustika,0,success,"{"total":0,"location_name":"Mustika","location_id":9}"
2026-09-30 08:16:33,+0300,10,Suur-Paala,0,success,"{"total":0,"location_name":"Suur-Paala","location_id":10}"
2026-09-30 08:16:33,+0300,1,Hipodroom,0,success,"{"total":0,"location_name":"Hipodroom (CLOSED)","location_id":1}"
2026-09-30 08:18:34,+0300,3,T1,3,success,"{"total":3,"location_name":"T1 Shopping Mall","location_id":3}"
2026-09-30 08:18:34,+0300,9,Mustika,0,success,"{"total":0,"location_name":"Mustika","location_id":9}"
2026-09-30 08:18:34,+0300,10,Suur-Paala,0,success,"{"total":0,"location_name":"Suur-Paala","location_id":10}"
2026-09-30 08:18:34,+0300,1,Hipodroom,0,success,"{"total":0,"location_name":"Hipodroom (CLOSED)","location_id":1}"
2026-09-30 08:20:35,+0300,3,T1,3,success,"{"total":3,"location_name":"T1 Shopping Mall","location_id":3}"
2026-09-30 08:20:35,+0300,9,Mustika,0,success,"{"total":0,"location_name":"Mustika","location_id":9}"
2026-09-30 08:20:35,+0300,10,Suur-Paala,0,success,"{"total":0,"location_name":"Suur-Paala","location_id":10}"
2026-09-30 08:20:35,+0300,1,Hipodroom,0,success,"{"total":0,"location_name":"Hipodroom (CLOSED)","location_id":1}"
2026-09-30 08:22:35,+0300,3,T1,3,success,"{"total":3,"location_name":"T1 Shopping Mall","location_id":3}"
2026-09-30 08:22:35,+0300,9,Mustika,0,success,"{"total":0,"location_name":"Mustika","location_id":9}"
2026-09-30 08:22:35,+0300,10,Suur-Paala,0,success,"{"total":0,"location_name":"Suur-Paala","location_id":10}"
2026-09-30 08:22:35,+0300,1,Hipodroom,0,success,"{"total":0,"location_name":"Hipodroom (CLOSED)","location_id":1}"
2026-09-30 08:24:36,+0300,3,T1,3,success,"{"total":3,"location_name":"T1 Shopping Mall","location_id":3}"
2026-09-30 08:24:36,+0300,9,Mustika,0,success,"{"total":0,"location_name":"Mustika","location_id":9}"
2026-09-30 08:24:36,+0300,10,Suur-Paala,0,success,"{"total":0,"location_name":"Suur-Paala","location_id":10}"
2026-09-30 08:24:36,+0300,1,Hipodroom,0,success,"{"total":0,"location_name":"Hipodroom (CLOSED)","location_id":1}"
2026-09-30 08:26:37,+0300,3,T1,3,success,"{"total":3,"location_name":"T1 Shopping Mall","location_id":3}"
2026-09-30 08:26:37,+0300,9,Mustika,0,success,"{"total":0,"location_name":"Mustika","location_id":9}"
2026-09-30 08:26:37,+0300,10,Suur-Paala,0,success,"{"total":0,"location_name":"Suur-Paala","location_id":10}"
2026-09-30 08:26:37,+0300,1,Hipodroom,0,success,"{"total":0,"location_name":"Hipodroom (CLOSED)","location_id":1}"
2026-09-30 08:28:37,+0300,3,T1,3,success,"{"total":3,"location_name":"T1 Shopping Mall","location_id":3}"
2026-09-30 08:28:37,+0300,9,Mustika,0,success,"{"total":0,"location_name":"Mustika","location_id":9}"
2026-09-30 08:28:37,+0300,10,Suur-Paala,0,success,"{"total":0,"location_name":"Suur-Paala","location_id":10}"
2026-09-30 08:28:37,+0300,1,Hipodroom,0,success,"{"total":0,"location_name":"Hipodroom (CLOSED)","location_id":1}"
2026-09-30 08:30:38,+0300,3,T1,3,success,"{"total":3,"location_name":"T1 Shopping Mall","location_id":3}"
2026-09-30 08:30:38,+0300,9,Mustika,0,success,"{"total":0,"location_name":"Mustika","location_id":9}"
2026-09-30 08:30:38,+0300,10,Suur-Paala,0,success,"{"total":0,"location_name":"Suur-Paala","location_id":10}"
2026-09-30 08:30:38,+0300,1,Hipodroom,0,success,"{"total":0,"location_name":"Hipodroom (CLOSED)","location_id":1}"
2026-09-30 08:32:39,+0300,3,T1,3,success,"{"total":3,"location_name":"T1 Shopping Mall","location_id":3}"
2026-09-30 08:32:39,+0300,9,Mustika,0,success,"{"total":0,"location_name":"Mustika","location_id":9}"
2026-09-30 08:32:39,+0300,10,Suur-Paala,0,success,"{"total":0,"location_name":"Suur-Paala","location_id":10}"
2026-09-30 08:32:39,+0300,1,Hipodroom,0,success,"{"total":0,"location_name":"Hipodroom (CLOSED)","location_id":1}"
2026-09-30 08:34:39,+0300,3,T1,3,success,"{"total":3,"location_name":"T1 Shopping Mall","location_id":3}"
2026-09-30 08:34:39,+0300,9,Mustika,0,success,"{"total":0,"location_name":"Mustika","location_id":9}"
2026-09-30 08:34:39,+0300,10,Suur-Paala,0,success,"{"total":0,"location_name":"Suur-Paala","location_id":10}"
2026-09-30 08:34:39,+0300,1,Hipodroom,0,success,"{"total":0,"location_name":"Hipodroom (CLOSED)","location_id":1}"
2026-09-30 08:36:40,+0300,3,T1,3,success,"{"total":3,"location_name":"T1 Shopping Mall","location_id":3}"
2026-09-30 08:36:40,+0300,9,Mustika,0,success,"{"total":0,"location_name":"Mustika","location_id":9}"
2026-09-30 08:36:40,+0300,10,Suur-Paala,0,success,"{"total":0,"location_name":"Suur-Paala","location_id":10}"
2026-09-30 08:36:40,+0300,1,Hipodroom,0,success,"{"total":0,"location_name":"Hipodroom (CLOSED)","location_id":1}"
2026-09-30 08:38:41,+0300,3,T1,3,success,"{"total":3,"location_name":"T1 Shopping Mall","location_id":3}"
2026-09-30 08:38:41,+0300,9,Mustika,0,success,"{"total":0,"location_name":"Mustika","location_id":9}"
2026-09-30 08:38:41,+0300,10,Suur-Paala,0,success,"{"total":0,"location_name":"Suur-Paala","location_id":10}"
2026-09-30 08:38:41,+0300,1,Hipodroom,0,success,"{"total":0,"location_name":"Hipodroom (CLOSED)","location_id":1}"
2026-09-30 08:40:41,+0300,3,T1,3,success,"{"total":3,"location_name":"T1 Shopping Mall","location_id":3}"
2026-09-30 08:40:41,+0300,9,Mustika,0,success,"{"total":0,"location_name":"Mustika","location_id":9}"
2026-09-30 08:40:41,+0300,10,Suur-Paala,0,success,"{"total":0,"location_name":"Suur-Paala","location_id":10}"
2026-09-30 08:40:41,+0300,1,Hipodroom,0,success,"{"total":0,"location_name":"Hipodroom (CLOSED)","location_id":1}"
2026-09-30 08:42:42,+0300,3,T1,3,success,"{"total":3,"location_name":"T1 Shopping Mall","location_id":3}"
2026-09-30 08:42:42,+0300,9,Mustika,0,success,"{"total":0,"location_name":"Mustika","location_id":9}"
2026-09-30 08:42:42,+0300,10,Suur-Paala,0,success,"{"total":0,"location_name":"Suur-Paala","location_id":10}"
2026-09-30 08:42:42,+0300,1,Hipodroom,0,success,"{"total":0,"location_name":"Hipodroom (CLOSED)","location_id":1}"
2026-09-30 08:44:43,+0300,3,T1,3,success,"{"total":3,"location_name":"T1 Shopping Mall","location_id":3}"
2026-09-30 08:44:43,+0300,9,Mustika,0,success,"{"total":0,"location_name":"Mustika","location_id":9}"
2026-09-30 08:44:43,+0300,10,Suur-Paala,0,success,"{"total":0,"location_name":"Suur-Paala","location_id":10}"
2026-09-30 08:44:43,+0300,1,Hipodroom,0,success,"{"total":0,"location_name":"Hipodroom (CLOSED)","location_id":1}"
2026-09-30 08:46:43,+0300,3,T1,3,success,"{"total":3,"location_name":"T1 Shopping Mall","location_id":3}"
2026-09-30 08:46:43,+0300,9,Mustika,0,success,"{"total":0,"location_name":"Mustika","location_id":9}"
2026-09-30 08:46:43,+0300,10,Suur-Paala,0,success,"{"total":0,"location_name":"Suur-Paala","location_id":10}"
2026-09-30 08:46:43,+0300,1,Hipodroom,0,success,"{"total":0,"location_name":"Hipodroom (CLOSED)","location_id":1}"
2026-09-30 08:48:44,+0300,3,T1,3,success,"{"total":3,"location_name":"T1 Shopping Mall","location_id":3}"
2026-09-30 08:48:44,+0300,9,Mustika,0,success,"{"total":0,"location_name":"Mustika","location_id":9}"
2026-09-30 08:48:44,+0300,10,Suur-Paala,0,success,"{"total":0,"location_name":"Suur-Paala","location_id":10}"
2026-09-30 08:48:44,+0300,1,Hipodroom,0,success,"{"total":0,"location_name":"Hipodroom (CLOSED)","location_id":1}"
2026-09-30 08:50:45,+0300,3,T1,3,success,"{"total":3,"location_name":"T1 Shopping Mall","location_id":3}"
2026-09-30 08:50:45,+0300,9,Mustika,0,success,"{"total":0,"location_name":"Mustika","location_id":9}"
2026-09-30 08:50:45,+0300,10,Suur-Paala,0,success,"{"total":0,"location_name":"Suur-Paala","location_id":10}"
2026-09-30 08:50:45,+0300,1,Hipodroom,0,success,"{"total":0,"location_name":"Hipodroom (CLOSED)","location_id":1}"
2026-09-30 08:52:46,+0300,3,T1,3,success,"{"total":3,"location_name":"T1 Shopping Mall","location_id":3}"
2026-09-30 08:52:46,+0300,9,Mustika,0,success,"{"total":0,"location_name":"Mustika","location_id":9}"
2026-09-30 08:52:46,+0300,10,Suur-Paala,0,success,"{"total":0,"location_name":"Suur-Paala","location_id":10}"
2026-09-30 08:52:46,+0300,1,Hipodroom,0,success,"{"total":0,"location_name":"Hipodroom (CLOSED)","location_id":1}"
2026-09-30 08:54:46,+0300,3,T1,3,success,"{"total":3,"location_name":"T1 Shopping Mall","location_id":3}"
2026-09-30 08:54:46,+0300,9,Mustika,0,success,"{"total":0,"location_name":"Mustika","location_id":9}"
2026-09-30 08:54:46,+0300,10,Suur-Paala,0,success,"{"total":0,"location_name":"Suur-Paala","location_id":10}"
2026-09-30 08:54:46,+0300,1,Hipodroom,0,success,"{"total":0,"location_name":"Hipodroom (CLOSED)","location_id":1}"
2026-09-30 08:56:47,+0300,3,T1,3,success,"{"total":3,"location_name":"T1 Shopping Mall","location_id":3}"
2026-09-30 08:56:47,+0300,9,Mustika,0,success,"{"total":0,"location_name":"Mustika","location_id":9}"
2026-09-30 08:56:47,+0300,10,Suur-Paala,0,success,"{"total":0,"location_name":"Suur-Paala","location_id":10}"
2026-09-30 08:56:47,+0300,1,Hipodroom,0,success,"{"total":0,"location_name":"Hipodroom (CLOSED)","location_id":1}"
2026-09-30 08:58:48,+0300,3,T1,3,success,"{"total":3,"location_name":"T1 Shopping Mall","location_id":3}"
2026-09-30 08:58:48,+0300,9,Mustika,0,success,"{"total":0,"location_name":"Mustika","location_id":9}"
2026-09-30 08:58:48,+0300,10,Suur-Paala,0,success,"{"total":0,"location_name":"Suur-Paala","location_id":10}"
2026-09-30 08:58:48,+0300,1,Hipodroom,0,success,"{"total":0,"location_name":"Hipodroom (CLOSED)","location_id":1}"
2026-09-30 09:00:49,+0300,3,T1,3,success,"{"total":3,"location_name":"T1 Shopping Mall","location_id":3}"
2026-09-30 09:00:49,+0300,9,Mustika,0,success,"{"total":0,"location_name":"Mustika","location_id":9}"
2026-09-30 09:00:49,+0300,10,Suur-Paala,0,success,"{"total":0,"location_name":"Suur-Paala","location_id":10}"
2026-09-30 09:00:49,+0300,1,Hipodroom,0,success,"{"total":0,"location_name":"Hipodroom (CLOSED)","location_id":1}"
2026-09-30 09:02:49,+0300,3,T1,3,success,"{"total":3,"location_name":"T1 Shopping Mall","location_id":3}"
2026-09-30 09:02:49,+0300,9,Mustika,0,success,"{"total":0,"location_name":"Mustika","location_id":9}"
2026-09-30 09:02:49,+0300,10,Suur-Paala,0,success,"{"total":0,"location_name":"Suur-Paala","location_id":10}"
2026-09-30 09:02:49,+0300,1,Hipodroom,0,success,"{"total":0,"location_name":"Hipodroom (CLOSED)","location_id":1}"
2026-09-30 09:04:50,+0300,3,T1,3,success,"{"total":3,"location_name":"T1 Shopping Mall","location_id":3}"
2026-09-30 09:04:50,+0300,9,Mustika,0,success,"{"total":0,"location_name":"Mustika","location_id":9}"
2026-09-30 09:04:50,+0300,10,Suur-Paala,0,success,"{"total":0,"location_name":"Suur-Paala","location_id":10}"
2026-09-30 09:04:50,+0300,1,Hipodroom,0,success,"{"total":0,"location_name":"Hipodroom (CLOSED)","location_id":1}"
2026-09-30 09:06:51,+0300,3,T1,3,success,"{"total":3,"location_name":"T1 Shopping Mall","location_id":3}"
2026-09-30 09:06:51,+0300,9,Mustika,0,success,"{"total":0,"location_name":"Mustika","location_id":9}"
2026-09-30 09:06:51,+0300,10,Suur-Paala,1,success,"{"total":1,"location_name":"Suur-Paala","location_id":10}"
2026-09-30 09:06:51,+0300,1,Hipodroom,0,success,"{"total":0,"location_name":"Hipodroom (CLOSED)","location_id":1}"
2026-09-30 09:08:52,+0300,3,T1,3,success,"{"total":3,"location_name":"T1 Shopping Mall","location_id":3}"
2026-09-30 09:08:52,+0300,9,Mustika,0,success,"{"total":0,"location_name":"Mustika","location_id":9}"
2026-09-30 09:08:52,+0300,10,Suur-Paala,1,success,"{"total":1,"location_name":"Suur-Paala","location_id":10}"
2026-09-30 09:08:52,+0300,1,Hipodroom,0,success,"{"total":0,"location_name":"Hipodroom (CLOSED)","location_id":1}"
2026-09-30 09:10:52,+0300,3,T1,3,success,"{"total":3,"location_name":"T1 Shopping Mall","location_id":3}"
2026-09-30 09:10:52,+0300,9,Mustika,0,success,"{"total":0,"location_name":"Mustika","location_id":9}"
2026-09-30 09:10:52,+0300,10,Suur-Paala,1,success,"{"total":1,"location_name":"Suur-Paala","location_id":10}"
2026-09-30 09:10:52,+0300,1,Hipodroom,0,success,"{"total":0,"location_name":"Hipodroom (CLOSED)","location_id":1}"
2026-09-30 09:12:53,+0300,3,T1,3,success,"{"total":3,"location_name":"T1 Shopping Mall","location_id":3}"
2026-09-30 09:12:53,+0300,9,Mustika,0,success,"{"total":0,"location_name":"Mustika","location_id":9}"
2026-09-30 09:12:53,+0300,10,Suur-Paala,1,success,"{"total":1,"location_name":"Suur-Paala","location_id":10}"
2026-09-30 09:12:53,+0300,1,Hipodroom,0,success,"{"total":0,"location_name":"Hipodroom (CLOSED)","location_id":1}"
2026-09-30 09:14:54,+0300,3,T1,3,success,"{"total":3,"location_name":"T1 Shopping Mall","location_id":3}"
2026-09-30 09:14:54,+0300,9,Mustika,0,success,"{"total":0,"location_name":"Mustika","location_id":9}"
2026-09-30 09:14:54,+0300,10,Suur-Paala,1,success,"{"total":1,"location_name":"Suur-Paala","location_id":10}"
2026-09-30 09:14:54,+0300,1,Hipodroom,0,success,"{"total":0,"location_name":"Hipodroom (CLOSED)","location_id":1}"
2026-09-30 09:16:54,+0300,3,T1,4,success,"{"total":4,"location_name":"T1 Shopping Mall","location_id":3}"
2026-09-30 09:16:54,+0300,9,Mustika,0,success,"{"total":0,"location_name":"Mustika","location_id":9}"
2026-09-30 09:16:54,+0300,10,Suur-Paala,1,success,"{"total":1,"location_name":"Suur-Paala","location_id":10}"
2026-09-30 09:16:54,+0300,1,Hipodroom,0,success,"{"total":0,"location_name":"Hipodroom (CLOSED)","location_id":1}"
2026-09-30 09:18:55,+0300,3,T1,4,success,"{"total":4,"location_name":"T1 Shopping Mall","location_id":3}"
2026-09-30 09:18:55,+0300,9,Mustika,0,success,"{"total":0,"location_name":"Mustika","location_id":9}"
2026-09-30 09:18:55,+0300,10,Suur-Paala,1,success,"{"total":1,"location_name":"Suur-Paala","location_id":10}"
2026-09-30 09:18:55,+0300,1,Hipodroom,0,success,"{"total":0,"location_name":"Hipodroom (CLOSED)","location_id":1}"
2026-09-30 09:20:56,+0300,3,T1,4,success,"{"total":4,"location_name":"T1 Shopping Mall","location_id":3}"
2026-09-30 09:20:56,+0300,9,Mustika,0,success,"{"total":0,"location_name":"Mustika","location_id":9}"
2026-09-30 09:20:56,+0300,10,Suur-Paala,1,success,"{"total":1,"location_name":"Suur-Paala","location_id":10}"
2026-09-30 09:20:56,+0300,1,Hipodroom,0,success,"{"total":0,"location_name":"Hipodroom (CLOSED)","location_id":1}"
2026-09-30 09:22:57,+0300,3,T1,4,success,"{"total":4,"location_name":"T1 Shopping Mall","location_id":3}"
2026-09-30 09:22:57,+0300,9,Mustika,0,success,"{"total":0,"location_name":"Mustika","location_id":9}"
2026-09-30 09:22:57,+0300,10,Suur-Paala,1,success,"{"total":1,"location_name":"Suur-Paala","location_id":10}"
2026-09-30 09:22:57,+0300,1,Hipodroom,0,success,"{"total":0,"location_name":"Hipodroom (CLOSED)","location_id":1}"
2026-09-30 09:24:57,+0300,3,T1,4,success,"{"total":4,"location_name":"T1 Shopping Mall","location_id":3}"
2026-09-30 09:24:57,+0300,9,Mustika,0,success,"{"total":0,"location_name":"Mustika","location_id":9}"
2026-09-30 09:24:57,+0300,10,Suur-Paala,1,success,"{"total":1,"location_name":"Suur-Paala","location_id":10}"
2026-09-30 09:24:57,+0300,1,Hipodroom,0,success,"{"total":0,"location_name":"Hipodroom (CLOSED)","location_id":1}"
2026-09-30 09:26:58,+0300,3,T1,4,success,"{"total":4,"location_name":"T1 Shopping Mall","location_id":3}"
2026-09-30 09:26:58,+0300,9,Mustika,0,success,"{"total":0,"location_name":"Mustika","location_id":9}"
2026-09-30 09:26:58,+0300,10,Suur-Paala,1,success,"{"total":1,"location_name":"Suur-Paala","location_id":10}"
2026-09-30 09:26:58,+0300,1,Hipodroom,0,success,"{"total":0,"location_name":"Hipodroom (CLOSED)","location_id":1}"
2026-09-30 09:28:59,+0300,3,T1,4,success,"{"total":4,"location_name":"T1 Shopping Mall","location_id":3}"
2026-09-30 09:28:59,+0300,9,Mustika,0,success,"{"total":0,"location_name":"Mustika","location_id":9}"
2026-09-30 09:28:59,+0300,10,Suur-Paala,1,success,"{"total":1,"location_name":"Suur-Paala","location_id":10}"
2026-09-30 09:28:59,+0300,1,Hipodroom,0,success,"{"total":0,"location_name":"Hipodroom (CLOSED)","location_id":1}"
2026-09-30 09:30:59,+0300,3,T1,4,success,"{"total":4,"location_name":"T1 Shopping Mall","location_id":3}"
2026-09-30 09:30:59,+0300,9,Mustika,0,success,"{"total":0,"location_name":"Mustika","location_id":9}"
2026-09-30 09:30:59,+0300,10,Suur-Paala,1,success,"{"total":1,"location_name":"Suur-Paala","location_id":10}"
2026-09-30 09:30:59,+0300,1,Hipodroom,0,success,"{"total":0,"location_name":"Hipodroom (CLOSED)","location_id":1}"
2026-09-30 09:33:00,+0300,3,T1,4,success,"{"total":4,"location_name":"T1 Shopping Mall","location_id":3}"
2026-09-30 09:33:00,+0300,9,Mustika,0,success,"{"total":0,"location_name":"Mustika","location_id":9}"
2026-09-30 09:33:00,+0300,10,Suur-Paala,1,success,"{"total":1,"location_name":"Suur-Paala","location_id":10}"
2026-09-30 09:33:00,+0300,1,Hipodroom,0,success,"{"total":0,"location_name":"Hipodroom (CLOSED)","location_id":1}"
2026-09-30 09:35:01,+0300,3,T1,5,success,"{"total":5,"location_name":"T1 Shopping Mall","location_id":3}"
2026-09-30 09:35:01,+0300,9,Mustika,0,success,"{"total":0,"location_name":"Mustika","location_id":9}"
2026-09-30 09:35:01,+0300,10,Suur-Paala,1,success,"{"total":1,"location_name":"Suur-Paala","location_id":10}"
2026-09-30 09:35:01,+0300,1,Hipodroom,0,success,"{"total":0,"location_name":"Hipodroom (CLOSED)","location_id":1}"
2026-09-30 09:37:02,+0300,3,T1,5,success,"{"total":5,"location_name":"T1 Shopping Mall","location_id":3}"
2026-09-30 09:37:02,+0300,9,Mustika,0,success,"{"total":0,"location_name":"Mustika","location_id":9}"
2026-09-30 09:37:02,+0300,10,Suur-Paala,2,success,"{"total":2,"location_name":"Suur-Paala","location_id":10}"
2026-09-30 09:37:02,+0300,1,Hipodroom,0,success,"{"total":0,"location_name":"Hipodroom (CLOSED)","location_id":1}"
2026-09-30 09:39:02,+0300,3,T1,5,success,"{"total":5,"location_name":"T1 Shopping Mall","location_id":3}"
2026-09-30 09:39:02,+0300,9,Mustika,0,success,"{"total":0,"location_name":"Mustika","location_id":9}"
2026-09-30 09:39:02,+0300,10,Suur-Paala,2,success,"{"total":2,"location_name":"Suur-Paala","location_id":10}"
2026-09-30 09:39:02,+0300,1,Hipodroom,0,success,"{"total":0,"location_name":"Hipodroom (CLOSED)","location_id":1}"
2026-09-30 09:41:03,+0300,3,T1,6,success,"{"total":6,"location_name":"T1 Shopping Mall","location_id":3}"
2026-09-30 09:41:03,+0300,9,Mustika,0,success,"{"total":0,"location_name":"Mustika","location_id":9}"
2026-09-30 09:41:03,+0300,10,Suur-Paala,2,success,"{"total":2,"location_name":"Suur-Paala","location_id":10}"
2026-09-30 09:41:03,+0300,1,Hipodroom,0,success,"{"total":0,"location_name":"Hipodroom (CLOSED)","location_id":1}"
2026-09-30 09:43:03,+0300,3,T1,6,success,"{"total":6,"location_name":"T1 Shopping Mall","location_id":3}"
2026-09-30 09:43:03,+0300,9,Mustika,0,success,"{"total":0,"location_name":"Mustika","location_id":9}"
2026-09-30 09:43:03,+0300,10,Suur-Paala,2,success,"{"total":2,"location_name":"Suur-Paala","location_id":10}"
2026-09-30 09:43:03,+0300,1,Hipodroom,0,success,"{"total":0,"location_name":"Hipodroom (CLOSED)","location_id":1}"
2026-09-30 09:45:04,+0300,3,T1,6,success,"{"total":6,"location_name":"T1 Shopping Mall","location_id":3}"
2026-09-30 09:45:04,+0300,9,Mustika,0,success,"{"total":0,"location_name":"Mustika","location_id":9}"
2026-09-30 09:45:04,+0300,10,Suur-Paala,2,success,"{"total":2,"location_name":"Suur-Paala","location_id":10}"
2026-09-30 09:45:04,+0300,1,Hipodroom,0,success,"{"total":0,"location_name":"Hipodroom (CLOSED)","location_id":1}"
2026-09-30 09:47:05,+0300,3,T1,6,success,"{"total":6,"location_name":"T1 Shopping Mall","location_id":3}"
2026-09-30 09:47:05,+0300,9,Mustika,0,success,"{"total":0,"location_name":"Mustika","location_id":9}"
2026-09-30 09:47:05,+0300,10,Suur-Paala,2,success,"{"total":2,"location_name":"Suur-Paala","location_id":10}"
2026-09-30 09:47:05,+0300,1,Hipodroom,0,success,"{"total":0,"location_name":"Hipodroom (CLOSED)","location_id":1}"
2026-09-30 09:49:06,+0300,3,T1,6,success,"{"total":6,"location_name":"T1 Shopping Mall","location_id":3}"
2026-09-30 09:49:06,+0300,9,Mustika,0,success,"{"total":0,"location_name":"Mustika","location_id":9}"
2026-09-30 09:49:06,+0300,10,Suur-Paala,2,success,"{"total":2,"location_name":"Suur-Paala","location_id":10}"
2026-09-30 09:49:06,+0300,1,Hipodroom,0,success,"{"total":0,"location_name":"Hipodroom (CLOSED)","location_id":1}"
2026-09-30 09:51:06,+0300,3,T1,6,success,"{"total":6,"location_name":"T1 Shopping Mall","location_id":3}"
2026-09-30 09:51:06,+0300,9,Mustika,0,success,"{"total":0,"location_name":"Mustika","location_id":9}"
2026-09-30 09:51:06,+0300,10,Suur-Paala,2,success,"{"total":2,"location_name":"Suur-Paala","location_id":10}"
2026-09-30 09:51:06,+0300,1,Hipodroom,0,success,"{"total":0,"location_name":"Hipodroom (CLOSED)","location_id":1}"
2026-09-30 09:53:07,+0300,3,T1,6,success,"{"total":6,"location_name":"T1 Shopping Mall","location_id":3}"
2026-09-30 09:53:07,+0300,9,Mustika,0,success,"{"total":0,"location_name":"Mustika","location_id":9}"
2026-09-30 09:53:07,+0300,10,Suur-Paala,2,success,"{"total":2,"location_name":"Suur-Paala","location_id":10}"
2026-09-30 09:53:07,+0300,1,Hipodroom,0,success,"{"total":0,"location_name":"Hipodroom (CLOSED)","location_id":1}"
2026-09-30 09:55:08,+0300,3,T1,6,success,"{"total":6,"location_name":"T1 Shopping Mall","location_id":3}"
2026-09-30 09:55:08,+0300,9,Mustika,0,success,"{"total":0,"location_name":"Mustika","location_id":9}"
2026-09-30 09:55:08,+0300,10,Suur-Paala,2,success,"{"total":2,"location_name":"Suur-Paala","location_id":10}"
2026-09-30 09:55:08,+0300,1,Hipodroom,0,success,"{"total":0,"location_name":"Hipodroom (CLOSED)","location_id":1}"
2026-09-30 09:57:09,+0300,3,T1,6,success,"{"total":6,"location_name":"T1 Shopping Mall","location_id":3}"
2026-09-30 09:57:09,+0300,9,Mustika,0,success,"{"total":0,"location_name":"Mustika","location_id":9}"
2026-09-30 09:57:09,+0300,10,Suur-Paala,2,success,"{"total":2,"location_name":"Suur-Paala","location_id":10}"
2026-09-30 09:57:09,+0300,1,Hipodroom,0,success,"{"total":0,"location_name":"Hipodroom (CLOSED)","location_id":1}"
2026-09-30 09:59:09,+0300,3,T1,6,success,"{"total":6,"location_name":"T1 Shopping Mall","location_id":3}"
2026-09-30 09:59:09,+0300,9,Mustika,0,success,"{"total":0,"location_name":"Mustika","location_id":9}"
2026-09-30 09:59:09,+0300,10,Suur-Paala,2,success,"{"total":2,"location_name":"Suur-Paala","location_id":10}"
2026-09-30 09:59:09,+0300,1,Hipodroom,0,success,"{"total":0,"location_name":"Hipodroom (CLOSED)","location_id":1}"
2026-09-30 10:01:10,+0300,3,T1,6,success,"{"total":6,"location_name":"T1 Shopping Mall","location_id":3}"
2026-09-30 10:01:10,+0300,9,Mustika,0,success,"{"total":0,"location_name":"Mustika","location_id":9}"
2026-09-30 10:01:10,+0300,10,Suur-Paala,2,success,"{"total":2,"location_name":"Suur-Paala","location_id":10}"
2026-09-30 10:01:10,+0300,1,Hipodroom,0,success,"{"total":0,"location_name":"Hipodroom (CLOSED)","location_id":1}"
2026-09-30 10:03:10,+0300,3,T1,6,success,"{"total":6,"location_name":"T1 Shopping Mall","location_id":3}"
2026-09-30 10:03:10,+0300,9,Mustika,0,success,"{"total":0,"location_name":"Mustika","location_id":9}"
2026-09-30 10:03:10,+0300,10,Suur-Paala,2,success,"{"total":2,"location_name":"Suur-Paala","location_id":10}"
2026-09-30 10:03:10,+0300,1,Hipodroom,0,success,"{"total":0,"location_name":"Hipodroom (CLOSED)","location_id":1}"
2026-09-30 10:05:11,+0300,3,T1,6,success,"{"total":6,"location_name":"T1 Shopping Mall","location_id":3}"
2026-09-30 10:05:11,+0300,9,Mustika,0,success,"{"total":0,"location_name":"Mustika","location_id":9}"
2026-09-30 10:05:11,+0300,10,Suur-Paala,2,success,"{"total":2,"location_name":"Suur-Paala","location_id":10}"
2026-09-30 10:05:11,+0300,1,Hipodroom,1,success,"{"total":1,"location_name":"Hipodroom (CLOSED)","location_id":1}"
2026-09-30 10:07:12,+0300,3,T1,6,success,"{"total":6,"location_name":"T1 Shopping Mall","location_id":3}"
2026-09-30 10:07:12,+0300,9,Mustika,0,success,"{"total":0,"location_name":"Mustika","location_id":9}"
2026-09-30 10:07:12,+0300,10,Suur-Paala,2,success,"{"total":2,"location_name":"Suur-Paala","location_id":10}"
2026-09-30 10:07:12,+0300,1,Hipodroom,1,success,"{"total":1,"location_name":"Hipodroom (CLOSED)","location_id":1}"
2026-09-30 10:09:13,+0300,3,T1,6,success,"{"total":6,"location_name":"T1 Shopping Mall","location_id":3}"
2026-09-30 10:09:13,+0300,9,Mustika,0,success,"{"total":0,"location_name":"Mustika","location_id":9}"
2026-09-30 10:09:13,+0300,10,Suur-Paala,2,success,"{"total":2,"location_name":"Suur-Paala","location_id":10}"
2026-09-30 10:09:13,+0300,1,Hipodroom,1,success,"{"total":1,"location_name":"Hipodroom (CLOSED)","location_id":1}"
2026-09-30 10:11:13,+0300,3,T1,6,success,"{"total":6,"location_name":"T1 Shopping Mall","location_id":3}"
2026-09-30 10:11:13,+0300,9,Mustika,0,success,"{"total":0,"location_name":"Mustika","location_id":9}"
2026-09-30 10:11:13,+0300,10,Suur-Paala,2,success,"{"total":2,"location_name":"Suur-Paala","location_id":10}"
2026-09-30 10:11:13,+0300,1,Hipodroom,1,success,"{"total":1,"location_name":"Hipodroom (CLOSED)","location_id":1}"
2026-09-30 10:13:14,+0300,3,T1,6,success,"{"total":6,"location_name":"T1 Shopping Mall","location_id":3}"
2026-09-30 10:13:14,+0300,9,Mustika,0,success,"{"total":0,"location_name":"Mustika","location_id":9}"
2026-09-30 10:13:14,+0300,10,Suur-Paala,2,success,"{"total":2,"location_name":"Suur-Paala","location_id":10}"
2026-09-30 10:13:14,+0300,1,Hipodroom,1,success,"{"total":1,"location_name":"Hipodroom (CLOSED)","location_id":1}"
2026-09-30 10:15:15,+0300,3,T1,6,success,"{"total":6,"location_name":"T1 Shopping Mall","location_id":3}"
2026-09-30 10:15:15,+0300,9,Mustika,0,success,"{"total":0,"location_name":"Mustika","location_id":9}"
2026-09-30 10:15:15,+0300,10,Suur-Paala,2,success,"{"total":2,"location_name":"Suur-Paala","location_id":10}"
2026-09-30 10:15:15,+0300,1,Hipodroom,1,success,"{"total":1,"location_name":"Hipodroom (CLOSED)","location_id":1}"
2026-09-30 10:17:15,+0300,3,T1,6,success,"{"total":6,"location_name":"T1 Shopping Mall","location_id":3}"
2026-09-30 10:17:15,+0300,9,Mustika,0,success,"{"total":0,"location_name":"Mustika","location_id":9}"
2026-09-30 10:17:15,+0300,10,Suur-Paala,2,success,"{"total":2,"location_name":"Suur-Paala","location_id":10}"
2026-09-30 10:17:15,+0300,1,Hipodroom,1,success,"{"total":1,"location_name":"Hipodroom (CLOSED)","location_id":1}"
2026-09-30 10:19:16,+0300,3,T1,6,success,"{"total":6,"location_name":"T1 Shopping Mall","location_id":3}"
2026-09-30 10:19:16,+0300,9,Mustika,0,success,"{"total":0,"location_name":"Mustika","location_id":9}"
2026-09-30 10:19:16,+0300,10,Suur-Paala,2,success,"{"total":2,"location_name":"Suur-Paala","location_id":10}"
2026-09-30 10:19:16,+0300,1,Hipodroom,1,success,"{"total":1,"location_name":"Hipodroom (CLOSED)","location_id":1}"
2026-09-30 10:21:17,+0300,3,T1,6,success,"{"total":6,"location_name":"T1 Shopping Mall","location_id":3}"
2026-09-30 10:21:17,+0300,9,Mustika,0,success,"{"total":0,"location_name":"Mustika","location_id":9}"
2026-09-30 10:21:17,+0300,10,Suur-Paala,2,success,"{"total":2,"location_name":"Suur-Paala","location_id":10}"
2026-09-30 10:21:17,+0300,1,Hipodroom,1,success,"{"total":1,"location_name":"Hipodroom (CLOSED)","location_id":1}"
2026-09-30 10:23:17,+0300,3,T1,6,success,"{"total":6,"location_name":"T1 Shopping Mall","location_id":3}"
2026-09-30 10:23:17,+0300,9,Mustika,0,success,"{"total":0,"location_name":"Mustika","location_id":9}"
2026-09-30 10:23:17,+0300,10,Suur-Paala,2,success,"{"total":2,"location_name":"Suur-Paala","location_id":10}"
2026-09-30 10:23:17,+0300,1,Hipodroom,1,success,"{"total":1,"location_name":"Hipodroom (CLOSED)","location_id":1}"
2026-09-30 10:25:18,+0300,3,T1,6,success,"{"total":6,"location_name":"T1 Shopping Mall","location_id":3}"
2026-09-30 10:25:18,+0300,9,Mustika,0,success,"{"total":0,"location_name":"Mustika","location_id":9}"
2026-09-30 10:25:18,+0300,10,Suur-Paala,2,success,"{"total":2,"location_name":"Suur-Paala","location_id":10}"
2026-09-30 10:25:18,+0300,1,Hipodroom,1,success,"{"total":1,"location_name":"Hipodroom (CLOSED)","location_id":1}"
2026-09-30 10:27:19,+0300,3,T1,6,success,"{"total":6,"location_name":"T1 Shopping Mall","location_id":3}"
2026-09-30 10:27:19,+0300,9,Mustika,0,success,"{"total":0,"location_name":"Mustika","location_id":9}"
2026-09-30 10:27:19,+0300,10,Suur-Paala,2,success,"{"total":2,"location_name":"Suur-Paala","location_id":10}"
2026-09-30 10:27:19,+0300,1,Hipodroom,1,success,"{"total":1,"location_name":"Hipodroom (CLOSED)","location_id":1}"
2026-09-30 10:29:19,+0300,3,T1,6,success,"{"total":6,"location_name":"T1 Shopping Mall","location_id":3}"
2026-09-30 10:29:19,+0300,9,Mustika,0,success,"{"total":0,"location_name":"Mustika","location_id":9}"
2026-09-30 10:29:19,+0300,10,Suur-Paala,2,success,"{"total":2,"location_name":"Suur-Paala","location_id":10}"
2026-09-30 10:29:19,+0300,1,Hipodroom,1,success,"{"total":1,"location_name":"Hipodroom (CLOSED)","location_id":1}"
2026-09-30 10:31:20,+0300,3,T1,6,success,"{"total":6,"location_name":"T1 Shopping Mall","location_id":3}"
2026-09-30 10:31:20,+0300,9,Mustika,0,success,"{"total":0,"location_name":"Mustika","location_id":9}"
2026-09-30 10:31:20,+0300,10,Suur-Paala,2,success,"{"total":2,"location_name":"Suur-Paala","location_id":10}"
2026-09-30 10:31:20,+0300,1,Hipodroom,1,success,"{"total":1,"location_name":"Hipodroom (CLOSED)","location_id":1}"
2026-09-30 10:33:20,+0300,3,T1,6,success,"{"total":6,"location_name":"T1 Shopping Mall","location_id":3}"
2026-09-30 10:33:20,+0300,9,Mustika,0,success,"{"total":0,"location_name":"Mustika","location_id":9}"
2026-09-30 10:33:20,+0300,10,Suur-Paala,2,success,"{"total":2,"location_name":"Suur-Paala","location_id":10}"
2026-09-30 10:33:20,+0300,1,Hipodroom,1,success,"{"total":1,"location_name":"Hipodroom (CLOSED)","location_id":1}"
2026-09-30 10:35:21,+0300,3,T1,6,success,"{"total":6,"location_name":"T1 Shopping Mall","location_id":3}"
2026-09-30 10:35:21,+0300,9,Mustika,0,success,"{"total":0,"location_name":"Mustika","location_id":9}"
2026-09-30 10:35:21,+0300,10,Suur-Paala,2,success,"{"total":2,"location_name":"Suur-Paala","location_id":10}"
2026-09-30 10:35:21,+0300,1,Hipodroom,1,success,"{"total":1,"location_name":"Hipodroom (CLOSED)","location_id":1}"
2026-09-30 10:37:22,+0300,3,T1,6,success,"{"total":6,"location_name":"T1 Shopping Mall","location_id":3}"
2026-09-30 10:37:22,+0300,9,Mustika,0,success,"{"total":0,"location_name":"Mustika","location_id":9}"
2026-09-30 10:37:22,+0300,10,Suur-Paala,2,success,"{"total":2,"location_name":"Suur-Paala","location_id":10}"
2026-09-30 10:37:22,+0300,1,Hipodroom,1,success,"{"total":1,"location_name":"Hipodroom (CLOSED)","location_id":1}"
2026-09-30 10:39:23,+0300,3,T1,6,success,"{"total":6,"location_name":"T1 Shopping Mall","location_id":3}"
2026-09-30 10:39:23,+0300,9,Mustika,0,success,"{"total":0,"location_name":"Mustika","location_id":9}"
2026-09-30 10:39:23,+0300,10,Suur-Paala,2,success,"{"total":2,"location_name":"Suur-Paala","location_id":10}"
2026-09-30 10:39:23,+0300,1,Hipodroom,1,success,"{"total":1,"location_name":"Hipodroom (CLOSED)","location_id":1}"
2026-09-30 10:41:23,+0300,3,T1,6,success,"{"total":6,"location_name":"T1 Shopping Mall","location_id":3}"
2026-09-30 10:41:23,+0300,9,Mustika,0,success,"{"total":0,"location_name":"Mustika","location_id":9}"
2026-09-30 10:41:23,+0300,10,Suur-Paala,2,success,"{"total":2,"location_name":"Suur-Paala","location_id":10}"
2026-09-30 10:41:23,+0300,1,Hipodroom,1,success,"{"total":1,"location_name":"Hipodroom (CLOSED)","location_id":1}"
2026-09-30 10:43:24,+0300,3,T1,6,success,"{"total":6,"location_name":"T1 Shopping Mall","location_id":3}"
2026-09-30 10:43:24,+0300,9,Mustika,0,success,"{"total":0,"location_name":"Mustika","location_id":9}"
2026-09-30 10:43:24,+0300,10,Suur-Paala,2,success,"{"total":2,"location_name":"Suur-Paala","location_id":10}"
2026-09-30 10:43:24,+0300,1,Hipodroom,1,success,"{"total":1,"location_name":"Hipodroom (CLOSED)","location_id":1}"
2026-09-30 10:45:25,+0300,3,T1,6,success,"{"total":6,"location_name":"T1 Shopping Mall","location_id":3}"
2026-09-30 10:45:25,+0300,9,Mustika,0,success,"{"total":0,"location_name":"Mustika","location_id":9}"
2026-09-30 10:45:25,+0300,10,Suur-Paala,2,success,"{"total":2,"location_name":"Suur-Paala","location_id":10}"
2026-09-30 10:45:25,+0300,1,Hipodroom,1,success,"{"total":1,"location_name":"Hipodroom (CLOSED)","location_id":1}"
2026-09-30 10:47:25,+0300,3,T1,6,success,"{"total":6,"location_name":"T1 Shopping Mall","location_id":3}"
2026-09-30 10:47:25,+0300,9,Mustika,0,success,"{"total":0,"location_name":"Mustika","location_id":9}"
2026-09-30 10:47:25,+0300,10,Suur-Paala,2,success,"{"total":2,"location_name":"Suur-Paala","location_id":10}"
2026-09-30 10:47:25,+0300,1,Hipodroom,1,success,"{"total":1,"location_name":"Hipodroom (CLOSED)","location_id":1}"
2026-09-30 10:49:26,+0300,3,T1,6,success,"{"total":6,"location_name":"T1 Shopping Mall","location_id":3}"
2026-09-30 10:49:26,+0300,9,Mustika,0,success,"{"total":0,"location_name":"Mustika","location_id":9}"
2026-09-30 10:49:26,+0300,10,Suur-Paala,2,success,"{"total":2,"location_name":"Suur-Paala","location_id":10}"
2026-09-30 10:49:26,+0300,1,Hipodroom,1,success,"{"total":1,"location_name":"Hipodroom (CLOSED)","location_id":1}"
2026-09-30 10:51:27,+0300,3,T1,6,success,"{"total":6,"location_name":"T1 Shopping Mall","location_id":3}"
2026-09-30 10:51:27,+0300,9,Mustika,0,success,"{"total":0,"location_name":"Mustika","location_id":9}"
2026-09-30 10:51:27,+0300,10,Suur-Paala,2,success,"{"total":2,"location_name":"Suur-Paala","location_id":10}"
2026-09-30 10:51:27,+0300,1,Hipodroom,1,success,"{"total":1,"location_name":"Hipodroom (CLOSED)","location_id":1}"
2026-09-30 10:53:27,+0300,3,T1,6,success,"{"total":6,"location_name":"T1 Shopping Mall","location_id":3}"
2026-09-30 10:53:27,+0300,9,Mustika,0,success,"{"total":0,"location_name":"Mustika","location_id":9}"
2026-09-30 10:53:27,+0300,10,Suur-Paala,2,success,"{"total":2,"location_name":"Suur-Paala","location_id":10}"
2026-09-30 10:53:27,+0300,1,Hipodroom,1,success,"{"total":1,"location_name":"Hipodroom (CLOSED)","location_id":1}"
2026-09-30 10:55:28,+0300,3,T1,6,success,"{"total":6,"location_name":"T1 Shopping Mall","location_id":3}"
2026-09-30 10:55:28,+0300,9,Mustika,0,success,"{"total":0,"location_name":"Mustika","location_id":9}"
2026-09-30 10:55:28,+0300,10,Suur-Paala,2,success,"{"total":2,"location_name":"Suur-Paala","location_id":10}"
2026-09-30 10:55:28,+0300,1,Hipodroom,1,success,"{"total":1,"location_name":"Hipodroom (CLOSED)","location_id":1}"
2026-09-30 10:57:28,+0300,3,T1,6,success,"{"total":6,"location_name":"T1 Shopping Mall","location_id":3}"
2026-09-30 10:57:28,+0300,9,Mustika,0,success,"{"total":0,"location_name":"Mustika","location_id":9}"
2026-09-30 10:57:28,+0300,10,Suur-Paala,2,success,"{"total":2,"location_name":"Suur-Paala","location_id":10}"
2026-09-30 10:57:28,+0300,1,Hipodroom,1,success,"{"total":1,"location_name":"Hipodroom (CLOSED)","location_id":1}"
2026-09-30 10:59:29,+0300,3,T1,4,success,"{"total":4,"location_name":"T1 Shopping Mall","location_id":3}"
2026-09-30 10:59:29,+0300,9,Mustika,1,success,"{"total":1,"location_name":"Mustika","location_id":9}"
2026-09-30 10:59:29,+0300,10,Suur-Paala,2,success,"{"total":2,"location_name":"Suur-Paala","location_id":10}"
2026-09-30 10:59:29,+0300,1,Hipodroom,1,success,"{"total":1,"location_name":"Hipodroom (CLOSED)","location_id":1}"
2026-09-30 11:01:29,+0300,3,T1,4,success,"{"total":4,"location_name":"T1 Shopping Mall","location_id":3}"
2026-09-30 11:01:29,+0300,9,Mustika,1,success,"{"total":1,"location_name":"Mustika","location_id":9}"
2026-09-30 11:01:29,+0300,10,Suur-Paala,2,success,"{"total":2,"location_name":"Suur-Paala","location_id":10}"
2026-09-30 11:01:29,+0300,1,Hipodroom,1,success,"{"total":1,"location_name":"Hipodroom (CLOSED)","location_id":1}"
2026-09-30 11:03:30,+0300,3,T1,4,success,"{"total":4,"location_name":"T1 Shopping Mall","location_id":3}"
2026-09-30 11:03:30,+0300,9,Mustika,1,success,"{"total":1,"location_name":"Mustika","location_id":9}"
2026-09-30 11:03:30,+0300,10,Suur-Paala,2,success,"{"total":2,"location_name":"Suur-Paala","location_id":10}"
2026-09-30 11:03:30,+0300,1,Hipodroom,1,success,"{"total":1,"location_name":"Hipodroom (CLOSED)","location_id":1}"
2026-09-30 11:05:31,+0300,3,T1,3,success,"{"total":3,"location_name":"T1 Shopping Mall","location_id":3}"
2026-09-30 11:05:31,+0300,9,Mustika,1,success,"{"total":1,"location_name":"Mustika","location_id":9}"
2026-09-30 11:05:31,+0300,10,Suur-Paala,2,success,"{"total":2,"location_name":"Suur-Paala","location_id":10}"
2026-09-30 11:05:31,+0300,1,Hipodroom,1,success,"{"total":1,"location_name":"Hipodroom (CLOSED)","location_id":1}"
2026-09-30 11:07:31,+0300,3,T1,3,success,"{"total":3,"location_name":"T1 Shopping Mall","location_id":3}"
2026-09-30 11:07:31,+0300,9,Mustika,1,success,"{"total":1,"location_name":"Mustika","location_id":9}"
2026-09-30 11:07:31,+0300,10,Suur-Paala,3,success,"{"total":3,"location_name":"Suur-Paala","location_id":10}"
2026-09-30 11:07:31,+0300,1,Hipodroom,1,success,"{"total":1,"location_name":"Hipodroom (CLOSED)","location_id":1}"
2026-09-30 11:09:32,+0300,3,T1,3,success,"{"total":3,"location_name":"T1 Shopping Mall","location_id":3}"
2026-09-30 11:09:32,+0300,9,Mustika,1,success,"{"total":1,"location_name":"Mustika","location_id":9}"
2026-09-30 11:09:32,+0300,10,Suur-Paala,3,success,"{"total":3,"location_name":"Suur-Paala","location_id":10}"
2026-09-30 11:09:32,+0300,1,Hipodroom,1,success,"{"total":1,"location_name":"Hipodroom (CLOSED)","location_id":1}"
2026-09-30 11:11:32,+0300,3,T1,3,success,"{"total":3,"location_name":"T1 Shopping Mall","location_id":3}"
2026-09-30 11:11:32,+0300,9,Mustika,2,success,"{"total":2,"location_name":"Mustika","location_id":9}"
2026-09-30 11:11:32,+0300,10,Suur-Paala,3,success,"{"total":3,"location_name":"Suur-Paala","location_id":10}"
2026-09-30 11:11:32,+0300,1,Hipodroom,1,success,"{"total":1,"location_name":"Hipodroom (CLOSED)","location_id":1}"
2026-09-30 11:13:33,+0300,3,T1,3,success,"{"total":3,"location_name":"T1 Shopping Mall","location_id":3}"
2026-09-30 11:13:33,+0300,9,Mustika,2,success,"{"total":2,"location_name":"Mustika","location_id":9}"
2026-09-30 11:13:33,+0300,10,Suur-Paala,3,success,"{"total":3,"location_name":"Suur-Paala","location_id":10}"
2026-09-30 11:13:33,+0300,1,Hipodroom,1,success,"{"total":1,"location_name":"Hipodroom (CLOSED)","location_id":1}"
2026-09-30 11:15:34,+0300,3,T1,3,success,"{"total":3,"location_name":"T1 Shopping Mall","location_id":3}"
2026-09-30 11:15:34,+0300,9,Mustika,2,success,"{"total":2,"location_name":"Mustika","location_id":9}"
2026-09-30 11:15:34,+0300,10,Suur-Paala,3,success,"{"total":3,"location_name":"Suur-Paala","location_id":10}"
2026-09-30 11:15:34,+0300,1,Hipodroom,1,success,"{"total":1,"location_name":"Hipodroom (CLOSED)","location_id":1}"
2026-09-30 11:17:34,+0300,3,T1,3,success,"{"total":3,"location_name":"T1 Shopping Mall","location_id":3}"
2026-09-30 11:17:34,+0300,9,Mustika,2,success,"{"total":2,"location_name":"Mustika","location_id":9}"
2026-09-30 11:17:34,+0300,10,Suur-Paala,3,success,"{"total":3,"location_name":"Suur-Paala","location_id":10}"
2026-09-30 11:17:34,+0300,1,Hipodroom,1,success,"{"total":1,"location_name":"Hipodroom (CLOSED)","location_id":1}"
2026-09-30 11:19:35,+0300,3,T1,3,success,"{"total":3,"location_name":"T1 Shopping Mall","location_id":3}"
2026-09-30 11:19:35,+0300,9,Mustika,2,success,"{"total":2,"location_name":"Mustika","location_id":9}"
2026-09-30 11:19:35,+0300,10,Suur-Paala,3,success,"{"total":3,"location_name":"Suur-Paala","location_id":10}"
2026-09-30 11:19:35,+0300,1,Hipodroom,1,success,"{"total":1,"location_name":"Hipodroom (CLOSED)","location_id":1}"
2026-09-30 11:21:36,+0300,3,T1,3,success,"{"total":3,"location_name":"T1 Shopping Mall","location_id":3}"
2026-09-30 11:21:36,+0300,9,Mustika,2,success,"{"total":2,"location_name":"Mustika","location_id":9}"
2026-09-30 11:21:36,+0300,10,Suur-Paala,3,success,"{"total":3,"location_name":"Suur-Paala","location_id":10}"
2026-09-30 11:21:36,+0300,1,Hipodroom,1,success,"{"total":1,"location_name":"Hipodroom (CLOSED)","location_id":1}"
2026-09-30 11:23:36,+0300,3,T1,3,success,"{"total":3,"location_name":"T1 Shopping Mall","location_id":3}"
2026-09-30 11:23:36,+0300,9,Mustika,2,success,"{"total":2,"location_name":"Mustika","location_id":9}"
2026-09-30 11:23:36,+0300,10,Suur-Paala,3,success,"{"total":3,"location_name":"Suur-Paala","location_id":10}"
2026-09-30 11:23:36,+0300,1,Hipodroom,1,success,"{"total":1,"location_name":"Hipodroom (CLOSED)","location_id":1}"
2026-09-30 11:25:37,+0300,3,T1,3,success,"{"total":3,"location_name":"T1 Shopping Mall","location_id":3}"
2026-09-30 11:25:37,+0300,9,Mustika,2,success,"{"total":2,"location_name":"Mustika","location_id":9}"
2026-09-30 11:25:37,+0300,10,Suur-Paala,4,success,"{"total":4,"location_name":"Suur-Paala","location_id":10}"
2026-09-30 11:25:37,+0300,1,Hipodroom,1,success,"{"total":1,"location_name":"Hipodroom (CLOSED)","location_id":1}"
2026-09-30 11:27:38,+0300,3,T1,3,success,"{"total":3,"location_name":"T1 Shopping Mall","location_id":3}"
2026-09-30 11:27:38,+0300,9,Mustika,2,success,"{"total":2,"location_name":"Mustika","location_id":9}"
2026-09-30 11:27:38,+0300,10,Suur-Paala,4,success,"{"total":4,"location_name":"Suur-Paala","location_id":10}"
2026-09-30 11:27:38,+0300,1,Hipodroom,1,success,"{"total":1,"location_name":"Hipodroom (CLOSED)","location_id":1}"
2026-09-30 11:29:38,+0300,3,T1,5,success,"{"total":5,"location_name":"T1 Shopping Mall","location_id":3}"
2026-09-30 11:29:38,+0300,9,Mustika,2,success,"{"total":2,"location_name":"Mustika","location_id":9}"
2026-09-30 11:29:38,+0300,10,Suur-Paala,4,success,"{"total":4,"location_name":"Suur-Paala","location_id":10}"
2026-09-30 11:29:38,+0300,1,Hipodroom,1,success,"{"total":1,"location_name":"Hipodroom (CLOSED)","location_id":1}"
2026-09-30 11:31:39,+0300,3,T1,5,success,"{"total":5,"location_name":"T1 Shopping Mall","location_id":3}"
2026-09-30 11:31:39,+0300,9,Mustika,2,success,"{"total":2,"location_name":"Mustika","location_id":9}"
2026-09-30 11:31:39,+0300,10,Suur-Paala,4,success,"{"total":4,"location_name":"Suur-Paala","location_id":10}"
2026-09-30 11:31:39,+0300,1,Hipodroom,1,success,"{"total":1,"location_name":"Hipodroom (CLOSED)","location_id":1}"
2026-09-30 11:33:40,+0300,3,T1,5,success,"{"total":5,"location_name":"T1 Shopping Mall","location_id":3}"
2026-09-30 11:33:40,+0300,9,Mustika,2,success,"{"total":2,"location_name":"Mustika","location_id":9}"
2026-09-30 11:33:40,+0300,10,Suur-Paala,4,success,"{"total":4,"location_name":"Suur-Paala","location_id":10}"
2026-09-30 11:33:40,+0300,1,Hipodroom,1,success,"{"total":1,"location_name":"Hipodroom (CLOSED)","location_id":1}"
2026-09-30 11:35:40,+0300,3,T1,5,success,"{"total":5,"location_name":"T1 Shopping Mall","location_id":3}"
2026-09-30 11:35:40,+0300,9,Mustika,2,success,"{"total":2,"location_name":"Mustika","location_id":9}"
2026-09-30 11:35:40,+0300,10,Suur-Paala,4,success,"{"total":4,"location_name":"Suur-Paala","location_id":10}"
2026-09-30 11:35:40,+0300,1,Hipodroom,1,success,"{"total":1,"location_name":"Hipodroom (CLOSED)","location_id":1}"
2026-09-30 11:37:41,+0300,3,T1,5,success,"{"total":5,"location_name":"T1 Shopping Mall","location_id":3}"
2026-09-30 11:37:41,+0300,9,Mustika,2,success,"{"total":2,"location_name":"Mustika","location_id":9}"
2026-09-30 11:37:41,+0300,10,Suur-Paala,4,success,"{"total":4,"location_name":"Suur-Paala","location_id":10}"
2026-09-30 11:37:41,+0300,1,Hipodroom,1,success,"{"total":1,"location_name":"Hipodroom (CLOSED)","location_id":1}"
2026-09-30 11:39:41,+0300,3,T1,5,success,"{"total":5,"location_name":"T1 Shopping Mall","location_id":3}"
2026-09-30 11:39:41,+0300,9,Mustika,2,success,"{"total":2,"location_name":"Mustika","location_id":9}"
2026-09-30 11:39:41,+0300,10,Suur-Paala,4,success,"{"total":4,"location_name":"Suur-Paala","location_id":10}"
2026-09-30 11:39:41,+0300,1,Hipodroom,1,success,"{"total":1,"location_name":"Hipodroom (CLOSED)","location_id":1}"
2026-09-30 11:41:42,+0300,3,T1,5,success,"{"total":5,"location_name":"T1 Shopping Mall","location_id":3}"
2026-09-30 11:41:42,+0300,9,Mustika,2,success,"{"total":2,"location_name":"Mustika","location_id":9}"
2026-09-30 11:41:42,+0300,10,Suur-Paala,4,success,"{"total":4,"location_name":"Suur-Paala","location_id":10}"
2026-09-30 11:41:42,+0300,1,Hipodroom,1,success,"{"total":1,"location_name":"Hipodroom (CLOSED)","location_id":1}"
2026-09-30 11:43:43,+0300,3,T1,5,success,"{"total":5,"location_name":"T1 Shopping Mall","location_id":3}"
2026-09-30 11:43:43,+0300,9,Mustika,2,success,"{"total":2,"location_name":"Mustika","location_id":9}"
2026-09-30 11:43:43,+0300,10,Suur-Paala,4,success,"{"total":4,"location_name":"Suur-Paala","location_id":10}"
2026-09-30 11:43:43,+0300,1,Hipodroom,1,success,"{"total":1,"location_name":"Hipodroom (CLOSED)","location_id":1}"
2026-09-30 11:45:43,+0300,3,T1,5,success,"{"total":5,"location_name":"T1 Shopping Mall","location_id":3}"
2026-09-30 11:45:43,+0300,9,Mustika,2,success,"{"total":2,"location_name":"Mustika","location_id":9}"
2026-09-30 11:45:43,+0300,10,Suur-Paala,4,success,"{"total":4,"location_name":"Suur-Paala","location_id":10}"
2026-09-30 11:45:43,+0300,1,Hipodroom,1,success,"{"total":1,"location_name":"Hipodroom (CLOSED)","location_id":1}"
2026-09-30 11:47:44,+0300,3,T1,5,success,"{"total":5,"location_name":"T1 Shopping Mall","location_id":3}"
2026-09-30 11:47:44,+0300,9,Mustika,2,success,"{"total":2,"location_name":"Mustika","location_id":9}"
2026-09-30 11:47:44,+0300,10,Suur-Paala,4,success,"{"total":4,"location_name":"Suur-Paala","location_id":10}"
2026-09-30 11:47:44,+0300,1,Hipodroom,1,success,"{"total":1,"location_name":"Hipodroom (CLOSED)","location_id":1}"
2026-09-30 11:49:45,+0300,3,T1,5,success,"{"total":5,"location_name":"T1 Shopping Mall","location_id":3}"
2026-09-30 11:49:45,+0300,9,Mustika,2,success,"{"total":2,"location_name":"Mustika","location_id":9}"
2026-09-30 11:49:45,+0300,10,Suur-Paala,4,success,"{"total":4,"location_name":"Suur-Paala","location_id":10}"
2026-09-30 11:49:45,+0300,1,Hipodroom,1,success,"{"total":1,"location_name":"Hipodroom (CLOSED)","location_id":1}"
2026-09-30 11:51:45,+0300,3,T1,5,success,"{"total":5,"location_name":"T1 Shopping Mall","location_id":3}"
2026-09-30 11:51:45,+0300,9,Mustika,2,success,"{"total":2,"location_name":"Mustika","location_id":9}"
2026-09-30 11:51:45,+0300,10,Suur-Paala,4,success,"{"total":4,"location_name":"Suur-Paala","location_id":10}"
2026-09-30 11:51:45,+0300,1,Hipodroom,1,success,"{"total":1,"location_name":"Hipodroom (CLOSED)","location_id":1}"
2026-09-30 11:53:46,+0300,3,T1,5,success,"{"total":5,"location_name":"T1 Shopping Mall","location_id":3}"
2026-09-30 11:53:46,+0300,9,Mustika,3,success,"{"total":3,"location_name":"Mustika","location_id":9}"
2026-09-30 11:53:46,+0300,10,Suur-Paala,4,success,"{"total":4,"location_name":"Suur-Paala","location_id":10}"
2026-09-30 11:53:46,+0300,1,Hipodroom,1,success,"{"total":1,"location_name":"Hipodroom (CLOSED)","location_id":1}"
2026-09-30 11:55:46,+0300,3,T1,5,success,"{"total":5,"location_name":"T1 Shopping Mall","location_id":3}"
2026-09-30 11:55:46,+0300,9,Mustika,3,success,"{"total":3,"location_name":"Mustika","location_id":9}"
2026-09-30 11:55:46,+0300,10,Suur-Paala,4,success,"{"total":4,"location_name":"Suur-Paala","location_id":10}"
2026-09-30 11:55:46,+0300,1,Hipodroom,1,success,"{"total":1,"location_name":"Hipodroom (CLOSED)","location_id":1}"
2026-09-30 11:57:47,+0300,3,T1,5,success,"{"total":5,"location_name":"T1 Shopping Mall","location_id":3}"
2026-09-30 11:57:47,+0300,9,Mustika,3,success,"{"total":3,"location_name":"Mustika","location_id":9}"
2026-09-30 11:57:47,+0300,10,Suur-Paala,4,success,"{"total":4,"location_name":"Suur-Paala","location_id":10}"
2026-09-30 11:57:47,+0300,1,Hipodroom,1,success,"{"total":1,"location_name":"Hipodroom (CLOSED)","location_id":1}"
2026-09-30 11:59:48,+0300,3,T1,6,success,"{"total":6,"location_name":"T1 Shopping Mall","location_id":3}"
2026-09-30 11:59:48,+0300,9,Mustika,3,success,"{"total":3,"location_name":"Mustika","location_id":9}"
2026-09-30 11:59:48,+0300,10,Suur-Paala,4,success,"{"total":4,"location_name":"Suur-Paala","location_id":10}"
2026-09-30 11:59:48,+0300,1,Hipodroom,1,success,"{"total":1,"location_name":"Hipodroom (CLOSED)","location_id":1}"
2026-09-30 12:01:48,+0300,3,T1,6,success,"{"total":6,"location_name":"T1 Shopping Mall","location_id":3}"
2026-09-30 12:01:48,+0300,9,Mustika,3,success,"{"total":3,"location_name":"Mustika","location_id":9}"
2026-09-30 12:01:48,+0300,10,Suur-Paala,4,success,"{"total":4,"location_name":"Suur-Paala","location_id":10}"
2026-09-30 12:01:48,+0300,1,Hipodroom,1,success,"{"total":1,"location_name":"Hipodroom (CLOSED)","location_id":1}"
2026-09-30 12:03:49,+0300,3,T1,6,success,"{"total":6,"location_name":"T1 Shopping Mall","location_id":3}"
2026-09-30 12:03:49,+0300,9,Mustika,3,success,"{"total":3,"location_name":"Mustika","location_id":9}"
2026-09-30 12:03:49,+0300,10,Suur-Paala,4,success,"{"total":4,"location_name":"Suur-Paala","location_id":10}"
2026-09-30 12:03:49,+0300,1,Hipodroom,1,success,"{"total":1,"location_name":"Hipodroom (CLOSED)","location_id":1}"
2026-09-30 12:05:50,+0300,3,T1,7,success,"{"total":7,"location_name":"T1 Shopping Mall","location_id":3}"
2026-09-30 12:05:50,+0300,9,Mustika,3,success,"{"total":3,"location_name":"Mustika","location_id":9}"
2026-09-30 12:05:50,+0300,10,Suur-Paala,4,success,"{"total":4,"location_name":"Suur-Paala","location_id":10}"
2026-09-30 12:05:50,+0300,1,Hipodroom,1,success,"{"total":1,"location_name":"Hipodroom (CLOSED)","location_id":1}"
2026-09-30 12:07:50,+0300,3,T1,7,success,"{"total":7,"location_name":"T1 Shopping Mall","location_id":3}"
2026-09-30 12:07:50,+0300,9,Mustika,3,success,"{"total":3,"location_name":"Mustika","location_id":9}"
2026-09-30 12:07:50,+0300,10,Suur-Paala,3,success,"{"total":3,"location_name":"Suur-Paala","location_id":10}"
2026-09-30 12:07:50,+0300,1,Hipodroom,1,success,"{"total":1,"location_name":"Hipodroom (CLOSED)","location_id":1}"
2026-09-30 12:09:51,+0300,3,T1,7,success,"{"total":7,"location_name":"T1 Shopping Mall","location_id":3}"
2026-09-30 12:09:51,+0300,9,Mustika,3,success,"{"total":3,"location_name":"Mustika","location_id":9}"
2026-09-30 12:09:51,+0300,10,Suur-Paala,3,success,"{"total":3,"location_name":"Suur-Paala","location_id":10}"
2026-09-30 12:09:51,+0300,1,Hipodroom,1,success,"{"total":1,"location_name":"Hipodroom (CLOSED)","location_id":1}"
2026-09-30 12:11:52,+0300,3,T1,7,success,"{"total":7,"location_name":"T1 Shopping Mall","location_id":3}"
2026-09-30 12:11:52,+0300,9,Mustika,3,success,"{"total":3,"location_name":"Mustika","location_id":9}"
2026-09-30 12:11:52,+0300,10,Suur-Paala,3,success,"{"total":3,"location_name":"Suur-Paala","location_id":10}"
2026-09-30 12:11:52,+0300,1,Hipodroom,1,success,"{"total":1,"location_name":"Hipodroom (CLOSED)","location_id":1}"
2026-09-30 12:13:52,+0300,3,T1,7,success,"{"total":7,"location_name":"T1 Shopping Mall","location_id":3}"
2026-09-30 12:13:52,+0300,9,Mustika,3,success,"{"total":3,"location_name":"Mustika","location_id":9}"
2026-09-30 12:13:52,+0300,10,Suur-Paala,3,success,"{"total":3,"location_name":"Suur-Paala","location_id":10}"
2026-09-30 12:13:52,+0300,1,Hipodroom,1,success,"{"total":1,"location_name":"Hipodroom (CLOSED)","location_id":1}"
2026-09-30 12:15:53,+0300,3,T1,7,success,"{"total":7,"location_name":"T1 Shopping Mall","location_id":3}"
2026-09-30 12:15:53,+0300,9,Mustika,3,success,"{"total":3,"location_name":"Mustika","location_id":9}"
2026-09-30 12:15:53,+0300,10,Suur-Paala,3,success,"{"total":3,"location_name":"Suur-Paala","location_id":10}"
2026-09-30 12:15:53,+0300,1,Hipodroom,1,success,"{"total":1,"location_name":"Hipodroom (CLOSED)","location_id":1}"
2026-09-30 12:17:54,+0300,3,T1,6,success,"{"total":6,"location_name":"T1 Shopping Mall","location_id":3}"
2026-09-30 12:17:54,+0300,9,Mustika,3,success,"{"total":3,"location_name":"Mustika","location_id":9}"
2026-09-30 12:17:54,+0300,10,Suur-Paala,3,success,"{"total":3,"location_name":"Suur-Paala","location_id":10}"
2026-09-30 12:17:54,+0300,1,Hipodroom,1,success,"{"total":1,"location_name":"Hipodroom (CLOSED)","location_id":1}"
2026-09-30 12:19:54,+0300,3,T1,6,success,"{"total":6,"location_name":"T1 Shopping Mall","location_id":3}"
2026-09-30 12:19:54,+0300,9,Mustika,3,success,"{"total":3,"location_name":"Mustika","location_id":9}"
2026-09-30 12:19:54,+0300,10,Suur-Paala,3,success,"{"total":3,"location_name":"Suur-Paala","location_id":10}"
2026-09-30 12:19:54,+0300,1,Hipodroom,1,success,"{"total":1,"location_name":"Hipodroom (CLOSED)","location_id":1}"
2026-09-30 12:21:55,+0300,3,T1,6,success,"{"total":6,"location_name":"T1 Shopping Mall","location_id":3}"
2026-09-30 12:21:55,+0300,9,Mustika,3,success,"{"total":3,"location_name":"Mustika","location_id":9}"
2026-09-30 12:21:55,+0300,10,Suur-Paala,3,success,"{"total":3,"location_name":"Suur-Paala","location_id":10}"
2026-09-30 12:21:55,+0300,1,Hipodroom,1,success,"{"total":1,"location_name":"Hipodroom (CLOSED)","location_id":1}"
2026-09-30 12:23:56,+0300,3,T1,6,success,"{"total":6,"location_name":"T1 Shopping Mall","location_id":3}"
2026-09-30 12:23:56,+0300,9,Mustika,3,success,"{"total":3,"location_name":"Mustika","location_id":9}"
2026-09-30 12:23:56,+0300,10,Suur-Paala,3,success,"{"total":3,"location_name":"Suur-Paala","location_id":10}"
2026-09-30 12:23:56,+0300,1,Hipodroom,1,success,"{"total":1,"location_name":"Hipodroom (CLOSED)","location_id":1}"
2026-09-30 12:25:56,+0300,3,T1,6,success,"{"total":6,"location_name":"T1 Shopping Mall","location_id":3}"
2026-09-30 12:25:56,+0300,9,Mustika,3,success,"{"total":3,"location_name":"Mustika","location_id":9}"
2026-09-30 12:25:56,+0300,10,Suur-Paala,3,success,"{"total":3,"location_name":"Suur-Paala","location_id":10}"
2026-09-30 12:25:56,+0300,1,Hipodroom,1,success,"{"total":1,"location_name":"Hipodroom (CLOSED)","location_id":1}"
2026-09-30 12:27:57,+0300,3,T1,6,success,"{"total":6,"location_name":"T1 Shopping Mall","location_id":3}"
2026-09-30 12:27:57,+0300,9,Mustika,3,success,"{"total":3,"location_name":"Mustika","location_id":9}"
2026-09-30 12:27:57,+0300,10,Suur-Paala,3,success,"{"total":3,"location_name":"Suur-Paala","location_id":10}"
2026-09-30 12:27:57,+0300,1,Hipodroom,1,success,"{"total":1,"location_name":"Hipodroom (CLOSED)","location_id":1}"
2026-09-30 12:29:57,+0300,3,T1,6,success,"{"total":6,"location_name":"T1 Shopping Mall","location_id":3}"
2026-09-30 12:29:57,+0300,9,Mustika,3,success,"{"total":3,"location_name":"Mustika","location_id":9}"
2026-09-30 12:29:57,+0300,10,Suur-Paala,3,success,"{"total":3,"location_name":"Suur-Paala","location_id":10}"
2026-09-30 12:29:57,+0300,1,Hipodroom,1,success,"{"total":1,"location_name":"Hipodroom (CLOSED)","location_id":1}"
2026-09-30 12:31:58,+0300,3,T1,6,success,"{"total":6,"location_name":"T1 Shopping Mall","location_id":3}"
2026-09-30 12:31:58,+0300,9,Mustika,3,success,"{"total":3,"location_name":"Mustika","location_id":9}"
2026-09-30 12:31:58,+0300,10,Suur-Paala,3,success,"{"total":3,"location_name":"Suur-Paala","location_id":10}"
2026-09-30 12:31:58,+0300,1,Hipodroom,1,success,"{"total":1,"location_name":"Hipodroom (CLOSED)","location_id":1}"
2026-09-30 12:33:59,+0300,3,T1,6,success,"{"total":6,"location_name":"T1 Shopping Mall","location_id":3}"
2026-09-30 12:33:59,+0300,9,Mustika,3,success,"{"total":3,"location_name":"Mustika","location_id":9}"
2026-09-30 12:33:59,+0300,10,Suur-Paala,3,success,"{"total":3,"location_name":"Suur-Paala","location_id":10}"
2026-09-30 12:33:59,+0300,1,Hipodroom,1,success,"{"total":1,"location_name":"Hipodroom (CLOSED)","location_id":1}"
2026-09-30 12:35:59,+0300,3,T1,5,success,"{"total":5,"location_name":"T1 Shopping Mall","location_id":3}"
2026-09-30 12:35:59,+0300,9,Mustika,3,success,"{"total":3,"location_name":"Mustika","location_id":9}"
2026-09-30 12:35:59,+0300,10,Suur-Paala,3,success,"{"total":3,"location_name":"Suur-Paala","location_id":10}"
2026-09-30 12:35:59,+0300,1,Hipodroom,1,success,"{"total":1,"location_name":"Hipodroom (CLOSED)","location_id":1}"
2026-09-30 12:38:00,+0300,3,T1,5,success,"{"total":5,"location_name":"T1 Shopping Mall","location_id":3}"
2026-09-30 12:38:00,+0300,9,Mustika,3,success,"{"total":3,"location_name":"Mustika","location_id":9}"
2026-09-30 12:38:00,+0300,10,Suur-Paala,2,success,"{"total":2,"location_name":"Suur-Paala","location_id":10}"
2026-09-30 12:38:00,+0300,1,Hipodroom,1,success,"{"total":1,"location_name":"Hipodroom (CLOSED)","location_id":1}"
2026-09-30 12:40:01,+0300,3,T1,5,success,"{"total":5,"location_name":"T1 Shopping Mall","location_id":3}"
2026-09-30 12:40:01,+0300,9,Mustika,3,success,"{"total":3,"location_name":"Mustika","location_id":9}"
2026-09-30 12:40:01,+0300,10,Suur-Paala,2,success,"{"total":2,"location_name":"Suur-Paala","location_id":10}"
2026-09-30 12:40:01,+0300,1,Hipodroom,1,success,"{"total":1,"location_name":"Hipodroom (CLOSED)","location_id":1}"
2026-09-30 12:42:01,+0300,3,T1,5,success,"{"total":5,"location_name":"T1 Shopping Mall","location_id":3}"
2026-09-30 12:42:01,+0300,9,Mustika,3,success,"{"total":3,"location_name":"Mustika","location_id":9}"
2026-09-30 12:42:01,+0300,10,Suur-Paala,2,success,"{"total":2,"location_name":"Suur-Paala","location_id":10}"
2026-09-30 12:42:01,+0300,1,Hipodroom,1,success,"{"total":1,"location_name":"Hipodroom (CLOSED)","location_id":1}"
2026-09-30 12:44:02,+0300,3,T1,5,success,"{"total":5,"location_name":"T1 Shopping Mall","location_id":3}"
2026-09-30 12:44:02,+0300,9,Mustika,3,success,"{"total":3,"location_name":"Mustika","location_id":9}"
2026-09-30 12:44:02,+0300,10,Suur-Paala,2,success,"{"total":2,"location_name":"Suur-Paala","location_id":10}"
2026-09-30 12:44:02,+0300,1,Hipodroom,1,success,"{"total":1,"location_name":"Hipodroom (CLOSED)","location_id":1}"
2026-09-30 12:46:03,+0300,3,T1,5,success,"{"total":5,"location_name":"T1 Shopping Mall","location_id":3}"
2026-09-30 12:46:03,+0300,9,Mustika,3,success,"{"total":3,"location_name":"Mustika","location_id":9}"
2026-09-30 12:46:03,+0300,10,Suur-Paala,2,success,"{"total":2,"location_name":"Suur-Paala","location_id":10}"
2026-09-30 12:46:03,+0300,1,Hipodroom,1,success,"{"total":1,"location_name":"Hipodroom (CLOSED)","location_id":1}"
2026-09-30 12:48:03,+0300,3,T1,5,success,"{"total":5,"location_name":"T1 Shopping Mall","location_id":3}"
2026-09-30 12:48:03,+0300,9,Mustika,3,success,"{"total":3,"location_name":"Mustika","location_id":9}"
2026-09-30 12:48:03,+0300,10,Suur-Paala,2,success,"{"total":2,"location_name":"Suur-Paala","location_id":10}"
2026-09-30 12:48:03,+0300,1,Hipodroom,1,success,"{"total":1,"location_name":"Hipodroom (CLOSED)","location_id":1}"
2026-09-30 12:50:04,+0300,3,T1,5,success,"{"total":5,"location_name":"T1 Shopping Mall","location_id":3}"
2026-09-30 12:50:04,+0300,9,Mustika,3,success,"{"total":3,"location_name":"Mustika","location_id":9}"
2026-09-30 12:50:04,+0300,10,Suur-Paala,2,success,"{"total":2,"location_name":"Suur-Paala","location_id":10}"
2026-09-30 12:50:04,+0300,1,Hipodroom,1,success,"{"total":1,"location_name":"Hipodroom (CLOSED)","location_id":1}"
2026-09-30 12:52:04,+0300,3,T1,5,success,"{"total":5,"location_name":"T1 Shopping Mall","location_id":3}"
2026-09-30 12:52:04,+0300,9,Mustika,3,success,"{"total":3,"location_name":"Mustika","location_id":9}"
2026-09-30 12:52:04,+0300,10,Suur-Paala,2,success,"{"total":2,"location_name":"Suur-Paala","location_id":10}"
2026-09-30 12:52:04,+0300,1,Hipodroom,1,success,"{"total":1,"location_name":"Hipodroom (CLOSED)","location_id":1}"
2026-09-30 12:54:05,+0300,3,T1,5,success,"{"total":5,"location_name":"T1 Shopping Mall","location_id":3}"
2026-09-30 12:54:05,+0300,9,Mustika,4,success,"{"total":4,"location_name":"Mustika","location_id":9}"
2026-09-30 12:54:05,+0300,10,Suur-Paala,2,success,"{"total":2,"location_name":"Suur-Paala","location_id":10}"
2026-09-30 12:54:05,+0300,1,Hipodroom,1,success,"{"total":1,"location_name":"Hipodroom (CLOSED)","location_id":1}"
2026-09-30 12:56:06,+0300,3,T1,5,success,"{"total":5,"location_name":"T1 Shopping Mall","location_id":3}"
2026-09-30 12:56:06,+0300,9,Mustika,4,success,"{"total":4,"location_name":"Mustika","location_id":9}"
2026-09-30 12:56:06,+0300,10,Suur-Paala,2,success,"{"total":2,"location_name":"Suur-Paala","location_id":10}"
2026-09-30 12:56:06,+0300,1,Hipodroom,1,success,"{"total":1,"location_name":"Hipodroom (CLOSED)","location_id":1}"
2026-09-30 12:58:06,+0300,3,T1,5,success,"{"total":5,"location_name":"T1 Shopping Mall","location_id":3}"
2026-09-30 12:58:06,+0300,9,Mustika,4,success,"{"total":4,"location_name":"Mustika","location_id":9}"
2026-09-30 12:58:06,+0300,10,Suur-Paala,2,success,"{"total":2,"location_name":"Suur-Paala","location_id":10}"
2026-09-30 12:58:06,+0300,1,Hipodroom,1,success,"{"total":1,"location_name":"Hipodroom (CLOSED)","location_id":1}"
2026-09-30 13:00:07,+0300,3,T1,5,success,"{"total":5,"location_name":"T1 Shopping Mall","location_id":3}"
2026-09-30 13:00:07,+0300,9,Mustika,4,success,"{"total":4,"location_name":"Mustika","location_id":9}"
2026-09-30 13:00:07,+0300,10,Suur-Paala,2,success,"{"total":2,"location_name":"Suur-Paala","location_id":10}"
2026-09-30 13:00:07,+0300,1,Hipodroom,1,success,"{"total":1,"location_name":"Hipodroom (CLOSED)","location_id":1}"
2026-09-30 13:02:07,+0300,3,T1,5,success,"{"total":5,"location_name":"T1 Shopping Mall","location_id":3}"
2026-09-30 13:02:07,+0300,9,Mustika,4,success,"{"total":4,"location_name":"Mustika","location_id":9}"
2026-09-30 13:02:07,+0300,10,Suur-Paala,2,success,"{"total":2,"location_name":"Suur-Paala","location_id":10}"
2026-09-30 13:02:07,+0300,1,Hipodroom,1,success,"{"total":1,"location_name":"Hipodroom (CLOSED)","location_id":1}"
2026-09-30 13:04:08,+0300,3,T1,5,success,"{"total":5,"location_name":"T1 Shopping Mall","location_id":3}"
2026-09-30 13:04:08,+0300,9,Mustika,4,success,"{"total":4,"location_name":"Mustika","location_id":9}"
2026-09-30 13:04:08,+0300,10,Suur-Paala,2,success,"{"total":2,"location_name":"Suur-Paala","location_id":10}"
2026-09-30 13:04:08,+0300,1,Hipodroom,1,success,"{"total":1,"location_name":"Hipodroom (CLOSED)","location_id":1}"
2026-09-30 13:06:09,+0300,3,T1,5,success,"{"total":5,"location_name":"T1 Shopping Mall","location_id":3}"
2026-09-30 13:06:09,+0300,9,Mustika,4,success,"{"total":4,"location_name":"Mustika","location_id":9}"
2026-09-30 13:06:09,+0300,10,Suur-Paala,2,success,"{"total":2,"location_name":"Suur-Paala","location_id":10}"
2026-09-30 13:06:09,+0300,1,Hipodroom,0,success,"{"total":0,"location_name":"Hipodroom (CLOSED)","location_id":1}"
2026-09-30 13:08:09,+0300,3,T1,5,success,"{"total":5,"location_name":"T1 Shopping Mall","location_id":3}"
2026-09-30 13:08:09,+0300,9,Mustika,4,success,"{"total":4,"location_name":"Mustika","location_id":9}"
2026-09-30 13:08:09,+0300,10,Suur-Paala,2,success,"{"total":2,"location_name":"Suur-Paala","location_id":10}"
2026-09-30 13:08:09,+0300,1,Hipodroom,0,success,"{"total":0,"location_name":"Hipodroom (CLOSED)","location_id":1}"
2026-09-30 13:10:10,+0300,3,T1,5,success,"{"total":5,"location_name":"T1 Shopping Mall","location_id":3}"
2026-09-30 13:10:10,+0300,9,Mustika,4,success,"{"total":4,"location_name":"Mustika","location_id":9}"
2026-09-30 13:10:10,+0300,10,Suur-Paala,2,success,"{"total":2,"location_name":"Suur-Paala","location_id":10}"
2026-09-30 13:10:10,+0300,1,Hipodroom,0,success,"{"total":0,"location_name":"Hipodroom (CLOSED)","location_id":1}"
2026-09-30 13:12:11,+0300,3,T1,6,success,"{"total":6,"location_name":"T1 Shopping Mall","location_id":3}"
2026-09-30 13:12:11,+0300,9,Mustika,5,success,"{"total":5,"location_name":"Mustika","location_id":9}"
2026-09-30 13:12:11,+0300,10,Suur-Paala,2,success,"{"total":2,"location_name":"Suur-Paala","location_id":10}"
2026-09-30 13:12:11,+0300,1,Hipodroom,0,success,"{"total":0,"location_name":"Hipodroom (CLOSED)","location_id":1}"
2026-09-30 13:14:11,+0300,3,T1,6,success,"{"total":6,"location_name":"T1 Shopping Mall","location_id":3}"
2026-09-30 13:14:11,+0300,9,Mustika,5,success,"{"total":5,"location_name":"Mustika","location_id":9}"
2026-09-30 13:14:11,+0300,10,Suur-Paala,2,success,"{"total":2,"location_name":"Suur-Paala","location_id":10}"
2026-09-30 13:14:11,+0300,1,Hipodroom,0,success,"{"total":0,"location_name":"Hipodroom (CLOSED)","location_id":1}"
2026-09-30 13:16:12,+0300,3,T1,6,success,"{"total":6,"location_name":"T1 Shopping Mall","location_id":3}"
2026-09-30 13:16:12,+0300,9,Mustika,5,success,"{"total":5,"location_name":"Mustika","location_id":9}"
2026-09-30 13:16:12,+0300,10,Suur-Paala,2,success,"{"total":2,"location_name":"Suur-Paala","location_id":10}"
2026-09-30 13:16:12,+0300,1,Hipodroom,0,success,"{"total":0,"location_name":"Hipodroom (CLOSED)","location_id":1}"
2026-09-30 13:18:13,+0300,3,T1,6,success,"{"total":6,"location_name":"T1 Shopping Mall","location_id":3}"
2026-09-30 13:18:13,+0300,9,Mustika,5,success,"{"total":5,"location_name":"Mustika","location_id":9}"
2026-09-30 13:18:13,+0300,10,Suur-Paala,2,success,"{"total":2,"location_name":"Suur-Paala","location_id":10}"
2026-09-30 13:18:13,+0300,1,Hipodroom,0,success,"{"total":0,"location_name":"Hipodroom (CLOSED)","location_id":1}"
2026-09-30 13:20:13,+0300,3,T1,6,success,"{"total":6,"location_name":"T1 Shopping Mall","location_id":3}"
2026-09-30 13:20:13,+0300,9,Mustika,5,success,"{"total":5,"location_name":"Mustika","location_id":9}"
2026-09-30 13:20:13,+0300,10,Suur-Paala,2,success,"{"total":2,"location_name":"Suur-Paala","location_id":10}"
2026-09-30 13:20:13,+0300,1,Hipodroom,0,success,"{"total":0,"location_name":"Hipodroom (CLOSED)","location_id":1}"
2026-09-30 13:22:14,+0300,3,T1,6,success,"{"total":6,"location_name":"T1 Shopping Mall","location_id":3}"
2026-09-30 13:22:14,+0300,9,Mustika,5,success,"{"total":5,"location_name":"Mustika","location_id":9}"
2026-09-30 13:22:14,+0300,10,Suur-Paala,2,success,"{"total":2,"location_name":"Suur-Paala","location_id":10}"
2026-09-30 13:22:14,+0300,1,Hipodroom,0,success,"{"total":0,"location_name":"Hipodroom (CLOSED)","location_id":1}"
2026-09-30 13:24:14,+0300,3,T1,7,success,"{"total":7,"location_name":"T1 Shopping Mall","location_id":3}"
2026-09-30 13:24:14,+0300,9,Mustika,5,success,"{"total":5,"location_name":"Mustika","location_id":9}"
2026-09-30 13:24:14,+0300,10,Suur-Paala,2,success,"{"total":2,"location_name":"Suur-Paala","location_id":10}"
2026-09-30 13:24:14,+0300,1,Hipodroom,0,success,"{"total":0,"location_name":"Hipodroom (CLOSED)","location_id":1}"
2026-09-30 13:26:15,+0300,3,T1,7,success,"{"total":7,"location_name":"T1 Shopping Mall","location_id":3}"
2026-09-30 13:26:15,+0300,9,Mustika,5,success,"{"total":5,"location_name":"Mustika","location_id":9}"
2026-09-30 13:26:15,+0300,10,Suur-Paala,2,success,"{"total":2,"location_name":"Suur-Paala","location_id":10}"
2026-09-30 13:26:15,+0300,1,Hipodroom,0,success,"{"total":0,"location_name":"Hipodroom (CLOSED)","location_id":1}"
2026-09-30 13:28:16,+0300,3,T1,7,success,"{"total":7,"location_name":"T1 Shopping Mall","location_id":3}"
2026-09-30 13:28:16,+0300,9,Mustika,5,success,"{"total":5,"location_name":"Mustika","location_id":9}"
2026-09-30 13:28:16,+0300,10,Suur-Paala,2,success,"{"total":2,"location_name":"Suur-Paala","location_id":10}"
2026-09-30 13:28:16,+0300,1,Hipodroom,0,success,"{"total":0,"location_name":"Hipodroom (CLOSED)","location_id":1}"
2026-09-30 13:30:17,+0300,3,T1,7,success,"{"total":7,"location_name":"T1 Shopping Mall","location_id":3}"
2026-09-30 13:30:17,+0300,9,Mustika,5,success,"{"total":5,"location_name":"Mustika","location_id":9}"
2026-09-30 13:30:17,+0300,10,Suur-Paala,2,success,"{"total":2,"location_name":"Suur-Paala","location_id":10}"
2026-09-30 13:30:17,+0300,1,Hipodroom,0,success,"{"total":0,"location_name":"Hipodroom (CLOSED)","location_id":1}"
2026-09-30 13:32:17,+0300,3,T1,7,success,"{"total":7,"location_name":"T1 Shopping Mall","location_id":3}"
2026-09-30 13:32:17,+0300,9,Mustika,5,success,"{"total":5,"location_name":"Mustika","location_id":9}"
2026-09-30 13:32:17,+0300,10,Suur-Paala,2,success,"{"total":2,"location_name":"Suur-Paala","location_id":10}"
2026-09-30 13:32:17,+0300,1,Hipodroom,0,success,"{"total":0,"location_name":"Hipodroom (CLOSED)","location_id":1}"
2026-09-30 13:34:18,+0300,3,T1,7,success,"{"total":7,"location_name":"T1 Shopping Mall","location_id":3}"
2026-09-30 13:34:18,+0300,9,Mustika,5,success,"{"total":5,"location_name":"Mustika","location_id":9}"
2026-09-30 13:34:18,+0300,10,Suur-Paala,2,success,"{"total":2,"location_name":"Suur-Paala","location_id":10}"
2026-09-30 13:34:18,+0300,1,Hipodroom,0,success,"{"total":0,"location_name":"Hipodroom (CLOSED)","location_id":1}"
2026-09-30 13:36:19,+0300,3,T1,7,success,"{"total":7,"location_name":"T1 Shopping Mall","location_id":3}"
2026-09-30 13:36:19,+0300,9,Mustika,5,success,"{"total":5,"location_name":"Mustika","location_id":9}"
2026-09-30 13:36:19,+0300,10,Suur-Paala,2,success,"{"total":2,"location_name":"Suur-Paala","location_id":10}"
2026-09-30 13:36:19,+0300,1,Hipodroom,0,success,"{"total":0,"location_name":"Hipodroom (CLOSED)","location_id":1}"
2026-09-30 13:38:19,+0300,3,T1,7,success,"{"total":7,"location_name":"T1 Shopping Mall","location_id":3}"
2026-09-30 13:38:19,+0300,9,Mustika,5,success,"{"total":5,"location_name":"Mustika","location_id":9}"
2026-09-30 13:38:19,+0300,10,Suur-Paala,2,success,"{"total":2,"location_name":"Suur-Paala","location_id":10}"
2026-09-30 13:38:19,+0300,1,Hipodroom,0,success,"{"total":0,"location_name":"Hipodroom (CLOSED)","location_id":1}"
2026-09-30 13:40:20,+0300,3,T1,7,success,"{"total":7,"location_name":"T1 Shopping Mall","location_id":3}"
2026-09-30 13:40:20,+0300,9,Mustika,5,success,"{"total":5,"location_name":"Mustika","location_id":9}"
2026-09-30 13:40:20,+0300,10,Suur-Paala,2,success,"{"total":2,"location_name":"Suur-Paala","location_id":10}"
2026-09-30 13:40:20,+0300,1,Hipodroom,0,success,"{"total":0,"location_name":"Hipodroom (CLOSED)","location_id":1}"
2026-09-30 13:42:21,+0300,3,T1,8,success,"{"total":8,"location_name":"T1 Shopping Mall","location_id":3}"
2026-09-30 13:42:21,+0300,9,Mustika,6,success,"{"total":6,"location_name":"Mustika","location_id":9}"
2026-09-30 13:42:21,+0300,10,Suur-Paala,2,success,"{"total":2,"location_name":"Suur-Paala","location_id":10}"
2026-09-30 13:42:21,+0300,1,Hipodroom,0,success,"{"total":0,"location_name":"Hipodroom (CLOSED)","location_id":1}"
2026-09-30 13:44:21,+0300,3,T1,8,success,"{"total":8,"location_name":"T1 Shopping Mall","location_id":3}"
2026-09-30 13:44:21,+0300,9,Mustika,6,success,"{"total":6,"location_name":"Mustika","location_id":9}"
2026-09-30 13:44:21,+0300,10,Suur-Paala,2,success,"{"total":2,"location_name":"Suur-Paala","location_id":10}"
2026-09-30 13:44:21,+0300,1,Hipodroom,0,success,"{"total":0,"location_name":"Hipodroom (CLOSED)","location_id":1}"
2026-09-30 13:46:22,+0300,3,T1,8,success,"{"total":8,"location_name":"T1 Shopping Mall","location_id":3}"
2026-09-30 13:46:22,+0300,9,Mustika,6,success,"{"total":6,"location_name":"Mustika","location_id":9}"
2026-09-30 13:46:22,+0300,10,Suur-Paala,2,success,"{"total":2,"location_name":"Suur-Paala","location_id":10}"
2026-09-30 13:46:22,+0300,1,Hipodroom,0,success,"{"total":0,"location_name":"Hipodroom (CLOSED)","location_id":1}"
2026-09-30 13:48:23,+0300,3,T1,8,success,"{"total":8,"location_name":"T1 Shopping Mall","location_id":3}"
2026-09-30 13:48:23,+0300,9,Mustika,6,success,"{"total":6,"location_name":"Mustika","location_id":9}"
2026-09-30 13:48:23,+0300,10,Suur-Paala,2,success,"{"total":2,"location_name":"Suur-Paala","location_id":10}"
2026-09-30 13:48:23,+0300,1,Hipodroom,0,success,"{"total":0,"location_name":"Hipodroom (CLOSED)","location_id":1}"
2026-09-30 13:50:24,+0300,3,T1,8,success,"{"total":8,"location_name":"T1 Shopping Mall","location_id":3}"
2026-09-30 13:50:24,+0300,9,Mustika,6,success,"{"total":6,"location_name":"Mustika","location_id":9}"
2026-09-30 13:50:24,+0300,10,Suur-Paala,2,success,"{"total":2,"location_name":"Suur-Paala","location_id":10}"
2026-09-30 13:50:24,+0300,1,Hipodroom,0,success,"{"total":0,"location_name":"Hipodroom (CLOSED)","location_id":1}"
2026-09-30 13:52:24,+0300,3,T1,8,success,"{"total":8,"location_name":"T1 Shopping Mall","location_id":3}"
2026-09-30 13:52:24,+0300,9,Mustika,6,success,"{"total":6,"location_name":"Mustika","location_id":9}"
2026-09-30 13:52:24,+0300,10,Suur-Paala,2,success,"{"total":2,"location_name":"Suur-Paala","location_id":10}"
2026-09-30 13:52:24,+0300,1,Hipodroom,0,success,"{"total":0,"location_name":"Hipodroom (CLOSED)","location_id":1}"
2026-09-30 13:54:25,+0300,3,T1,8,success,"{"total":8,"location_name":"T1 Shopping Mall","location_id":3}"
2026-09-30 13:54:25,+0300,9,Mustika,6,success,"{"total":6,"location_name":"Mustika","location_id":9}"
2026-09-30 13:54:25,+0300,10,Suur-Paala,2,success,"{"total":2,"location_name":"Suur-Paala","location_id":10}"
2026-09-30 13:54:25,+0300,1,Hipodroom,0,success,"{"total":0,"location_name":"Hipodroom (CLOSED)","location_id":1}"
2026-09-30 13:56:26,+0300,3,T1,8,success,"{"total":8,"location_name":"T1 Shopping Mall","location_id":3}"
2026-09-30 13:56:26,+0300,9,Mustika,6,success,"{"total":6,"location_name":"Mustika","location_id":9}"
2026-09-30 13:56:26,+0300,10,Suur-Paala,2,success,"{"total":2,"location_name":"Suur-Paala","location_id":10}"
2026-09-30 13:56:26,+0300,1,Hipodroom,0,success,"{"total":0,"location_name":"Hipodroom (CLOSED)","location_id":1}"
2026-09-30 13:58:26,+0300,3,T1,9,success,"{"total":9,"location_name":"T1 Shopping Mall","location_id":3}"
2026-09-30 13:58:26,+0300,9,Mustika,6,success,"{"total":6,"location_name":"Mustika","location_id":9}"
2026-09-30 13:58:26,+0300,10,Suur-Paala,2,success,"{"total":2,"location_name":"Suur-Paala","location_id":10}"
2026-09-30 13:58:26,+0300,1,Hipodroom,0,success,"{"total":0,"location_name":"Hipodroom (CLOSED)","location_id":1}"
2026-09-30 14:00:27,+0300,3,T1,9,success,"{"total":9,"location_name":"T1 Shopping Mall","location_id":3}"
2026-09-30 14:00:27,+0300,9,Mustika,5,success,"{"total":5,"location_name":"Mustika","location_id":9}"
2026-09-30 14:00:27,+0300,10,Suur-Paala,2,success,"{"total":2,"location_name":"Suur-Paala","location_id":10}"
2026-09-30 14:00:27,+0300,1,Hipodroom,0,success,"{"total":0,"location_name":"Hipodroom (CLOSED)","location_id":1}"
2026-09-30 14:02:28,+0300,3,T1,9,success,"{"total":9,"location_name":"T1 Shopping Mall","location_id":3}"
2026-09-30 14:02:28,+0300,9,Mustika,5,success,"{"total":5,"location_name":"Mustika","location_id":9}"
2026-09-30 14:02:28,+0300,10,Suur-Paala,2,success,"{"total":2,"location_name":"Suur-Paala","location_id":10}"
2026-09-30 14:02:28,+0300,1,Hipodroom,0,success,"{"total":0,"location_name":"Hipodroom (CLOSED)","location_id":1}"
2026-09-30 14:04:28,+0300,3,T1,10,success,"{"total":10,"location_name":"T1 Shopping Mall","location_id":3}"
2026-09-30 14:04:28,+0300,9,Mustika,5,success,"{"total":5,"location_name":"Mustika","location_id":9}"
2026-09-30 14:04:28,+0300,10,Suur-Paala,2,success,"{"total":2,"location_name":"Suur-Paala","location_id":10}"
2026-09-30 14:04:28,+0300,1,Hipodroom,0,success,"{"total":0,"location_name":"Hipodroom (CLOSED)","location_id":1}"
2026-09-30 14:06:29,+0300,3,T1,10,success,"{"total":10,"location_name":"T1 Shopping Mall","location_id":3}"
2026-09-30 14:06:29,+0300,9,Mustika,5,success,"{"total":5,"location_name":"Mustika","location_id":9}"
2026-09-30 14:06:29,+0300,10,Suur-Paala,2,success,"{"total":2,"location_name":"Suur-Paala","location_id":10}"
2026-09-30 14:06:29,+0300,1,Hipodroom,0,success,"{"total":0,"location_name":"Hipodroom (CLOSED)","location_id":1}"
2026-09-30 14:08:30,+0300,3,T1,10,success,"{"total":10,"location_name":"T1 Shopping Mall","location_id":3}"
2026-09-30 14:08:30,+0300,9,Mustika,5,success,"{"total":5,"location_name":"Mustika","location_id":9}"
2026-09-30 14:08:30,+0300,10,Suur-Paala,1,success,"{"total":1,"location_name":"Suur-Paala","location_id":10}"
2026-09-30 14:08:30,+0300,1,Hipodroom,0,success,"{"total":0,"location_name":"Hipodroom (CLOSED)","location_id":1}"
2026-09-30 14:10:30,+0300,3,T1,10,success,"{"total":10,"location_name":"T1 Shopping Mall","location_id":3}"
2026-09-30 14:10:30,+0300,9,Mustika,4,success,"{"total":4,"location_name":"Mustika","location_id":9}"
2026-09-30 14:10:30,+0300,10,Suur-Paala,1,success,"{"total":1,"location_name":"Suur-Paala","location_id":10}"
2026-09-30 14:10:30,+0300,1,Hipodroom,0,success,"{"total":0,"location_name":"Hipodroom (CLOSED)","location_id":1}"
2026-09-30 14:12:31,+0300,3,T1,10,success,"{"total":10,"location_name":"T1 Shopping Mall","location_id":3}"
2026-09-30 14:12:31,+0300,9,Mustika,4,success,"{"total":4,"location_name":"Mustika","location_id":9}"
2026-09-30 14:12:31,+0300,10,Suur-Paala,1,success,"{"total":1,"location_name":"Suur-Paala","location_id":10}"
2026-09-30 14:12:31,+0300,1,Hipodroom,0,success,"{"total":0,"location_name":"Hipodroom (CLOSED)","location_id":1}"
2026-09-30 14:14:32,+0300,3,T1,10,success,"{"total":10,"location_name":"T1 Shopping Mall","location_id":3}"
2026-09-30 14:14:32,+0300,9,Mustika,4,success,"{"total":4,"location_name":"Mustika","location_id":9}"
2026-09-30 14:14:32,+0300,10,Suur-Paala,1,success,"{"total":1,"location_name":"Suur-Paala","location_id":10}"
2026-09-30 14:14:32,+0300,1,Hipodroom,0,success,"{"total":0,"location_name":"Hipodroom (CLOSED)","location_id":1}"
2026-09-30 14:16:33,+0300,3,T1,10,success,"{"total":10,"location_name":"T1 Shopping Mall","location_id":3}"
2026-09-30 14:16:33,+0300,9,Mustika,4,success,"{"total":4,"location_name":"Mustika","location_id":9}"
2026-09-30 14:16:33,+0300,10,Suur-Paala,1,success,"{"total":1,"location_name":"Suur-Paala","location_id":10}"
2026-09-30 14:16:33,+0300,1,Hipodroom,0,success,"{"total":0,"location_name":"Hipodroom (CLOSED)","location_id":1}"
2026-09-30 14:18:34,+0300,3,T1,10,success,"{"total":10,"location_name":"T1 Shopping Mall","location_id":3}"
2026-09-30 14:18:34,+0300,9,Mustika,4,success,"{"total":4,"location_name":"Mustika","location_id":9}"
2026-09-30 14:18:34,+0300,10,Suur-Paala,1,success,"{"total":1,"location_name":"Suur-Paala","location_id":10}"
2026-09-30 14:18:34,+0300,1,Hipodroom,0,success,"{"total":0,"location_name":"Hipodroom (CLOSED)","location_id":1}"
2026-09-30 14:20:34,+0300,3,T1,10,success,"{"total":10,"location_name":"T1 Shopping Mall","location_id":3}"
2026-09-30 14:20:34,+0300,9,Mustika,4,success,"{"total":4,"location_name":"Mustika","location_id":9}"
2026-09-30 14:20:34,+0300,10,Suur-Paala,1,success,"{"total":1,"location_name":"Suur-Paala","location_id":10}"
2026-09-30 14:20:34,+0300,1,Hipodroom,0,success,"{"total":0,"location_name":"Hipodroom (CLOSED)","location_id":1}"
2026-09-30 14:22:35,+0300,3,T1,11,success,"{"total":11,"location_name":"T1 Shopping Mall","location_id":3}"
2026-09-30 14:22:35,+0300,9,Mustika,5,success,"{"total":5,"location_name":"Mustika","location_id":9}"
2026-09-30 14:22:35,+0300,10,Suur-Paala,1,success,"{"total":1,"location_name":"Suur-Paala","location_id":10}"
2026-09-30 14:22:35,+0300,1,Hipodroom,0,success,"{"total":0,"location_name":"Hipodroom (CLOSED)","location_id":1}"
2026-09-30 14:24:36,+0300,3,T1,11,success,"{"total":11,"location_name":"T1 Shopping Mall","location_id":3}"
2026-09-30 14:24:36,+0300,9,Mustika,5,success,"{"total":5,"location_name":"Mustika","location_id":9}"
2026-09-30 14:24:36,+0300,10,Suur-Paala,1,success,"{"total":1,"location_name":"Suur-Paala","location_id":10}"
2026-09-30 14:24:36,+0300,1,Hipodroom,0,success,"{"total":0,"location_name":"Hipodroom (CLOSED)","location_id":1}"
2026-09-30 14:26:36,+0300,3,T1,11,success,"{"total":11,"location_name":"T1 Shopping Mall","location_id":3}"
2026-09-30 14:26:36,+0300,9,Mustika,5,success,"{"total":5,"location_name":"Mustika","location_id":9}"
2026-09-30 14:26:36,+0300,10,Suur-Paala,0,success,"{"total":0,"location_name":"Suur-Paala","location_id":10}"
2026-09-30 14:26:36,+0300,1,Hipodroom,0,success,"{"total":0,"location_name":"Hipodroom (CLOSED)","location_id":1}"
2026-09-30 14:28:37,+0300,3,T1,9,success,"{"total":9,"location_name":"T1 Shopping Mall","location_id":3}"
2026-09-30 14:28:37,+0300,9,Mustika,6,success,"{"total":6,"location_name":"Mustika","location_id":9}"
2026-09-30 14:28:37,+0300,10,Suur-Paala,0,success,"{"total":0,"location_name":"Suur-Paala","location_id":10}"
2026-09-30 14:28:37,+0300,1,Hipodroom,0,success,"{"total":0,"location_name":"Hipodroom (CLOSED)","location_id":1}"
2026-09-30 14:30:38,+0300,3,T1,9,success,"{"total":9,"location_name":"T1 Shopping Mall","location_id":3}"
2026-09-30 14:30:38,+0300,9,Mustika,6,success,"{"total":6,"location_name":"Mustika","location_id":9}"
2026-09-30 14:30:38,+0300,10,Suur-Paala,0,success,"{"total":0,"location_name":"Suur-Paala","location_id":10}"
2026-09-30 14:30:38,+0300,1,Hipodroom,0,success,"{"total":0,"location_name":"Hipodroom (CLOSED)","location_id":1}"
2026-09-30 14:32:38,+0300,3,T1,9,success,"{"total":9,"location_name":"T1 Shopping Mall","location_id":3}"
2026-09-30 14:32:38,+0300,9,Mustika,6,success,"{"total":6,"location_name":"Mustika","location_id":9}"
2026-09-30 14:32:38,+0300,10,Suur-Paala,0,success,"{"total":0,"location_name":"Suur-Paala","location_id":10}"
2026-09-30 14:32:38,+0300,1,Hipodroom,0,success,"{"total":0,"location_name":"Hipodroom (CLOSED)","location_id":1}"
2026-09-30 14:34:39,+0300,3,T1,9,success,"{"total":9,"location_name":"T1 Shopping Mall","location_id":3}"
2026-09-30 14:34:39,+0300,9,Mustika,6,success,"{"total":6,"location_name":"Mustika","location_id":9}"
2026-09-30 14:34:39,+0300,10,Suur-Paala,0,success,"{"total":0,"location_name":"Suur-Paala","location_id":10}"
2026-09-30 14:34:39,+0300,1,Hipodroom,0,success,"{"total":0,"location_name":"Hipodroom (CLOSED)","location_id":1}"
2026-09-30 14:36:40,+0300,3,T1,9,success,"{"total":9,"location_name":"T1 Shopping Mall","location_id":3}"
2026-09-30 14:36:40,+0300,9,Mustika,6,success,"{"total":6,"location_name":"Mustika","location_id":9}"
2026-09-30 14:36:40,+0300,10,Suur-Paala,0,success,"{"total":0,"location_name":"Suur-Paala","location_id":10}"
2026-09-30 14:36:40,+0300,1,Hipodroom,0,success,"{"total":0,"location_name":"Hipodroom (CLOSED)","location_id":1}"
2026-09-30 14:38:40,+0300,3,T1,9,success,"{"total":9,"location_name":"T1 Shopping Mall","location_id":3}"
2026-09-30 14:38:40,+0300,9,Mustika,6,success,"{"total":6,"location_name":"Mustika","location_id":9}"
2026-09-30 14:38:40,+0300,10,Suur-Paala,0,success,"{"total":0,"location_name":"Suur-Paala","location_id":10}"
2026-09-30 14:38:40,+0300,1,Hipodroom,0,success,"{"total":0,"location_name":"Hipodroom (CLOSED)","location_id":1}"
2026-09-30 14:40:41,+0300,3,T1,9,success,"{"total":9,"location_name":"T1 Shopping Mall","location_id":3}"
2026-09-30 14:40:41,+0300,9,Mustika,6,success,"{"total":6,"location_name":"Mustika","location_id":9}"
2026-09-30 14:40:41,+0300,10,Suur-Paala,0,success,"{"total":0,"location_name":"Suur-Paala","location_id":10}"
2026-09-30 14:40:41,+0300,1,Hipodroom,0,success,"{"total":0,"location_name":"Hipodroom (CLOSED)","location_id":1}"
2026-09-30 14:42:41,+0300,3,T1,9,success,"{"total":9,"location_name":"T1 Shopping Mall","location_id":3}"
2026-09-30 14:42:41,+0300,9,Mustika,6,success,"{"total":6,"location_name":"Mustika","location_id":9}"
2026-09-30 14:42:41,+0300,10,Suur-Paala,0,success,"{"total":0,"location_name":"Suur-Paala","location_id":10}"
2026-09-30 14:42:41,+0300,1,Hipodroom,0,success,"{"total":0,"location_name":"Hipodroom (CLOSED)","location_id":1}"
2026-09-30 14:44:42,+0300,3,T1,9,success,"{"total":9,"location_name":"T1 Shopping Mall","location_id":3}"
2026-09-30 14:44:42,+0300,9,Mustika,6,success,"{"total":6,"location_name":"Mustika","location_id":9}"
2026-09-30 14:44:42,+0300,10,Suur-Paala,0,success,"{"total":0,"location_name":"Suur-Paala","location_id":10}"
2026-09-30 14:44:42,+0300,1,Hipodroom,0,success,"{"total":0,"location_name":"Hipodroom (CLOSED)","location_id":1}"
2026-09-30 14:46:43,+0300,3,T1,9,success,"{"total":9,"location_name":"T1 Shopping Mall","location_id":3}"
2026-09-30 14:46:43,+0300,9,Mustika,7,success,"{"total":7,"location_name":"Mustika","location_id":9}"
2026-09-30 14:46:43,+0300,10,Suur-Paala,0,success,"{"total":0,"location_name":"Suur-Paala","location_id":10}"
2026-09-30 14:46:43,+0300,1,Hipodroom,0,success,"{"total":0,"location_name":"Hipodroom (CLOSED)","location_id":1}"
2026-09-30 14:48:44,+0300,3,T1,9,success,"{"total":9,"location_name":"T1 Shopping Mall","location_id":3}"
2026-09-30 14:48:44,+0300,9,Mustika,7,success,"{"total":7,"location_name":"Mustika","location_id":9}"
2026-09-30 14:48:44,+0300,10,Suur-Paala,0,success,"{"total":0,"location_name":"Suur-Paala","location_id":10}"
2026-09-30 14:48:44,+0300,1,Hipodroom,0,success,"{"total":0,"location_name":"Hipodroom (CLOSED)","location_id":1}"
2026-09-30 14:50:44,+0300,3,T1,9,success,"{"total":9,"location_name":"T1 Shopping Mall","location_id":3}"
2026-09-30 14:50:44,+0300,9,Mustika,7,success,"{"total":7,"location_name":"Mustika","location_id":9}"
2026-09-30 14:50:44,+0300,10,Suur-Paala,0,success,"{"total":0,"location_name":"Suur-Paala","location_id":10}"
2026-09-30 14:50:44,+0300,1,Hipodroom,0,success,"{"total":0,"location_name":"Hipodroom (CLOSED)","location_id":1}"
2026-09-30 14:52:45,+0300,3,T1,8,success,"{"total":8,"location_name":"T1 Shopping Mall","location_id":3}"
2026-09-30 14:52:45,+0300,9,Mustika,6,success,"{"total":6,"location_name":"Mustika","location_id":9}"
2026-09-30 14:52:45,+0300,10,Suur-Paala,0,success,"{"total":0,"location_name":"Suur-Paala","location_id":10}"
2026-09-30 14:52:45,+0300,1,Hipodroom,0,success,"{"total":0,"location_name":"Hipodroom (CLOSED)","location_id":1}"
2026-09-30 14:54:46,+0300,3,T1,8,success,"{"total":8,"location_name":"T1 Shopping Mall","location_id":3}"
2026-09-30 14:54:46,+0300,9,Mustika,6,success,"{"total":6,"location_name":"Mustika","location_id":9}"
2026-09-30 14:54:46,+0300,10,Suur-Paala,0,success,"{"total":0,"location_name":"Suur-Paala","location_id":10}"
2026-09-30 14:54:46,+0300,1,Hipodroom,0,success,"{"total":0,"location_name":"Hipodroom (CLOSED)","location_id":1}"
2026-09-30 14:56:46,+0300,3,T1,8,success,"{"total":8,"location_name":"T1 Shopping Mall","location_id":3}"
2026-09-30 14:56:46,+0300,9,Mustika,6,success,"{"total":6,"location_name":"Mustika","location_id":9}"
2026-09-30 14:56:46,+0300,10,Suur-Paala,0,success,"{"total":0,"location_name":"Suur-Paala","location_id":10}"
2026-09-30 14:56:46,+0300,1,Hipodroom,0,success,"{"total":0,"location_name":"Hipodroom (CLOSED)","location_id":1}"
2026-09-30 14:58:47,+0300,3,T1,8,success,"{"total":8,"location_name":"T1 Shopping Mall","location_id":3}"
2026-09-30 14:58:47,+0300,9,Mustika,6,success,"{"total":6,"location_name":"Mustika","location_id":9}"
2026-09-30 14:58:47,+0300,10,Suur-Paala,0,success,"{"total":0,"location_name":"Suur-Paala","location_id":10}"
2026-09-30 14:58:47,+0300,1,Hipodroom,0,success,"{"total":0,"location_name":"Hipodroom (CLOSED)","location_id":1}"
2026-09-30 15:00:47,+0300,3,T1,8,success,"{"total":8,"location_name":"T1 Shopping Mall","location_id":3}"
2026-09-30 15:00:47,+0300,9,Mustika,6,success,"{"total":6,"location_name":"Mustika","location_id":9}"
2026-09-30 15:00:47,+0300,10,Suur-Paala,0,success,"{"total":0,"location_name":"Suur-Paala","location_id":10}"
2026-09-30 15:00:47,+0300,1,Hipodroom,0,success,"{"total":0,"location_name":"Hipodroom (CLOSED)","location_id":1}"
2026-09-30 15:02:48,+0300,3,T1,8,success,"{"total":8,"location_name":"T1 Shopping Mall","location_id":3}"
2026-09-30 15:02:48,+0300,9,Mustika,6,success,"{"total":6,"location_name":"Mustika","location_id":9}"
2026-09-30 15:02:48,+0300,10,Suur-Paala,0,success,"{"total":0,"location_name":"Suur-Paala","location_id":10}"
2026-09-30 15:02:48,+0300,1,Hipodroom,0,success,"{"total":0,"location_name":"Hipodroom (CLOSED)","location_id":1}"
2026-09-30 15:04:49,+0300,3,T1,7,success,"{"total":7,"location_name":"T1 Shopping Mall","location_id":3}"
2026-09-30 15:04:49,+0300,9,Mustika,8,success,"{"total":8,"location_name":"Mustika","location_id":9}"
2026-09-30 15:04:49,+0300,10,Suur-Paala,0,success,"{"total":0,"location_name":"Suur-Paala","location_id":10}"
2026-09-30 15:04:49,+0300,1,Hipodroom,0,success,"{"total":0,"location_name":"Hipodroom (CLOSED)","location_id":1}"
2026-09-30 15:06:49,+0300,3,T1,7,success,"{"total":7,"location_name":"T1 Shopping Mall","location_id":3}"
2026-09-30 15:06:49,+0300,9,Mustika,8,success,"{"total":8,"location_name":"Mustika","location_id":9}"
2026-09-30 15:06:49,+0300,10,Suur-Paala,0,success,"{"total":0,"location_name":"Suur-Paala","location_id":10}"
2026-09-30 15:06:49,+0300,1,Hipodroom,0,success,"{"total":0,"location_name":"Hipodroom (CLOSED)","location_id":1}"
2026-09-30 15:08:50,+0300,3,T1,7,success,"{"total":7,"location_name":"T1 Shopping Mall","location_id":3}"
2026-09-30 15:08:50,+0300,9,Mustika,8,success,"{"total":8,"location_name":"Mustika","location_id":9}"
2026-09-30 15:08:50,+0300,10,Suur-Paala,0,success,"{"total":0,"location_name":"Suur-Paala","location_id":10}"
2026-09-30 15:08:50,+0300,1,Hipodroom,0,success,"{"total":0,"location_name":"Hipodroom (CLOSED)","location_id":1}"
2026-09-30 15:10:50,+0300,3,T1,7,success,"{"total":7,"location_name":"T1 Shopping Mall","location_id":3}"
2026-09-30 15:10:50,+0300,9,Mustika,8,success,"{"total":8,"location_name":"Mustika","location_id":9}"
2026-09-30 15:10:50,+0300,10,Suur-Paala,0,success,"{"total":0,"location_name":"Suur-Paala","location_id":10}"
2026-09-30 15:10:50,+0300,1,Hipodroom,0,success,"{"total":0,"location_name":"Hipodroom (CLOSED)","location_id":1}"
2026-09-30 15:12:51,+0300,3,T1,7,success,"{"total":7,"location_name":"T1 Shopping Mall","location_id":3}"
2026-09-30 15:12:51,+0300,9,Mustika,8,success,"{"total":8,"location_name":"Mustika","location_id":9}"
2026-09-30 15:12:51,+0300,10,Suur-Paala,0,success,"{"total":0,"location_name":"Suur-Paala","location_id":10}"
2026-09-30 15:12:51,+0300,1,Hipodroom,0,success,"{"total":0,"location_name":"Hipodroom (CLOSED)","location_id":1}"
2026-09-30 15:14:51,+0300,3,T1,7,success,"{"total":7,"location_name":"T1 Shopping Mall","location_id":3}"
2026-09-30 15:14:51,+0300,9,Mustika,8,success,"{"total":8,"location_name":"Mustika","location_id":9}"
2026-09-30 15:14:51,+0300,10,Suur-Paala,0,success,"{"total":0,"location_name":"Suur-Paala","location_id":10}"
2026-09-30 15:14:51,+0300,1,Hipodroom,0,success,"{"total":0,"location_name":"Hipodroom (CLOSED)","location_id":1}"
2026-09-30 15:16:52,+0300,3,T1,7,success,"{"total":7,"location_name":"T1 Shopping Mall","location_id":3}"
2026-09-30 15:16:52,+0300,9,Mustika,9,success,"{"total":9,"location_name":"Mustika","location_id":9}"
2026-09-30 15:16:52,+0300,10,Suur-Paala,0,success,"{"total":0,"location_name":"Suur-Paala","location_id":10}"
2026-09-30 15:16:52,+0300,1,Hipodroom,0,success,"{"total":0,"location_name":"Hipodroom (CLOSED)","location_id":1}"
2026-09-30 15:18:53,+0300,3,T1,7,success,"{"total":7,"location_name":"T1 Shopping Mall","location_id":3}"
2026-09-30 15:18:53,+0300,9,Mustika,9,success,"{"total":9,"location_name":"Mustika","location_id":9}"
2026-09-30 15:18:53,+0300,10,Suur-Paala,0,success,"{"total":0,"location_name":"Suur-Paala","location_id":10}"
2026-09-30 15:18:53,+0300,1,Hipodroom,0,success,"{"total":0,"location_name":"Hipodroom (CLOSED)","location_id":1}"
2026-09-30 15:20:54,+0300,3,T1,7,success,"{"total":7,"location_name":"T1 Shopping Mall","location_id":3}"
2026-09-30 15:20:54,+0300,9,Mustika,9,success,"{"total":9,"location_name":"Mustika","location_id":9}"
2026-09-30 15:20:54,+0300,10,Suur-Paala,0,success,"{"total":0,"location_name":"Suur-Paala","location_id":10}"
2026-09-30 15:20:54,+0300,1,Hipodroom,0,success,"{"total":0,"location_name":"Hipodroom (CLOSED)","location_id":1}"
2026-09-30 15:22:55,+0300,3,T1,8,success,"{"total":8,"location_name":"T1 Shopping Mall","location_id":3}"
2026-09-30 15:22:55,+0300,9,Mustika,9,success,"{"total":9,"location_name":"Mustika","location_id":9}"
2026-09-30 15:22:55,+0300,10,Suur-Paala,0,success,"{"total":0,"location_name":"Suur-Paala","location_id":10}"
2026-09-30 15:22:55,+0300,1,Hipodroom,0,success,"{"total":0,"location_name":"Hipodroom (CLOSED)","location_id":1}"
2026-09-30 15:24:55,+0300,3,T1,8,success,"{"total":8,"location_name":"T1 Shopping Mall","location_id":3}"
2026-09-30 15:24:55,+0300,9,Mustika,9,success,"{"total":9,"location_name":"Mustika","location_id":9}"
2026-09-30 15:24:55,+0300,10,Suur-Paala,0,success,"{"total":0,"location_name":"Suur-Paala","location_id":10}"
2026-09-30 15:24:55,+0300,1,Hipodroom,0,success,"{"total":0,"location_name":"Hipodroom (CLOSED)","location_id":1}"
2026-09-30 15:26:56,+0300,3,T1,8,success,"{"total":8,"location_name":"T1 Shopping Mall","location_id":3}"
2026-09-30 15:26:56,+0300,9,Mustika,9,success,"{"total":9,"location_name":"Mustika","location_id":9}"
2026-09-30 15:26:56,+0300,10,Suur-Paala,0,success,"{"total":0,"location_name":"Suur-Paala","location_id":10}"
2026-09-30 15:26:56,+0300,1,Hipodroom,0,success,"{"total":0,"location_name":"Hipodroom (CLOSED)","location_id":1}"
2026-09-30 15:28:57,+0300,3,T1,8,success,"{"total":8,"location_name":"T1 Shopping Mall","location_id":3}"
2026-09-30 15:28:57,+0300,9,Mustika,10,success,"{"total":10,"location_name":"Mustika","location_id":9}"
2026-09-30 15:28:57,+0300,10,Suur-Paala,0,success,"{"total":0,"location_name":"Suur-Paala","location_id":10}"
2026-09-30 15:28:57,+0300,1,Hipodroom,0,success,"{"total":0,"location_name":"Hipodroom (CLOSED)","location_id":1}"
2026-09-30 15:30:57,+0300,3,T1,8,success,"{"total":8,"location_name":"T1 Shopping Mall","location_id":3}"
2026-09-30 15:30:57,+0300,9,Mustika,10,success,"{"total":10,"location_name":"Mustika","location_id":9}"
2026-09-30 15:30:57,+0300,10,Suur-Paala,0,success,"{"total":0,"location_name":"Suur-Paala","location_id":10}"
2026-09-30 15:30:57,+0300,1,Hipodroom,0,success,"{"total":0,"location_name":"Hipodroom (CLOSED)","location_id":1}"
2026-09-30 15:32:58,+0300,3,T1,8,success,"{"total":8,"location_name":"T1 Shopping Mall","location_id":3}"
2026-09-30 15:32:58,+0300,9,Mustika,10,success,"{"total":10,"location_name":"Mustika","location_id":9}"
2026-09-30 15:32:58,+0300,10,Suur-Paala,0,success,"{"total":0,"location_name":"Suur-Paala","location_id":10}"
2026-09-30 15:32:58,+0300,1,Hipodroom,0,success,"{"total":0,"location_name":"Hipodroom (CLOSED)","location_id":1}"
2026-09-30 15:34:58,+0300,3,T1,8,success,"{"total":8,"location_name":"T1 Shopping Mall","location_id":3}"
2026-09-30 15:34:58,+0300,9,Mustika,10,success,"{"total":10,"location_name":"Mustika","location_id":9}"
2026-09-30 15:34:58,+0300,10,Suur-Paala,0,success,"{"total":0,"location_name":"Suur-Paala","location_id":10}"
2026-09-30 15:34:58,+0300,1,Hipodroom,0,success,"{"total":0,"location_name":"Hipodroom (CLOSED)","location_id":1}"
2026-09-30 15:36:59,+0300,3,T1,8,success,"{"total":8,"location_name":"T1 Shopping Mall","location_id":3}"
2026-09-30 15:36:59,+0300,9,Mustika,10,success,"{"total":10,"location_name":"Mustika","location_id":9}"
2026-09-30 15:36:59,+0300,10,Suur-Paala,0,success,"{"total":0,"location_name":"Suur-Paala","location_id":10}"
2026-09-30 15:36:59,+0300,1,Hipodroom,0,success,"{"total":0,"location_name":"Hipodroom (CLOSED)","location_id":1}"
2026-09-30 15:38:59,+0300,3,T1,8,success,"{"total":8,"location_name":"T1 Shopping Mall","location_id":3}"
2026-09-30 15:38:59,+0300,9,Mustika,10,success,"{"total":10,"location_name":"Mustika","location_id":9}"
2026-09-30 15:38:59,+0300,10,Suur-Paala,0,success,"{"total":0,"location_name":"Suur-Paala","location_id":10}"
2026-09-30 15:38:59,+0300,1,Hipodroom,0,success,"{"total":0,"location_name":"Hipodroom (CLOSED)","location_id":1}"
2026-09-30 15:41:00,+0300,3,T1,8,success,"{"total":8,"location_name":"T1 Shopping Mall","location_id":3}"
2026-09-30 15:41:00,+0300,9,Mustika,10,success,"{"total":10,"location_name":"Mustika","location_id":9}"
2026-09-30 15:41:00,+0300,10,Suur-Paala,0,success,"{"total":0,"location_name":"Suur-Paala","location_id":10}"
2026-09-30 15:41:00,+0300,1,Hipodroom,0,success,"{"total":0,"location_name":"Hipodroom (CLOSED)","location_id":1}"
2026-09-30 15:43:00,+0300,3,T1,8,success,"{"total":8,"location_name":"T1 Shopping Mall","location_id":3}"
2026-09-30 15:43:00,+0300,9,Mustika,10,success,"{"total":10,"location_name":"Mustika","location_id":9}"
2026-09-30 15:43:00,+0300,10,Suur-Paala,0,success,"{"total":0,"location_name":"Suur-Paala","location_id":10}"
2026-09-30 15:43:00,+0300,1,Hipodroom,0,success,"{"total":0,"location_name":"Hipodroom (CLOSED)","location_id":1}"
2026-09-30 15:45:01,+0300,3,T1,8,success,"{"total":8,"location_name":"T1 Shopping Mall","location_id":3}"
2026-09-30 15:45:01,+0300,9,Mustika,10,success,"{"total":10,"location_name":"Mustika","location_id":9}"
2026-09-30 15:45:01,+0300,10,Suur-Paala,0,success,"{"total":0,"location_name":"Suur-Paala","location_id":10}"
2026-09-30 15:45:01,+0300,1,Hipodroom,0,success,"{"total":0,"location_name":"Hipodroom (CLOSED)","location_id":1}"
2026-09-30 15:47:02,+0300,3,T1,10,success,"{"total":10,"location_name":"T1 Shopping Mall","location_id":3}"
2026-09-30 15:47:02,+0300,9,Mustika,11,success,"{"total":11,"location_name":"Mustika","location_id":9}"
2026-09-30 15:47:02,+0300,10,Suur-Paala,0,success,"{"total":0,"location_name":"Suur-Paala","location_id":10}"
2026-09-30 15:47:02,+0300,1,Hipodroom,0,success,"{"total":0,"location_name":"Hipodroom (CLOSED)","location_id":1}"
2026-09-30 15:49:02,+0300,3,T1,10,success,"{"total":10,"location_name":"T1 Shopping Mall","location_id":3}"
2026-09-30 15:49:02,+0300,9,Mustika,11,success,"{"total":11,"location_name":"Mustika","location_id":9}"
2026-09-30 15:49:02,+0300,10,Suur-Paala,0,success,"{"total":0,"location_name":"Suur-Paala","location_id":10}"
2026-09-30 15:49:02,+0300,1,Hipodroom,0,success,"{"total":0,"location_name":"Hipodroom (CLOSED)","location_id":1}"
2026-09-30 15:51:03,+0300,3,T1,10,success,"{"total":10,"location_name":"T1 Shopping Mall","location_id":3}"
2026-09-30 15:51:03,+0300,9,Mustika,11,success,"{"total":11,"location_name":"Mustika","location_id":9}"
2026-09-30 15:51:03,+0300,10,Suur-Paala,0,success,"{"total":0,"location_name":"Suur-Paala","location_id":10}"
2026-09-30 15:51:03,+0300,1,Hipodroom,0,success,"{"total":0,"location_name":"Hipodroom (CLOSED)","location_id":1}"
2026-09-30 15:53:04,+0300,3,T1,10,success,"{"total":10,"location_name":"T1 Shopping Mall","location_id":3}"
2026-09-30 15:53:04,+0300,9,Mustika,10,success,"{"total":10,"location_name":"Mustika","location_id":9}"
2026-09-30 15:53:04,+0300,10,Suur-Paala,0,success,"{"total":0,"location_name":"Suur-Paala","location_id":10}"
2026-09-30 15:53:04,+0300,1,Hipodroom,0,success,"{"total":0,"location_name":"Hipodroom (CLOSED)","location_id":1}"
2026-09-30 15:55:04,+0300,3,T1,10,success,"{"total":10,"location_name":"T1 Shopping Mall","location_id":3}"
2026-09-30 15:55:04,+0300,9,Mustika,10,success,"{"total":10,"location_name":"Mustika","location_id":9}"
2026-09-30 15:55:04,+0300,10,Suur-Paala,0,success,"{"total":0,"location_name":"Suur-Paala","location_id":10}"
2026-09-30 15:55:04,+0300,1,Hipodroom,0,success,"{"total":0,"location_name":"Hipodroom (CLOSED)","location_id":1}"
2026-09-30 15:57:05,+0300,3,T1,10,success,"{"total":10,"location_name":"T1 Shopping Mall","location_id":3}"
2026-09-30 15:57:05,+0300,9,Mustika,10,success,"{"total":10,"location_name":"Mustika","location_id":9}"
2026-09-30 15:57:05,+0300,10,Suur-Paala,0,success,"{"total":0,"location_name":"Suur-Paala","location_id":10}"
2026-09-30 15:57:05,+0300,1,Hipodroom,0,success,"{"total":0,"location_name":"Hipodroom (CLOSED)","location_id":1}"
2026-09-30 15:59:05,+0300,3,T1,12,success,"{"total":12,"location_name":"T1 Shopping Mall","location_id":3}"
2026-09-30 15:59:05,+0300,9,Mustika,10,success,"{"total":10,"location_name":"Mustika","location_id":9}"
2026-09-30 15:59:05,+0300,10,Suur-Paala,0,success,"{"total":0,"location_name":"Suur-Paala","location_id":10}"
2026-09-30 15:59:05,+0300,1,Hipodroom,0,success,"{"total":0,"location_name":"Hipodroom (CLOSED)","location_id":1}"
2026-09-30 16:01:06,+0300,3,T1,12,success,"{"total":12,"location_name":"T1 Shopping Mall","location_id":3}"
2026-09-30 16:01:06,+0300,9,Mustika,10,success,"{"total":10,"location_name":"Mustika","location_id":9}"
2026-09-30 16:01:06,+0300,10,Suur-Paala,0,success,"{"total":0,"location_name":"Suur-Paala","location_id":10}"
2026-09-30 16:01:06,+0300,1,Hipodroom,0,success,"{"total":0,"location_name":"Hipodroom (CLOSED)","location_id":1}"
2026-09-30 16:03:06,+0300,3,T1,12,success,"{"total":12,"location_name":"T1 Shopping Mall","location_id":3}"
2026-09-30 16:03:06,+0300,9,Mustika,10,success,"{"total":10,"location_name":"Mustika","location_id":9}"
2026-09-30 16:03:06,+0300,10,Suur-Paala,0,success,"{"total":0,"location_name":"Suur-Paala","location_id":10}"
2026-09-30 16:03:06,+0300,1,Hipodroom,0,success,"{"total":0,"location_name":"Hipodroom (CLOSED)","location_id":1}"
2026-09-30 16:05:07,+0300,3,T1,12,success,"{"total":12,"location_name":"T1 Shopping Mall","location_id":3}"
2026-09-30 16:05:07,+0300,9,Mustika,11,success,"{"total":11,"location_name":"Mustika","location_id":9}"
2026-09-30 16:05:07,+0300,10,Suur-Paala,0,success,"{"total":0,"location_name":"Suur-Paala","location_id":10}"
2026-09-30 16:05:07,+0300,1,Hipodroom,0,success,"{"total":0,"location_name":"Hipodroom (CLOSED)","location_id":1}"
2026-09-30 16:07:08,+0300,3,T1,12,success,"{"total":12,"location_name":"T1 Shopping Mall","location_id":3}"
2026-09-30 16:07:08,+0300,9,Mustika,11,success,"{"total":11,"location_name":"Mustika","location_id":9}"
2026-09-30 16:07:08,+0300,10,Suur-Paala,0,success,"{"total":0,"location_name":"Suur-Paala","location_id":10}"
2026-09-30 16:07:08,+0300,1,Hipodroom,0,success,"{"total":0,"location_name":"Hipodroom (CLOSED)","location_id":1}"
2026-09-30 16:09:08,+0300,3,T1,12,success,"{"total":12,"location_name":"T1 Shopping Mall","location_id":3}"
2026-09-30 16:09:08,+0300,9,Mustika,11,success,"{"total":11,"location_name":"Mustika","location_id":9}"
2026-09-30 16:09:08,+0300,10,Suur-Paala,0,success,"{"total":0,"location_name":"Suur-Paala","location_id":10}"
2026-09-30 16:09:08,+0300,1,Hipodroom,0,success,"{"total":0,"location_name":"Hipodroom (CLOSED)","location_id":1}"
2026-09-30 16:11:09,+0300,3,T1,12,success,"{"total":12,"location_name":"T1 Shopping Mall","location_id":3}"
2026-09-30 16:11:09,+0300,9,Mustika,10,success,"{"total":10,"location_name":"Mustika","location_id":9}"
2026-09-30 16:11:09,+0300,10,Suur-Paala,0,success,"{"total":0,"location_name":"Suur-Paala","location_id":10}"
2026-09-30 16:11:09,+0300,1,Hipodroom,0,success,"{"total":0,"location_name":"Hipodroom (CLOSED)","location_id":1}"
2026-09-30 16:13:09,+0300,3,T1,12,success,"{"total":12,"location_name":"T1 Shopping Mall","location_id":3}"
2026-09-30 16:13:09,+0300,9,Mustika,10,success,"{"total":10,"location_name":"Mustika","location_id":9}"
2026-09-30 16:13:09,+0300,10,Suur-Paala,0,success,"{"total":0,"location_name":"Suur-Paala","location_id":10}"
2026-09-30 16:13:09,+0300,1,Hipodroom,0,success,"{"total":0,"location_name":"Hipodroom (CLOSED)","location_id":1}"
2026-09-30 16:15:10,+0300,3,T1,12,success,"{"total":12,"location_name":"T1 Shopping Mall","location_id":3}"
2026-09-30 16:15:10,+0300,9,Mustika,10,success,"{"total":10,"location_name":"Mustika","location_id":9}"
2026-09-30 16:15:10,+0300,10,Suur-Paala,1,success,"{"total":1,"location_name":"Suur-Paala","location_id":10}"
2026-09-30 16:15:10,+0300,1,Hipodroom,0,success,"{"total":0,"location_name":"Hipodroom (CLOSED)","location_id":1}"
2026-09-30 16:17:11,+0300,3,T1,12,success,"{"total":12,"location_name":"T1 Shopping Mall","location_id":3}"
2026-09-30 16:17:11,+0300,9,Mustika,13,success,"{"total":13,"location_name":"Mustika","location_id":9}"
2026-09-30 16:17:11,+0300,10,Suur-Paala,1,success,"{"total":1,"location_name":"Suur-Paala","location_id":10}"
2026-09-30 16:17:11,+0300,1,Hipodroom,0,success,"{"total":0,"location_name":"Hipodroom (CLOSED)","location_id":1}"
2026-09-30 16:19:11,+0300,3,T1,12,success,"{"total":12,"location_name":"T1 Shopping Mall","location_id":3}"
2026-09-30 16:19:11,+0300,9,Mustika,13,success,"{"total":13,"location_name":"Mustika","location_id":9}"
2026-09-30 16:19:11,+0300,10,Suur-Paala,1,success,"{"total":1,"location_name":"Suur-Paala","location_id":10}"
2026-09-30 16:19:11,+0300,1,Hipodroom,0,success,"{"total":0,"location_name":"Hipodroom (CLOSED)","location_id":1}"
2026-09-30 16:21:12,+0300,3,T1,12,success,"{"total":12,"location_name":"T1 Shopping Mall","location_id":3}"
2026-09-30 16:21:12,+0300,9,Mustika,13,success,"{"total":13,"location_name":"Mustika","location_id":9}"
2026-09-30 16:21:12,+0300,10,Suur-Paala,1,success,"{"total":1,"location_name":"Suur-Paala","location_id":10}"
2026-09-30 16:21:12,+0300,1,Hipodroom,0,success,"{"total":0,"location_name":"Hipodroom (CLOSED)","location_id":1}"
2026-09-30 16:23:12,+0300,3,T1,11,success,"{"total":11,"location_name":"T1 Shopping Mall","location_id":3}"
2026-09-30 16:23:12,+0300,9,Mustika,16,success,"{"total":16,"location_name":"Mustika","location_id":9}"
2026-09-30 16:23:12,+0300,10,Suur-Paala,1,success,"{"total":1,"location_name":"Suur-Paala","location_id":10}"
2026-09-30 16:23:12,+0300,1,Hipodroom,0,success,"{"total":0,"location_name":"Hipodroom (CLOSED)","location_id":1}"
2026-09-30 16:25:13,+0300,3,T1,11,success,"{"total":11,"location_name":"T1 Shopping Mall","location_id":3}"
2026-09-30 16:25:13,+0300,9,Mustika,16,success,"{"total":16,"location_name":"Mustika","location_id":9}"
2026-09-30 16:25:13,+0300,10,Suur-Paala,1,success,"{"total":1,"location_name":"Suur-Paala","location_id":10}"
2026-09-30 16:25:13,+0300,1,Hipodroom,0,success,"{"total":0,"location_name":"Hipodroom (CLOSED)","location_id":1}"
2026-09-30 16:27:14,+0300,3,T1,11,success,"{"total":11,"location_name":"T1 Shopping Mall","location_id":3}"
2026-09-30 16:27:14,+0300,9,Mustika,16,success,"{"total":16,"location_name":"Mustika","location_id":9}"
2026-09-30 16:27:14,+0300,10,Suur-Paala,1,success,"{"total":1,"location_name":"Suur-Paala","location_id":10}"
2026-09-30 16:27:14,+0300,1,Hipodroom,0,success,"{"total":0,"location_name":"Hipodroom (CLOSED)","location_id":1}"
2026-09-30 16:29:14,+0300,3,T1,12,success,"{"total":12,"location_name":"T1 Shopping Mall","location_id":3}"
2026-09-30 16:29:14,+0300,9,Mustika,17,success,"{"total":17,"location_name":"Mustika","location_id":9}"
2026-09-30 16:29:14,+0300,10,Suur-Paala,1,success,"{"total":1,"location_name":"Suur-Paala","location_id":10}"
2026-09-30 16:29:14,+0300,1,Hipodroom,0,success,"{"total":0,"location_name":"Hipodroom (CLOSED)","location_id":1}"
2026-09-30 16:31:15,+0300,3,T1,12,success,"{"total":12,"location_name":"T1 Shopping Mall","location_id":3}"
2026-09-30 16:31:15,+0300,9,Mustika,17,success,"{"total":17,"location_name":"Mustika","location_id":9}"
2026-09-30 16:31:15,+0300,10,Suur-Paala,1,success,"{"total":1,"location_name":"Suur-Paala","location_id":10}"
2026-09-30 16:31:15,+0300,1,Hipodroom,0,success,"{"total":0,"location_name":"Hipodroom (CLOSED)","location_id":1}"
2026-09-30 16:33:15,+0300,3,T1,12,success,"{"total":12,"location_name":"T1 Shopping Mall","location_id":3}"
2026-09-30 16:33:15,+0300,9,Mustika,17,success,"{"total":17,"location_name":"Mustika","location_id":9}"
2026-09-30 16:33:15,+0300,10,Suur-Paala,1,success,"{"total":1,"location_name":"Suur-Paala","location_id":10}"
2026-09-30 16:33:15,+0300,1,Hipodroom,0,success,"{"total":0,"location_name":"Hipodroom (CLOSED)","location_id":1}"
2026-09-30 16:35:16,+0300,3,T1,14,success,"{"total":14,"location_name":"T1 Shopping Mall","location_id":3}"
2026-09-30 16:35:16,+0300,9,Mustika,19,success,"{"total":19,"location_name":"Mustika","location_id":9}"
2026-09-30 16:35:16,+0300,10,Suur-Paala,1,success,"{"total":1,"location_name":"Suur-Paala","location_id":10}"
2026-09-30 16:35:16,+0300,1,Hipodroom,0,success,"{"total":0,"location_name":"Hipodroom (CLOSED)","location_id":1}"
2026-09-30 16:37:17,+0300,3,T1,14,success,"{"total":14,"location_name":"T1 Shopping Mall","location_id":3}"
2026-09-30 16:37:17,+0300,9,Mustika,19,success,"{"total":19,"location_name":"Mustika","location_id":9}"
2026-09-30 16:37:17,+0300,10,Suur-Paala,1,success,"{"total":1,"location_name":"Suur-Paala","location_id":10}"
2026-09-30 16:37:17,+0300,1,Hipodroom,0,success,"{"total":0,"location_name":"Hipodroom (CLOSED)","location_id":1}"
2026-09-30 16:39:17,+0300,3,T1,14,success,"{"total":14,"location_name":"T1 Shopping Mall","location_id":3}"
2026-09-30 16:39:17,+0300,9,Mustika,19,success,"{"total":19,"location_name":"Mustika","location_id":9}"
2026-09-30 16:39:17,+0300,10,Suur-Paala,1,success,"{"total":1,"location_name":"Suur-Paala","location_id":10}"
2026-09-30 16:39:17,+0300,1,Hipodroom,0,success,"{"total":0,"location_name":"Hipodroom (CLOSED)","location_id":1}"
2026-09-30 16:41:18,+0300,3,T1,14,success,"{"total":14,"location_name":"T1 Shopping Mall","location_id":3}"
2026-09-30 16:41:18,+0300,9,Mustika,20,success,"{"total":20,"location_name":"Mustika","location_id":9}"
2026-09-30 16:41:18,+0300,10,Suur-Paala,1,success,"{"total":1,"location_name":"Suur-Paala","location_id":10}"
2026-09-30 16:41:18,+0300,1,Hipodroom,0,success,"{"total":0,"location_name":"Hipodroom (CLOSED)","location_id":1}"
2026-09-30 16:43:18,+0300,3,T1,14,success,"{"total":14,"location_name":"T1 Shopping Mall","location_id":3}"
2026-09-30 16:43:18,+0300,9,Mustika,20,success,"{"total":20,"location_name":"Mustika","location_id":9}"
2026-09-30 16:43:18,+0300,10,Suur-Paala,1,success,"{"total":1,"location_name":"Suur-Paala","location_id":10}"
2026-09-30 16:43:18,+0300,1,Hipodroom,0,success,"{"total":0,"location_name":"Hipodroom (CLOSED)","location_id":1}"
2026-09-30 16:45:19,+0300,3,T1,14,success,"{"total":14,"location_name":"T1 Shopping Mall","location_id":3}"
2026-09-30 16:45:19,+0300,9,Mustika,20,success,"{"total":20,"location_name":"Mustika","location_id":9}"
2026-09-30 16:45:19,+0300,10,Suur-Paala,1,success,"{"total":1,"location_name":"Suur-Paala","location_id":10}"
2026-09-30 16:45:19,+0300,1,Hipodroom,0,success,"{"total":0,"location_name":"Hipodroom (CLOSED)","location_id":1}"
2026-09-30 16:47:20,+0300,3,T1,15,success,"{"total":15,"location_name":"T1 Shopping Mall","location_id":3}"
2026-09-30 16:47:20,+0300,9,Mustika,20,success,"{"total":20,"location_name":"Mustika","location_id":9}"
2026-09-30 16:47:20,+0300,10,Suur-Paala,1,success,"{"total":1,"location_name":"Suur-Paala","location_id":10}"
2026-09-30 16:47:20,+0300,1,Hipodroom,0,success,"{"total":0,"location_name":"Hipodroom (CLOSED)","location_id":1}"
2026-09-30 16:49:20,+0300,3,T1,15,success,"{"total":15,"location_name":"T1 Shopping Mall","location_id":3}"
2026-09-30 16:49:20,+0300,9,Mustika,20,success,"{"total":20,"location_name":"Mustika","location_id":9}"
2026-09-30 16:49:20,+0300,10,Suur-Paala,1,success,"{"total":1,"location_name":"Suur-Paala","location_id":10}"
2026-09-30 16:49:20,+0300,1,Hipodroom,0,success,"{"total":0,"location_name":"Hipodroom (CLOSED)","location_id":1}"
2026-09-30 16:51:21,+0300,3,T1,15,success,"{"total":15,"location_name":"T1 Shopping Mall","location_id":3}"
2026-09-30 16:51:21,+0300,9,Mustika,20,success,"{"total":20,"location_name":"Mustika","location_id":9}"
2026-09-30 16:51:21,+0300,10,Suur-Paala,1,success,"{"total":1,"location_name":"Suur-Paala","location_id":10}"
2026-09-30 16:51:21,+0300,1,Hipodroom,0,success,"{"total":0,"location_name":"Hipodroom (CLOSED)","location_id":1}"
2026-09-30 16:53:22,+0300,3,T1,16,success,"{"total":16,"location_name":"T1 Shopping Mall","location_id":3}"
2026-09-30 16:53:22,+0300,9,Mustika,20,success,"{"total":20,"location_name":"Mustika","location_id":9}"
2026-09-30 16:53:22,+0300,10,Suur-Paala,1,success,"{"total":1,"location_name":"Suur-Paala","location_id":10}"
2026-09-30 16:53:22,+0300,1,Hipodroom,0,success,"{"total":0,"location_name":"Hipodroom (CLOSED)","location_id":1}"
2026-09-30 16:55:22,+0300,3,T1,16,success,"{"total":16,"location_name":"T1 Shopping Mall","location_id":3}"
2026-09-30 16:55:22,+0300,9,Mustika,20,success,"{"total":20,"location_name":"Mustika","location_id":9}"
2026-09-30 16:55:22,+0300,10,Suur-Paala,1,success,"{"total":1,"location_name":"Suur-Paala","location_id":10}"
2026-09-30 16:55:22,+0300,1,Hipodroom,0,success,"{"total":0,"location_name":"Hipodroom (CLOSED)","location_id":1}"
2026-09-30 16:57:23,+0300,3,T1,16,success,"{"total":16,"location_name":"T1 Shopping Mall","location_id":3}"
2026-09-30 16:57:23,+0300,9,Mustika,20,success,"{"total":20,"location_name":"Mustika","location_id":9}"
2026-09-30 16:57:23,+0300,10,Suur-Paala,1,success,"{"total":1,"location_name":"Suur-Paala","location_id":10}"
2026-09-30 16:57:23,+0300,1,Hipodroom,0,success,"{"total":0,"location_name":"Hipodroom (CLOSED)","location_id":1}"
2026-09-30 16:59:24,+0300,3,T1,16,success,"{"total":16,"location_name":"T1 Shopping Mall","location_id":3}"
2026-09-30 16:59:24,+0300,9,Mustika,22,success,"{"total":22,"location_name":"Mustika","location_id":9}"
2026-09-30 16:59:24,+0300,10,Suur-Paala,1,success,"{"total":1,"location_name":"Suur-Paala","location_id":10}"
2026-09-30 16:59:24,+0300,1,Hipodroom,0,success,"{"total":0,"location_name":"Hipodroom (CLOSED)","location_id":1}"
2026-09-30 17:01:24,+0300,3,T1,16,success,"{"total":16,"location_name":"T1 Shopping Mall","location_id":3}"
2026-09-30 17:01:24,+0300,9,Mustika,22,success,"{"total":22,"location_name":"Mustika","location_id":9}"
2026-09-30 17:01:24,+0300,10,Suur-Paala,1,success,"{"total":1,"location_name":"Suur-Paala","location_id":10}"
2026-09-30 17:01:24,+0300,1,Hipodroom,0,success,"{"total":0,"location_name":"Hipodroom (CLOSED)","location_id":1}"
2026-09-30 17:03:25,+0300,3,T1,16,success,"{"total":16,"location_name":"T1 Shopping Mall","location_id":3}"
2026-09-30 17:03:25,+0300,9,Mustika,22,success,"{"total":22,"location_name":"Mustika","location_id":9}"
2026-09-30 17:03:25,+0300,10,Suur-Paala,1,success,"{"total":1,"location_name":"Suur-Paala","location_id":10}"
2026-09-30 17:03:25,+0300,1,Hipodroom,0,success,"{"total":0,"location_name":"Hipodroom (CLOSED)","location_id":1}"
2026-09-30 17:05:26,+0300,3,T1,17,success,"{"total":17,"location_name":"T1 Shopping Mall","location_id":3}"
2026-09-30 17:05:26,+0300,9,Mustika,22,success,"{"total":22,"location_name":"Mustika","location_id":9}"
2026-09-30 17:05:26,+0300,10,Suur-Paala,1,success,"{"total":1,"location_name":"Suur-Paala","location_id":10}"
2026-09-30 17:05:26,+0300,1,Hipodroom,0,success,"{"total":0,"location_name":"Hipodroom (CLOSED)","location_id":1}"
2026-09-30 17:07:26,+0300,3,T1,17,success,"{"total":17,"location_name":"T1 Shopping Mall","location_id":3}"
2026-09-30 17:07:26,+0300,9,Mustika,22,success,"{"total":22,"location_name":"Mustika","location_id":9}"
2026-09-30 17:07:26,+0300,10,Suur-Paala,1,success,"{"total":1,"location_name":"Suur-Paala","location_id":10}"
2026-09-30 17:07:26,+0300,1,Hipodroom,0,success,"{"total":0,"location_name":"Hipodroom (CLOSED)","location_id":1}"
2026-09-30 17:09:27,+0300,3,T1,17,success,"{"total":17,"location_name":"T1 Shopping Mall","location_id":3}"
2026-09-30 17:09:27,+0300,9,Mustika,22,success,"{"total":22,"location_name":"Mustika","location_id":9}"
2026-09-30 17:09:27,+0300,10,Suur-Paala,2,success,"{"total":2,"location_name":"Suur-Paala","location_id":10}"
2026-09-30 17:09:27,+0300,1,Hipodroom,0,success,"{"total":0,"location_name":"Hipodroom (CLOSED)","location_id":1}"
2026-09-30 17:11:27,+0300,3,T1,21,success,"{"total":21,"location_name":"T1 Shopping Mall","location_id":3}"
2026-09-30 17:11:27,+0300,9,Mustika,22,success,"{"total":22,"location_name":"Mustika","location_id":9}"
2026-09-30 17:11:27,+0300,10,Suur-Paala,2,success,"{"total":2,"location_name":"Suur-Paala","location_id":10}"
2026-09-30 17:11:27,+0300,1,Hipodroom,0,success,"{"total":0,"location_name":"Hipodroom (CLOSED)","location_id":1}"
2026-09-30 17:13:28,+0300,3,T1,21,success,"{"total":21,"location_name":"T1 Shopping Mall","location_id":3}"
2026-09-30 17:13:28,+0300,9,Mustika,22,success,"{"total":22,"location_name":"Mustika","location_id":9}"
2026-09-30 17:13:28,+0300,10,Suur-Paala,2,success,"{"total":2,"location_name":"Suur-Paala","location_id":10}"
2026-09-30 17:13:28,+0300,1,Hipodroom,0,success,"{"total":0,"location_name":"Hipodroom (CLOSED)","location_id":1}"
2026-09-30 17:15:28,+0300,3,T1,21,success,"{"total":21,"location_name":"T1 Shopping Mall","location_id":3}"
2026-09-30 17:15:28,+0300,9,Mustika,22,success,"{"total":22,"location_name":"Mustika","location_id":9}"
2026-09-30 17:15:28,+0300,10,Suur-Paala,2,success,"{"total":2,"location_name":"Suur-Paala","location_id":10}"
2026-09-30 17:15:28,+0300,1,Hipodroom,0,success,"{"total":0,"location_name":"Hipodroom (CLOSED)","location_id":1}"
2026-09-30 17:17:29,+0300,3,T1,27,success,"{"total":27,"location_name":"T1 Shopping Mall","location_id":3}"
2026-09-30 17:17:29,+0300,9,Mustika,22,success,"{"total":22,"location_name":"Mustika","location_id":9}"
2026-09-30 17:17:29,+0300,10,Suur-Paala,2,success,"{"total":2,"location_name":"Suur-Paala","location_id":10}"
2026-09-30 17:17:29,+0300,1,Hipodroom,0,success,"{"total":0,"location_name":"Hipodroom (CLOSED)","location_id":1}"
2026-09-30 17:19:30,+0300,3,T1,27,success,"{"total":27,"location_name":"T1 Shopping Mall","location_id":3}"
2026-09-30 17:19:30,+0300,9,Mustika,22,success,"{"total":22,"location_name":"Mustika","location_id":9}"
2026-09-30 17:19:30,+0300,10,Suur-Paala,2,success,"{"total":2,"location_name":"Suur-Paala","location_id":10}"
2026-09-30 17:19:30,+0300,1,Hipodroom,0,success,"{"total":0,"location_name":"Hipodroom (CLOSED)","location_id":1}"
2026-09-30 17:21:30,+0300,3,T1,27,success,"{"total":27,"location_name":"T1 Shopping Mall","location_id":3}"
2026-09-30 17:21:30,+0300,9,Mustika,22,success,"{"total":22,"location_name":"Mustika","location_id":9}"
2026-09-30 17:21:30,+0300,10,Suur-Paala,4,success,"{"total":4,"location_name":"Suur-Paala","location_id":10}"
2026-09-30 17:21:30,+0300,1,Hipodroom,0,success,"{"total":0,"location_name":"Hipodroom (CLOSED)","location_id":1}"
2026-09-30 17:23:31,+0300,3,T1,30,success,"{"total":30,"location_name":"T1 Shopping Mall","location_id":3}"
2026-09-30 17:23:31,+0300,9,Mustika,24,success,"{"total":24,"location_name":"Mustika","location_id":9}"
2026-09-30 17:23:31,+0300,10,Suur-Paala,4,success,"{"total":4,"location_name":"Suur-Paala","location_id":10}"
2026-09-30 17:23:31,+0300,1,Hipodroom,0,success,"{"total":0,"location_name":"Hipodroom (CLOSED)","location_id":1}"
2026-09-30 17:25:31,+0300,3,T1,30,success,"{"total":30,"location_name":"T1 Shopping Mall","location_id":3}"
2026-09-30 17:25:31,+0300,9,Mustika,24,success,"{"total":24,"location_name":"Mustika","location_id":9}"
2026-09-30 17:25:31,+0300,10,Suur-Paala,4,success,"{"total":4,"location_name":"Suur-Paala","location_id":10}"
2026-09-30 17:25:31,+0300,1,Hipodroom,0,success,"{"total":0,"location_name":"Hipodroom (CLOSED)","location_id":1}"
2026-09-30 17:27:32,+0300,3,T1,30,success,"{"total":30,"location_name":"T1 Shopping Mall","location_id":3}"
2026-09-30 17:27:32,+0300,9,Mustika,24,success,"{"total":24,"location_name":"Mustika","location_id":9}"
2026-09-30 17:27:32,+0300,10,Suur-Paala,4,success,"{"total":4,"location_name":"Suur-Paala","location_id":10}"
2026-09-30 17:27:32,+0300,1,Hipodroom,0,success,"{"total":0,"location_name":"Hipodroom (CLOSED)","location_id":1}"
2026-09-30 17:29:32,+0300,3,T1,33,success,"{"total":33,"location_name":"T1 Shopping Mall","location_id":3}"
2026-09-30 17:29:32,+0300,9,Mustika,23,success,"{"total":23,"location_name":"Mustika","location_id":9}"
2026-09-30 17:29:32,+0300,10,Suur-Paala,4,success,"{"total":4,"location_name":"Suur-Paala","location_id":10}"
2026-09-30 17:29:32,+0300,1,Hipodroom,0,success,"{"total":0,"location_name":"Hipodroom (CLOSED)","location_id":1}"
2026-09-30 17:31:33,+0300,3,T1,33,success,"{"total":33,"location_name":"T1 Shopping Mall","location_id":3}"
2026-09-30 17:31:33,+0300,9,Mustika,23,success,"{"total":23,"location_name":"Mustika","location_id":9}"
2026-09-30 17:31:33,+0300,10,Suur-Paala,4,success,"{"total":4,"location_name":"Suur-Paala","location_id":10}"
2026-09-30 17:31:33,+0300,1,Hipodroom,0,success,"{"total":0,"location_name":"Hipodroom (CLOSED)","location_id":1}"
2026-09-30 17:33:33,+0300,3,T1,33,success,"{"total":33,"location_name":"T1 Shopping Mall","location_id":3}"
2026-09-30 17:33:33,+0300,9,Mustika,23,success,"{"total":23,"location_name":"Mustika","location_id":9}"
2026-09-30 17:33:33,+0300,10,Suur-Paala,5,success,"{"total":5,"location_name":"Suur-Paala","location_id":10}"
2026-09-30 17:33:33,+0300,1,Hipodroom,0,success,"{"total":0,"location_name":"Hipodroom (CLOSED)","location_id":1}"
2026-09-30 17:35:34,+0300,3,T1,39,success,"{"total":39,"location_name":"T1 Shopping Mall","location_id":3}"
2026-09-30 17:35:34,+0300,9,Mustika,23,success,"{"total":23,"location_name":"Mustika","location_id":9}"
2026-09-30 17:35:34,+0300,10,Suur-Paala,5,success,"{"total":5,"location_name":"Suur-Paala","location_id":10}"
2026-09-30 17:35:34,+0300,1,Hipodroom,0,success,"{"total":0,"location_name":"Hipodroom (CLOSED)","location_id":1}"
2026-09-30 17:37:35,+0300,3,T1,39,success,"{"total":39,"location_name":"T1 Shopping Mall","location_id":3}"
2026-09-30 17:37:35,+0300,9,Mustika,23,success,"{"total":23,"location_name":"Mustika","location_id":9}"
2026-09-30 17:37:35,+0300,10,Suur-Paala,5,success,"{"total":5,"location_name":"Suur-Paala","location_id":10}"
2026-09-30 17:37:35,+0300,1,Hipodroom,0,success,"{"total":0,"location_name":"Hipodroom (CLOSED)","location_id":1}"
2026-09-30 17:39:35,+0300,3,T1,39,success,"{"total":39,"location_name":"T1 Shopping Mall","location_id":3}"
2026-09-30 17:39:35,+0300,9,Mustika,23,success,"{"total":23,"location_name":"Mustika","location_id":9}"
2026-09-30 17:39:35,+0300,10,Suur-Paala,7,success,"{"total":7,"location_name":"Suur-Paala","location_id":10}"
2026-09-30 17:39:35,+0300,1,Hipodroom,0,success,"{"total":0,"location_name":"Hipodroom (CLOSED)","location_id":1}"
2026-09-30 17:41:36,+0300,3,T1,41,success,"{"total":41,"location_name":"T1 Shopping Mall","location_id":3}"
2026-09-30 17:41:36,+0300,9,Mustika,26,success,"{"total":26,"location_name":"Mustika","location_id":9}"
2026-09-30 17:41:36,+0300,10,Suur-Paala,7,success,"{"total":7,"location_name":"Suur-Paala","location_id":10}"
2026-09-30 17:41:36,+0300,1,Hipodroom,0,success,"{"total":0,"location_name":"Hipodroom (CLOSED)","location_id":1}"
2026-09-30 17:43:37,+0300,3,T1,41,success,"{"total":41,"location_name":"T1 Shopping Mall","location_id":3}"
2026-09-30 17:43:37,+0300,9,Mustika,26,success,"{"total":26,"location_name":"Mustika","location_id":9}"
2026-09-30 17:43:37,+0300,10,Suur-Paala,7,success,"{"total":7,"location_name":"Suur-Paala","location_id":10}"
2026-09-30 17:43:37,+0300,1,Hipodroom,0,success,"{"total":0,"location_name":"Hipodroom (CLOSED)","location_id":1}"
2026-09-30 17:45:37,+0300,3,T1,41,success,"{"total":41,"location_name":"T1 Shopping Mall","location_id":3}"
2026-09-30 17:45:37,+0300,9,Mustika,26,success,"{"total":26,"location_name":"Mustika","location_id":9}"
2026-09-30 17:45:37,+0300,10,Suur-Paala,7,success,"{"total":7,"location_name":"Suur-Paala","location_id":10}"
2026-09-30 17:45:37,+0300,1,Hipodroom,0,success,"{"total":0,"location_name":"Hipodroom (CLOSED)","location_id":1}"
2026-09-30 17:47:38,+0300,3,T1,41,success,"{"total":41,"location_name":"T1 Shopping Mall","location_id":3}"
2026-09-30 17:47:38,+0300,9,Mustika,29,success,"{"total":29,"location_name":"Mustika","location_id":9}"
2026-09-30 17:47:38,+0300,10,Suur-Paala,7,success,"{"total":7,"location_name":"Suur-Paala","location_id":10}"
2026-09-30 17:47:38,+0300,1,Hipodroom,0,success,"{"total":0,"location_name":"Hipodroom (CLOSED)","location_id":1}"
2026-09-30 17:49:39,+0300,3,T1,41,success,"{"total":41,"location_name":"T1 Shopping Mall","location_id":3}"
2026-09-30 17:49:39,+0300,9,Mustika,29,success,"{"total":29,"location_name":"Mustika","location_id":9}"
2026-09-30 17:49:39,+0300,10,Suur-Paala,7,success,"{"total":7,"location_name":"Suur-Paala","location_id":10}"
2026-09-30 17:49:39,+0300,1,Hipodroom,0,success,"{"total":0,"location_name":"Hipodroom (CLOSED)","location_id":1}"
2026-09-30 17:51:39,+0300,3,T1,41,success,"{"total":41,"location_name":"T1 Shopping Mall","location_id":3}"
2026-09-30 17:51:39,+0300,9,Mustika,29,success,"{"total":29,"location_name":"Mustika","location_id":9}"
2026-09-30 17:51:39,+0300,10,Suur-Paala,8,success,"{"total":8,"location_name":"Suur-Paala","location_id":10}"
2026-09-30 17:51:39,+0300,1,Hipodroom,0,success,"{"total":0,"location_name":"Hipodroom (CLOSED)","location_id":1}"
2026-09-30 17:53:40,+0300,3,T1,43,success,"{"total":43,"location_name":"T1 Shopping Mall","location_id":3}"
2026-09-30 17:53:40,+0300,9,Mustika,32,success,"{"total":32,"location_name":"Mustika","location_id":9}"
2026-09-30 17:53:40,+0300,10,Suur-Paala,8,success,"{"total":8,"location_name":"Suur-Paala","location_id":10}"
2026-09-30 17:53:40,+0300,1,Hipodroom,0,success,"{"total":0,"location_name":"Hipodroom (CLOSED)","location_id":1}"
2026-09-30 17:55:41,+0300,3,T1,43,success,"{"total":43,"location_name":"T1 Shopping Mall","location_id":3}"
2026-09-30 17:55:41,+0300,9,Mustika,32,success,"{"total":32,"location_name":"Mustika","location_id":9}"
2026-09-30 17:55:41,+0300,10,Suur-Paala,8,success,"{"total":8,"location_name":"Suur-Paala","location_id":10}"
2026-09-30 17:55:41,+0300,1,Hipodroom,0,success,"{"total":0,"location_name":"Hipodroom (CLOSED)","location_id":1}"
2026-09-30 17:57:41,+0300,3,T1,43,success,"{"total":43,"location_name":"T1 Shopping Mall","location_id":3}"
2026-09-30 17:57:41,+0300,9,Mustika,32,success,"{"total":32,"location_name":"Mustika","location_id":9}"
2026-09-30 17:57:41,+0300,10,Suur-Paala,12,success,"{"total":12,"location_name":"Suur-Paala","location_id":10}"
2026-09-30 17:57:41,+0300,1,Hipodroom,0,success,"{"total":0,"location_name":"Hipodroom (CLOSED)","location_id":1}"
2026-09-30 17:59:42,+0300,3,T1,45,success,"{"total":45,"location_name":"T1 Shopping Mall","location_id":3}"
2026-09-30 17:59:42,+0300,9,Mustika,39,success,"{"total":39,"location_name":"Mustika","location_id":9}"
2026-09-30 17:59:42,+0300,10,Suur-Paala,12,success,"{"total":12,"location_name":"Suur-Paala","location_id":10}"
2026-09-30 17:59:42,+0300,1,Hipodroom,0,success,"{"total":0,"location_name":"Hipodroom (CLOSED)","location_id":1}"
2026-09-30 18:01:42,+0300,3,T1,45,success,"{"total":45,"location_name":"T1 Shopping Mall","location_id":3}"
2026-09-30 18:01:42,+0300,9,Mustika,39,success,"{"total":39,"location_name":"Mustika","location_id":9}"
2026-09-30 18:01:42,+0300,10,Suur-Paala,12,success,"{"total":12,"location_name":"Suur-Paala","location_id":10}"
2026-09-30 18:01:42,+0300,1,Hipodroom,0,success,"{"total":0,"location_name":"Hipodroom (CLOSED)","location_id":1}"
2026-09-30 18:03:43,+0300,3,T1,45,success,"{"total":45,"location_name":"T1 Shopping Mall","location_id":3}"
2026-09-30 18:03:43,+0300,9,Mustika,39,success,"{"total":39,"location_name":"Mustika","location_id":9}"
2026-09-30 18:03:43,+0300,10,Suur-Paala,12,success,"{"total":12,"location_name":"Suur-Paala","location_id":10}"
2026-09-30 18:03:43,+0300,1,Hipodroom,0,success,"{"total":0,"location_name":"Hipodroom (CLOSED)","location_id":1}"
2026-09-30 18:05:44,+0300,3,T1,46,success,"{"total":46,"location_name":"T1 Shopping Mall","location_id":3}"
2026-09-30 18:05:44,+0300,9,Mustika,39,success,"{"total":39,"location_name":"Mustika","location_id":9}"
2026-09-30 18:05:44,+0300,10,Suur-Paala,12,success,"{"total":12,"location_name":"Suur-Paala","location_id":10}"
2026-09-30 18:05:44,+0300,1,Hipodroom,0,success,"{"total":0,"location_name":"Hipodroom (CLOSED)","location_id":1}"
2026-09-30 18:07:44,+0300,3,T1,46,success,"{"total":46,"location_name":"T1 Shopping Mall","location_id":3}"
2026-09-30 18:07:44,+0300,9,Mustika,39,success,"{"total":39,"location_name":"Mustika","location_id":9}"
2026-09-30 18:07:44,+0300,10,Suur-Paala,12,success,"{"total":12,"location_name":"Suur-Paala","location_id":10}"
2026-09-30 18:07:44,+0300,1,Hipodroom,0,success,"{"total":0,"location_name":"Hipodroom (CLOSED)","location_id":1}"
2026-09-30 18:09:45,+0300,3,T1,46,success,"{"total":46,"location_name":"T1 Shopping Mall","location_id":3}"
2026-09-30 18:09:45,+0300,9,Mustika,39,success,"{"total":39,"location_name":"Mustika","location_id":9}"
2026-09-30 18:09:45,+0300,10,Suur-Paala,15,success,"{"total":15,"location_name":"Suur-Paala","location_id":10}"
2026-09-30 18:09:45,+0300,1,Hipodroom,0,success,"{"total":0,"location_name":"Hipodroom (CLOSED)","location_id":1}"
2026-09-30 18:11:46,+0300,3,T1,47,success,"{"total":47,"location_name":"T1 Shopping Mall","location_id":3}"
2026-09-30 18:11:46,+0300,9,Mustika,42,success,"{"total":42,"location_name":"Mustika","location_id":9}"
2026-09-30 18:11:46,+0300,10,Suur-Paala,15,success,"{"total":15,"location_name":"Suur-Paala","location_id":10}"
2026-09-30 18:11:46,+0300,1,Hipodroom,0,success,"{"total":0,"location_name":"Hipodroom (CLOSED)","location_id":1}"
2026-09-30 18:13:46,+0300,3,T1,47,success,"{"total":47,"location_name":"T1 Shopping Mall","location_id":3}"
2026-09-30 18:13:46,+0300,9,Mustika,42,success,"{"total":42,"location_name":"Mustika","location_id":9}"
2026-09-30 18:13:46,+0300,10,Suur-Paala,15,success,"{"total":15,"location_name":"Suur-Paala","location_id":10}"
2026-09-30 18:13:46,+0300,1,Hipodroom,0,success,"{"total":0,"location_name":"Hipodroom (CLOSED)","location_id":1}"
2026-09-30 18:15:47,+0300,3,T1,47,success,"{"total":47,"location_name":"T1 Shopping Mall","location_id":3}"
2026-09-30 18:15:47,+0300,9,Mustika,42,success,"{"total":42,"location_name":"Mustika","location_id":9}"
2026-09-30 18:15:47,+0300,10,Suur-Paala,15,success,"{"total":15,"location_name":"Suur-Paala","location_id":10}"
2026-09-30 18:15:47,+0300,1,Hipodroom,0,success,"{"total":0,"location_name":"Hipodroom (CLOSED)","location_id":1}"
2026-09-30 18:17:47,+0300,3,T1,47,success,"{"total":47,"location_name":"T1 Shopping Mall","location_id":3}"
2026-09-30 18:17:47,+0300,9,Mustika,44,success,"{"total":44,"location_name":"Mustika","location_id":9}"
2026-09-30 18:17:47,+0300,10,Suur-Paala,15,success,"{"total":15,"location_name":"Suur-Paala","location_id":10}"
2026-09-30 18:17:47,+0300,1,Hipodroom,0,success,"{"total":0,"location_name":"Hipodroom (CLOSED)","location_id":1}"
2026-09-30 18:19:48,+0300,3,T1,47,success,"{"total":47,"location_name":"T1 Shopping Mall","location_id":3}"
2026-09-30 18:19:48,+0300,9,Mustika,44,success,"{"total":44,"location_name":"Mustika","location_id":9}"
2026-09-30 18:19:48,+0300,10,Suur-Paala,15,success,"{"total":15,"location_name":"Suur-Paala","location_id":10}"
2026-09-30 18:19:48,+0300,1,Hipodroom,0,success,"{"total":0,"location_name":"Hipodroom (CLOSED)","location_id":1}"
2026-09-30 18:21:49,+0300,3,T1,47,success,"{"total":47,"location_name":"T1 Shopping Mall","location_id":3}"
2026-09-30 18:21:49,+0300,9,Mustika,44,success,"{"total":44,"location_name":"Mustika","location_id":9}"
2026-09-30 18:21:49,+0300,10,Suur-Paala,15,success,"{"total":15,"location_name":"Suur-Paala","location_id":10}"
2026-09-30 18:21:49,+0300,1,Hipodroom,0,success,"{"total":0,"location_name":"Hipodroom (CLOSED)","location_id":1}"
2026-09-30 18:23:49,+0300,3,T1,47,success,"{"total":47,"location_name":"T1 Shopping Mall","location_id":3}"
2026-09-30 18:23:49,+0300,9,Mustika,49,success,"{"total":49,"location_name":"Mustika","location_id":9}"
2026-09-30 18:23:49,+0300,10,Suur-Paala,15,success,"{"total":15,"location_name":"Suur-Paala","location_id":10}"
2026-09-30 18:23:49,+0300,1,Hipodroom,0,success,"{"total":0,"location_name":"Hipodroom (CLOSED)","location_id":1}"
2026-09-30 18:25:50,+0300,3,T1,47,success,"{"total":47,"location_name":"T1 Shopping Mall","location_id":3}"
2026-09-30 18:25:50,+0300,9,Mustika,49,success,"{"total":49,"location_name":"Mustika","location_id":9}"
2026-09-30 18:25:50,+0300,10,Suur-Paala,15,success,"{"total":15,"location_name":"Suur-Paala","location_id":10}"
2026-09-30 18:25:50,+0300,1,Hipodroom,0,success,"{"total":0,"location_name":"Hipodroom (CLOSED)","location_id":1}"
2026-09-30 18:27:50,+0300,3,T1,47,success,"{"total":47,"location_name":"T1 Shopping Mall","location_id":3}"
2026-09-30 18:27:50,+0300,9,Mustika,49,success,"{"total":49,"location_name":"Mustika","location_id":9}"
2026-09-30 18:27:50,+0300,10,Suur-Paala,16,success,"{"total":16,"location_name":"Suur-Paala","location_id":10}"
2026-09-30 18:27:50,+0300,1,Hipodroom,0,success,"{"total":0,"location_name":"Hipodroom (CLOSED)","location_id":1}"
2026-09-30 18:29:51,+0300,3,T1,47,success,"{"total":47,"location_name":"T1 Shopping Mall","location_id":3}"
2026-09-30 18:29:51,+0300,9,Mustika,52,success,"{"total":52,"location_name":"Mustika","location_id":9}"
2026-09-30 18:29:51,+0300,10,Suur-Paala,16,success,"{"total":16,"location_name":"Suur-Paala","location_id":10}"
2026-09-30 18:29:51,+0300,1,Hipodroom,0,success,"{"total":0,"location_name":"Hipodroom (CLOSED)","location_id":1}"
2026-09-30 18:31:51,+0300,3,T1,47,success,"{"total":47,"location_name":"T1 Shopping Mall","location_id":3}"
2026-09-30 18:31:51,+0300,9,Mustika,52,success,"{"total":52,"location_name":"Mustika","location_id":9}"
2026-09-30 18:31:51,+0300,10,Suur-Paala,16,success,"{"total":16,"location_name":"Suur-Paala","location_id":10}"
2026-09-30 18:31:51,+0300,1,Hipodroom,0,success,"{"total":0,"location_name":"Hipodroom (CLOSED)","location_id":1}"
2026-09-30 18:33:52,+0300,3,T1,47,success,"{"total":47,"location_name":"T1 Shopping Mall","location_id":3}"
2026-09-30 18:33:52,+0300,9,Mustika,52,success,"{"total":52,"location_name":"Mustika","location_id":9}"
2026-09-30 18:33:52,+0300,10,Suur-Paala,17,success,"{"total":17,"location_name":"Suur-Paala","location_id":10}"
2026-09-30 18:33:52,+0300,1,Hipodroom,0,success,"{"total":0,"location_name":"Hipodroom (CLOSED)","location_id":1}"
2026-09-30 18:35:53,+0300,3,T1,52,success,"{"total":52,"location_name":"T1 Shopping Mall","location_id":3}"
2026-09-30 18:35:53,+0300,9,Mustika,54,success,"{"total":54,"location_name":"Mustika","location_id":9}"
2026-09-30 18:35:53,+0300,10,Suur-Paala,17,success,"{"total":17,"location_name":"Suur-Paala","location_id":10}"
2026-09-30 18:35:53,+0300,1,Hipodroom,0,success,"{"total":0,"location_name":"Hipodroom (CLOSED)","location_id":1}"
2026-09-30 18:37:53,+0300,3,T1,52,success,"{"total":52,"location_name":"T1 Shopping Mall","location_id":3}"
2026-09-30 18:37:53,+0300,9,Mustika,54,success,"{"total":54,"location_name":"Mustika","location_id":9}"
2026-09-30 18:37:53,+0300,10,Suur-Paala,17,success,"{"total":17,"location_name":"Suur-Paala","location_id":10}"
2026-09-30 18:37:53,+0300,1,Hipodroom,0,success,"{"total":0,"location_name":"Hipodroom (CLOSED)","location_id":1}"
2026-09-30 18:39:54,+0300,3,T1,52,success,"{"total":52,"location_name":"T1 Shopping Mall","location_id":3}"
2026-09-30 18:39:54,+0300,9,Mustika,54,success,"{"total":54,"location_name":"Mustika","location_id":9}"
2026-09-30 18:39:54,+0300,10,Suur-Paala,18,success,"{"total":18,"location_name":"Suur-Paala","location_id":10}"
2026-09-30 18:39:54,+0300,1,Hipodroom,0,success,"{"total":0,"location_name":"Hipodroom (CLOSED)","location_id":1}"
2026-09-30 18:41:54,+0300,3,T1,53,success,"{"total":53,"location_name":"T1 Shopping Mall","location_id":3}"
2026-09-30 18:41:54,+0300,9,Mustika,59,success,"{"total":59,"location_name":"Mustika","location_id":9}"
2026-09-30 18:41:54,+0300,10,Suur-Paala,18,success,"{"total":18,"location_name":"Suur-Paala","location_id":10}"
2026-09-30 18:41:54,+0300,1,Hipodroom,0,success,"{"total":0,"location_name":"Hipodroom (CLOSED)","location_id":1}"
2026-09-30 18:43:55,+0300,3,T1,53,success,"{"total":53,"location_name":"T1 Shopping Mall","location_id":3}"
2026-09-30 18:43:55,+0300,9,Mustika,59,success,"{"total":59,"location_name":"Mustika","location_id":9}"
2026-09-30 18:43:55,+0300,10,Suur-Paala,18,success,"{"total":18,"location_name":"Suur-Paala","location_id":10}"
2026-09-30 18:43:55,+0300,1,Hipodroom,0,success,"{"total":0,"location_name":"Hipodroom (CLOSED)","location_id":1}"
2026-09-30 18:45:55,+0300,3,T1,53,success,"{"total":53,"location_name":"T1 Shopping Mall","location_id":3}"
2026-09-30 18:45:55,+0300,9,Mustika,59,success,"{"total":59,"location_name":"Mustika","location_id":9}"
2026-09-30 18:45:55,+0300,10,Suur-Paala,19,success,"{"total":19,"location_name":"Suur-Paala","location_id":10}"
2026-09-30 18:45:55,+0300,1,Hipodroom,0,success,"{"total":0,"location_name":"Hipodroom (CLOSED)","location_id":1}"
2026-09-30 18:47:56,+0300,3,T1,52,success,"{"total":52,"location_name":"T1 Shopping Mall","location_id":3}"
2026-09-30 18:47:56,+0300,9,Mustika,59,success,"{"total":59,"location_name":"Mustika","location_id":9}"
2026-09-30 18:47:56,+0300,10,Suur-Paala,19,success,"{"total":19,"location_name":"Suur-Paala","location_id":10}"
2026-09-30 18:47:56,+0300,1,Hipodroom,0,success,"{"total":0,"location_name":"Hipodroom (CLOSED)","location_id":1}"
2026-09-30 18:49:57,+0300,3,T1,52,success,"{"total":52,"location_name":"T1 Shopping Mall","location_id":3}"
2026-09-30 18:49:57,+0300,9,Mustika,59,success,"{"total":59,"location_name":"Mustika","location_id":9}"
2026-09-30 18:49:57,+0300,10,Suur-Paala,19,success,"{"total":19,"location_name":"Suur-Paala","location_id":10}"
2026-09-30 18:49:57,+0300,1,Hipodroom,0,success,"{"total":0,"location_name":"Hipodroom (CLOSED)","location_id":1}"
2026-09-30 18:51:57,+0300,3,T1,52,success,"{"total":52,"location_name":"T1 Shopping Mall","location_id":3}"
2026-09-30 18:51:57,+0300,9,Mustika,59,success,"{"total":59,"location_name":"Mustika","location_id":9}"
2026-09-30 18:51:57,+0300,10,Suur-Paala,19,success,"{"total":19,"location_name":"Suur-Paala","location_id":10}"
2026-09-30 18:51:57,+0300,1,Hipodroom,0,success,"{"total":0,"location_name":"Hipodroom (CLOSED)","location_id":1}"
2026-09-30 18:53:58,+0300,3,T1,54,success,"{"total":54,"location_name":"T1 Shopping Mall","location_id":3}"
2026-09-30 18:53:58,+0300,9,Mustika,60,success,"{"total":60,"location_name":"Mustika","location_id":9}"
2026-09-30 18:53:58,+0300,10,Suur-Paala,19,success,"{"total":19,"location_name":"Suur-Paala","location_id":10}"
2026-09-30 18:53:58,+0300,1,Hipodroom,0,success,"{"total":0,"location_name":"Hipodroom (CLOSED)","location_id":1}"
2026-09-30 18:55:58,+0300,3,T1,54,success,"{"total":54,"location_name":"T1 Shopping Mall","location_id":3}"
2026-09-30 18:55:58,+0300,9,Mustika,60,success,"{"total":60,"location_name":"Mustika","location_id":9}"
2026-09-30 18:55:58,+0300,10,Suur-Paala,19,success,"{"total":19,"location_name":"Suur-Paala","location_id":10}"
2026-09-30 18:55:58,+0300,1,Hipodroom,0,success,"{"total":0,"location_name":"Hipodroom (CLOSED)","location_id":1}"
2026-09-30 18:57:59,+0300,3,T1,54,success,"{"total":54,"location_name":"T1 Shopping Mall","location_id":3}"
2026-09-30 18:57:59,+0300,9,Mustika,60,success,"{"total":60,"location_name":"Mustika","location_id":9}"
2026-09-30 18:57:59,+0300,10,Suur-Paala,21,success,"{"total":21,"location_name":"Suur-Paala","location_id":10}"
2026-09-30 18:57:59,+0300,1,Hipodroom,0,success,"{"total":0,"location_name":"Hipodroom (CLOSED)","location_id":1}"
2026-09-30 19:00:00,+0300,3,T1,53,success,"{"total":53,"location_name":"T1 Shopping Mall","location_id":3}"
2026-09-30 19:00:00,+0300,9,Mustika,62,success,"{"total":62,"location_name":"Mustika","location_id":9}"
2026-09-30 19:00:00,+0300,10,Suur-Paala,21,success,"{"total":21,"location_name":"Suur-Paala","location_id":10}"
2026-09-30 19:00:00,+0300,1,Hipodroom,0,success,"{"total":0,"location_name":"Hipodroom (CLOSED)","location_id":1}"
2026-09-30 19:02:00,+0300,3,T1,53,success,"{"total":53,"location_name":"T1 Shopping Mall","location_id":3}"
2026-09-30 19:02:00,+0300,9,Mustika,62,success,"{"total":62,"location_name":"Mustika","location_id":9}"
2026-09-30 19:02:00,+0300,10,Suur-Paala,21,success,"{"total":21,"location_name":"Suur-Paala","location_id":10}"
2026-09-30 19:02:00,+0300,1,Hipodroom,0,success,"{"total":0,"location_name":"Hipodroom (CLOSED)","location_id":1}"
2026-09-30 19:04:01,+0300,3,T1,53,success,"{"total":53,"location_name":"T1 Shopping Mall","location_id":3}"
2026-09-30 19:04:01,+0300,9,Mustika,62,success,"{"total":62,"location_name":"Mustika","location_id":9}"
2026-09-30 19:04:01,+0300,10,Suur-Paala,21,success,"{"total":21,"location_name":"Suur-Paala","location_id":10}"
2026-09-30 19:04:01,+0300,1,Hipodroom,0,success,"{"total":0,"location_name":"Hipodroom (CLOSED)","location_id":1}"
2026-09-30 19:06:02,+0300,3,T1,57,success,"{"total":57,"location_name":"T1 Shopping Mall","location_id":3}"
2026-09-30 19:06:02,+0300,9,Mustika,61,success,"{"total":61,"location_name":"Mustika","location_id":9}"
2026-09-30 19:06:02,+0300,10,Suur-Paala,21,success,"{"total":21,"location_name":"Suur-Paala","location_id":10}"
2026-09-30 19:06:02,+0300,1,Hipodroom,0,success,"{"total":0,"location_name":"Hipodroom (CLOSED)","location_id":1}"
2026-09-30 19:08:02,+0300,3,T1,57,success,"{"total":57,"location_name":"T1 Shopping Mall","location_id":3}"
2026-09-30 19:08:02,+0300,9,Mustika,61,success,"{"total":61,"location_name":"Mustika","location_id":9}"
2026-09-30 19:08:02,+0300,10,Suur-Paala,21,success,"{"total":21,"location_name":"Suur-Paala","location_id":10}"
2026-09-30 19:08:02,+0300,1,Hipodroom,0,success,"{"total":0,"location_name":"Hipodroom (CLOSED)","location_id":1}"
2026-09-30 19:10:03,+0300,3,T1,57,success,"{"total":57,"location_name":"T1 Shopping Mall","location_id":3}"
2026-09-30 19:10:03,+0300,9,Mustika,61,success,"{"total":61,"location_name":"Mustika","location_id":9}"
2026-09-30 19:10:03,+0300,10,Suur-Paala,20,success,"{"total":20,"location_name":"Suur-Paala","location_id":10}"
2026-09-30 19:10:03,+0300,1,Hipodroom,0,success,"{"total":0,"location_name":"Hipodroom (CLOSED)","location_id":1}"
2026-09-30 19:12:04,+0300,3,T1,56,success,"{"total":56,"location_name":"T1 Shopping Mall","location_id":3}"
2026-09-30 19:12:04,+0300,9,Mustika,63,success,"{"total":63,"location_name":"Mustika","location_id":9}"
2026-09-30 19:12:04,+0300,10,Suur-Paala,20,success,"{"total":20,"location_name":"Suur-Paala","location_id":10}"
2026-09-30 19:12:04,+0300,1,Hipodroom,0,success,"{"total":0,"location_name":"Hipodroom (CLOSED)","location_id":1}"
2026-09-30 19:14:04,+0300,3,T1,56,success,"{"total":56,"location_name":"T1 Shopping Mall","location_id":3}"
2026-09-30 19:14:04,+0300,9,Mustika,63,success,"{"total":63,"location_name":"Mustika","location_id":9}"
2026-09-30 19:14:04,+0300,10,Suur-Paala,20,success,"{"total":20,"location_name":"Suur-Paala","location_id":10}"
2026-09-30 19:14:04,+0300,1,Hipodroom,0,success,"{"total":0,"location_name":"Hipodroom (CLOSED)","location_id":1}"
2026-09-30 19:16:05,+0300,3,T1,56,success,"{"total":56,"location_name":"T1 Shopping Mall","location_id":3}"
2026-09-30 19:16:05,+0300,9,Mustika,63,success,"{"total":63,"location_name":"Mustika","location_id":9}"
2026-09-30 19:16:05,+0300,10,Suur-Paala,20,success,"{"total":20,"location_name":"Suur-Paala","location_id":10}"
2026-09-30 19:16:05,+0300,1,Hipodroom,0,success,"{"total":0,"location_name":"Hipodroom (CLOSED)","location_id":1}"
2026-09-30 19:18:06,+0300,3,T1,59,success,"{"total":59,"location_name":"T1 Shopping Mall","location_id":3}"
2026-09-30 19:18:06,+0300,9,Mustika,60,success,"{"total":60,"location_name":"Mustika","location_id":9}"
2026-09-30 19:18:06,+0300,10,Suur-Paala,20,success,"{"total":20,"location_name":"Suur-Paala","location_id":10}"
2026-09-30 19:18:06,+0300,1,Hipodroom,0,success,"{"total":0,"location_name":"Hipodroom (CLOSED)","location_id":1}"
2026-09-30 19:20:06,+0300,3,T1,59,success,"{"total":59,"location_name":"T1 Shopping Mall","location_id":3}"
2026-09-30 19:20:06,+0300,9,Mustika,60,success,"{"total":60,"location_name":"Mustika","location_id":9}"
2026-09-30 19:20:06,+0300,10,Suur-Paala,20,success,"{"total":20,"location_name":"Suur-Paala","location_id":10}"
2026-09-30 19:20:06,+0300,1,Hipodroom,0,success,"{"total":0,"location_name":"Hipodroom (CLOSED)","location_id":1}"
2026-09-30 19:22:07,+0300,3,T1,59,success,"{"total":59,"location_name":"T1 Shopping Mall","location_id":3}"
2026-09-30 19:22:07,+0300,9,Mustika,60,success,"{"total":60,"location_name":"Mustika","location_id":9}"
2026-09-30 19:22:07,+0300,10,Suur-Paala,20,success,"{"total":20,"location_name":"Suur-Paala","location_id":10}"
2026-09-30 19:22:07,+0300,1,Hipodroom,0,success,"{"total":0,"location_name":"Hipodroom (CLOSED)","location_id":1}"
2026-09-30 19:24:07,+0300,3,T1,59,success,"{"total":59,"location_name":"T1 Shopping Mall","location_id":3}"
2026-09-30 19:24:07,+0300,9,Mustika,61,success,"{"total":61,"location_name":"Mustika","location_id":9}"
2026-09-30 19:24:07,+0300,10,Suur-Paala,20,success,"{"total":20,"location_name":"Suur-Paala","location_id":10}"
2026-09-30 19:24:07,+0300,1,Hipodroom,0,success,"{"total":0,"location_name":"Hipodroom (CLOSED)","location_id":1}"
2026-09-30 19:26:08,+0300,3,T1,59,success,"{"total":59,"location_name":"T1 Shopping Mall","location_id":3}"
2026-09-30 19:26:08,+0300,9,Mustika,61,success,"{"total":61,"location_name":"Mustika","location_id":9}"
2026-09-30 19:26:08,+0300,10,Suur-Paala,20,success,"{"total":20,"location_name":"Suur-Paala","location_id":10}"
2026-09-30 19:26:08,+0300,1,Hipodroom,0,success,"{"total":0,"location_name":"Hipodroom (CLOSED)","location_id":1}"
2026-09-30 19:28:09,+0300,3,T1,59,success,"{"total":59,"location_name":"T1 Shopping Mall","location_id":3}"
2026-09-30 19:28:09,+0300,9,Mustika,61,success,"{"total":61,"location_name":"Mustika","location_id":9}"
2026-09-30 19:28:09,+0300,10,Suur-Paala,20,success,"{"total":20,"location_name":"Suur-Paala","location_id":10}"
2026-09-30 19:28:09,+0300,1,Hipodroom,0,success,"{"total":0,"location_name":"Hipodroom (CLOSED)","location_id":1}"
2026-09-30 19:30:09,+0300,3,T1,59,success,"{"total":59,"location_name":"T1 Shopping Mall","location_id":3}"
2026-09-30 19:30:09,+0300,9,Mustika,61,success,"{"total":61,"location_name":"Mustika","location_id":9}"
2026-09-30 19:30:09,+0300,10,Suur-Paala,20,success,"{"total":20,"location_name":"Suur-Paala","location_id":10}"
2026-09-30 19:30:09,+0300,1,Hipodroom,0,success,"{"total":0,"location_name":"Hipodroom (CLOSED)","location_id":1}"
2026-09-30 19:32:10,+0300,3,T1,59,success,"{"total":59,"location_name":"T1 Shopping Mall","location_id":3}"
2026-09-30 19:32:10,+0300,9,Mustika,61,success,"{"total":61,"location_name":"Mustika","location_id":9}"
2026-09-30 19:32:10,+0300,10,Suur-Paala,20,success,"{"total":20,"location_name":"Suur-Paala","location_id":10}"
2026-09-30 19:32:10,+0300,1,Hipodroom,0,success,"{"total":0,"location_name":"Hipodroom (CLOSED)","location_id":1}"
2026-09-30 19:34:10,+0300,3,T1,59,success,"{"total":59,"location_name":"T1 Shopping Mall","location_id":3}"
2026-09-30 19:34:10,+0300,9,Mustika,61,success,"{"total":61,"location_name":"Mustika","location_id":9}"
2026-09-30 19:34:10,+0300,10,Suur-Paala,20,success,"{"total":20,"location_name":"Suur-Paala","location_id":10}"
2026-09-30 19:34:10,+0300,1,Hipodroom,0,success,"{"total":0,"location_name":"Hipodroom (CLOSED)","location_id":1}"
2026-09-30 19:36:11,+0300,3,T1,62,success,"{"total":62,"location_name":"T1 Shopping Mall","location_id":3}"
2026-09-30 19:36:11,+0300,9,Mustika,59,success,"{"total":59,"location_name":"Mustika","location_id":9}"
2026-09-30 19:36:11,+0300,10,Suur-Paala,20,success,"{"total":20,"location_name":"Suur-Paala","location_id":10}"
2026-09-30 19:36:11,+0300,1,Hipodroom,0,success,"{"total":0,"location_name":"Hipodroom (CLOSED)","location_id":1}"
2026-09-30 19:38:11,+0300,3,T1,62,success,"{"total":62,"location_name":"T1 Shopping Mall","location_id":3}"
2026-09-30 19:38:11,+0300,9,Mustika,59,success,"{"total":59,"location_name":"Mustika","location_id":9}"
2026-09-30 19:38:11,+0300,10,Suur-Paala,20,success,"{"total":20,"location_name":"Suur-Paala","location_id":10}"
2026-09-30 19:38:11,+0300,1,Hipodroom,0,success,"{"total":0,"location_name":"Hipodroom (CLOSED)","location_id":1}"
2026-09-30 19:40:12,+0300,3,T1,62,success,"{"total":62,"location_name":"T1 Shopping Mall","location_id":3}"
2026-09-30 19:40:12,+0300,9,Mustika,59,success,"{"total":59,"location_name":"Mustika","location_id":9}"
2026-09-30 19:40:12,+0300,10,Suur-Paala,20,success,"{"total":20,"location_name":"Suur-Paala","location_id":10}"
2026-09-30 19:40:12,+0300,1,Hipodroom,0,success,"{"total":0,"location_name":"Hipodroom (CLOSED)","location_id":1}"
2026-09-30 19:42:13,+0300,3,T1,63,success,"{"total":63,"location_name":"T1 Shopping Mall","location_id":3}"
2026-09-30 19:42:13,+0300,9,Mustika,59,success,"{"total":59,"location_name":"Mustika","location_id":9}"
2026-09-30 19:42:13,+0300,10,Suur-Paala,20,success,"{"total":20,"location_name":"Suur-Paala","location_id":10}"
2026-09-30 19:42:13,+0300,1,Hipodroom,0,success,"{"total":0,"location_name":"Hipodroom (CLOSED)","location_id":1}"
2026-09-30 19:44:14,+0300,3,T1,63,success,"{"total":63,"location_name":"T1 Shopping Mall","location_id":3}"
2026-09-30 19:44:14,+0300,9,Mustika,59,success,"{"total":59,"location_name":"Mustika","location_id":9}"
2026-09-30 19:44:14,+0300,10,Suur-Paala,20,success,"{"total":20,"location_name":"Suur-Paala","location_id":10}"
2026-09-30 19:44:14,+0300,1,Hipodroom,0,success,"{"total":0,"location_name":"Hipodroom (CLOSED)","location_id":1}"
2026-09-30 19:46:14,+0300,3,T1,63,success,"{"total":63,"location_name":"T1 Shopping Mall","location_id":3}"
2026-09-30 19:46:14,+0300,9,Mustika,59,success,"{"total":59,"location_name":"Mustika","location_id":9}"
2026-09-30 19:46:14,+0300,10,Suur-Paala,20,success,"{"total":20,"location_name":"Suur-Paala","location_id":10}"
2026-09-30 19:46:14,+0300,1,Hipodroom,0,success,"{"total":0,"location_name":"Hipodroom (CLOSED)","location_id":1}"
2026-09-30 19:48:15,+0300,3,T1,62,success,"{"total":62,"location_name":"T1 Shopping Mall","location_id":3}"
2026-09-30 19:48:15,+0300,9,Mustika,59,success,"{"total":59,"location_name":"Mustika","location_id":9}"
2026-09-30 19:48:15,+0300,10,Suur-Paala,20,success,"{"total":20,"location_name":"Suur-Paala","location_id":10}"
2026-09-30 19:48:15,+0300,1,Hipodroom,0,success,"{"total":0,"location_name":"Hipodroom (CLOSED)","location_id":1}"
2026-09-30 19:50:16,+0300,3,T1,62,success,"{"total":62,"location_name":"T1 Shopping Mall","location_id":3}"
2026-09-30 19:50:16,+0300,9,Mustika,59,success,"{"total":59,"location_name":"Mustika","location_id":9}"
2026-09-30 19:50:16,+0300,10,Suur-Paala,20,success,"{"total":20,"location_name":"Suur-Paala","location_id":10}"
2026-09-30 19:50:16,+0300,1,Hipodroom,0,success,"{"total":0,"location_name":"Hipodroom (CLOSED)","location_id":1}"
2026-09-30 19:52:16,+0300,3,T1,62,success,"{"total":62,"location_name":"T1 Shopping Mall","location_id":3}"
2026-09-30 19:52:16,+0300,9,Mustika,59,success,"{"total":59,"location_name":"Mustika","location_id":9}"
2026-09-30 19:52:16,+0300,10,Suur-Paala,21,success,"{"total":21,"location_name":"Suur-Paala","location_id":10}"
2026-09-30 19:52:16,+0300,1,Hipodroom,0,success,"{"total":0,"location_name":"Hipodroom (CLOSED)","location_id":1}"
2026-09-30 19:54:17,+0300,3,T1,62,success,"{"total":62,"location_name":"T1 Shopping Mall","location_id":3}"
2026-09-30 19:54:17,+0300,9,Mustika,60,success,"{"total":60,"location_name":"Mustika","location_id":9}"
2026-09-30 19:54:17,+0300,10,Suur-Paala,21,success,"{"total":21,"location_name":"Suur-Paala","location_id":10}"
2026-09-30 19:54:17,+0300,1,Hipodroom,0,success,"{"total":0,"location_name":"Hipodroom (CLOSED)","location_id":1}"
2026-09-30 19:56:18,+0300,3,T1,62,success,"{"total":62,"location_name":"T1 Shopping Mall","location_id":3}"
2026-09-30 19:56:18,+0300,9,Mustika,60,success,"{"total":60,"location_name":"Mustika","location_id":9}"
2026-09-30 19:56:18,+0300,10,Suur-Paala,21,success,"{"total":21,"location_name":"Suur-Paala","location_id":10}"
2026-09-30 19:56:18,+0300,1,Hipodroom,0,success,"{"total":0,"location_name":"Hipodroom (CLOSED)","location_id":1}"
2026-09-30 19:58:19,+0300,3,T1,62,success,"{"total":62,"location_name":"T1 Shopping Mall","location_id":3}"
2026-09-30 19:58:19,+0300,9,Mustika,60,success,"{"total":60,"location_name":"Mustika","location_id":9}"
2026-09-30 19:58:19,+0300,10,Suur-Paala,21,success,"{"total":21,"location_name":"Suur-Paala","location_id":10}"
2026-09-30 19:58:19,+0300,1,Hipodroom,0,success,"{"total":0,"location_name":"Hipodroom (CLOSED)","location_id":1}"
2026-09-30 20:00:19,+0300,3,T1,62,success,"{"total":62,"location_name":"T1 Shopping Mall","location_id":3}"
2026-09-30 20:00:19,+0300,9,Mustika,58,success,"{"total":58,"location_name":"Mustika","location_id":9}"
2026-09-30 20:00:19,+0300,10,Suur-Paala,21,success,"{"total":21,"location_name":"Suur-Paala","location_id":10}"
2026-09-30 20:00:19,+0300,1,Hipodroom,0,success,"{"total":0,"location_name":"Hipodroom (CLOSED)","location_id":1}"
2026-09-30 20:02:20,+0300,3,T1,62,success,"{"total":62,"location_name":"T1 Shopping Mall","location_id":3}"
2026-09-30 20:02:20,+0300,9,Mustika,58,success,"{"total":58,"location_name":"Mustika","location_id":9}"
2026-09-30 20:02:20,+0300,10,Suur-Paala,21,success,"{"total":21,"location_name":"Suur-Paala","location_id":10}"
2026-09-30 20:02:20,+0300,1,Hipodroom,0,success,"{"total":0,"location_name":"Hipodroom (CLOSED)","location_id":1}"
2026-09-30 20:04:21,+0300,3,T1,62,success,"{"total":62,"location_name":"T1 Shopping Mall","location_id":3}"
2026-09-30 20:04:21,+0300,9,Mustika,58,success,"{"total":58,"location_name":"Mustika","location_id":9}"
2026-09-30 20:04:21,+0300,10,Suur-Paala,21,success,"{"total":21,"location_name":"Suur-Paala","location_id":10}"
2026-09-30 20:04:21,+0300,1,Hipodroom,0,success,"{"total":0,"location_name":"Hipodroom (CLOSED)","location_id":1}"
2026-09-30 20:06:21,+0300,3,T1,60,success,"{"total":60,"location_name":"T1 Shopping Mall","location_id":3}"
2026-09-30 20:06:21,+0300,9,Mustika,58,success,"{"total":58,"location_name":"Mustika","location_id":9}"
2026-09-30 20:06:21,+0300,10,Suur-Paala,21,success,"{"total":21,"location_name":"Suur-Paala","location_id":10}"
2026-09-30 20:06:21,+0300,1,Hipodroom,0,success,"{"total":0,"location_name":"Hipodroom (CLOSED)","location_id":1}"
2026-09-30 20:08:22,+0300,3,T1,60,success,"{"total":60,"location_name":"T1 Shopping Mall","location_id":3}"
2026-09-30 20:08:22,+0300,9,Mustika,58,success,"{"total":58,"location_name":"Mustika","location_id":9}"
2026-09-30 20:08:22,+0300,10,Suur-Paala,21,success,"{"total":21,"location_name":"Suur-Paala","location_id":10}"
2026-09-30 20:08:22,+0300,1,Hipodroom,0,success,"{"total":0,"location_name":"Hipodroom (CLOSED)","location_id":1}"
2026-09-30 20:10:23,+0300,3,T1,60,success,"{"total":60,"location_name":"T1 Shopping Mall","location_id":3}"
2026-09-30 20:10:23,+0300,9,Mustika,58,success,"{"total":58,"location_name":"Mustika","location_id":9}"
2026-09-30 20:10:23,+0300,10,Suur-Paala,20,success,"{"total":20,"location_name":"Suur-Paala","location_id":10}"
2026-09-30 20:10:23,+0300,1,Hipodroom,0,success,"{"total":0,"location_name":"Hipodroom (CLOSED)","location_id":1}"
2026-09-30 20:12:23,+0300,3,T1,56,success,"{"total":56,"location_name":"T1 Shopping Mall","location_id":3}"
2026-09-30 20:12:23,+0300,9,Mustika,59,success,"{"total":59,"location_name":"Mustika","location_id":9}"
2026-09-30 20:12:23,+0300,10,Suur-Paala,20,success,"{"total":20,"location_name":"Suur-Paala","location_id":10}"
2026-09-30 20:12:23,+0300,1,Hipodroom,0,success,"{"total":0,"location_name":"Hipodroom (CLOSED)","location_id":1}"
2026-09-30 20:14:24,+0300,3,T1,56,success,"{"total":56,"location_name":"T1 Shopping Mall","location_id":3}"
2026-09-30 20:14:24,+0300,9,Mustika,59,success,"{"total":59,"location_name":"Mustika","location_id":9}"
2026-09-30 20:14:24,+0300,10,Suur-Paala,20,success,"{"total":20,"location_name":"Suur-Paala","location_id":10}"
2026-09-30 20:14:24,+0300,1,Hipodroom,0,success,"{"total":0,"location_name":"Hipodroom (CLOSED)","location_id":1}"
2026-09-30 20:16:25,+0300,3,T1,56,success,"{"total":56,"location_name":"T1 Shopping Mall","location_id":3}"
2026-09-30 20:16:25,+0300,9,Mustika,59,success,"{"total":59,"location_name":"Mustika","location_id":9}"
2026-09-30 20:16:25,+0300,10,Suur-Paala,19,success,"{"total":19,"location_name":"Suur-Paala","location_id":10}"
2026-09-30 20:16:25,+0300,1,Hipodroom,0,success,"{"total":0,"location_name":"Hipodroom (CLOSED)","location_id":1}"
2026-09-30 20:18:25,+0300,3,T1,50,success,"{"total":50,"location_name":"T1 Shopping Mall","location_id":3}"
2026-09-30 20:18:25,+0300,9,Mustika,59,success,"{"total":59,"location_name":"Mustika","location_id":9}"
2026-09-30 20:18:25,+0300,10,Suur-Paala,19,success,"{"total":19,"location_name":"Suur-Paala","location_id":10}"
2026-09-30 20:18:25,+0300,1,Hipodroom,0,success,"{"total":0,"location_name":"Hipodroom (CLOSED)","location_id":1}"
2026-09-30 20:20:26,+0300,3,T1,50,success,"{"total":50,"location_name":"T1 Shopping Mall","location_id":3}"
2026-09-30 20:20:26,+0300,9,Mustika,59,success,"{"total":59,"location_name":"Mustika","location_id":9}"
2026-09-30 20:20:26,+0300,10,Suur-Paala,19,success,"{"total":19,"location_name":"Suur-Paala","location_id":10}"
2026-09-30 20:20:26,+0300,1,Hipodroom,0,success,"{"total":0,"location_name":"Hipodroom (CLOSED)","location_id":1}"
2026-09-30 20:22:27,+0300,3,T1,46,success,"{"total":46,"location_name":"T1 Shopping Mall","location_id":3}"
2026-09-30 20:22:27,+0300,9,Mustika,60,success,"{"total":60,"location_name":"Mustika","location_id":9}"
2026-09-30 20:22:27,+0300,10,Suur-Paala,19,success,"{"total":19,"location_name":"Suur-Paala","location_id":10}"
2026-09-30 20:22:27,+0300,1,Hipodroom,0,success,"{"total":0,"location_name":"Hipodroom (CLOSED)","location_id":1}"
2026-09-30 20:24:28,+0300,3,T1,46,success,"{"total":46,"location_name":"T1 Shopping Mall","location_id":3}"
2026-09-30 20:24:28,+0300,9,Mustika,60,success,"{"total":60,"location_name":"Mustika","location_id":9}"
2026-09-30 20:24:28,+0300,10,Suur-Paala,19,success,"{"total":19,"location_name":"Suur-Paala","location_id":10}"
2026-09-30 20:24:28,+0300,1,Hipodroom,0,success,"{"total":0,"location_name":"Hipodroom (CLOSED)","location_id":1}"
2026-09-30 20:26:28,+0300,3,T1,46,success,"{"total":46,"location_name":"T1 Shopping Mall","location_id":3}"
2026-09-30 20:26:28,+0300,9,Mustika,60,success,"{"total":60,"location_name":"Mustika","location_id":9}"
2026-09-30 20:26:28,+0300,10,Suur-Paala,19,success,"{"total":19,"location_name":"Suur-Paala","location_id":10}"
2026-09-30 20:26:28,+0300,1,Hipodroom,0,success,"{"total":0,"location_name":"Hipodroom (CLOSED)","location_id":1}"
2026-09-30 20:28:29,+0300,3,T1,45,success,"{"total":45,"location_name":"T1 Shopping Mall","location_id":3}"
2026-09-30 20:28:29,+0300,9,Mustika,60,success,"{"total":60,"location_name":"Mustika","location_id":9}"
2026-09-30 20:28:29,+0300,10,Suur-Paala,19,success,"{"total":19,"location_name":"Suur-Paala","location_id":10}"
2026-09-30 20:28:29,+0300,1,Hipodroom,0,success,"{"total":0,"location_name":"Hipodroom (CLOSED)","location_id":1}"
2026-09-30 20:30:30,+0300,3,T1,45,success,"{"total":45,"location_name":"T1 Shopping Mall","location_id":3}"
2026-09-30 20:30:30,+0300,9,Mustika,60,success,"{"total":60,"location_name":"Mustika","location_id":9}"
2026-09-30 20:30:30,+0300,10,Suur-Paala,19,success,"{"total":19,"location_name":"Suur-Paala","location_id":10}"
2026-09-30 20:30:30,+0300,1,Hipodroom,0,success,"{"total":0,"location_name":"Hipodroom (CLOSED)","location_id":1}"
2026-09-30 20:32:31,+0300,3,T1,45,success,"{"total":45,"location_name":"T1 Shopping Mall","location_id":3}"
2026-09-30 20:32:31,+0300,9,Mustika,60,success,"{"total":60,"location_name":"Mustika","location_id":9}"
2026-09-30 20:32:31,+0300,10,Suur-Paala,19,success,"{"total":19,"location_name":"Suur-Paala","location_id":10}"
2026-09-30 20:32:31,+0300,1,Hipodroom,0,success,"{"total":0,"location_name":"Hipodroom (CLOSED)","location_id":1}"
2026-09-30 20:34:32,+0300,3,T1,41,success,"{"total":41,"location_name":"T1 Shopping Mall","location_id":3}"
2026-09-30 20:34:32,+0300,9,Mustika,59,success,"{"total":59,"location_name":"Mustika","location_id":9}"
2026-09-30 20:34:32,+0300,10,Suur-Paala,16,success,"{"total":16,"location_name":"Suur-Paala","location_id":10}"
2026-09-30 20:34:32,+0300,1,Hipodroom,0,success,"{"total":0,"location_name":"Hipodroom (CLOSED)","location_id":1}"
2026-09-30 20:36:33,+0300,3,T1,41,success,"{"total":41,"location_name":"T1 Shopping Mall","location_id":3}"
2026-09-30 20:36:33,+0300,9,Mustika,59,success,"{"total":59,"location_name":"Mustika","location_id":9}"
2026-09-30 20:36:33,+0300,10,Suur-Paala,16,success,"{"total":16,"location_name":"Suur-Paala","location_id":10}"
2026-09-30 20:36:33,+0300,1,Hipodroom,0,success,"{"total":0,"location_name":"Hipodroom (CLOSED)","location_id":1}"
2026-09-30 20:38:33,+0300,3,T1,41,success,"{"total":41,"location_name":"T1 Shopping Mall","location_id":3}"
2026-09-30 20:38:33,+0300,9,Mustika,59,success,"{"total":59,"location_name":"Mustika","location_id":9}"
2026-09-30 20:38:33,+0300,10,Suur-Paala,16,success,"{"total":16,"location_name":"Suur-Paala","location_id":10}"
2026-09-30 20:38:33,+0300,1,Hipodroom,0,success,"{"total":0,"location_name":"Hipodroom (CLOSED)","location_id":1}"
2026-09-30 20:40:34,+0300,3,T1,39,success,"{"total":39,"location_name":"T1 Shopping Mall","location_id":3}"
2026-09-30 20:40:34,+0300,9,Mustika,56,success,"{"total":56,"location_name":"Mustika","location_id":9}"
2026-09-30 20:40:34,+0300,10,Suur-Paala,16,success,"{"total":16,"location_name":"Suur-Paala","location_id":10}"
2026-09-30 20:40:34,+0300,1,Hipodroom,0,success,"{"total":0,"location_name":"Hipodroom (CLOSED)","location_id":1}"
2026-09-30 20:42:35,+0300,3,T1,39,success,"{"total":39,"location_name":"T1 Shopping Mall","location_id":3}"
2026-09-30 20:42:35,+0300,9,Mustika,56,success,"{"total":56,"location_name":"Mustika","location_id":9}"
2026-09-30 20:42:35,+0300,10,Suur-Paala,16,success,"{"total":16,"location_name":"Suur-Paala","location_id":10}"
2026-09-30 20:42:35,+0300,1,Hipodroom,0,success,"{"total":0,"location_name":"Hipodroom (CLOSED)","location_id":1}"
2026-09-30 20:44:35,+0300,3,T1,39,success,"{"total":39,"location_name":"T1 Shopping Mall","location_id":3}"
2026-09-30 20:44:35,+0300,9,Mustika,56,success,"{"total":56,"location_name":"Mustika","location_id":9}"
2026-09-30 20:44:35,+0300,10,Suur-Paala,16,success,"{"total":16,"location_name":"Suur-Paala","location_id":10}"
2026-09-30 20:44:35,+0300,1,Hipodroom,0,success,"{"total":0,"location_name":"Hipodroom (CLOSED)","location_id":1}"
2026-09-30 20:46:36,+0300,3,T1,39,success,"{"total":39,"location_name":"T1 Shopping Mall","location_id":3}"
2026-09-30 20:46:36,+0300,9,Mustika,53,success,"{"total":53,"location_name":"Mustika","location_id":9}"
2026-09-30 20:46:36,+0300,10,Suur-Paala,15,success,"{"total":15,"location_name":"Suur-Paala","location_id":10}"
2026-09-30 20:46:36,+0300,1,Hipodroom,0,success,"{"total":0,"location_name":"Hipodroom (CLOSED)","location_id":1}"
2026-09-30 20:48:37,+0300,3,T1,39,success,"{"total":39,"location_name":"T1 Shopping Mall","location_id":3}"
2026-09-30 20:48:37,+0300,9,Mustika,53,success,"{"total":53,"location_name":"Mustika","location_id":9}"
2026-09-30 20:48:37,+0300,10,Suur-Paala,15,success,"{"total":15,"location_name":"Suur-Paala","location_id":10}"
2026-09-30 20:48:37,+0300,1,Hipodroom,0,success,"{"total":0,"location_name":"Hipodroom (CLOSED)","location_id":1}"
2026-09-30 20:50:38,+0300,3,T1,39,success,"{"total":39,"location_name":"T1 Shopping Mall","location_id":3}"
2026-09-30 20:50:38,+0300,9,Mustika,53,success,"{"total":53,"location_name":"Mustika","location_id":9}"
2026-09-30 20:50:38,+0300,10,Suur-Paala,15,success,"{"total":15,"location_name":"Suur-Paala","location_id":10}"
2026-09-30 20:50:38,+0300,1,Hipodroom,0,success,"{"total":0,"location_name":"Hipodroom (CLOSED)","location_id":1}"
2026-09-30 20:52:38,+0300,3,T1,39,success,"{"total":39,"location_name":"T1 Shopping Mall","location_id":3}"
2026-09-30 20:52:38,+0300,9,Mustika,50,success,"{"total":50,"location_name":"Mustika","location_id":9}"
2026-09-30 20:52:38,+0300,10,Suur-Paala,14,success,"{"total":14,"location_name":"Suur-Paala","location_id":10}"
2026-09-30 20:52:38,+0300,1,Hipodroom,0,success,"{"total":0,"location_name":"Hipodroom (CLOSED)","location_id":1}"
2026-09-30 20:54:39,+0300,3,T1,39,success,"{"total":39,"location_name":"T1 Shopping Mall","location_id":3}"
2026-09-30 20:54:39,+0300,9,Mustika,50,success,"{"total":50,"location_name":"Mustika","location_id":9}"
2026-09-30 20:54:39,+0300,10,Suur-Paala,14,success,"{"total":14,"location_name":"Suur-Paala","location_id":10}"
2026-09-30 20:54:39,+0300,1,Hipodroom,0,success,"{"total":0,"location_name":"Hipodroom (CLOSED)","location_id":1}"
2026-09-30 20:56:40,+0300,3,T1,39,success,"{"total":39,"location_name":"T1 Shopping Mall","location_id":3}"
2026-09-30 20:56:40,+0300,9,Mustika,50,success,"{"total":50,"location_name":"Mustika","location_id":9}"
2026-09-30 20:56:40,+0300,10,Suur-Paala,14,success,"{"total":14,"location_name":"Suur-Paala","location_id":10}"
2026-09-30 20:56:40,+0300,1,Hipodroom,0,success,"{"total":0,"location_name":"Hipodroom (CLOSED)","location_id":1}"
2026-09-30 20:58:40,+0300,3,T1,38,success,"{"total":38,"location_name":"T1 Shopping Mall","location_id":3}"
2026-09-30 20:58:40,+0300,9,Mustika,43,success,"{"total":43,"location_name":"Mustika","location_id":9}"
2026-09-30 20:58:40,+0300,10,Suur-Paala,11,success,"{"total":11,"location_name":"Suur-Paala","location_id":10}"
2026-09-30 20:58:40,+0300,1,Hipodroom,0,success,"{"total":0,"location_name":"Hipodroom (CLOSED)","location_id":1}"
2026-09-30 21:00:41,+0300,3,T1,38,success,"{"total":38,"location_name":"T1 Shopping Mall","location_id":3}"
2026-09-30 21:00:41,+0300,9,Mustika,43,success,"{"total":43,"location_name":"Mustika","location_id":9}"
2026-09-30 21:00:41,+0300,10,Suur-Paala,11,success,"{"total":11,"location_name":"Suur-Paala","location_id":10}"
2026-09-30 21:00:41,+0300,1,Hipodroom,0,success,"{"total":0,"location_name":"Hipodroom (CLOSED)","location_id":1}"
2026-09-30 21:02:42,+0300,3,T1,38,success,"{"total":38,"location_name":"T1 Shopping Mall","location_id":3}"
2026-09-30 21:02:42,+0300,9,Mustika,43,success,"{"total":43,"location_name":"Mustika","location_id":9}"
2026-09-30 21:02:42,+0300,10,Suur-Paala,11,success,"{"total":11,"location_name":"Suur-Paala","location_id":10}"
2026-09-30 21:02:42,+0300,1,Hipodroom,0,success,"{"total":0,"location_name":"Hipodroom (CLOSED)","location_id":1}"
2026-09-30 21:04:43,+0300,3,T1,36,success,"{"total":36,"location_name":"T1 Shopping Mall","location_id":3}"
2026-09-30 21:04:43,+0300,9,Mustika,42,success,"{"total":42,"location_name":"Mustika","location_id":9}"
2026-09-30 21:04:43,+0300,10,Suur-Paala,9,success,"{"total":9,"location_name":"Suur-Paala","location_id":10}"
2026-09-30 21:04:43,+0300,1,Hipodroom,0,success,"{"total":0,"location_name":"Hipodroom (CLOSED)","location_id":1}"
2026-09-30 21:06:43,+0300,3,T1,36,success,"{"total":36,"location_name":"T1 Shopping Mall","location_id":3}"
2026-09-30 21:06:43,+0300,9,Mustika,42,success,"{"total":42,"location_name":"Mustika","location_id":9}"
2026-09-30 21:06:43,+0300,10,Suur-Paala,9,success,"{"total":9,"location_name":"Suur-Paala","location_id":10}"
2026-09-30 21:06:43,+0300,1,Hipodroom,0,success,"{"total":0,"location_name":"Hipodroom (CLOSED)","location_id":1}"
2026-09-30 21:08:44,+0300,3,T1,36,success,"{"total":36,"location_name":"T1 Shopping Mall","location_id":3}"
2026-09-30 21:08:44,+0300,9,Mustika,42,success,"{"total":42,"location_name":"Mustika","location_id":9}"
2026-09-30 21:08:44,+0300,10,Suur-Paala,9,success,"{"total":9,"location_name":"Suur-Paala","location_id":10}"
2026-09-30 21:08:44,+0300,1,Hipodroom,0,success,"{"total":0,"location_name":"Hipodroom (CLOSED)","location_id":1}"
2026-09-30 21:10:45,+0300,3,T1,36,success,"{"total":36,"location_name":"T1 Shopping Mall","location_id":3}"
2026-09-30 21:10:45,+0300,9,Mustika,40,success,"{"total":40,"location_name":"Mustika","location_id":9}"
2026-09-30 21:10:45,+0300,10,Suur-Paala,8,success,"{"total":8,"location_name":"Suur-Paala","location_id":10}"
2026-09-30 21:10:45,+0300,1,Hipodroom,0,success,"{"total":0,"location_name":"Hipodroom (CLOSED)","location_id":1}"
2026-09-30 21:12:45,+0300,3,T1,36,success,"{"total":36,"location_name":"T1 Shopping Mall","location_id":3}"
2026-09-30 21:12:45,+0300,9,Mustika,40,success,"{"total":40,"location_name":"Mustika","location_id":9}"
2026-09-30 21:12:45,+0300,10,Suur-Paala,8,success,"{"total":8,"location_name":"Suur-Paala","location_id":10}"
2026-09-30 21:12:45,+0300,1,Hipodroom,0,success,"{"total":0,"location_name":"Hipodroom (CLOSED)","location_id":1}"
2026-09-30 21:14:46,+0300,3,T1,36,success,"{"total":36,"location_name":"T1 Shopping Mall","location_id":3}"
2026-09-30 21:14:46,+0300,9,Mustika,40,success,"{"total":40,"location_name":"Mustika","location_id":9}"
2026-09-30 21:14:46,+0300,10,Suur-Paala,8,success,"{"total":8,"location_name":"Suur-Paala","location_id":10}"
2026-09-30 21:14:46,+0300,1,Hipodroom,0,success,"{"total":0,"location_name":"Hipodroom (CLOSED)","location_id":1}"
2026-09-30 21:16:47,+0300,3,T1,36,success,"{"total":36,"location_name":"T1 Shopping Mall","location_id":3}"
2026-09-30 21:16:47,+0300,9,Mustika,36,success,"{"total":36,"location_name":"Mustika","location_id":9}"
2026-09-30 21:16:47,+0300,10,Suur-Paala,8,success,"{"total":8,"location_name":"Suur-Paala","location_id":10}"
2026-09-30 21:16:47,+0300,1,Hipodroom,0,success,"{"total":0,"location_name":"Hipodroom (CLOSED)","location_id":1}"
2026-09-30 21:18:48,+0300,3,T1,36,success,"{"total":36,"location_name":"T1 Shopping Mall","location_id":3}"
2026-09-30 21:18:48,+0300,9,Mustika,36,success,"{"total":36,"location_name":"Mustika","location_id":9}"
2026-09-30 21:18:48,+0300,10,Suur-Paala,8,success,"{"total":8,"location_name":"Suur-Paala","location_id":10}"
2026-09-30 21:18:48,+0300,1,Hipodroom,0,success,"{"total":0,"location_name":"Hipodroom (CLOSED)","location_id":1}"
2026-09-30 21:20:48,+0300,3,T1,36,success,"{"total":36,"location_name":"T1 Shopping Mall","location_id":3}"
2026-09-30 21:20:48,+0300,9,Mustika,36,success,"{"total":36,"location_name":"Mustika","location_id":9}"
2026-09-30 21:20:48,+0300,10,Suur-Paala,8,success,"{"total":8,"location_name":"Suur-Paala","location_id":10}"
2026-09-30 21:20:48,+0300,1,Hipodroom,0,success,"{"total":0,"location_name":"Hipodroom (CLOSED)","location_id":1}"
2026-09-30 21:22:49,+0300,3,T1,35,success,"{"total":35,"location_name":"T1 Shopping Mall","location_id":3}"
2026-09-30 21:22:49,+0300,9,Mustika,33,success,"{"total":33,"location_name":"Mustika","location_id":9}"
2026-09-30 21:22:49,+0300,10,Suur-Paala,8,success,"{"total":8,"location_name":"Suur-Paala","location_id":10}"
2026-09-30 21:22:49,+0300,1,Hipodroom,0,success,"{"total":0,"location_name":"Hipodroom (CLOSED)","location_id":1}"
2026-09-30 21:24:50,+0300,3,T1,35,success,"{"total":35,"location_name":"T1 Shopping Mall","location_id":3}"
2026-09-30 21:24:50,+0300,9,Mustika,33,success,"{"total":33,"location_name":"Mustika","location_id":9}"
2026-09-30 21:24:50,+0300,10,Suur-Paala,8,success,"{"total":8,"location_name":"Suur-Paala","location_id":10}"
2026-09-30 21:24:50,+0300,1,Hipodroom,0,success,"{"total":0,"location_name":"Hipodroom (CLOSED)","location_id":1}"
2026-09-30 21:26:51,+0300,3,T1,35,success,"{"total":35,"location_name":"T1 Shopping Mall","location_id":3}"
2026-09-30 21:26:51,+0300,9,Mustika,33,success,"{"total":33,"location_name":"Mustika","location_id":9}"
2026-09-30 21:26:51,+0300,10,Suur-Paala,8,success,"{"total":8,"location_name":"Suur-Paala","location_id":10}"
2026-09-30 21:26:51,+0300,1,Hipodroom,0,success,"{"total":0,"location_name":"Hipodroom (CLOSED)","location_id":1}"
2026-09-30 21:28:51,+0300,3,T1,32,success,"{"total":32,"location_name":"T1 Shopping Mall","location_id":3}"
2026-09-30 21:28:51,+0300,9,Mustika,29,success,"{"total":29,"location_name":"Mustika","location_id":9}"
2026-09-30 21:28:51,+0300,10,Suur-Paala,7,success,"{"total":7,"location_name":"Suur-Paala","location_id":10}"
2026-09-30 21:28:51,+0300,1,Hipodroom,0,success,"{"total":0,"location_name":"Hipodroom (CLOSED)","location_id":1}"
2026-09-30 21:30:52,+0300,3,T1,32,success,"{"total":32,"location_name":"T1 Shopping Mall","location_id":3}"
2026-09-30 21:30:52,+0300,9,Mustika,29,success,"{"total":29,"location_name":"Mustika","location_id":9}"
2026-09-30 21:30:52,+0300,10,Suur-Paala,7,success,"{"total":7,"location_name":"Suur-Paala","location_id":10}"
2026-09-30 21:30:52,+0300,1,Hipodroom,0,success,"{"total":0,"location_name":"Hipodroom (CLOSED)","location_id":1}"
2026-09-30 21:32:53,+0300,3,T1,32,success,"{"total":32,"location_name":"T1 Shopping Mall","location_id":3}"
2026-09-30 21:32:53,+0300,9,Mustika,29,success,"{"total":29,"location_name":"Mustika","location_id":9}"
2026-09-30 21:32:53,+0300,10,Suur-Paala,7,success,"{"total":7,"location_name":"Suur-Paala","location_id":10}"
2026-09-30 21:32:53,+0300,1,Hipodroom,0,success,"{"total":0,"location_name":"Hipodroom (CLOSED)","location_id":1}"
2026-09-30 21:34:53,+0300,3,T1,29,success,"{"total":29,"location_name":"T1 Shopping Mall","location_id":3}"
2026-09-30 21:34:53,+0300,9,Mustika,26,success,"{"total":26,"location_name":"Mustika","location_id":9}"
2026-09-30 21:34:53,+0300,10,Suur-Paala,6,success,"{"total":6,"location_name":"Suur-Paala","location_id":10}"
2026-09-30 21:34:53,+0300,1,Hipodroom,0,success,"{"total":0,"location_name":"Hipodroom (CLOSED)","location_id":1}"
2026-09-30 21:36:54,+0300,3,T1,29,success,"{"total":29,"location_name":"T1 Shopping Mall","location_id":3}"
2026-09-30 21:36:54,+0300,9,Mustika,26,success,"{"total":26,"location_name":"Mustika","location_id":9}"
2026-09-30 21:36:54,+0300,10,Suur-Paala,6,success,"{"total":6,"location_name":"Suur-Paala","location_id":10}"
2026-09-30 21:36:54,+0300,1,Hipodroom,0,success,"{"total":0,"location_name":"Hipodroom (CLOSED)","location_id":1}"
2026-09-30 21:38:55,+0300,3,T1,29,success,"{"total":29,"location_name":"T1 Shopping Mall","location_id":3}"
2026-09-30 21:38:55,+0300,9,Mustika,26,success,"{"total":26,"location_name":"Mustika","location_id":9}"
2026-09-30 21:38:55,+0300,10,Suur-Paala,6,success,"{"total":6,"location_name":"Suur-Paala","location_id":10}"
2026-09-30 21:38:55,+0300,1,Hipodroom,0,success,"{"total":0,"location_name":"Hipodroom (CLOSED)","location_id":1}"
2026-09-30 21:40:56,+0300,3,T1,29,success,"{"total":29,"location_name":"T1 Shopping Mall","location_id":3}"
2026-09-30 21:40:56,+0300,9,Mustika,23,success,"{"total":23,"location_name":"Mustika","location_id":9}"
2026-09-30 21:40:56,+0300,10,Suur-Paala,5,success,"{"total":5,"location_name":"Suur-Paala","location_id":10}"
2026-09-30 21:40:56,+0300,1,Hipodroom,0,success,"{"total":0,"location_name":"Hipodroom (CLOSED)","location_id":1}"
2026-09-30 21:42:56,+0300,3,T1,29,success,"{"total":29,"location_name":"T1 Shopping Mall","location_id":3}"
2026-09-30 21:42:56,+0300,9,Mustika,23,success,"{"total":23,"location_name":"Mustika","location_id":9}"
2026-09-30 21:42:56,+0300,10,Suur-Paala,5,success,"{"total":5,"location_name":"Suur-Paala","location_id":10}"
2026-09-30 21:42:56,+0300,1,Hipodroom,0,success,"{"total":0,"location_name":"Hipodroom (CLOSED)","location_id":1}"
2026-09-30 21:44:57,+0300,3,T1,29,success,"{"total":29,"location_name":"T1 Shopping Mall","location_id":3}"
2026-09-30 21:44:57,+0300,9,Mustika,23,success,"{"total":23,"location_name":"Mustika","location_id":9}"
2026-09-30 21:44:57,+0300,10,Suur-Paala,5,success,"{"total":5,"location_name":"Suur-Paala","location_id":10}"
2026-09-30 21:44:57,+0300,1,Hipodroom,0,success,"{"total":0,"location_name":"Hipodroom (CLOSED)","location_id":1}"
2026-09-30 21:46:58,+0300,3,T1,27,success,"{"total":27,"location_name":"T1 Shopping Mall","location_id":3}"
2026-09-30 21:46:58,+0300,9,Mustika,22,success,"{"total":22,"location_name":"Mustika","location_id":9}"
2026-09-30 21:46:58,+0300,10,Suur-Paala,4,success,"{"total":4,"location_name":"Suur-Paala","location_id":10}"
2026-09-30 21:46:58,+0300,1,Hipodroom,0,success,"{"total":0,"location_name":"Hipodroom (CLOSED)","location_id":1}"
2026-09-30 21:48:58,+0300,3,T1,27,success,"{"total":27,"location_name":"T1 Shopping Mall","location_id":3}"
2026-09-30 21:48:58,+0300,9,Mustika,22,success,"{"total":22,"location_name":"Mustika","location_id":9}"
2026-09-30 21:48:58,+0300,10,Suur-Paala,4,success,"{"total":4,"location_name":"Suur-Paala","location_id":10}"
2026-09-30 21:48:58,+0300,1,Hipodroom,0,success,"{"total":0,"location_name":"Hipodroom (CLOSED)","location_id":1}"
2026-09-30 21:50:59,+0300,3,T1,27,success,"{"total":27,"location_name":"T1 Shopping Mall","location_id":3}"
2026-09-30 21:50:59,+0300,9,Mustika,22,success,"{"total":22,"location_name":"Mustika","location_id":9}"
2026-09-30 21:50:59,+0300,10,Suur-Paala,4,success,"{"total":4,"location_name":"Suur-Paala","location_id":10}"
2026-09-30 21:50:59,+0300,1,Hipodroom,0,success,"{"total":0,"location_name":"Hipodroom (CLOSED)","location_id":1}"
2026-09-30 21:53:00,+0300,3,T1,25,success,"{"total":25,"location_name":"T1 Shopping Mall","location_id":3}"
2026-09-30 21:53:00,+0300,9,Mustika,20,success,"{"total":20,"location_name":"Mustika","location_id":9}"
2026-09-30 21:53:00,+0300,10,Suur-Paala,4,success,"{"total":4,"location_name":"Suur-Paala","location_id":10}"
2026-09-30 21:53:00,+0300,1,Hipodroom,0,success,"{"total":0,"location_name":"Hipodroom (CLOSED)","location_id":1}"
2026-09-30 21:55:01,+0300,3,T1,25,success,"{"total":25,"location_name":"T1 Shopping Mall","location_id":3}"
2026-09-30 21:55:01,+0300,9,Mustika,20,success,"{"total":20,"location_name":"Mustika","location_id":9}"
2026-09-30 21:55:01,+0300,10,Suur-Paala,4,success,"{"total":4,"location_name":"Suur-Paala","location_id":10}"
2026-09-30 21:55:01,+0300,1,Hipodroom,0,success,"{"total":0,"location_name":"Hipodroom (CLOSED)","location_id":1}"
2026-09-30 21:57:01,+0300,3,T1,25,success,"{"total":25,"location_name":"T1 Shopping Mall","location_id":3}"
2026-09-30 21:57:01,+0300,9,Mustika,20,success,"{"total":20,"location_name":"Mustika","location_id":9}"
2026-09-30 21:57:01,+0300,10,Suur-Paala,4,success,"{"total":4,"location_name":"Suur-Paala","location_id":10}"
2026-09-30 21:57:01,+0300,1,Hipodroom,0,success,"{"total":0,"location_name":"Hipodroom (CLOSED)","location_id":1}"
2026-09-30 21:59:02,+0300,3,T1,24,success,"{"total":24,"location_name":"T1 Shopping Mall","location_id":3}"
2026-09-30 21:59:02,+0300,9,Mustika,19,success,"{"total":19,"location_name":"Mustika","location_id":9}"
2026-09-30 21:59:02,+0300,10,Suur-Paala,2,success,"{"total":2,"location_name":"Suur-Paala","location_id":10}"
2026-09-30 21:59:02,+0300,1,Hipodroom,0,success,"{"total":0,"location_name":"Hipodroom (CLOSED)","location_id":1}"
2026-09-30 22:01:03,+0300,3,T1,24,success,"{"total":24,"location_name":"T1 Shopping Mall","location_id":3}"
2026-09-30 22:01:03,+0300,9,Mustika,19,success,"{"total":19,"location_name":"Mustika","location_id":9}"
2026-09-30 22:01:03,+0300,10,Suur-Paala,2,success,"{"total":2,"location_name":"Suur-Paala","location_id":10}"
2026-09-30 22:01:03,+0300,1,Hipodroom,0,success,"{"total":0,"location_name":"Hipodroom (CLOSED)","location_id":1}"
2026-09-30 22:03:04,+0300,3,T1,24,success,"{"total":24,"location_name":"T1 Shopping Mall","location_id":3}"
2026-09-30 22:03:04,+0300,9,Mustika,19,success,"{"total":19,"location_name":"Mustika","location_id":9}"
2026-09-30 22:03:04,+0300,10,Suur-Paala,2,success,"{"total":2,"location_name":"Suur-Paala","location_id":10}"
2026-09-30 22:03:04,+0300,1,Hipodroom,0,success,"{"total":0,"location_name":"Hipodroom (CLOSED)","location_id":1}"
2026-09-30 22:05:04,+0300,3,T1,21,success,"{"total":21,"location_name":"T1 Shopping Mall","location_id":3}"
2026-09-30 22:05:04,+0300,9,Mustika,19,success,"{"total":19,"location_name":"Mustika","location_id":9}"
2026-09-30 22:05:04,+0300,10,Suur-Paala,2,success,"{"total":2,"location_name":"Suur-Paala","location_id":10}"
2026-09-30 22:05:04,+0300,1,Hipodroom,0,success,"{"total":0,"location_name":"Hipodroom (CLOSED)","location_id":1}"
2026-09-30 22:07:05,+0300,3,T1,21,success,"{"total":21,"location_name":"T1 Shopping Mall","location_id":3}"
2026-09-30 22:07:05,+0300,9,Mustika,19,success,"{"total":19,"location_name":"Mustika","location_id":9}"
2026-09-30 22:07:05,+0300,10,Suur-Paala,2,success,"{"total":2,"location_name":"Suur-Paala","location_id":10}"
2026-09-30 22:07:05,+0300,1,Hipodroom,0,success,"{"total":0,"location_name":"Hipodroom (CLOSED)","location_id":1}"
2026-09-30 22:09:06,+0300,3,T1,21,success,"{"total":21,"location_name":"T1 Shopping Mall","location_id":3}"
2026-09-30 22:09:06,+0300,9,Mustika,19,success,"{"total":19,"location_name":"Mustika","location_id":9}"
2026-09-30 22:09:06,+0300,10,Suur-Paala,2,success,"{"total":2,"location_name":"Suur-Paala","location_id":10}"
2026-09-30 22:09:06,+0300,1,Hipodroom,0,success,"{"total":0,"location_name":"Hipodroom (CLOSED)","location_id":1}"
2026-09-30 22:11:06,+0300,3,T1,20,success,"{"total":20,"location_name":"T1 Shopping Mall","location_id":3}"
2026-09-30 22:11:06,+0300,9,Mustika,16,success,"{"total":16,"location_name":"Mustika","location_id":9}"
2026-09-30 22:11:06,+0300,10,Suur-Paala,2,success,"{"total":2,"location_name":"Suur-Paala","location_id":10}"
2026-09-30 22:11:06,+0300,1,Hipodroom,0,success,"{"total":0,"location_name":"Hipodroom (CLOSED)","location_id":1}"
2026-09-30 22:13:07,+0300,3,T1,20,success,"{"total":20,"location_name":"T1 Shopping Mall","location_id":3}"
2026-09-30 22:13:07,+0300,9,Mustika,16,success,"{"total":16,"location_name":"Mustika","location_id":9}"
2026-09-30 22:13:07,+0300,10,Suur-Paala,2,success,"{"total":2,"location_name":"Suur-Paala","location_id":10}"
2026-09-30 22:13:07,+0300,1,Hipodroom,0,success,"{"total":0,"location_name":"Hipodroom (CLOSED)","location_id":1}"
2026-09-30 22:15:08,+0300,3,T1,20,success,"{"total":20,"location_name":"T1 Shopping Mall","location_id":3}"
2026-09-30 22:15:08,+0300,9,Mustika,16,success,"{"total":16,"location_name":"Mustika","location_id":9}"
2026-09-30 22:15:08,+0300,10,Suur-Paala,2,success,"{"total":2,"location_name":"Suur-Paala","location_id":10}"
2026-09-30 22:15:08,+0300,1,Hipodroom,0,success,"{"total":0,"location_name":"Hipodroom (CLOSED)","location_id":1}"
2026-09-30 22:17:08,+0300,3,T1,18,success,"{"total":18,"location_name":"T1 Shopping Mall","location_id":3}"
2026-09-30 22:17:08,+0300,9,Mustika,15,success,"{"total":15,"location_name":"Mustika","location_id":9}"
2026-09-30 22:17:08,+0300,10,Suur-Paala,2,success,"{"total":2,"location_name":"Suur-Paala","location_id":10}"
2026-09-30 22:17:08,+0300,1,Hipodroom,0,success,"{"total":0,"location_name":"Hipodroom (CLOSED)","location_id":1}"
2026-09-30 22:19:09,+0300,3,T1,18,success,"{"total":18,"location_name":"T1 Shopping Mall","location_id":3}"
2026-09-30 22:19:09,+0300,9,Mustika,15,success,"{"total":15,"location_name":"Mustika","location_id":9}"
2026-09-30 22:19:09,+0300,10,Suur-Paala,2,success,"{"total":2,"location_name":"Suur-Paala","location_id":10}"
2026-09-30 22:19:09,+0300,1,Hipodroom,0,success,"{"total":0,"location_name":"Hipodroom (CLOSED)","location_id":1}"
2026-09-30 22:21:10,+0300,3,T1,18,success,"{"total":18,"location_name":"T1 Shopping Mall","location_id":3}"
2026-09-30 22:21:10,+0300,9,Mustika,15,success,"{"total":15,"location_name":"Mustika","location_id":9}"
2026-09-30 22:21:10,+0300,10,Suur-Paala,2,success,"{"total":2,"location_name":"Suur-Paala","location_id":10}"
2026-09-30 22:21:10,+0300,1,Hipodroom,0,success,"{"total":0,"location_name":"Hipodroom (CLOSED)","location_id":1}"
2026-09-30 22:23:10,+0300,3,T1,18,success,"{"total":18,"location_name":"T1 Shopping Mall","location_id":3}"
2026-09-30 22:23:10,+0300,9,Mustika,13,success,"{"total":13,"location_name":"Mustika","location_id":9}"
2026-09-30 22:23:10,+0300,10,Suur-Paala,2,success,"{"total":2,"location_name":"Suur-Paala","location_id":10}"
2026-09-30 22:23:10,+0300,1,Hipodroom,0,success,"{"total":0,"location_name":"Hipodroom (CLOSED)","location_id":1}"
2026-09-30 22:25:11,+0300,3,T1,18,success,"{"total":18,"location_name":"T1 Shopping Mall","location_id":3}"
2026-09-30 22:25:11,+0300,9,Mustika,13,success,"{"total":13,"location_name":"Mustika","location_id":9}"
2026-09-30 22:25:11,+0300,10,Suur-Paala,2,success,"{"total":2,"location_name":"Suur-Paala","location_id":10}"
2026-09-30 22:25:11,+0300,1,Hipodroom,0,success,"{"total":0,"location_name":"Hipodroom (CLOSED)","location_id":1}"
2026-09-30 22:27:12,+0300,3,T1,18,success,"{"total":18,"location_name":"T1 Shopping Mall","location_id":3}"
2026-09-30 22:27:12,+0300,9,Mustika,13,success,"{"total":13,"location_name":"Mustika","location_id":9}"
2026-09-30 22:27:12,+0300,10,Suur-Paala,2,success,"{"total":2,"location_name":"Suur-Paala","location_id":10}"
2026-09-30 22:27:12,+0300,1,Hipodroom,0,success,"{"total":0,"location_name":"Hipodroom (CLOSED)","location_id":1}"
2026-09-30 22:29:13,+0300,3,T1,16,success,"{"total":16,"location_name":"T1 Shopping Mall","location_id":3}"
2026-09-30 22:29:13,+0300,9,Mustika,12,success,"{"total":12,"location_name":"Mustika","location_id":9}"
2026-09-30 22:29:13,+0300,10,Suur-Paala,2,success,"{"total":2,"location_name":"Suur-Paala","location_id":10}"
2026-09-30 22:29:13,+0300,1,Hipodroom,0,success,"{"total":0,"location_name":"Hipodroom (CLOSED)","location_id":1}"
2026-09-30 22:31:13,+0300,3,T1,16,success,"{"total":16,"location_name":"T1 Shopping Mall","location_id":3}"
2026-09-30 22:31:13,+0300,9,Mustika,12,success,"{"total":12,"location_name":"Mustika","location_id":9}"
2026-09-30 22:31:13,+0300,10,Suur-Paala,2,success,"{"total":2,"location_name":"Suur-Paala","location_id":10}"
2026-09-30 22:31:13,+0300,1,Hipodroom,0,success,"{"total":0,"location_name":"Hipodroom (CLOSED)","location_id":1}"
2026-09-30 22:33:14,+0300,3,T1,16,success,"{"total":16,"location_name":"T1 Shopping Mall","location_id":3}"
2026-09-30 22:33:14,+0300,9,Mustika,12,success,"{"total":12,"location_name":"Mustika","location_id":9}"
2026-09-30 22:33:14,+0300,10,Suur-Paala,2,success,"{"total":2,"location_name":"Suur-Paala","location_id":10}"
2026-09-30 22:33:14,+0300,1,Hipodroom,0,success,"{"total":0,"location_name":"Hipodroom (CLOSED)","location_id":1}"
2026-09-30 22:35:15,+0300,3,T1,13,success,"{"total":13,"location_name":"T1 Shopping Mall","location_id":3}"
2026-09-30 22:35:15,+0300,9,Mustika,12,success,"{"total":12,"location_name":"Mustika","location_id":9}"
2026-09-30 22:35:15,+0300,10,Suur-Paala,2,success,"{"total":2,"location_name":"Suur-Paala","location_id":10}"
2026-09-30 22:35:15,+0300,1,Hipodroom,0,success,"{"total":0,"location_name":"Hipodroom (CLOSED)","location_id":1}"
2026-09-30 22:37:15,+0300,3,T1,13,success,"{"total":13,"location_name":"T1 Shopping Mall","location_id":3}"
2026-09-30 22:37:15,+0300,9,Mustika,12,success,"{"total":12,"location_name":"Mustika","location_id":9}"
2026-09-30 22:37:15,+0300,10,Suur-Paala,2,success,"{"total":2,"location_name":"Suur-Paala","location_id":10}"
2026-09-30 22:37:15,+0300,1,Hipodroom,0,success,"{"total":0,"location_name":"Hipodroom (CLOSED)","location_id":1}"
2026-09-30 22:39:16,+0300,3,T1,13,success,"{"total":13,"location_name":"T1 Shopping Mall","location_id":3}"
2026-09-30 22:39:16,+0300,9,Mustika,12,success,"{"total":12,"location_name":"Mustika","location_id":9}"
2026-09-30 22:39:16,+0300,10,Suur-Paala,2,success,"{"total":2,"location_name":"Suur-Paala","location_id":10}"
2026-09-30 22:39:16,+0300,1,Hipodroom,0,success,"{"total":0,"location_name":"Hipodroom (CLOSED)","location_id":1}"
2026-09-30 22:41:16,+0300,3,T1,11,success,"{"total":11,"location_name":"T1 Shopping Mall","location_id":3}"
2026-09-30 22:41:16,+0300,9,Mustika,10,success,"{"total":10,"location_name":"Mustika","location_id":9}"
2026-09-30 22:41:16,+0300,10,Suur-Paala,2,success,"{"total":2,"location_name":"Suur-Paala","location_id":10}"
2026-09-30 22:41:16,+0300,1,Hipodroom,0,success,"{"total":0,"location_name":"Hipodroom (CLOSED)","location_id":1}"
2026-09-30 22:43:17,+0300,3,T1,11,success,"{"total":11,"location_name":"T1 Shopping Mall","location_id":3}"
2026-09-30 22:43:17,+0300,9,Mustika,10,success,"{"total":10,"location_name":"Mustika","location_id":9}"
2026-09-30 22:43:17,+0300,10,Suur-Paala,2,success,"{"total":2,"location_name":"Suur-Paala","location_id":10}"
2026-09-30 22:43:17,+0300,1,Hipodroom,0,success,"{"total":0,"location_name":"Hipodroom (CLOSED)","location_id":1}"
2026-09-30 22:45:18,+0300,3,T1,11,success,"{"total":11,"location_name":"T1 Shopping Mall","location_id":3}"
2026-09-30 22:45:18,+0300,9,Mustika,10,success,"{"total":10,"location_name":"Mustika","location_id":9}"
2026-09-30 22:45:18,+0300,10,Suur-Paala,2,success,"{"total":2,"location_name":"Suur-Paala","location_id":10}"
2026-09-30 22:45:18,+0300,1,Hipodroom,0,success,"{"total":0,"location_name":"Hipodroom (CLOSED)","location_id":1}"
2026-09-30 22:47:18,+0300,3,T1,11,success,"{"total":11,"location_name":"T1 Shopping Mall","location_id":3}"
2026-09-30 22:47:18,+0300,9,Mustika,10,success,"{"total":10,"location_name":"Mustika","location_id":9}"
2026-09-30 22:47:18,+0300,10,Suur-Paala,2,success,"{"total":2,"location_name":"Suur-Paala","location_id":10}"
2026-09-30 22:47:18,+0300,1,Hipodroom,0,success,"{"total":0,"location_name":"Hipodroom (CLOSED)","location_id":1}"
2026-09-30 22:49:19,+0300,3,T1,11,success,"{"total":11,"location_name":"T1 Shopping Mall","location_id":3}"
2026-09-30 22:49:19,+0300,9,Mustika,10,success,"{"total":10,"location_name":"Mustika","location_id":9}"
2026-09-30 22:49:19,+0300,10,Suur-Paala,2,success,"{"total":2,"location_name":"Suur-Paala","location_id":10}"
2026-09-30 22:49:19,+0300,1,Hipodroom,0,success,"{"total":0,"location_name":"Hipodroom (CLOSED)","location_id":1}"
2026-09-30 22:51:20,+0300,3,T1,11,success,"{"total":11,"location_name":"T1 Shopping Mall","location_id":3}"
2026-09-30 22:51:20,+0300,9,Mustika,10,success,"{"total":10,"location_name":"Mustika","location_id":9}"
2026-09-30 22:51:20,+0300,10,Suur-Paala,2,success,"{"total":2,"location_name":"Suur-Paala","location_id":10}"
2026-09-30 22:51:20,+0300,1,Hipodroom,0,success,"{"total":0,"location_name":"Hipodroom (CLOSED)","location_id":1}"
2026-09-30 22:53:20,+0300,3,T1,10,success,"{"total":10,"location_name":"T1 Shopping Mall","location_id":3}"
2026-09-30 22:53:20,+0300,9,Mustika,11,success,"{"total":11,"location_name":"Mustika","location_id":9}"
2026-09-30 22:53:20,+0300,10,Suur-Paala,1,success,"{"total":1,"location_name":"Suur-Paala","location_id":10}"
2026-09-30 22:53:20,+0300,1,Hipodroom,0,success,"{"total":0,"location_name":"Hipodroom (CLOSED)","location_id":1}"
2026-09-30 22:55:21,+0300,3,T1,10,success,"{"total":10,"location_name":"T1 Shopping Mall","location_id":3}"
2026-09-30 22:55:21,+0300,9,Mustika,11,success,"{"total":11,"location_name":"Mustika","location_id":9}"
2026-09-30 22:55:21,+0300,10,Suur-Paala,1,success,"{"total":1,"location_name":"Suur-Paala","location_id":10}"
2026-09-30 22:55:21,+0300,1,Hipodroom,0,success,"{"total":0,"location_name":"Hipodroom (CLOSED)","location_id":1}"
2026-09-30 22:57:22,+0300,3,T1,10,success,"{"total":10,"location_name":"T1 Shopping Mall","location_id":3}"
2026-09-30 22:57:22,+0300,9,Mustika,11,success,"{"total":11,"location_name":"Mustika","location_id":9}"
2026-09-30 22:57:22,+0300,10,Suur-Paala,1,success,"{"total":1,"location_name":"Suur-Paala","location_id":10}"
2026-09-30 22:57:22,+0300,1,Hipodroom,0,success,"{"total":0,"location_name":"Hipodroom (CLOSED)","location_id":1}"
2026-09-30 22:59:22,+0300,3,T1,9,success,"{"total":9,"location_name":"T1 Shopping Mall","location_id":3}"
2026-09-30 22:59:22,+0300,9,Mustika,11,success,"{"total":11,"location_name":"Mustika","location_id":9}"
2026-09-30 22:59:22,+0300,10,Suur-Paala,1,success,"{"total":1,"location_name":"Suur-Paala","location_id":10}"
2026-09-30 22:59:22,+0300,1,Hipodroom,0,success,"{"total":0,"location_name":"Hipodroom (CLOSED)","location_id":1}"
2026-09-30 23:01:23,+0300,3,T1,9,success,"{"total":9,"location_name":"T1 Shopping Mall","location_id":3}"
2026-09-30 23:01:23,+0300,9,Mustika,11,success,"{"total":11,"location_name":"Mustika","location_id":9}"
2026-09-30 23:01:23,+0300,10,Suur-Paala,1,success,"{"total":1,"location_name":"Suur-Paala","location_id":10}"
2026-09-30 23:01:23,+0300,1,Hipodroom,0,success,"{"total":0,"location_name":"Hipodroom (CLOSED)","location_id":1}"
2026-09-30 23:03:25,+0300,3,T1,9,success,"{"total":9,"location_name":"T1 Shopping Mall","location_id":3}"
2026-09-30 23:03:25,+0300,9,Mustika,11,success,"{"total":11,"location_name":"Mustika","location_id":9}"
2026-09-30 23:03:25,+0300,10,Suur-Paala,1,success,"{"total":1,"location_name":"Suur-Paala","location_id":10}"
2026-09-30 23:03:25,+0300,1,Hipodroom,0,success,"{"total":0,"location_name":"Hipodroom (CLOSED)","location_id":1}"
2026-09-30 23:05:26,+0300,3,T1,9,success,"{"total":9,"location_name":"T1 Shopping Mall","location_id":3}"
2026-09-30 23:05:26,+0300,9,Mustika,11,success,"{"total":11,"location_name":"Mustika","location_id":9}"
2026-09-30 23:05:26,+0300,10,Suur-Paala,1,success,"{"total":1,"location_name":"Suur-Paala","location_id":10}"
2026-09-30 23:05:26,+0300,1,Hipodroom,0,success,"{"total":0,"location_name":"Hipodroom (CLOSED)","location_id":1}"
2026-09-30 23:07:31,+0300,3,T1,9,success,"{"total":9,"location_name":"T1 Shopping Mall","location_id":3}"
2026-09-30 23:07:31,+0300,9,Mustika,11,success,"{"total":11,"location_name":"Mustika","location_id":9}"
2026-09-30 23:07:31,+0300,10,Suur-Paala,1,success,"{"total":1,"location_name":"Suur-Paala","location_id":10}"
2026-09-30 23:07:31,+0300,1,Hipodroom,0,success,"{"total":0,"location_name":"Hipodroom (CLOSED)","location_id":1}"
2026-09-30 23:09:31,+0300,3,T1,9,success,"{"total":9,"location_name":"T1 Shopping Mall","location_id":3}"
2026-09-30 23:09:31,+0300,9,Mustika,11,success,"{"total":11,"location_name":"Mustika","location_id":9}"
2026-09-30 23:09:31,+0300,10,Suur-Paala,1,success,"{"total":1,"location_name":"Suur-Paala","location_id":10}"
2026-09-30 23:09:31,+0300,1,Hipodroom,0,success,"{"total":0,"location_name":"Hipodroom (CLOSED)","location_id":1}"
2026-09-30 23:11:32,+0300,3,T1,9,success,"{"total":9,"location_name":"T1 Shopping Mall","location_id":3}"
2026-09-30 23:11:32,+0300,9,Mustika,10,success,"{"total":10,"location_name":"Mustika","location_id":9}"
2026-09-30 23:11:32,+0300,10,Suur-Paala,1,success,"{"total":1,"location_name":"Suur-Paala","location_id":10}"
2026-09-30 23:11:32,+0300,1,Hipodroom,0,success,"{"total":0,"location_name":"Hipodroom (CLOSED)","location_id":1}"
2026-09-30 23:13:32,+0300,3,T1,9,success,"{"total":9,"location_name":"T1 Shopping Mall","location_id":3}"
2026-09-30 23:13:32,+0300,9,Mustika,10,success,"{"total":10,"location_name":"Mustika","location_id":9}"
2026-09-30 23:13:32,+0300,10,Suur-Paala,1,success,"{"total":1,"location_name":"Suur-Paala","location_id":10}"
2026-09-30 23:13:32,+0300,1,Hipodroom,0,success,"{"total":0,"location_name":"Hipodroom (CLOSED)","location_id":1}"
2026-09-30 23:15:33,+0300,3,T1,9,success,"{"total":9,"location_name":"T1 Shopping Mall","location_id":3}"
2026-09-30 23:15:33,+0300,9,Mustika,10,success,"{"total":10,"location_name":"Mustika","location_id":9}"
2026-09-30 23:15:33,+0300,10,Suur-Paala,1,success,"{"total":1,"location_name":"Suur-Paala","location_id":10}"
2026-09-30 23:15:33,+0300,1,Hipodroom,0,success,"{"total":0,"location_name":"Hipodroom (CLOSED)","location_id":1}"
2026-09-30 23:17:34,+0300,3,T1,8,success,"{"total":8,"location_name":"T1 Shopping Mall","location_id":3}"
2026-09-30 23:17:34,+0300,9,Mustika,7,success,"{"total":7,"location_name":"Mustika","location_id":9}"
2026-09-30 23:17:34,+0300,10,Suur-Paala,1,success,"{"total":1,"location_name":"Suur-Paala","location_id":10}"
2026-09-30 23:17:34,+0300,1,Hipodroom,0,success,"{"total":0,"location_name":"Hipodroom (CLOSED)","location_id":1}"
2026-09-30 23:19:34,+0300,3,T1,8,success,"{"total":8,"location_name":"T1 Shopping Mall","location_id":3}"
2026-09-30 23:19:34,+0300,9,Mustika,7,success,"{"total":7,"location_name":"Mustika","location_id":9}"
2026-09-30 23:19:34,+0300,10,Suur-Paala,1,success,"{"total":1,"location_name":"Suur-Paala","location_id":10}"
2026-09-30 23:19:34,+0300,1,Hipodroom,0,success,"{"total":0,"location_name":"Hipodroom (CLOSED)","location_id":1}"
2026-09-30 23:21:35,+0300,3,T1,8,success,"{"total":8,"location_name":"T1 Shopping Mall","location_id":3}"
2026-09-30 23:21:35,+0300,9,Mustika,7,success,"{"total":7,"location_name":"Mustika","location_id":9}"
2026-09-30 23:21:35,+0300,10,Suur-Paala,1,success,"{"total":1,"location_name":"Suur-Paala","location_id":10}"
2026-09-30 23:21:35,+0300,1,Hipodroom,0,success,"{"total":0,"location_name":"Hipodroom (CLOSED)","location_id":1}"
2026-09-30 23:23:35,+0300,3,T1,8,success,"{"total":8,"location_name":"T1 Shopping Mall","location_id":3}"
2026-09-30 23:23:35,+0300,9,Mustika,6,success,"{"total":6,"location_name":"Mustika","location_id":9}"
2026-09-30 23:23:35,+0300,10,Suur-Paala,0,success,"{"total":0,"location_name":"Suur-Paala","location_id":10}"
2026-09-30 23:23:35,+0300,1,Hipodroom,0,success,"{"total":0,"location_name":"Hipodroom (CLOSED)","location_id":1}"
2026-09-30 23:25:36,+0300,3,T1,8,success,"{"total":8,"location_name":"T1 Shopping Mall","location_id":3}"
2026-09-30 23:25:36,+0300,9,Mustika,6,success,"{"total":6,"location_name":"Mustika","location_id":9}"
2026-09-30 23:25:36,+0300,10,Suur-Paala,0,success,"{"total":0,"location_name":"Suur-Paala","location_id":10}"
2026-09-30 23:25:36,+0300,1,Hipodroom,0,success,"{"total":0,"location_name":"Hipodroom (CLOSED)","location_id":1}"
2026-09-30 23:27:37,+0300,3,T1,8,success,"{"total":8,"location_name":"T1 Shopping Mall","location_id":3}"
2026-09-30 23:27:37,+0300,9,Mustika,6,success,"{"total":6,"location_name":"Mustika","location_id":9}"
2026-09-30 23:27:37,+0300,10,Suur-Paala,0,success,"{"total":0,"location_name":"Suur-Paala","location_id":10}"
2026-09-30 23:27:37,+0300,1,Hipodroom,0,success,"{"total":0,"location_name":"Hipodroom (CLOSED)","location_id":1}"
2026-09-30 23:29:37,+0300,3,T1,6,success,"{"total":6,"location_name":"T1 Shopping Mall","location_id":3}"
2026-09-30 23:29:37,+0300,9,Mustika,6,success,"{"total":6,"location_name":"Mustika","location_id":9}"
2026-09-30 23:29:37,+0300,10,Suur-Paala,0,success,"{"total":0,"location_name":"Suur-Paala","location_id":10}"
2026-09-30 23:29:37,+0300,1,Hipodroom,0,success,"{"total":0,"location_name":"Hipodroom (CLOSED)","location_id":1}"
2026-09-30 23:31:38,+0300,3,T1,6,success,"{"total":6,"location_name":"T1 Shopping Mall","location_id":3}"
2026-09-30 23:31:38,+0300,9,Mustika,6,success,"{"total":6,"location_name":"Mustika","location_id":9}"
2026-09-30 23:31:38,+0300,10,Suur-Paala,0,success,"{"total":0,"location_name":"Suur-Paala","location_id":10}"
2026-09-30 23:31:38,+0300,1,Hipodroom,0,success,"{"total":0,"location_name":"Hipodroom (CLOSED)","location_id":1}"
2026-09-30 23:33:39,+0300,3,T1,6,success,"{"total":6,"location_name":"T1 Shopping Mall","location_id":3}"
2026-09-30 23:33:39,+0300,9,Mustika,6,success,"{"total":6,"location_name":"Mustika","location_id":9}"
2026-09-30 23:33:39,+0300,10,Suur-Paala,0,success,"{"total":0,"location_name":"Suur-Paala","location_id":10}"
2026-09-30 23:33:39,+0300,1,Hipodroom,0,success,"{"total":0,"location_name":"Hipodroom (CLOSED)","location_id":1}"
2026-09-30 23:35:39,+0300,3,T1,6,success,"{"total":6,"location_name":"T1 Shopping Mall","location_id":3}"
2026-09-30 23:35:39,+0300,9,Mustika,6,success,"{"total":6,"location_name":"Mustika","location_id":9}"
2026-09-30 23:35:39,+0300,10,Suur-Paala,0,success,"{"total":0,"location_name":"Suur-Paala","location_id":10}"
2026-09-30 23:35:39,+0300,1,Hipodroom,0,success,"{"total":0,"location_name":"Hipodroom (CLOSED)","location_id":1}"
2026-09-30 23:37:40,+0300,3,T1,6,success,"{"total":6,"location_name":"T1 Shopping Mall","location_id":3}"
2026-09-30 23:37:40,+0300,9,Mustika,6,success,"{"total":6,"location_name":"Mustika","location_id":9}"
2026-09-30 23:37:40,+0300,10,Suur-Paala,0,success,"{"total":0,"location_name":"Suur-Paala","location_id":10}"
2026-09-30 23:37:40,+0300,1,Hipodroom,0,success,"{"total":0,"location_name":"Hipodroom (CLOSED)","location_id":1}"
2026-09-30 23:39:41,+0300,3,T1,6,success,"{"total":6,"location_name":"T1 Shopping Mall","location_id":3}"
2026-09-30 23:39:41,+0300,9,Mustika,6,success,"{"total":6,"location_name":"Mustika","location_id":9}"
2026-09-30 23:39:41,+0300,10,Suur-Paala,0,success,"{"total":0,"location_name":"Suur-Paala","location_id":10}"
2026-09-30 23:39:41,+0300,1,Hipodroom,0,success,"{"total":0,"location_name":"Hipodroom (CLOSED)","location_id":1}"
2026-09-30 23:41:42,+0300,3,T1,6,success,"{"total":6,"location_name":"T1 Shopping Mall","location_id":3}"
2026-09-30 23:41:42,+0300,9,Mustika,6,success,"{"total":6,"location_name":"Mustika","location_id":9}"
2026-09-30 23:41:42,+0300,10,Suur-Paala,0,success,"{"total":0,"location_name":"Suur-Paala","location_id":10}"
2026-09-30 23:41:42,+0300,1,Hipodroom,0,success,"{"total":0,"location_name":"Hipodroom (CLOSED)","location_id":1}"
2026-09-30 23:43:42,+0300,3,T1,6,success,"{"total":6,"location_name":"T1 Shopping Mall","location_id":3}"
2026-09-30 23:43:42,+0300,9,Mustika,6,success,"{"total":6,"location_name":"Mustika","location_id":9}"
2026-09-30 23:43:42,+0300,10,Suur-Paala,0,success,"{"total":0,"location_name":"Suur-Paala","location_id":10}"
2026-09-30 23:43:42,+0300,1,Hipodroom,0,success,"{"total":0,"location_name":"Hipodroom (CLOSED)","location_id":1}"
2026-09-30 23:45:43,+0300,3,T1,6,success,"{"total":6,"location_name":"T1 Shopping Mall","location_id":3}"
2026-09-30 23:45:43,+0300,9,Mustika,6,success,"{"total":6,"location_name":"Mustika","location_id":9}"
2026-09-30 23:45:43,+0300,10,Suur-Paala,0,success,"{"total":0,"location_name":"Suur-Paala","location_id":10}"
2026-09-30 23:45:43,+0300,1,Hipodroom,0,success,"{"total":0,"location_name":"Hipodroom (CLOSED)","location_id":1}"
2026-09-30 23:47:43,+0300,3,T1,4,success,"{"total":4,"location_name":"T1 Shopping Mall","location_id":3}"
2026-09-30 23:47:43,+0300,9,Mustika,6,success,"{"total":6,"location_name":"Mustika","location_id":9}"
2026-09-30 23:47:43,+0300,10,Suur-Paala,0,success,"{"total":0,"location_name":"Suur-Paala","location_id":10}"
2026-09-30 23:47:43,+0300,1,Hipodroom,0,success,"{"total":0,"location_name":"Hipodroom (CLOSED)","location_id":1}"
2026-09-30 23:49:46,+0300,3,T1,4,success,"{"total":4,"location_name":"T1 Shopping Mall","location_id":3}"
2026-09-30 23:49:46,+0300,9,Mustika,6,success,"{"total":6,"location_name":"Mustika","location_id":9}"
2026-09-30 23:49:46,+0300,10,Suur-Paala,0,success,"{"total":0,"location_name":"Suur-Paala","location_id":10}"
2026-09-30 23:49:46,+0300,1,Hipodroom,0,success,"{"total":0,"location_name":"Hipodroom (CLOSED)","location_id":1}"
2026-09-30 23:51:47,+0300,3,T1,4,success,"{"total":4,"location_name":"T1 Shopping Mall","location_id":3}"
2026-09-30 23:51:47,+0300,9,Mustika,6,success,"{"total":6,"location_name":"Mustika","location_id":9}"
2026-09-30 23:51:47,+0300,10,Suur-Paala,0,success,"{"total":0,"location_name":"Suur-Paala","location_id":10}"
2026-09-30 23:51:47,+0300,1,Hipodroom,0,success,"{"total":0,"location_name":"Hipodroom (CLOSED)","location_id":1}"
2026-09-30 23:53:47,+0300,3,T1,4,success,"{"total":4,"location_name":"T1 Shopping Mall","location_id":3}"
2026-09-30 23:53:47,+0300,9,Mustika,6,success,"{"total":6,"location_name":"Mustika","location_id":9}"
2026-09-30 23:53:47,+0300,10,Suur-Paala,0,success,"{"total":0,"location_name":"Suur-Paala","location_id":10}"
2026-09-30 23:53:47,+0300,1,Hipodroom,0,success,"{"total":0,"location_name":"Hipodroom (CLOSED)","location_id":1}"
2026-09-30 23:55:48,+0300,3,T1,4,success,"{"total":4,"location_name":"T1 Shopping Mall","location_id":3}"
2026-09-30 23:55:48,+0300,9,Mustika,6,success,"{"total":6,"location_name":"Mustika","location_id":9}"
2026-09-30 23:55:48,+0300,10,Suur-Paala,0,success,"{"total":0,"location_name":"Suur-Paala","location_id":10}"
2026-09-30 23:55:48,+0300,1,Hipodroom,0,success,"{"total":0,"location_name":"Hipodroom (CLOSED)","location_id":1}"
2026-09-30 23:57:49,+0300,3,T1,4,success,"{"total":4,"location_name":"T1 Shopping Mall","location_id":3}"
2026-09-30 23:57:49,+0300,9,Mustika,6,success,"{"total":6,"location_name":"Mustika","location_id":9}"
2026-09-30 23:57:49,+0300,10,Suur-Paala,0,success,"{"total":0,"location_name":"Suur-Paala","location_id":10}"
2026-09-30 23:57:49,+0300,1,Hipodroom,0,success,"{"total":0,"location_name":"Hipodroom (CLOSED)","location_id":1}"
2026-09-30 23:59:49,+0300,3,T1,3,success,"{"total":3,"location_name":"T1 Shopping Mall","location_id":3}"
2026-09-30 23:59:49,+0300,9,Mustika,5,success,"{"total":5,"location_name":"Mustika","location_id":9}"
2026-09-30 23:59:49,+0300,10,Suur-Paala,0,success,"{"total":0,"location_name":"Suur-Paala","location_id":10}"
2026-09-30 23:59:49,+0300,1,Hipodroom,0,success,"{"total":0,"location_name":"Hipodroom (CLOSED)","location_id":1}"
