timestamp,timezone,location_id,location_name,user_count,status,response
2026-09-08 00:01:37,EEST,1,Hipodroom,2,success,"{"total":2,"location_name":"Hipodroom","location_id":1}"
2026-09-08 00:01:37,EEST,3,T1,2,success,"{"total":2,"location_name":"T1 Shopping Mall","location_id":3}"
2026-09-08 00:01:37,EEST,9,Mustika,5,success,"{"total":5,"location_name":"Mustika","location_id":9}"
2026-09-08 00:01:37,EEST,10,Suur-Paala,3,success,"{"total":3,"location_name":"Suur-Paala","location_id":10}"
2026-09-08 00:03:38,EEST,1,Hipodroom,2,success,"{"total":2,"location_name":"Hipodroom","location_id":1}"
2026-09-08 00:03:38,EEST,3,T1,2,success,"{"total":2,"location_name":"T1 Shopping Mall","location_id":3}"
2026-09-08 00:03:38,EEST,9,Mustika,5,success,"{"total":5,"location_name":"Mustika","location_id":9}"
2026-09-08 00:03:38,EEST,10,Suur-Paala,3,success,"{"total":3,"location_name":"Suur-Paala","location_id":10}"
2026-09-08 00:05:39,EEST,1,Hipodroom,2,success,"{"total":2,"location_name":"Hipodroom","location_id":1}"
2026-09-08 00:05:39,EEST,3,T1,2,success,"{"total":2,"location_name":"T1 Shopping Mall","location_id":3}"
2026-09-08 00:05:39,EEST,9,Mustika,5,success,"{"total":5,"location_name":"Mustika","location_id":9}"
2026-09-08 00:05:39,EEST,10,Suur-Paala,3,success,"{"total":3,"location_name":"Suur-Paala","location_id":10}"
2026-09-08 00:07:39,EEST,1,Hipodroom,2,success,"{"total":2,"location_name":"Hipodroom","location_id":1}"
2026-09-08 00:07:39,EEST,3,T1,2,success,"{"total":2,"location_name":"T1 Shopping Mall","location_id":3}"
2026-09-08 00:07:39,EEST,9,Mustika,5,success,"{"total":5,"location_name":"Mustika","location_id":9}"
2026-09-08 00:07:39,EEST,10,Suur-Paala,3,success,"{"total":3,"location_name":"Suur-Paala","location_id":10}"
2026-09-08 00:09:40,EEST,1,Hipodroom,2,success,"{"total":2,"location_name":"Hipodroom","location_id":1}"
2026-09-08 00:09:40,EEST,3,T1,2,success,"{"total":2,"location_name":"T1 Shopping Mall","location_id":3}"
2026-09-08 00:09:40,EEST,9,Mustika,5,success,"{"total":5,"location_name":"Mustika","location_id":9}"
2026-09-08 00:09:40,EEST,10,Suur-Paala,1,success,"{"total":1,"location_name":"Suur-Paala","location_id":10}"
2026-09-08 00:11:41,EEST,1,Hipodroom,2,success,"{"total":2,"location_name":"Hipodroom","location_id":1}"
2026-09-08 00:11:41,EEST,3,T1,2,success,"{"total":2,"location_name":"T1 Shopping Mall","location_id":3}"
2026-09-08 00:11:41,EEST,9,Mustika,5,success,"{"total":5,"location_name":"Mustika","location_id":9}"
2026-09-08 00:11:41,EEST,10,Suur-Paala,1,success,"{"total":1,"location_name":"Suur-Paala","location_id":10}"
2026-09-08 00:13:42,EEST,1,Hipodroom,1,success,"{"total":1,"location_name":"Hipodroom","location_id":1}"
2026-09-08 00:13:42,EEST,3,T1,2,success,"{"total":2,"location_name":"T1 Shopping Mall","location_id":3}"
2026-09-08 00:13:42,EEST,9,Mustika,5,success,"{"total":5,"location_name":"Mustika","location_id":9}"
2026-09-08 00:13:42,EEST,10,Suur-Paala,1,success,"{"total":1,"location_name":"Suur-Paala","location_id":10}"
2026-09-08 00:15:42,EEST,1,Hipodroom,1,success,"{"total":1,"location_name":"Hipodroom","location_id":1}"
2026-09-08 00:15:42,EEST,3,T1,2,success,"{"total":2,"location_name":"T1 Shopping Mall","location_id":3}"
2026-09-08 00:15:42,EEST,9,Mustika,5,success,"{"total":5,"location_name":"Mustika","location_id":9}"
2026-09-08 00:15:42,EEST,10,Suur-Paala,1,success,"{"total":1,"location_name":"Suur-Paala","location_id":10}"
2026-09-08 00:17:43,EEST,1,Hipodroom,1,success,"{"total":1,"location_name":"Hipodroom","location_id":1}"
2026-09-08 00:17:43,EEST,3,T1,2,success,"{"total":2,"location_name":"T1 Shopping Mall","location_id":3}"
2026-09-08 00:17:43,EEST,9,Mustika,5,success,"{"total":5,"location_name":"Mustika","location_id":9}"
2026-09-08 00:17:43,EEST,10,Suur-Paala,1,success,"{"total":1,"location_name":"Suur-Paala","location_id":10}"
2026-09-08 00:19:43,EEST,1,Hipodroom,1,success,"{"total":1,"location_name":"Hipodroom","location_id":1}"
2026-09-08 00:19:43,EEST,3,T1,3,success,"{"total":3,"location_name":"T1 Shopping Mall","location_id":3}"
2026-09-08 00:19:43,EEST,9,Mustika,5,success,"{"total":5,"location_name":"Mustika","location_id":9}"
2026-09-08 00:19:43,EEST,10,Suur-Paala,1,success,"{"total":1,"location_name":"Suur-Paala","location_id":10}"
2026-09-08 00:21:44,EEST,1,Hipodroom,1,success,"{"total":1,"location_name":"Hipodroom","location_id":1}"
2026-09-08 00:21:44,EEST,3,T1,3,success,"{"total":3,"location_name":"T1 Shopping Mall","location_id":3}"
2026-09-08 00:21:44,EEST,9,Mustika,5,success,"{"total":5,"location_name":"Mustika","location_id":9}"
2026-09-08 00:21:44,EEST,10,Suur-Paala,0,success,"{"total":0,"location_name":"Suur-Paala","location_id":10}"
2026-09-08 00:23:45,EEST,1,Hipodroom,1,success,"{"total":1,"location_name":"Hipodroom","location_id":1}"
2026-09-08 00:23:45,EEST,3,T1,3,success,"{"total":3,"location_name":"T1 Shopping Mall","location_id":3}"
2026-09-08 00:23:45,EEST,9,Mustika,5,success,"{"total":5,"location_name":"Mustika","location_id":9}"
2026-09-08 00:23:45,EEST,10,Suur-Paala,0,success,"{"total":0,"location_name":"Suur-Paala","location_id":10}"
2026-09-08 00:25:45,EEST,1,Hipodroom,0,success,"{"total":0,"location_name":"Hipodroom","location_id":1}"
2026-09-08 00:25:45,EEST,3,T1,3,success,"{"total":3,"location_name":"T1 Shopping Mall","location_id":3}"
2026-09-08 00:25:45,EEST,9,Mustika,6,success,"{"total":6,"location_name":"Mustika","location_id":9}"
2026-09-08 00:25:45,EEST,10,Suur-Paala,0,success,"{"total":0,"location_name":"Suur-Paala","location_id":10}"
2026-09-08 00:27:46,EEST,1,Hipodroom,0,success,"{"total":0,"location_name":"Hipodroom","location_id":1}"
2026-09-08 00:27:46,EEST,3,T1,3,success,"{"total":3,"location_name":"T1 Shopping Mall","location_id":3}"
2026-09-08 00:27:46,EEST,9,Mustika,6,success,"{"total":6,"location_name":"Mustika","location_id":9}"
2026-09-08 00:27:46,EEST,10,Suur-Paala,0,success,"{"total":0,"location_name":"Suur-Paala","location_id":10}"
2026-09-08 00:29:47,EEST,1,Hipodroom,0,success,"{"total":0,"location_name":"Hipodroom","location_id":1}"
2026-09-08 00:29:47,EEST,3,T1,3,success,"{"total":3,"location_name":"T1 Shopping Mall","location_id":3}"
2026-09-08 00:29:47,EEST,9,Mustika,6,success,"{"total":6,"location_name":"Mustika","location_id":9}"
2026-09-08 00:29:47,EEST,10,Suur-Paala,0,success,"{"total":0,"location_name":"Suur-Paala","location_id":10}"
2026-09-08 00:31:47,EEST,1,Hipodroom,0,success,"{"total":0,"location_name":"Hipodroom","location_id":1}"
2026-09-08 00:31:47,EEST,3,T1,3,success,"{"total":3,"location_name":"T1 Shopping Mall","location_id":3}"
2026-09-08 00:31:47,EEST,9,Mustika,5,success,"{"total":5,"location_name":"Mustika","location_id":9}"
2026-09-08 00:31:47,EEST,10,Suur-Paala,0,success,"{"total":0,"location_name":"Suur-Paala","location_id":10}"
2026-09-08 00:33:49,EEST,1,Hipodroom,0,success,"{"total":0,"location_name":"Hipodroom","location_id":1}"
2026-09-08 00:33:49,EEST,3,T1,3,success,"{"total":3,"location_name":"T1 Shopping Mall","location_id":3}"
2026-09-08 00:33:49,EEST,9,Mustika,5,success,"{"total":5,"location_name":"Mustika","location_id":9}"
2026-09-08 00:33:49,EEST,10,Suur-Paala,0,success,"{"total":0,"location_name":"Suur-Paala","location_id":10}"
2026-09-08 00:35:50,EEST,1,Hipodroom,0,success,"{"total":0,"location_name":"Hipodroom","location_id":1}"
2026-09-08 00:35:50,EEST,3,T1,3,success,"{"total":3,"location_name":"T1 Shopping Mall","location_id":3}"
2026-09-08 00:35:50,EEST,9,Mustika,5,success,"{"total":5,"location_name":"Mustika","location_id":9}"
2026-09-08 00:35:50,EEST,10,Suur-Paala,0,success,"{"total":0,"location_name":"Suur-Paala","location_id":10}"
2026-09-08 00:37:50,EEST,1,Hipodroom,0,success,"{"total":0,"location_name":"Hipodroom","location_id":1}"
2026-09-08 00:37:50,EEST,3,T1,3,success,"{"total":3,"location_name":"T1 Shopping Mall","location_id":3}"
2026-09-08 00:37:50,EEST,9,Mustika,5,success,"{"total":5,"location_name":"Mustika","location_id":9}"
2026-09-08 00:37:50,EEST,10,Suur-Paala,0,success,"{"total":0,"location_name":"Suur-Paala","location_id":10}"
2026-09-08 00:39:51,EEST,1,Hipodroom,0,success,"{"total":0,"location_name":"Hipodroom","location_id":1}"
2026-09-08 00:39:51,EEST,3,T1,3,success,"{"total":3,"location_name":"T1 Shopping Mall","location_id":3}"
2026-09-08 00:39:51,EEST,9,Mustika,5,success,"{"total":5,"location_name":"Mustika","location_id":9}"
2026-09-08 00:39:51,EEST,10,Suur-Paala,0,success,"{"total":0,"location_name":"Suur-Paala","location_id":10}"
2026-09-08 00:41:53,EEST,1,Hipodroom,0,success,"{"total":0,"location_name":"Hipodroom","location_id":1}"
2026-09-08 00:41:53,EEST,3,T1,3,success,"{"total":3,"location_name":"T1 Shopping Mall","location_id":3}"
2026-09-08 00:41:53,EEST,9,Mustika,5,success,"{"total":5,"location_name":"Mustika","location_id":9}"
2026-09-08 00:41:53,EEST,10,Suur-Paala,0,success,"{"total":0,"location_name":"Suur-Paala","location_id":10}"
2026-09-08 00:43:54,EEST,1,Hipodroom,0,success,"{"total":0,"location_name":"Hipodroom","location_id":1}"
2026-09-08 00:43:54,EEST,3,T1,3,success,"{"total":3,"location_name":"T1 Shopping Mall","location_id":3}"
2026-09-08 00:43:54,EEST,9,Mustika,4,success,"{"total":4,"location_name":"Mustika","location_id":9}"
2026-09-08 00:43:54,EEST,10,Suur-Paala,0,success,"{"total":0,"location_name":"Suur-Paala","location_id":10}"
2026-09-08 00:45:55,EEST,1,Hipodroom,0,success,"{"total":0,"location_name":"Hipodroom","location_id":1}"
2026-09-08 00:45:55,EEST,3,T1,3,success,"{"total":3,"location_name":"T1 Shopping Mall","location_id":3}"
2026-09-08 00:45:55,EEST,9,Mustika,4,success,"{"total":4,"location_name":"Mustika","location_id":9}"
2026-09-08 00:45:55,EEST,10,Suur-Paala,0,success,"{"total":0,"location_name":"Suur-Paala","location_id":10}"
2026-09-08 00:47:56,EEST,1,Hipodroom,0,success,"{"total":0,"location_name":"Hipodroom","location_id":1}"
2026-09-08 00:47:56,EEST,3,T1,3,success,"{"total":3,"location_name":"T1 Shopping Mall","location_id":3}"
2026-09-08 00:47:56,EEST,9,Mustika,4,success,"{"total":4,"location_name":"Mustika","location_id":9}"
2026-09-08 00:47:56,EEST,10,Suur-Paala,0,success,"{"total":0,"location_name":"Suur-Paala","location_id":10}"
2026-09-08 00:49:57,EEST,1,Hipodroom,0,success,"{"total":0,"location_name":"Hipodroom","location_id":1}"
2026-09-08 00:49:57,EEST,3,T1,2,success,"{"total":2,"location_name":"T1 Shopping Mall","location_id":3}"
2026-09-08 00:49:57,EEST,9,Mustika,4,success,"{"total":4,"location_name":"Mustika","location_id":9}"
2026-09-08 00:49:57,EEST,10,Suur-Paala,0,success,"{"total":0,"location_name":"Suur-Paala","location_id":10}"
2026-09-08 00:51:58,EEST,1,Hipodroom,0,success,"{"total":0,"location_name":"Hipodroom","location_id":1}"
2026-09-08 00:51:58,EEST,3,T1,2,success,"{"total":2,"location_name":"T1 Shopping Mall","location_id":3}"
2026-09-08 00:51:58,EEST,9,Mustika,4,success,"{"total":4,"location_name":"Mustika","location_id":9}"
2026-09-08 00:51:58,EEST,10,Suur-Paala,0,success,"{"total":0,"location_name":"Suur-Paala","location_id":10}"
2026-09-08 00:53:58,EEST,1,Hipodroom,0,success,"{"total":0,"location_name":"Hipodroom","location_id":1}"
2026-09-08 00:53:58,EEST,3,T1,2,success,"{"total":2,"location_name":"T1 Shopping Mall","location_id":3}"
2026-09-08 00:53:58,EEST,9,Mustika,4,success,"{"total":4,"location_name":"Mustika","location_id":9}"
2026-09-08 00:53:58,EEST,10,Suur-Paala,0,success,"{"total":0,"location_name":"Suur-Paala","location_id":10}"
2026-09-08 00:56:00,EEST,1,Hipodroom,1,success,"{"total":1,"location_name":"Hipodroom","location_id":1}"
2026-09-08 00:56:00,EEST,3,T1,2,success,"{"total":2,"location_name":"T1 Shopping Mall","location_id":3}"
2026-09-08 00:56:00,EEST,9,Mustika,4,success,"{"total":4,"location_name":"Mustika","location_id":9}"
2026-09-08 00:56:00,EEST,10,Suur-Paala,0,success,"{"total":0,"location_name":"Suur-Paala","location_id":10}"
2026-09-08 00:58:01,EEST,1,Hipodroom,1,success,"{"total":1,"location_name":"Hipodroom","location_id":1}"
2026-09-08 00:58:01,EEST,3,T1,2,success,"{"total":2,"location_name":"T1 Shopping Mall","location_id":3}"
2026-09-08 00:58:01,EEST,9,Mustika,4,success,"{"total":4,"location_name":"Mustika","location_id":9}"
2026-09-08 00:58:01,EEST,10,Suur-Paala,0,success,"{"total":0,"location_name":"Suur-Paala","location_id":10}"
2026-09-08 01:00:01,EEST,1,Hipodroom,1,success,"{"total":1,"location_name":"Hipodroom","location_id":1}"
2026-09-08 01:00:01,EEST,3,T1,2,success,"{"total":2,"location_name":"T1 Shopping Mall","location_id":3}"
2026-09-08 01:00:01,EEST,9,Mustika,4,success,"{"total":4,"location_name":"Mustika","location_id":9}"
2026-09-08 01:00:01,EEST,10,Suur-Paala,0,success,"{"total":0,"location_name":"Suur-Paala","location_id":10}"
2026-09-08 01:02:02,EEST,1,Hipodroom,1,success,"{"total":1,"location_name":"Hipodroom","location_id":1}"
2026-09-08 01:02:02,EEST,3,T1,2,success,"{"total":2,"location_name":"T1 Shopping Mall","location_id":3}"
2026-09-08 01:02:02,EEST,9,Mustika,4,success,"{"total":4,"location_name":"Mustika","location_id":9}"
2026-09-08 01:02:02,EEST,10,Suur-Paala,0,success,"{"total":0,"location_name":"Suur-Paala","location_id":10}"
2026-09-08 01:04:03,EEST,1,Hipodroom,1,success,"{"total":1,"location_name":"Hipodroom","location_id":1}"
2026-09-08 01:04:03,EEST,3,T1,2,success,"{"total":2,"location_name":"T1 Shopping Mall","location_id":3}"
2026-09-08 01:04:03,EEST,9,Mustika,4,success,"{"total":4,"location_name":"Mustika","location_id":9}"
2026-09-08 01:04:03,EEST,10,Suur-Paala,0,success,"{"total":0,"location_name":"Suur-Paala","location_id":10}"
2026-09-08 01:06:04,EEST,1,Hipodroom,1,success,"{"total":1,"location_name":"Hipodroom","location_id":1}"
2026-09-08 01:06:04,EEST,3,T1,2,success,"{"total":2,"location_name":"T1 Shopping Mall","location_id":3}"
2026-09-08 01:06:04,EEST,9,Mustika,4,success,"{"total":4,"location_name":"Mustika","location_id":9}"
2026-09-08 01:06:04,EEST,10,Suur-Paala,0,success,"{"total":0,"location_name":"Suur-Paala","location_id":10}"
2026-09-08 01:08:04,EEST,1,Hipodroom,1,success,"{"total":1,"location_name":"Hipodroom","location_id":1}"
2026-09-08 01:08:04,EEST,3,T1,1,success,"{"total":1,"location_name":"T1 Shopping Mall","location_id":3}"
2026-09-08 01:08:04,EEST,9,Mustika,4,success,"{"total":4,"location_name":"Mustika","location_id":9}"
2026-09-08 01:08:04,EEST,10,Suur-Paala,0,success,"{"total":0,"location_name":"Suur-Paala","location_id":10}"
2026-09-08 01:10:05,EEST,1,Hipodroom,1,success,"{"total":1,"location_name":"Hipodroom","location_id":1}"
2026-09-08 01:10:05,EEST,3,T1,1,success,"{"total":1,"location_name":"T1 Shopping Mall","location_id":3}"
2026-09-08 01:10:05,EEST,9,Mustika,4,success,"{"total":4,"location_name":"Mustika","location_id":9}"
2026-09-08 01:10:05,EEST,10,Suur-Paala,0,success,"{"total":0,"location_name":"Suur-Paala","location_id":10}"
2026-09-08 01:12:06,EEST,1,Hipodroom,1,success,"{"total":1,"location_name":"Hipodroom","location_id":1}"
2026-09-08 01:12:06,EEST,3,T1,1,success,"{"total":1,"location_name":"T1 Shopping Mall","location_id":3}"
2026-09-08 01:12:06,EEST,9,Mustika,4,success,"{"total":4,"location_name":"Mustika","location_id":9}"
2026-09-08 01:12:06,EEST,10,Suur-Paala,0,success,"{"total":0,"location_name":"Suur-Paala","location_id":10}"
2026-09-08 01:14:07,EEST,1,Hipodroom,1,success,"{"total":1,"location_name":"Hipodroom","location_id":1}"
2026-09-08 01:14:07,EEST,3,T1,1,success,"{"total":1,"location_name":"T1 Shopping Mall","location_id":3}"
2026-09-08 01:14:07,EEST,9,Mustika,4,success,"{"total":4,"location_name":"Mustika","location_id":9}"
2026-09-08 01:14:07,EEST,10,Suur-Paala,0,success,"{"total":0,"location_name":"Suur-Paala","location_id":10}"
2026-09-08 01:16:08,EEST,1,Hipodroom,1,success,"{"total":1,"location_name":"Hipodroom","location_id":1}"
2026-09-08 01:16:08,EEST,3,T1,1,success,"{"total":1,"location_name":"T1 Shopping Mall","location_id":3}"
2026-09-08 01:16:08,EEST,9,Mustika,4,success,"{"total":4,"location_name":"Mustika","location_id":9}"
2026-09-08 01:16:08,EEST,10,Suur-Paala,0,success,"{"total":0,"location_name":"Suur-Paala","location_id":10}"
2026-09-08 01:18:08,EEST,1,Hipodroom,1,success,"{"total":1,"location_name":"Hipodroom","location_id":1}"
2026-09-08 01:18:08,EEST,3,T1,1,success,"{"total":1,"location_name":"T1 Shopping Mall","location_id":3}"
2026-09-08 01:18:08,EEST,9,Mustika,4,success,"{"total":4,"location_name":"Mustika","location_id":9}"
2026-09-08 01:18:08,EEST,10,Suur-Paala,0,success,"{"total":0,"location_name":"Suur-Paala","location_id":10}"
2026-09-08 01:20:09,EEST,1,Hipodroom,1,success,"{"total":1,"location_name":"Hipodroom","location_id":1}"
2026-09-08 01:20:09,EEST,3,T1,1,success,"{"total":1,"location_name":"T1 Shopping Mall","location_id":3}"
2026-09-08 01:20:09,EEST,9,Mustika,4,success,"{"total":4,"location_name":"Mustika","location_id":9}"
2026-09-08 01:20:09,EEST,10,Suur-Paala,0,success,"{"total":0,"location_name":"Suur-Paala","location_id":10}"
2026-09-08 01:22:10,EEST,1,Hipodroom,1,success,"{"total":1,"location_name":"Hipodroom","location_id":1}"
2026-09-08 01:22:10,EEST,3,T1,1,success,"{"total":1,"location_name":"T1 Shopping Mall","location_id":3}"
2026-09-08 01:22:10,EEST,9,Mustika,4,success,"{"total":4,"location_name":"Mustika","location_id":9}"
2026-09-08 01:22:10,EEST,10,Suur-Paala,0,success,"{"total":0,"location_name":"Suur-Paala","location_id":10}"
2026-09-08 01:24:11,EEST,1,Hipodroom,1,success,"{"total":1,"location_name":"Hipodroom","location_id":1}"
2026-09-08 01:24:11,EEST,3,T1,1,success,"{"total":1,"location_name":"T1 Shopping Mall","location_id":3}"
2026-09-08 01:24:11,EEST,9,Mustika,4,success,"{"total":4,"location_name":"Mustika","location_id":9}"
2026-09-08 01:24:11,EEST,10,Suur-Paala,0,success,"{"total":0,"location_name":"Suur-Paala","location_id":10}"
2026-09-08 01:26:11,EEST,1,Hipodroom,1,success,"{"total":1,"location_name":"Hipodroom","location_id":1}"
2026-09-08 01:26:11,EEST,3,T1,1,success,"{"total":1,"location_name":"T1 Shopping Mall","location_id":3}"
2026-09-08 01:26:11,EEST,9,Mustika,2,success,"{"total":2,"location_name":"Mustika","location_id":9}"
2026-09-08 01:26:11,EEST,10,Suur-Paala,0,success,"{"total":0,"location_name":"Suur-Paala","location_id":10}"
2026-09-08 01:28:12,EEST,1,Hipodroom,1,success,"{"total":1,"location_name":"Hipodroom","location_id":1}"
2026-09-08 01:28:12,EEST,3,T1,1,success,"{"total":1,"location_name":"T1 Shopping Mall","location_id":3}"
2026-09-08 01:28:12,EEST,9,Mustika,2,success,"{"total":2,"location_name":"Mustika","location_id":9}"
2026-09-08 01:28:12,EEST,10,Suur-Paala,0,success,"{"total":0,"location_name":"Suur-Paala","location_id":10}"
2026-09-08 01:30:13,EEST,1,Hipodroom,1,success,"{"total":1,"location_name":"Hipodroom","location_id":1}"
2026-09-08 01:30:13,EEST,3,T1,1,success,"{"total":1,"location_name":"T1 Shopping Mall","location_id":3}"
2026-09-08 01:30:13,EEST,9,Mustika,2,success,"{"total":2,"location_name":"Mustika","location_id":9}"
2026-09-08 01:30:13,EEST,10,Suur-Paala,0,success,"{"total":0,"location_name":"Suur-Paala","location_id":10}"
2026-09-08 01:32:14,EEST,1,Hipodroom,1,success,"{"total":1,"location_name":"Hipodroom","location_id":1}"
2026-09-08 01:32:14,EEST,3,T1,1,success,"{"total":1,"location_name":"T1 Shopping Mall","location_id":3}"
2026-09-08 01:32:14,EEST,9,Mustika,2,success,"{"total":2,"location_name":"Mustika","location_id":9}"
2026-09-08 01:32:14,EEST,10,Suur-Paala,0,success,"{"total":0,"location_name":"Suur-Paala","location_id":10}"
2026-09-08 01:34:14,EEST,1,Hipodroom,1,success,"{"total":1,"location_name":"Hipodroom","location_id":1}"
2026-09-08 01:34:14,EEST,3,T1,1,success,"{"total":1,"location_name":"T1 Shopping Mall","location_id":3}"
2026-09-08 01:34:14,EEST,9,Mustika,2,success,"{"total":2,"location_name":"Mustika","location_id":9}"
2026-09-08 01:34:14,EEST,10,Suur-Paala,0,success,"{"total":0,"location_name":"Suur-Paala","location_id":10}"
2026-09-08 01:36:15,EEST,1,Hipodroom,1,success,"{"total":1,"location_name":"Hipodroom","location_id":1}"
2026-09-08 01:36:15,EEST,3,T1,1,success,"{"total":1,"location_name":"T1 Shopping Mall","location_id":3}"
2026-09-08 01:36:15,EEST,9,Mustika,2,success,"{"total":2,"location_name":"Mustika","location_id":9}"
2026-09-08 01:36:15,EEST,10,Suur-Paala,0,success,"{"total":0,"location_name":"Suur-Paala","location_id":10}"
2026-09-08 01:38:16,EEST,1,Hipodroom,1,success,"{"total":1,"location_name":"Hipodroom","location_id":1}"
2026-09-08 01:38:16,EEST,3,T1,1,success,"{"total":1,"location_name":"T1 Shopping Mall","location_id":3}"
2026-09-08 01:38:16,EEST,9,Mustika,2,success,"{"total":2,"location_name":"Mustika","location_id":9}"
2026-09-08 01:38:16,EEST,10,Suur-Paala,0,success,"{"total":0,"location_name":"Suur-Paala","location_id":10}"
2026-09-08 01:40:17,EEST,1,Hipodroom,1,success,"{"total":1,"location_name":"Hipodroom","location_id":1}"
2026-09-08 01:40:17,EEST,3,T1,1,success,"{"total":1,"location_name":"T1 Shopping Mall","location_id":3}"
2026-09-08 01:40:17,EEST,9,Mustika,2,success,"{"total":2,"location_name":"Mustika","location_id":9}"
2026-09-08 01:40:17,EEST,10,Suur-Paala,0,success,"{"total":0,"location_name":"Suur-Paala","location_id":10}"
2026-09-08 01:42:18,EEST,1,Hipodroom,1,success,"{"total":1,"location_name":"Hipodroom","location_id":1}"
2026-09-08 01:42:18,EEST,3,T1,1,success,"{"total":1,"location_name":"T1 Shopping Mall","location_id":3}"
2026-09-08 01:42:18,EEST,9,Mustika,2,success,"{"total":2,"location_name":"Mustika","location_id":9}"
2026-09-08 01:42:18,EEST,10,Suur-Paala,0,success,"{"total":0,"location_name":"Suur-Paala","location_id":10}"
2026-09-08 01:44:19,EEST,1,Hipodroom,1,success,"{"total":1,"location_name":"Hipodroom","location_id":1}"
2026-09-08 01:44:19,EEST,3,T1,1,success,"{"total":1,"location_name":"T1 Shopping Mall","location_id":3}"
2026-09-08 01:44:19,EEST,9,Mustika,2,success,"{"total":2,"location_name":"Mustika","location_id":9}"
2026-09-08 01:44:19,EEST,10,Suur-Paala,0,success,"{"total":0,"location_name":"Suur-Paala","location_id":10}"
2026-09-08 01:46:20,EEST,1,Hipodroom,1,success,"{"total":1,"location_name":"Hipodroom","location_id":1}"
2026-09-08 01:46:20,EEST,3,T1,1,success,"{"total":1,"location_name":"T1 Shopping Mall","location_id":3}"
2026-09-08 01:46:20,EEST,9,Mustika,2,success,"{"total":2,"location_name":"Mustika","location_id":9}"
2026-09-08 01:46:20,EEST,10,Suur-Paala,0,success,"{"total":0,"location_name":"Suur-Paala","location_id":10}"
2026-09-08 01:48:21,EEST,1,Hipodroom,1,success,"{"total":1,"location_name":"Hipodroom","location_id":1}"
2026-09-08 01:48:21,EEST,3,T1,1,success,"{"total":1,"location_name":"T1 Shopping Mall","location_id":3}"
2026-09-08 01:48:21,EEST,9,Mustika,2,success,"{"total":2,"location_name":"Mustika","location_id":9}"
2026-09-08 01:48:21,EEST,10,Suur-Paala,0,success,"{"total":0,"location_name":"Suur-Paala","location_id":10}"
2026-09-08 01:50:22,EEST,1,Hipodroom,1,success,"{"total":1,"location_name":"Hipodroom","location_id":1}"
2026-09-08 01:50:22,EEST,3,T1,1,success,"{"total":1,"location_name":"T1 Shopping Mall","location_id":3}"
2026-09-08 01:50:22,EEST,9,Mustika,2,success,"{"total":2,"location_name":"Mustika","location_id":9}"
2026-09-08 01:50:22,EEST,10,Suur-Paala,0,success,"{"total":0,"location_name":"Suur-Paala","location_id":10}"
2026-09-08 01:52:23,EEST,1,Hipodroom,1,success,"{"total":1,"location_name":"Hipodroom","location_id":1}"
2026-09-08 01:52:23,EEST,3,T1,1,success,"{"total":1,"location_name":"T1 Shopping Mall","location_id":3}"
2026-09-08 01:52:23,EEST,9,Mustika,2,success,"{"total":2,"location_name":"Mustika","location_id":9}"
2026-09-08 01:52:23,EEST,10,Suur-Paala,0,success,"{"total":0,"location_name":"Suur-Paala","location_id":10}"
2026-09-08 01:54:24,EEST,1,Hipodroom,1,success,"{"total":1,"location_name":"Hipodroom","location_id":1}"
2026-09-08 01:54:24,EEST,3,T1,1,success,"{"total":1,"location_name":"T1 Shopping Mall","location_id":3}"
2026-09-08 01:54:24,EEST,9,Mustika,2,success,"{"total":2,"location_name":"Mustika","location_id":9}"
2026-09-08 01:54:24,EEST,10,Suur-Paala,0,success,"{"total":0,"location_name":"Suur-Paala","location_id":10}"
2026-09-08 01:56:24,EEST,1,Hipodroom,1,success,"{"total":1,"location_name":"Hipodroom","location_id":1}"
2026-09-08 01:56:24,EEST,3,T1,1,success,"{"total":1,"location_name":"T1 Shopping Mall","location_id":3}"
2026-09-08 01:56:24,EEST,9,Mustika,2,success,"{"total":2,"location_name":"Mustika","location_id":9}"
2026-09-08 01:56:24,EEST,10,Suur-Paala,0,success,"{"total":0,"location_name":"Suur-Paala","location_id":10}"
2026-09-08 01:58:25,EEST,1,Hipodroom,1,success,"{"total":1,"location_name":"Hipodroom","location_id":1}"
2026-09-08 01:58:25,EEST,3,T1,1,success,"{"total":1,"location_name":"T1 Shopping Mall","location_id":3}"
2026-09-08 01:58:25,EEST,9,Mustika,2,success,"{"total":2,"location_name":"Mustika","location_id":9}"
2026-09-08 01:58:25,EEST,10,Suur-Paala,0,success,"{"total":0,"location_name":"Suur-Paala","location_id":10}"
2026-09-08 02:00:26,EEST,1,Hipodroom,1,success,"{"total":1,"location_name":"Hipodroom","location_id":1}"
2026-09-08 02:00:26,EEST,3,T1,1,success,"{"total":1,"location_name":"T1 Shopping Mall","location_id":3}"
2026-09-08 02:00:26,EEST,9,Mustika,2,success,"{"total":2,"location_name":"Mustika","location_id":9}"
2026-09-08 02:00:26,EEST,10,Suur-Paala,0,success,"{"total":0,"location_name":"Suur-Paala","location_id":10}"
2026-09-08 02:02:26,EEST,1,Hipodroom,1,success,"{"total":1,"location_name":"Hipodroom","location_id":1}"
2026-09-08 02:02:26,EEST,3,T1,1,success,"{"total":1,"location_name":"T1 Shopping Mall","location_id":3}"
2026-09-08 02:02:26,EEST,9,Mustika,2,success,"{"total":2,"location_name":"Mustika","location_id":9}"
2026-09-08 02:02:26,EEST,10,Suur-Paala,0,success,"{"total":0,"location_name":"Suur-Paala","location_id":10}"
2026-09-08 02:04:27,EEST,1,Hipodroom,1,success,"{"total":1,"location_name":"Hipodroom","location_id":1}"
2026-09-08 02:04:27,EEST,3,T1,1,success,"{"total":1,"location_name":"T1 Shopping Mall","location_id":3}"
2026-09-08 02:04:27,EEST,9,Mustika,2,success,"{"total":2,"location_name":"Mustika","location_id":9}"
2026-09-08 02:04:27,EEST,10,Suur-Paala,0,success,"{"total":0,"location_name":"Suur-Paala","location_id":10}"
2026-09-08 02:06:28,EEST,1,Hipodroom,1,success,"{"total":1,"location_name":"Hipodroom","location_id":1}"
2026-09-08 02:06:28,EEST,3,T1,1,success,"{"total":1,"location_name":"T1 Shopping Mall","location_id":3}"
2026-09-08 02:06:28,EEST,9,Mustika,2,success,"{"total":2,"location_name":"Mustika","location_id":9}"
2026-09-08 02:06:28,EEST,10,Suur-Paala,0,success,"{"total":0,"location_name":"Suur-Paala","location_id":10}"
2026-09-08 02:08:28,EEST,1,Hipodroom,1,success,"{"total":1,"location_name":"Hipodroom","location_id":1}"
2026-09-08 02:08:28,EEST,3,T1,1,success,"{"total":1,"location_name":"T1 Shopping Mall","location_id":3}"
2026-09-08 02:08:28,EEST,9,Mustika,1,success,"{"total":1,"location_name":"Mustika","location_id":9}"
2026-09-08 02:08:28,EEST,10,Suur-Paala,0,success,"{"total":0,"location_name":"Suur-Paala","location_id":10}"
2026-09-08 02:10:29,EEST,1,Hipodroom,1,success,"{"total":1,"location_name":"Hipodroom","location_id":1}"
2026-09-08 02:10:29,EEST,3,T1,1,success,"{"total":1,"location_name":"T1 Shopping Mall","location_id":3}"
2026-09-08 02:10:29,EEST,9,Mustika,1,success,"{"total":1,"location_name":"Mustika","location_id":9}"
2026-09-08 02:10:29,EEST,10,Suur-Paala,0,success,"{"total":0,"location_name":"Suur-Paala","location_id":10}"
2026-09-08 02:12:30,EEST,1,Hipodroom,1,success,"{"total":1,"location_name":"Hipodroom","location_id":1}"
2026-09-08 02:12:30,EEST,3,T1,1,success,"{"total":1,"location_name":"T1 Shopping Mall","location_id":3}"
2026-09-08 02:12:30,EEST,9,Mustika,1,success,"{"total":1,"location_name":"Mustika","location_id":9}"
2026-09-08 02:12:30,EEST,10,Suur-Paala,0,success,"{"total":0,"location_name":"Suur-Paala","location_id":10}"
2026-09-08 02:14:31,EEST,1,Hipodroom,1,success,"{"total":1,"location_name":"Hipodroom","location_id":1}"
2026-09-08 02:14:31,EEST,3,T1,1,success,"{"total":1,"location_name":"T1 Shopping Mall","location_id":3}"
2026-09-08 02:14:31,EEST,9,Mustika,1,success,"{"total":1,"location_name":"Mustika","location_id":9}"
2026-09-08 02:14:31,EEST,10,Suur-Paala,0,success,"{"total":0,"location_name":"Suur-Paala","location_id":10}"
2026-09-08 02:16:32,EEST,1,Hipodroom,1,success,"{"total":1,"location_name":"Hipodroom","location_id":1}"
2026-09-08 02:16:32,EEST,3,T1,1,success,"{"total":1,"location_name":"T1 Shopping Mall","location_id":3}"
2026-09-08 02:16:32,EEST,9,Mustika,1,success,"{"total":1,"location_name":"Mustika","location_id":9}"
2026-09-08 02:16:32,EEST,10,Suur-Paala,0,success,"{"total":0,"location_name":"Suur-Paala","location_id":10}"
2026-09-08 02:18:32,EEST,1,Hipodroom,1,success,"{"total":1,"location_name":"Hipodroom","location_id":1}"
2026-09-08 02:18:32,EEST,3,T1,1,success,"{"total":1,"location_name":"T1 Shopping Mall","location_id":3}"
2026-09-08 02:18:32,EEST,9,Mustika,1,success,"{"total":1,"location_name":"Mustika","location_id":9}"
2026-09-08 02:18:32,EEST,10,Suur-Paala,0,success,"{"total":0,"location_name":"Suur-Paala","location_id":10}"
2026-09-08 02:20:33,EEST,1,Hipodroom,1,success,"{"total":1,"location_name":"Hipodroom","location_id":1}"
2026-09-08 02:20:33,EEST,3,T1,1,success,"{"total":1,"location_name":"T1 Shopping Mall","location_id":3}"
2026-09-08 02:20:33,EEST,9,Mustika,1,success,"{"total":1,"location_name":"Mustika","location_id":9}"
2026-09-08 02:20:33,EEST,10,Suur-Paala,0,success,"{"total":0,"location_name":"Suur-Paala","location_id":10}"
2026-09-08 02:22:34,EEST,1,Hipodroom,1,success,"{"total":1,"location_name":"Hipodroom","location_id":1}"
2026-09-08 02:22:34,EEST,3,T1,1,success,"{"total":1,"location_name":"T1 Shopping Mall","location_id":3}"
2026-09-08 02:22:34,EEST,9,Mustika,1,success,"{"total":1,"location_name":"Mustika","location_id":9}"
2026-09-08 02:22:34,EEST,10,Suur-Paala,0,success,"{"total":0,"location_name":"Suur-Paala","location_id":10}"
2026-09-08 02:24:34,EEST,1,Hipodroom,1,success,"{"total":1,"location_name":"Hipodroom","location_id":1}"
2026-09-08 02:24:34,EEST,3,T1,1,success,"{"total":1,"location_name":"T1 Shopping Mall","location_id":3}"
2026-09-08 02:24:34,EEST,9,Mustika,1,success,"{"total":1,"location_name":"Mustika","location_id":9}"
2026-09-08 02:24:34,EEST,10,Suur-Paala,0,success,"{"total":0,"location_name":"Suur-Paala","location_id":10}"
2026-09-08 02:26:36,EEST,1,Hipodroom,1,success,"{"total":1,"location_name":"Hipodroom","location_id":1}"
2026-09-08 02:26:36,EEST,3,T1,1,success,"{"total":1,"location_name":"T1 Shopping Mall","location_id":3}"
2026-09-08 02:26:36,EEST,9,Mustika,1,success,"{"total":1,"location_name":"Mustika","location_id":9}"
2026-09-08 02:26:36,EEST,10,Suur-Paala,0,success,"{"total":0,"location_name":"Suur-Paala","location_id":10}"
2026-09-08 02:28:37,EEST,1,Hipodroom,1,success,"{"total":1,"location_name":"Hipodroom","location_id":1}"
2026-09-08 02:28:37,EEST,3,T1,1,success,"{"total":1,"location_name":"T1 Shopping Mall","location_id":3}"
2026-09-08 02:28:37,EEST,9,Mustika,1,success,"{"total":1,"location_name":"Mustika","location_id":9}"
2026-09-08 02:28:37,EEST,10,Suur-Paala,0,success,"{"total":0,"location_name":"Suur-Paala","location_id":10}"
2026-09-08 02:30:38,EEST,1,Hipodroom,1,success,"{"total":1,"location_name":"Hipodroom","location_id":1}"
2026-09-08 02:30:38,EEST,3,T1,1,success,"{"total":1,"location_name":"T1 Shopping Mall","location_id":3}"
2026-09-08 02:30:38,EEST,9,Mustika,1,success,"{"total":1,"location_name":"Mustika","location_id":9}"
2026-09-08 02:30:38,EEST,10,Suur-Paala,0,success,"{"total":0,"location_name":"Suur-Paala","location_id":10}"
2026-09-08 02:32:39,EEST,1,Hipodroom,1,success,"{"total":1,"location_name":"Hipodroom","location_id":1}"
2026-09-08 02:32:39,EEST,3,T1,1,success,"{"total":1,"location_name":"T1 Shopping Mall","location_id":3}"
2026-09-08 02:32:39,EEST,9,Mustika,1,success,"{"total":1,"location_name":"Mustika","location_id":9}"
2026-09-08 02:32:39,EEST,10,Suur-Paala,0,success,"{"total":0,"location_name":"Suur-Paala","location_id":10}"
2026-09-08 02:34:41,EEST,1,Hipodroom,1,success,"{"total":1,"location_name":"Hipodroom","location_id":1}"
2026-09-08 02:34:41,EEST,3,T1,1,success,"{"total":1,"location_name":"T1 Shopping Mall","location_id":3}"
2026-09-08 02:34:41,EEST,9,Mustika,1,success,"{"total":1,"location_name":"Mustika","location_id":9}"
2026-09-08 02:34:41,EEST,10,Suur-Paala,0,success,"{"total":0,"location_name":"Suur-Paala","location_id":10}"
2026-09-08 02:36:41,EEST,1,Hipodroom,1,success,"{"total":1,"location_name":"Hipodroom","location_id":1}"
2026-09-08 02:36:41,EEST,3,T1,1,success,"{"total":1,"location_name":"T1 Shopping Mall","location_id":3}"
2026-09-08 02:36:41,EEST,9,Mustika,1,success,"{"total":1,"location_name":"Mustika","location_id":9}"
2026-09-08 02:36:41,EEST,10,Suur-Paala,0,success,"{"total":0,"location_name":"Suur-Paala","location_id":10}"
2026-09-08 02:38:42,EEST,1,Hipodroom,1,success,"{"total":1,"location_name":"Hipodroom","location_id":1}"
2026-09-08 02:38:42,EEST,3,T1,1,success,"{"total":1,"location_name":"T1 Shopping Mall","location_id":3}"
2026-09-08 02:38:42,EEST,9,Mustika,1,success,"{"total":1,"location_name":"Mustika","location_id":9}"
2026-09-08 02:38:42,EEST,10,Suur-Paala,0,success,"{"total":0,"location_name":"Suur-Paala","location_id":10}"
2026-09-08 02:40:43,EEST,1,Hipodroom,1,success,"{"total":1,"location_name":"Hipodroom","location_id":1}"
2026-09-08 02:40:43,EEST,3,T1,1,success,"{"total":1,"location_name":"T1 Shopping Mall","location_id":3}"
2026-09-08 02:40:43,EEST,9,Mustika,1,success,"{"total":1,"location_name":"Mustika","location_id":9}"
2026-09-08 02:40:43,EEST,10,Suur-Paala,0,success,"{"total":0,"location_name":"Suur-Paala","location_id":10}"
2026-09-08 02:42:43,EEST,1,Hipodroom,1,success,"{"total":1,"location_name":"Hipodroom","location_id":1}"
2026-09-08 02:42:43,EEST,3,T1,1,success,"{"total":1,"location_name":"T1 Shopping Mall","location_id":3}"
2026-09-08 02:42:43,EEST,9,Mustika,1,success,"{"total":1,"location_name":"Mustika","location_id":9}"
2026-09-08 02:42:43,EEST,10,Suur-Paala,0,success,"{"total":0,"location_name":"Suur-Paala","location_id":10}"
2026-09-08 02:44:44,EEST,1,Hipodroom,1,success,"{"total":1,"location_name":"Hipodroom","location_id":1}"
2026-09-08 02:44:44,EEST,3,T1,1,success,"{"total":1,"location_name":"T1 Shopping Mall","location_id":3}"
2026-09-08 02:44:44,EEST,9,Mustika,1,success,"{"total":1,"location_name":"Mustika","location_id":9}"
2026-09-08 02:44:44,EEST,10,Suur-Paala,0,success,"{"total":0,"location_name":"Suur-Paala","location_id":10}"
2026-09-08 02:46:45,EEST,1,Hipodroom,1,success,"{"total":1,"location_name":"Hipodroom","location_id":1}"
2026-09-08 02:46:45,EEST,3,T1,1,success,"{"total":1,"location_name":"T1 Shopping Mall","location_id":3}"
2026-09-08 02:46:45,EEST,9,Mustika,1,success,"{"total":1,"location_name":"Mustika","location_id":9}"
2026-09-08 02:46:45,EEST,10,Suur-Paala,0,success,"{"total":0,"location_name":"Suur-Paala","location_id":10}"
2026-09-08 02:48:46,EEST,1,Hipodroom,1,success,"{"total":1,"location_name":"Hipodroom","location_id":1}"
2026-09-08 02:48:46,EEST,3,T1,1,success,"{"total":1,"location_name":"T1 Shopping Mall","location_id":3}"
2026-09-08 02:48:46,EEST,9,Mustika,1,success,"{"total":1,"location_name":"Mustika","location_id":9}"
2026-09-08 02:48:46,EEST,10,Suur-Paala,0,success,"{"total":0,"location_name":"Suur-Paala","location_id":10}"
2026-09-08 02:50:48,EEST,1,Hipodroom,1,success,"{"total":1,"location_name":"Hipodroom","location_id":1}"
2026-09-08 02:50:48,EEST,3,T1,1,success,"{"total":1,"location_name":"T1 Shopping Mall","location_id":3}"
2026-09-08 02:50:48,EEST,9,Mustika,1,success,"{"total":1,"location_name":"Mustika","location_id":9}"
2026-09-08 02:50:48,EEST,10,Suur-Paala,0,success,"{"total":0,"location_name":"Suur-Paala","location_id":10}"
2026-09-08 02:52:49,EEST,1,Hipodroom,1,success,"{"total":1,"location_name":"Hipodroom","location_id":1}"
2026-09-08 02:52:49,EEST,3,T1,1,success,"{"total":1,"location_name":"T1 Shopping Mall","location_id":3}"
2026-09-08 02:52:49,EEST,9,Mustika,1,success,"{"total":1,"location_name":"Mustika","location_id":9}"
2026-09-08 02:52:49,EEST,10,Suur-Paala,0,success,"{"total":0,"location_name":"Suur-Paala","location_id":10}"
2026-09-08 02:54:49,EEST,1,Hipodroom,1,success,"{"total":1,"location_name":"Hipodroom","location_id":1}"
2026-09-08 02:54:49,EEST,3,T1,1,success,"{"total":1,"location_name":"T1 Shopping Mall","location_id":3}"
2026-09-08 02:54:49,EEST,9,Mustika,1,success,"{"total":1,"location_name":"Mustika","location_id":9}"
2026-09-08 02:54:49,EEST,10,Suur-Paala,0,success,"{"total":0,"location_name":"Suur-Paala","location_id":10}"
2026-09-08 02:56:50,EEST,1,Hipodroom,1,success,"{"total":1,"location_name":"Hipodroom","location_id":1}"
2026-09-08 02:56:50,EEST,3,T1,1,success,"{"total":1,"location_name":"T1 Shopping Mall","location_id":3}"
2026-09-08 02:56:50,EEST,9,Mustika,1,success,"{"total":1,"location_name":"Mustika","location_id":9}"
2026-09-08 02:56:50,EEST,10,Suur-Paala,0,success,"{"total":0,"location_name":"Suur-Paala","location_id":10}"
2026-09-08 02:58:51,EEST,1,Hipodroom,1,success,"{"total":1,"location_name":"Hipodroom","location_id":1}"
2026-09-08 02:58:51,EEST,3,T1,1,success,"{"total":1,"location_name":"T1 Shopping Mall","location_id":3}"
2026-09-08 02:58:51,EEST,9,Mustika,1,success,"{"total":1,"location_name":"Mustika","location_id":9}"
2026-09-08 02:58:51,EEST,10,Suur-Paala,0,success,"{"total":0,"location_name":"Suur-Paala","location_id":10}"
2026-09-08 03:00:52,EEST,1,Hipodroom,0,success,"{"total":0,"location_name":"Hipodroom","location_id":1}"
2026-09-08 03:00:52,EEST,3,T1,0,success,"{"total":0,"location_name":"T1 Shopping Mall","location_id":3}"
2026-09-08 03:00:52,EEST,9,Mustika,0,success,"{"total":0,"location_name":"Mustika","location_id":9}"
2026-09-08 03:00:52,EEST,10,Suur-Paala,0,success,"{"total":0,"location_name":"Suur-Paala","location_id":10}"
2026-09-08 03:02:52,EEST,1,Hipodroom,0,success,"{"total":0,"location_name":"Hipodroom","location_id":1}"
2026-09-08 03:02:52,EEST,3,T1,0,success,"{"total":0,"location_name":"T1 Shopping Mall","location_id":3}"
2026-09-08 03:02:52,EEST,9,Mustika,0,success,"{"total":0,"location_name":"Mustika","location_id":9}"
2026-09-08 03:02:52,EEST,10,Suur-Paala,0,success,"{"total":0,"location_name":"Suur-Paala","location_id":10}"
2026-09-08 03:04:53,EEST,1,Hipodroom,0,success,"{"total":0,"location_name":"Hipodroom","location_id":1}"
2026-09-08 03:04:53,EEST,3,T1,0,success,"{"total":0,"location_name":"T1 Shopping Mall","location_id":3}"
2026-09-08 03:04:53,EEST,9,Mustika,0,success,"{"total":0,"location_name":"Mustika","location_id":9}"
2026-09-08 03:04:53,EEST,10,Suur-Paala,0,success,"{"total":0,"location_name":"Suur-Paala","location_id":10}"
2026-09-08 03:06:53,EEST,1,Hipodroom,0,success,"{"total":0,"location_name":"Hipodroom","location_id":1}"
2026-09-08 03:06:53,EEST,3,T1,0,success,"{"total":0,"location_name":"T1 Shopping Mall","location_id":3}"
2026-09-08 03:06:53,EEST,9,Mustika,0,success,"{"total":0,"location_name":"Mustika","location_id":9}"
2026-09-08 03:06:53,EEST,10,Suur-Paala,0,success,"{"total":0,"location_name":"Suur-Paala","location_id":10}"
2026-09-08 03:08:54,EEST,1,Hipodroom,0,success,"{"total":0,"location_name":"Hipodroom","location_id":1}"
2026-09-08 03:08:54,EEST,3,T1,0,success,"{"total":0,"location_name":"T1 Shopping Mall","location_id":3}"
2026-09-08 03:08:54,EEST,9,Mustika,0,success,"{"total":0,"location_name":"Mustika","location_id":9}"
2026-09-08 03:08:54,EEST,10,Suur-Paala,0,success,"{"total":0,"location_name":"Suur-Paala","location_id":10}"
2026-09-08 03:10:55,EEST,1,Hipodroom,0,success,"{"total":0,"location_name":"Hipodroom","location_id":1}"
2026-09-08 03:10:55,EEST,3,T1,0,success,"{"total":0,"location_name":"T1 Shopping Mall","location_id":3}"
2026-09-08 03:10:55,EEST,9,Mustika,0,success,"{"total":0,"location_name":"Mustika","location_id":9}"
2026-09-08 03:10:55,EEST,10,Suur-Paala,0,success,"{"total":0,"location_name":"Suur-Paala","location_id":10}"
2026-09-08 03:12:55,EEST,1,Hipodroom,0,success,"{"total":0,"location_name":"Hipodroom","location_id":1}"
2026-09-08 03:12:55,EEST,3,T1,0,success,"{"total":0,"location_name":"T1 Shopping Mall","location_id":3}"
2026-09-08 03:12:55,EEST,9,Mustika,0,success,"{"total":0,"location_name":"Mustika","location_id":9}"
2026-09-08 03:12:55,EEST,10,Suur-Paala,0,success,"{"total":0,"location_name":"Suur-Paala","location_id":10}"
2026-09-08 03:14:56,EEST,1,Hipodroom,0,success,"{"total":0,"location_name":"Hipodroom","location_id":1}"
2026-09-08 03:14:56,EEST,3,T1,0,success,"{"total":0,"location_name":"T1 Shopping Mall","location_id":3}"
2026-09-08 03:14:56,EEST,9,Mustika,0,success,"{"total":0,"location_name":"Mustika","location_id":9}"
2026-09-08 03:14:56,EEST,10,Suur-Paala,0,success,"{"total":0,"location_name":"Suur-Paala","location_id":10}"
2026-09-08 03:16:57,EEST,1,Hipodroom,0,success,"{"total":0,"location_name":"Hipodroom","location_id":1}"
2026-09-08 03:16:57,EEST,3,T1,0,success,"{"total":0,"location_name":"T1 Shopping Mall","location_id":3}"
2026-09-08 03:16:57,EEST,9,Mustika,0,success,"{"total":0,"location_name":"Mustika","location_id":9}"
2026-09-08 03:16:57,EEST,10,Suur-Paala,0,success,"{"total":0,"location_name":"Suur-Paala","location_id":10}"
2026-09-08 03:18:58,EEST,1,Hipodroom,0,success,"{"total":0,"location_name":"Hipodroom","location_id":1}"
2026-09-08 03:18:58,EEST,3,T1,0,success,"{"total":0,"location_name":"T1 Shopping Mall","location_id":3}"
2026-09-08 03:18:58,EEST,9,Mustika,0,success,"{"total":0,"location_name":"Mustika","location_id":9}"
2026-09-08 03:18:58,EEST,10,Suur-Paala,0,success,"{"total":0,"location_name":"Suur-Paala","location_id":10}"
2026-09-08 03:20:59,EEST,1,Hipodroom,0,success,"{"total":0,"location_name":"Hipodroom","location_id":1}"
2026-09-08 03:20:59,EEST,3,T1,0,success,"{"total":0,"location_name":"T1 Shopping Mall","location_id":3}"
2026-09-08 03:20:59,EEST,9,Mustika,0,success,"{"total":0,"location_name":"Mustika","location_id":9}"
2026-09-08 03:20:59,EEST,10,Suur-Paala,0,success,"{"total":0,"location_name":"Suur-Paala","location_id":10}"
2026-09-08 03:23:00,EEST,1,Hipodroom,0,success,"{"total":0,"location_name":"Hipodroom","location_id":1}"
2026-09-08 03:23:00,EEST,3,T1,0,success,"{"total":0,"location_name":"T1 Shopping Mall","location_id":3}"
2026-09-08 03:23:00,EEST,9,Mustika,0,success,"{"total":0,"location_name":"Mustika","location_id":9}"
2026-09-08 03:23:00,EEST,10,Suur-Paala,0,success,"{"total":0,"location_name":"Suur-Paala","location_id":10}"
2026-09-08 03:25:01,EEST,1,Hipodroom,0,success,"{"total":0,"location_name":"Hipodroom","location_id":1}"
2026-09-08 03:25:01,EEST,3,T1,0,success,"{"total":0,"location_name":"T1 Shopping Mall","location_id":3}"
2026-09-08 03:25:01,EEST,9,Mustika,0,success,"{"total":0,"location_name":"Mustika","location_id":9}"
2026-09-08 03:25:01,EEST,10,Suur-Paala,0,success,"{"total":0,"location_name":"Suur-Paala","location_id":10}"
2026-09-08 03:27:02,EEST,1,Hipodroom,0,success,"{"total":0,"location_name":"Hipodroom","location_id":1}"
2026-09-08 03:27:02,EEST,3,T1,0,success,"{"total":0,"location_name":"T1 Shopping Mall","location_id":3}"
2026-09-08 03:27:02,EEST,9,Mustika,0,success,"{"total":0,"location_name":"Mustika","location_id":9}"
2026-09-08 03:27:02,EEST,10,Suur-Paala,0,success,"{"total":0,"location_name":"Suur-Paala","location_id":10}"
2026-09-08 03:29:02,EEST,1,Hipodroom,0,success,"{"total":0,"location_name":"Hipodroom","location_id":1}"
2026-09-08 03:29:02,EEST,3,T1,0,success,"{"total":0,"location_name":"T1 Shopping Mall","location_id":3}"
2026-09-08 03:29:02,EEST,9,Mustika,0,success,"{"total":0,"location_name":"Mustika","location_id":9}"
2026-09-08 03:29:02,EEST,10,Suur-Paala,0,success,"{"total":0,"location_name":"Suur-Paala","location_id":10}"
2026-09-08 03:31:03,EEST,1,Hipodroom,0,success,"{"total":0,"location_name":"Hipodroom","location_id":1}"
2026-09-08 03:31:03,EEST,3,T1,0,success,"{"total":0,"location_name":"T1 Shopping Mall","location_id":3}"
2026-09-08 03:31:03,EEST,9,Mustika,0,success,"{"total":0,"location_name":"Mustika","location_id":9}"
2026-09-08 03:31:03,EEST,10,Suur-Paala,0,success,"{"total":0,"location_name":"Suur-Paala","location_id":10}"
2026-09-08 03:33:03,EEST,1,Hipodroom,0,success,"{"total":0,"location_name":"Hipodroom","location_id":1}"
2026-09-08 03:33:03,EEST,3,T1,0,success,"{"total":0,"location_name":"T1 Shopping Mall","location_id":3}"
2026-09-08 03:33:03,EEST,9,Mustika,0,success,"{"total":0,"location_name":"Mustika","location_id":9}"
2026-09-08 03:33:03,EEST,10,Suur-Paala,0,success,"{"total":0,"location_name":"Suur-Paala","location_id":10}"
2026-09-08 03:35:04,EEST,1,Hipodroom,0,success,"{"total":0,"location_name":"Hipodroom","location_id":1}"
2026-09-08 03:35:04,EEST,3,T1,0,success,"{"total":0,"location_name":"T1 Shopping Mall","location_id":3}"
2026-09-08 03:35:04,EEST,9,Mustika,0,success,"{"total":0,"location_name":"Mustika","location_id":9}"
2026-09-08 03:35:04,EEST,10,Suur-Paala,0,success,"{"total":0,"location_name":"Suur-Paala","location_id":10}"
2026-09-08 03:37:05,EEST,1,Hipodroom,0,success,"{"total":0,"location_name":"Hipodroom","location_id":1}"
2026-09-08 03:37:05,EEST,3,T1,0,success,"{"total":0,"location_name":"T1 Shopping Mall","location_id":3}"
2026-09-08 03:37:05,EEST,9,Mustika,0,success,"{"total":0,"location_name":"Mustika","location_id":9}"
2026-09-08 03:37:05,EEST,10,Suur-Paala,0,success,"{"total":0,"location_name":"Suur-Paala","location_id":10}"
2026-09-08 03:39:05,EEST,1,Hipodroom,0,success,"{"total":0,"location_name":"Hipodroom","location_id":1}"
2026-09-08 03:39:05,EEST,3,T1,0,success,"{"total":0,"location_name":"T1 Shopping Mall","location_id":3}"
2026-09-08 03:39:05,EEST,9,Mustika,0,success,"{"total":0,"location_name":"Mustika","location_id":9}"
2026-09-08 03:39:05,EEST,10,Suur-Paala,0,success,"{"total":0,"location_name":"Suur-Paala","location_id":10}"
2026-09-08 03:41:06,EEST,1,Hipodroom,0,success,"{"total":0,"location_name":"Hipodroom","location_id":1}"
2026-09-08 03:41:06,EEST,3,T1,0,success,"{"total":0,"location_name":"T1 Shopping Mall","location_id":3}"
2026-09-08 03:41:06,EEST,9,Mustika,0,success,"{"total":0,"location_name":"Mustika","location_id":9}"
2026-09-08 03:41:06,EEST,10,Suur-Paala,0,success,"{"total":0,"location_name":"Suur-Paala","location_id":10}"
2026-09-08 03:43:07,EEST,1,Hipodroom,0,success,"{"total":0,"location_name":"Hipodroom","location_id":1}"
2026-09-08 03:43:07,EEST,3,T1,0,success,"{"total":0,"location_name":"T1 Shopping Mall","location_id":3}"
2026-09-08 03:43:07,EEST,9,Mustika,0,success,"{"total":0,"location_name":"Mustika","location_id":9}"
2026-09-08 03:43:07,EEST,10,Suur-Paala,0,success,"{"total":0,"location_name":"Suur-Paala","location_id":10}"
2026-09-08 03:45:08,EEST,1,Hipodroom,0,success,"{"total":0,"location_name":"Hipodroom","location_id":1}"
2026-09-08 03:45:08,EEST,3,T1,0,success,"{"total":0,"location_name":"T1 Shopping Mall","location_id":3}"
2026-09-08 03:45:08,EEST,9,Mustika,0,success,"{"total":0,"location_name":"Mustika","location_id":9}"
2026-09-08 03:45:08,EEST,10,Suur-Paala,0,success,"{"total":0,"location_name":"Suur-Paala","location_id":10}"
2026-09-08 03:47:08,EEST,1,Hipodroom,0,success,"{"total":0,"location_name":"Hipodroom","location_id":1}"
2026-09-08 03:47:08,EEST,3,T1,0,success,"{"total":0,"location_name":"T1 Shopping Mall","location_id":3}"
2026-09-08 03:47:08,EEST,9,Mustika,0,success,"{"total":0,"location_name":"Mustika","location_id":9}"
2026-09-08 03:47:08,EEST,10,Suur-Paala,0,success,"{"total":0,"location_name":"Suur-Paala","location_id":10}"
2026-09-08 03:49:09,EEST,1,Hipodroom,0,success,"{"total":0,"location_name":"Hipodroom","location_id":1}"
2026-09-08 03:49:09,EEST,3,T1,0,success,"{"total":0,"location_name":"T1 Shopping Mall","location_id":3}"
2026-09-08 03:49:09,EEST,9,Mustika,0,success,"{"total":0,"location_name":"Mustika","location_id":9}"
2026-09-08 03:49:09,EEST,10,Suur-Paala,0,success,"{"total":0,"location_name":"Suur-Paala","location_id":10}"
2026-09-08 03:51:10,EEST,1,Hipodroom,0,success,"{"total":0,"location_name":"Hipodroom","location_id":1}"
2026-09-08 03:51:10,EEST,3,T1,0,success,"{"total":0,"location_name":"T1 Shopping Mall","location_id":3}"
2026-09-08 03:51:10,EEST,9,Mustika,0,success,"{"total":0,"location_name":"Mustika","location_id":9}"
2026-09-08 03:51:10,EEST,10,Suur-Paala,0,success,"{"total":0,"location_name":"Suur-Paala","location_id":10}"
2026-09-08 03:53:10,EEST,1,Hipodroom,0,success,"{"total":0,"location_name":"Hipodroom","location_id":1}"
2026-09-08 03:53:10,EEST,3,T1,0,success,"{"total":0,"location_name":"T1 Shopping Mall","location_id":3}"
2026-09-08 03:53:10,EEST,9,Mustika,0,success,"{"total":0,"location_name":"Mustika","location_id":9}"
2026-09-08 03:53:10,EEST,10,Suur-Paala,0,success,"{"total":0,"location_name":"Suur-Paala","location_id":10}"
2026-09-08 03:55:11,EEST,1,Hipodroom,0,success,"{"total":0,"location_name":"Hipodroom","location_id":1}"
2026-09-08 03:55:11,EEST,3,T1,0,success,"{"total":0,"location_name":"T1 Shopping Mall","location_id":3}"
2026-09-08 03:55:11,EEST,9,Mustika,0,success,"{"total":0,"location_name":"Mustika","location_id":9}"
2026-09-08 03:55:11,EEST,10,Suur-Paala,0,success,"{"total":0,"location_name":"Suur-Paala","location_id":10}"
2026-09-08 03:57:12,EEST,1,Hipodroom,0,success,"{"total":0,"location_name":"Hipodroom","location_id":1}"
2026-09-08 03:57:12,EEST,3,T1,0,success,"{"total":0,"location_name":"T1 Shopping Mall","location_id":3}"
2026-09-08 03:57:12,EEST,9,Mustika,0,success,"{"total":0,"location_name":"Mustika","location_id":9}"
2026-09-08 03:57:12,EEST,10,Suur-Paala,0,success,"{"total":0,"location_name":"Suur-Paala","location_id":10}"
2026-09-08 03:59:12,EEST,1,Hipodroom,0,success,"{"total":0,"location_name":"Hipodroom","location_id":1}"
2026-09-08 03:59:12,EEST,3,T1,0,success,"{"total":0,"location_name":"T1 Shopping Mall","location_id":3}"
2026-09-08 03:59:12,EEST,9,Mustika,0,success,"{"total":0,"location_name":"Mustika","location_id":9}"
2026-09-08 03:59:12,EEST,10,Suur-Paala,0,success,"{"total":0,"location_name":"Suur-Paala","location_id":10}"
2026-09-08 04:01:14,EEST,1,Hipodroom,0,success,"{"total":0,"location_name":"Hipodroom","location_id":1}"
2026-09-08 04:01:14,EEST,3,T1,0,success,"{"total":0,"location_name":"T1 Shopping Mall","location_id":3}"
2026-09-08 04:01:14,EEST,9,Mustika,0,success,"{"total":0,"location_name":"Mustika","location_id":9}"
2026-09-08 04:01:14,EEST,10,Suur-Paala,0,success,"{"total":0,"location_name":"Suur-Paala","location_id":10}"
2026-09-08 04:03:15,EEST,1,Hipodroom,0,success,"{"total":0,"location_name":"Hipodroom","location_id":1}"
2026-09-08 04:03:15,EEST,3,T1,0,success,"{"total":0,"location_name":"T1 Shopping Mall","location_id":3}"
2026-09-08 04:03:15,EEST,9,Mustika,0,success,"{"total":0,"location_name":"Mustika","location_id":9}"
2026-09-08 04:03:15,EEST,10,Suur-Paala,0,success,"{"total":0,"location_name":"Suur-Paala","location_id":10}"
2026-09-08 04:05:15,EEST,1,Hipodroom,0,success,"{"total":0,"location_name":"Hipodroom","location_id":1}"
2026-09-08 04:05:15,EEST,3,T1,0,success,"{"total":0,"location_name":"T1 Shopping Mall","location_id":3}"
2026-09-08 04:05:15,EEST,9,Mustika,0,success,"{"total":0,"location_name":"Mustika","location_id":9}"
2026-09-08 04:05:15,EEST,10,Suur-Paala,0,success,"{"total":0,"location_name":"Suur-Paala","location_id":10}"
2026-09-08 04:07:16,EEST,1,Hipodroom,0,success,"{"total":0,"location_name":"Hipodroom","location_id":1}"
2026-09-08 04:07:16,EEST,3,T1,0,success,"{"total":0,"location_name":"T1 Shopping Mall","location_id":3}"
2026-09-08 04:07:16,EEST,9,Mustika,0,success,"{"total":0,"location_name":"Mustika","location_id":9}"
2026-09-08 04:07:16,EEST,10,Suur-Paala,0,success,"{"total":0,"location_name":"Suur-Paala","location_id":10}"
2026-09-08 04:09:17,EEST,1,Hipodroom,0,success,"{"total":0,"location_name":"Hipodroom","location_id":1}"
2026-09-08 04:09:17,EEST,3,T1,0,success,"{"total":0,"location_name":"T1 Shopping Mall","location_id":3}"
2026-09-08 04:09:17,EEST,9,Mustika,0,success,"{"total":0,"location_name":"Mustika","location_id":9}"
2026-09-08 04:09:17,EEST,10,Suur-Paala,0,success,"{"total":0,"location_name":"Suur-Paala","location_id":10}"
2026-09-08 04:11:18,EEST,1,Hipodroom,0,success,"{"total":0,"location_name":"Hipodroom","location_id":1}"
2026-09-08 04:11:18,EEST,3,T1,0,success,"{"total":0,"location_name":"T1 Shopping Mall","location_id":3}"
2026-09-08 04:11:18,EEST,9,Mustika,0,success,"{"total":0,"location_name":"Mustika","location_id":9}"
2026-09-08 04:11:18,EEST,10,Suur-Paala,0,success,"{"total":0,"location_name":"Suur-Paala","location_id":10}"
2026-09-08 04:13:18,EEST,1,Hipodroom,0,success,"{"total":0,"location_name":"Hipodroom","location_id":1}"
2026-09-08 04:13:18,EEST,3,T1,0,success,"{"total":0,"location_name":"T1 Shopping Mall","location_id":3}"
2026-09-08 04:13:18,EEST,9,Mustika,0,success,"{"total":0,"location_name":"Mustika","location_id":9}"
2026-09-08 04:13:18,EEST,10,Suur-Paala,0,success,"{"total":0,"location_name":"Suur-Paala","location_id":10}"
2026-09-08 04:15:19,EEST,1,Hipodroom,0,success,"{"total":0,"location_name":"Hipodroom","location_id":1}"
2026-09-08 04:15:19,EEST,3,T1,0,success,"{"total":0,"location_name":"T1 Shopping Mall","location_id":3}"
2026-09-08 04:15:19,EEST,9,Mustika,0,success,"{"total":0,"location_name":"Mustika","location_id":9}"
2026-09-08 04:15:19,EEST,10,Suur-Paala,0,success,"{"total":0,"location_name":"Suur-Paala","location_id":10}"
2026-09-08 04:17:20,EEST,1,Hipodroom,0,success,"{"total":0,"location_name":"Hipodroom","location_id":1}"
2026-09-08 04:17:20,EEST,3,T1,0,success,"{"total":0,"location_name":"T1 Shopping Mall","location_id":3}"
2026-09-08 04:17:20,EEST,9,Mustika,0,success,"{"total":0,"location_name":"Mustika","location_id":9}"
2026-09-08 04:17:20,EEST,10,Suur-Paala,0,success,"{"total":0,"location_name":"Suur-Paala","location_id":10}"
2026-09-08 04:19:21,EEST,1,Hipodroom,0,success,"{"total":0,"location_name":"Hipodroom","location_id":1}"
2026-09-08 04:19:21,EEST,3,T1,0,success,"{"total":0,"location_name":"T1 Shopping Mall","location_id":3}"
2026-09-08 04:19:21,EEST,9,Mustika,0,success,"{"total":0,"location_name":"Mustika","location_id":9}"
2026-09-08 04:19:21,EEST,10,Suur-Paala,0,success,"{"total":0,"location_name":"Suur-Paala","location_id":10}"
2026-09-08 04:21:21,EEST,1,Hipodroom,0,success,"{"total":0,"location_name":"Hipodroom","location_id":1}"
2026-09-08 04:21:21,EEST,3,T1,0,success,"{"total":0,"location_name":"T1 Shopping Mall","location_id":3}"
2026-09-08 04:21:21,EEST,9,Mustika,0,success,"{"total":0,"location_name":"Mustika","location_id":9}"
2026-09-08 04:21:21,EEST,10,Suur-Paala,0,success,"{"total":0,"location_name":"Suur-Paala","location_id":10}"
2026-09-08 04:23:23,EEST,1,Hipodroom,0,success,"{"total":0,"location_name":"Hipodroom","location_id":1}"
2026-09-08 04:23:23,EEST,3,T1,0,success,"{"total":0,"location_name":"T1 Shopping Mall","location_id":3}"
2026-09-08 04:23:23,EEST,9,Mustika,0,success,"{"total":0,"location_name":"Mustika","location_id":9}"
2026-09-08 04:23:23,EEST,10,Suur-Paala,0,success,"{"total":0,"location_name":"Suur-Paala","location_id":10}"
2026-09-08 04:25:24,EEST,1,Hipodroom,0,success,"{"total":0,"location_name":"Hipodroom","location_id":1}"
2026-09-08 04:25:24,EEST,3,T1,0,success,"{"total":0,"location_name":"T1 Shopping Mall","location_id":3}"
2026-09-08 04:25:24,EEST,9,Mustika,0,success,"{"total":0,"location_name":"Mustika","location_id":9}"
2026-09-08 04:25:24,EEST,10,Suur-Paala,0,success,"{"total":0,"location_name":"Suur-Paala","location_id":10}"
2026-09-08 04:27:25,EEST,1,Hipodroom,0,success,"{"total":0,"location_name":"Hipodroom","location_id":1}"
2026-09-08 04:27:25,EEST,3,T1,0,success,"{"total":0,"location_name":"T1 Shopping Mall","location_id":3}"
2026-09-08 04:27:25,EEST,9,Mustika,0,success,"{"total":0,"location_name":"Mustika","location_id":9}"
2026-09-08 04:27:25,EEST,10,Suur-Paala,0,success,"{"total":0,"location_name":"Suur-Paala","location_id":10}"
2026-09-08 04:29:25,EEST,1,Hipodroom,0,success,"{"total":0,"location_name":"Hipodroom","location_id":1}"
2026-09-08 04:29:25,EEST,3,T1,0,success,"{"total":0,"location_name":"T1 Shopping Mall","location_id":3}"
2026-09-08 04:29:25,EEST,9,Mustika,0,success,"{"total":0,"location_name":"Mustika","location_id":9}"
2026-09-08 04:29:25,EEST,10,Suur-Paala,0,success,"{"total":0,"location_name":"Suur-Paala","location_id":10}"
2026-09-08 04:31:26,EEST,1,Hipodroom,0,success,"{"total":0,"location_name":"Hipodroom","location_id":1}"
2026-09-08 04:31:26,EEST,3,T1,0,success,"{"total":0,"location_name":"T1 Shopping Mall","location_id":3}"
2026-09-08 04:31:26,EEST,9,Mustika,0,success,"{"total":0,"location_name":"Mustika","location_id":9}"
2026-09-08 04:31:26,EEST,10,Suur-Paala,0,success,"{"total":0,"location_name":"Suur-Paala","location_id":10}"
2026-09-08 04:33:27,EEST,1,Hipodroom,0,success,"{"total":0,"location_name":"Hipodroom","location_id":1}"
2026-09-08 04:33:27,EEST,3,T1,0,success,"{"total":0,"location_name":"T1 Shopping Mall","location_id":3}"
2026-09-08 04:33:27,EEST,9,Mustika,0,success,"{"total":0,"location_name":"Mustika","location_id":9}"
2026-09-08 04:33:27,EEST,10,Suur-Paala,0,success,"{"total":0,"location_name":"Suur-Paala","location_id":10}"
2026-09-08 04:35:27,EEST,1,Hipodroom,0,success,"{"total":0,"location_name":"Hipodroom","location_id":1}"
2026-09-08 04:35:27,EEST,3,T1,0,success,"{"total":0,"location_name":"T1 Shopping Mall","location_id":3}"
2026-09-08 04:35:27,EEST,9,Mustika,0,success,"{"total":0,"location_name":"Mustika","location_id":9}"
2026-09-08 04:35:27,EEST,10,Suur-Paala,0,success,"{"total":0,"location_name":"Suur-Paala","location_id":10}"
2026-09-08 04:37:28,EEST,1,Hipodroom,0,success,"{"total":0,"location_name":"Hipodroom","location_id":1}"
2026-09-08 04:37:28,EEST,3,T1,0,success,"{"total":0,"location_name":"T1 Shopping Mall","location_id":3}"
2026-09-08 04:37:28,EEST,9,Mustika,0,success,"{"total":0,"location_name":"Mustika","location_id":9}"
2026-09-08 04:37:28,EEST,10,Suur-Paala,0,success,"{"total":0,"location_name":"Suur-Paala","location_id":10}"
2026-09-08 04:39:29,EEST,1,Hipodroom,0,success,"{"total":0,"location_name":"Hipodroom","location_id":1}"
2026-09-08 04:39:29,EEST,3,T1,0,success,"{"total":0,"location_name":"T1 Shopping Mall","location_id":3}"
2026-09-08 04:39:29,EEST,9,Mustika,0,success,"{"total":0,"location_name":"Mustika","location_id":9}"
2026-09-08 04:39:29,EEST,10,Suur-Paala,0,success,"{"total":0,"location_name":"Suur-Paala","location_id":10}"
2026-09-08 04:41:29,EEST,1,Hipodroom,0,success,"{"total":0,"location_name":"Hipodroom","location_id":1}"
2026-09-08 04:41:29,EEST,3,T1,0,success,"{"total":0,"location_name":"T1 Shopping Mall","location_id":3}"
2026-09-08 04:41:29,EEST,9,Mustika,0,success,"{"total":0,"location_name":"Mustika","location_id":9}"
2026-09-08 04:41:29,EEST,10,Suur-Paala,0,success,"{"total":0,"location_name":"Suur-Paala","location_id":10}"
2026-09-08 04:43:30,EEST,1,Hipodroom,0,success,"{"total":0,"location_name":"Hipodroom","location_id":1}"
2026-09-08 04:43:30,EEST,3,T1,0,success,"{"total":0,"location_name":"T1 Shopping Mall","location_id":3}"
2026-09-08 04:43:30,EEST,9,Mustika,0,success,"{"total":0,"location_name":"Mustika","location_id":9}"
2026-09-08 04:43:30,EEST,10,Suur-Paala,0,success,"{"total":0,"location_name":"Suur-Paala","location_id":10}"
2026-09-08 04:45:31,EEST,1,Hipodroom,0,success,"{"total":0,"location_name":"Hipodroom","location_id":1}"
2026-09-08 04:45:31,EEST,3,T1,0,success,"{"total":0,"location_name":"T1 Shopping Mall","location_id":3}"
2026-09-08 04:45:31,EEST,9,Mustika,0,success,"{"total":0,"location_name":"Mustika","location_id":9}"
2026-09-08 04:45:31,EEST,10,Suur-Paala,0,success,"{"total":0,"location_name":"Suur-Paala","location_id":10}"
2026-09-08 04:47:32,EEST,1,Hipodroom,0,success,"{"total":0,"location_name":"Hipodroom","location_id":1}"
2026-09-08 04:47:32,EEST,3,T1,0,success,"{"total":0,"location_name":"T1 Shopping Mall","location_id":3}"
2026-09-08 04:47:32,EEST,9,Mustika,0,success,"{"total":0,"location_name":"Mustika","location_id":9}"
2026-09-08 04:47:32,EEST,10,Suur-Paala,0,success,"{"total":0,"location_name":"Suur-Paala","location_id":10}"
2026-09-08 04:49:32,EEST,1,Hipodroom,0,success,"{"total":0,"location_name":"Hipodroom","location_id":1}"
2026-09-08 04:49:32,EEST,3,T1,0,success,"{"total":0,"location_name":"T1 Shopping Mall","location_id":3}"
2026-09-08 04:49:32,EEST,9,Mustika,0,success,"{"total":0,"location_name":"Mustika","location_id":9}"
2026-09-08 04:49:32,EEST,10,Suur-Paala,0,success,"{"total":0,"location_name":"Suur-Paala","location_id":10}"
2026-09-08 04:51:34,EEST,1,Hipodroom,0,success,"{"total":0,"location_name":"Hipodroom","location_id":1}"
2026-09-08 04:51:34,EEST,3,T1,0,success,"{"total":0,"location_name":"T1 Shopping Mall","location_id":3}"
2026-09-08 04:51:34,EEST,9,Mustika,0,success,"{"total":0,"location_name":"Mustika","location_id":9}"
2026-09-08 04:51:34,EEST,10,Suur-Paala,0,success,"{"total":0,"location_name":"Suur-Paala","location_id":10}"
2026-09-08 04:53:35,EEST,1,Hipodroom,0,success,"{"total":0,"location_name":"Hipodroom","location_id":1}"
2026-09-08 04:53:35,EEST,3,T1,0,success,"{"total":0,"location_name":"T1 Shopping Mall","location_id":3}"
2026-09-08 04:53:35,EEST,9,Mustika,0,success,"{"total":0,"location_name":"Mustika","location_id":9}"
2026-09-08 04:53:35,EEST,10,Suur-Paala,0,success,"{"total":0,"location_name":"Suur-Paala","location_id":10}"
2026-09-08 04:55:35,EEST,1,Hipodroom,0,success,"{"total":0,"location_name":"Hipodroom","location_id":1}"
2026-09-08 04:55:35,EEST,3,T1,0,success,"{"total":0,"location_name":"T1 Shopping Mall","location_id":3}"
2026-09-08 04:55:35,EEST,9,Mustika,0,success,"{"total":0,"location_name":"Mustika","location_id":9}"
2026-09-08 04:55:35,EEST,10,Suur-Paala,0,success,"{"total":0,"location_name":"Suur-Paala","location_id":10}"
2026-09-08 04:57:36,EEST,1,Hipodroom,0,success,"{"total":0,"location_name":"Hipodroom","location_id":1}"
2026-09-08 04:57:36,EEST,3,T1,0,success,"{"total":0,"location_name":"T1 Shopping Mall","location_id":3}"
2026-09-08 04:57:36,EEST,9,Mustika,0,success,"{"total":0,"location_name":"Mustika","location_id":9}"
2026-09-08 04:57:36,EEST,10,Suur-Paala,0,success,"{"total":0,"location_name":"Suur-Paala","location_id":10}"
2026-09-08 04:59:36,EEST,1,Hipodroom,0,success,"{"total":0,"location_name":"Hipodroom","location_id":1}"
2026-09-08 04:59:36,EEST,3,T1,0,success,"{"total":0,"location_name":"T1 Shopping Mall","location_id":3}"
2026-09-08 04:59:36,EEST,9,Mustika,0,success,"{"total":0,"location_name":"Mustika","location_id":9}"
2026-09-08 04:59:36,EEST,10,Suur-Paala,0,success,"{"total":0,"location_name":"Suur-Paala","location_id":10}"
2026-09-08 05:01:37,EEST,1,Hipodroom,0,success,"{"total":0,"location_name":"Hipodroom","location_id":1}"
2026-09-08 05:01:37,EEST,3,T1,0,success,"{"total":0,"location_name":"T1 Shopping Mall","location_id":3}"
2026-09-08 05:01:37,EEST,9,Mustika,0,success,"{"total":0,"location_name":"Mustika","location_id":9}"
2026-09-08 05:01:37,EEST,10,Suur-Paala,0,success,"{"total":0,"location_name":"Suur-Paala","location_id":10}"
2026-09-08 05:03:38,EEST,1,Hipodroom,0,success,"{"total":0,"location_name":"Hipodroom","location_id":1}"
2026-09-08 05:03:38,EEST,3,T1,0,success,"{"total":0,"location_name":"T1 Shopping Mall","location_id":3}"
2026-09-08 05:03:38,EEST,9,Mustika,0,success,"{"total":0,"location_name":"Mustika","location_id":9}"
2026-09-08 05:03:38,EEST,10,Suur-Paala,0,success,"{"total":0,"location_name":"Suur-Paala","location_id":10}"
2026-09-08 05:05:38,EEST,1,Hipodroom,0,success,"{"total":0,"location_name":"Hipodroom","location_id":1}"
2026-09-08 05:05:38,EEST,3,T1,0,success,"{"total":0,"location_name":"T1 Shopping Mall","location_id":3}"
2026-09-08 05:05:38,EEST,9,Mustika,0,success,"{"total":0,"location_name":"Mustika","location_id":9}"
2026-09-08 05:05:38,EEST,10,Suur-Paala,0,success,"{"total":0,"location_name":"Suur-Paala","location_id":10}"
2026-09-08 05:07:39,EEST,1,Hipodroom,0,success,"{"total":0,"location_name":"Hipodroom","location_id":1}"
2026-09-08 05:07:39,EEST,3,T1,0,success,"{"total":0,"location_name":"T1 Shopping Mall","location_id":3}"
2026-09-08 05:07:39,EEST,9,Mustika,0,success,"{"total":0,"location_name":"Mustika","location_id":9}"
2026-09-08 05:07:39,EEST,10,Suur-Paala,0,success,"{"total":0,"location_name":"Suur-Paala","location_id":10}"
2026-09-08 05:09:40,EEST,1,Hipodroom,0,success,"{"total":0,"location_name":"Hipodroom","location_id":1}"
2026-09-08 05:09:40,EEST,3,T1,0,success,"{"total":0,"location_name":"T1 Shopping Mall","location_id":3}"
2026-09-08 05:09:40,EEST,9,Mustika,0,success,"{"total":0,"location_name":"Mustika","location_id":9}"
2026-09-08 05:09:40,EEST,10,Suur-Paala,0,success,"{"total":0,"location_name":"Suur-Paala","location_id":10}"
2026-09-08 05:11:41,EEST,1,Hipodroom,0,success,"{"total":0,"location_name":"Hipodroom","location_id":1}"
2026-09-08 05:11:41,EEST,3,T1,0,success,"{"total":0,"location_name":"T1 Shopping Mall","location_id":3}"
2026-09-08 05:11:41,EEST,9,Mustika,0,success,"{"total":0,"location_name":"Mustika","location_id":9}"
2026-09-08 05:11:41,EEST,10,Suur-Paala,0,success,"{"total":0,"location_name":"Suur-Paala","location_id":10}"
2026-09-08 05:13:41,EEST,1,Hipodroom,0,success,"{"total":0,"location_name":"Hipodroom","location_id":1}"
2026-09-08 05:13:41,EEST,3,T1,0,success,"{"total":0,"location_name":"T1 Shopping Mall","location_id":3}"
2026-09-08 05:13:41,EEST,9,Mustika,0,success,"{"total":0,"location_name":"Mustika","location_id":9}"
2026-09-08 05:13:41,EEST,10,Suur-Paala,0,success,"{"total":0,"location_name":"Suur-Paala","location_id":10}"
2026-09-08 05:15:42,EEST,1,Hipodroom,0,success,"{"total":0,"location_name":"Hipodroom","location_id":1}"
2026-09-08 05:15:42,EEST,3,T1,0,success,"{"total":0,"location_name":"T1 Shopping Mall","location_id":3}"
2026-09-08 05:15:42,EEST,9,Mustika,0,success,"{"total":0,"location_name":"Mustika","location_id":9}"
2026-09-08 05:15:42,EEST,10,Suur-Paala,0,success,"{"total":0,"location_name":"Suur-Paala","location_id":10}"
2026-09-08 05:17:43,EEST,1,Hipodroom,0,success,"{"total":0,"location_name":"Hipodroom","location_id":1}"
2026-09-08 05:17:43,EEST,3,T1,0,success,"{"total":0,"location_name":"T1 Shopping Mall","location_id":3}"
2026-09-08 05:17:43,EEST,9,Mustika,0,success,"{"total":0,"location_name":"Mustika","location_id":9}"
2026-09-08 05:17:43,EEST,10,Suur-Paala,0,success,"{"total":0,"location_name":"Suur-Paala","location_id":10}"
2026-09-08 05:19:43,EEST,1,Hipodroom,0,success,"{"total":0,"location_name":"Hipodroom","location_id":1}"
2026-09-08 05:19:43,EEST,3,T1,0,success,"{"total":0,"location_name":"T1 Shopping Mall","location_id":3}"
2026-09-08 05:19:43,EEST,9,Mustika,0,success,"{"total":0,"location_name":"Mustika","location_id":9}"
2026-09-08 05:19:43,EEST,10,Suur-Paala,0,success,"{"total":0,"location_name":"Suur-Paala","location_id":10}"
2026-09-08 05:21:44,EEST,1,Hipodroom,0,success,"{"total":0,"location_name":"Hipodroom","location_id":1}"
2026-09-08 05:21:44,EEST,3,T1,0,success,"{"total":0,"location_name":"T1 Shopping Mall","location_id":3}"
2026-09-08 05:21:44,EEST,9,Mustika,0,success,"{"total":0,"location_name":"Mustika","location_id":9}"
2026-09-08 05:21:44,EEST,10,Suur-Paala,0,success,"{"total":0,"location_name":"Suur-Paala","location_id":10}"
2026-09-08 05:23:45,EEST,1,Hipodroom,0,success,"{"total":0,"location_name":"Hipodroom","location_id":1}"
2026-09-08 05:23:45,EEST,3,T1,0,success,"{"total":0,"location_name":"T1 Shopping Mall","location_id":3}"
2026-09-08 05:23:45,EEST,9,Mustika,0,success,"{"total":0,"location_name":"Mustika","location_id":9}"
2026-09-08 05:23:45,EEST,10,Suur-Paala,0,success,"{"total":0,"location_name":"Suur-Paala","location_id":10}"
2026-09-08 05:25:46,EEST,1,Hipodroom,0,success,"{"total":0,"location_name":"Hipodroom","location_id":1}"
2026-09-08 05:25:46,EEST,3,T1,0,success,"{"total":0,"location_name":"T1 Shopping Mall","location_id":3}"
2026-09-08 05:25:46,EEST,9,Mustika,0,success,"{"total":0,"location_name":"Mustika","location_id":9}"
2026-09-08 05:25:46,EEST,10,Suur-Paala,0,success,"{"total":0,"location_name":"Suur-Paala","location_id":10}"
2026-09-08 05:27:47,EEST,1,Hipodroom,0,success,"{"total":0,"location_name":"Hipodroom","location_id":1}"
2026-09-08 05:27:47,EEST,3,T1,0,success,"{"total":0,"location_name":"T1 Shopping Mall","location_id":3}"
2026-09-08 05:27:47,EEST,9,Mustika,0,success,"{"total":0,"location_name":"Mustika","location_id":9}"
2026-09-08 05:27:47,EEST,10,Suur-Paala,0,success,"{"total":0,"location_name":"Suur-Paala","location_id":10}"
2026-09-08 05:29:47,EEST,1,Hipodroom,0,success,"{"total":0,"location_name":"Hipodroom","location_id":1}"
2026-09-08 05:29:47,EEST,3,T1,0,success,"{"total":0,"location_name":"T1 Shopping Mall","location_id":3}"
2026-09-08 05:29:47,EEST,9,Mustika,0,success,"{"total":0,"location_name":"Mustika","location_id":9}"
2026-09-08 05:29:47,EEST,10,Suur-Paala,0,success,"{"total":0,"location_name":"Suur-Paala","location_id":10}"
2026-09-08 05:31:49,EEST,1,Hipodroom,0,success,"{"total":0,"location_name":"Hipodroom","location_id":1}"
2026-09-08 05:31:49,EEST,3,T1,0,success,"{"total":0,"location_name":"T1 Shopping Mall","location_id":3}"
2026-09-08 05:31:49,EEST,9,Mustika,0,success,"{"total":0,"location_name":"Mustika","location_id":9}"
2026-09-08 05:31:49,EEST,10,Suur-Paala,0,success,"{"total":0,"location_name":"Suur-Paala","location_id":10}"
2026-09-08 05:33:50,EEST,1,Hipodroom,0,success,"{"total":0,"location_name":"Hipodroom","location_id":1}"
2026-09-08 05:33:50,EEST,3,T1,0,success,"{"total":0,"location_name":"T1 Shopping Mall","location_id":3}"
2026-09-08 05:33:50,EEST,9,Mustika,0,success,"{"total":0,"location_name":"Mustika","location_id":9}"
2026-09-08 05:33:50,EEST,10,Suur-Paala,0,success,"{"total":0,"location_name":"Suur-Paala","location_id":10}"
2026-09-08 05:35:51,EEST,1,Hipodroom,0,success,"{"total":0,"location_name":"Hipodroom","location_id":1}"
2026-09-08 05:35:51,EEST,3,T1,0,success,"{"total":0,"location_name":"T1 Shopping Mall","location_id":3}"
2026-09-08 05:35:51,EEST,9,Mustika,0,success,"{"total":0,"location_name":"Mustika","location_id":9}"
2026-09-08 05:35:51,EEST,10,Suur-Paala,0,success,"{"total":0,"location_name":"Suur-Paala","location_id":10}"
2026-09-08 05:37:51,EEST,1,Hipodroom,0,success,"{"total":0,"location_name":"Hipodroom","location_id":1}"
2026-09-08 05:37:51,EEST,3,T1,0,success,"{"total":0,"location_name":"T1 Shopping Mall","location_id":3}"
2026-09-08 05:37:51,EEST,9,Mustika,0,success,"{"total":0,"location_name":"Mustika","location_id":9}"
2026-09-08 05:37:51,EEST,10,Suur-Paala,0,success,"{"total":0,"location_name":"Suur-Paala","location_id":10}"
2026-09-08 05:39:52,EEST,1,Hipodroom,0,success,"{"total":0,"location_name":"Hipodroom","location_id":1}"
2026-09-08 05:39:52,EEST,3,T1,0,success,"{"total":0,"location_name":"T1 Shopping Mall","location_id":3}"
2026-09-08 05:39:52,EEST,9,Mustika,0,success,"{"total":0,"location_name":"Mustika","location_id":9}"
2026-09-08 05:39:52,EEST,10,Suur-Paala,0,success,"{"total":0,"location_name":"Suur-Paala","location_id":10}"
2026-09-08 05:41:52,EEST,1,Hipodroom,0,success,"{"total":0,"location_name":"Hipodroom","location_id":1}"
2026-09-08 05:41:52,EEST,3,T1,0,success,"{"total":0,"location_name":"T1 Shopping Mall","location_id":3}"
2026-09-08 05:41:52,EEST,9,Mustika,0,success,"{"total":0,"location_name":"Mustika","location_id":9}"
2026-09-08 05:41:52,EEST,10,Suur-Paala,0,success,"{"total":0,"location_name":"Suur-Paala","location_id":10}"
2026-09-08 05:43:53,EEST,1,Hipodroom,0,success,"{"total":0,"location_name":"Hipodroom","location_id":1}"
2026-09-08 05:43:53,EEST,3,T1,0,success,"{"total":0,"location_name":"T1 Shopping Mall","location_id":3}"
2026-09-08 05:43:53,EEST,9,Mustika,0,success,"{"total":0,"location_name":"Mustika","location_id":9}"
2026-09-08 05:43:53,EEST,10,Suur-Paala,0,success,"{"total":0,"location_name":"Suur-Paala","location_id":10}"
2026-09-08 05:45:54,EEST,1,Hipodroom,0,success,"{"total":0,"location_name":"Hipodroom","location_id":1}"
2026-09-08 05:45:54,EEST,3,T1,0,success,"{"total":0,"location_name":"T1 Shopping Mall","location_id":3}"
2026-09-08 05:45:54,EEST,9,Mustika,0,success,"{"total":0,"location_name":"Mustika","location_id":9}"
2026-09-08 05:45:54,EEST,10,Suur-Paala,0,success,"{"total":0,"location_name":"Suur-Paala","location_id":10}"
2026-09-08 05:47:54,EEST,1,Hipodroom,0,success,"{"total":0,"location_name":"Hipodroom","location_id":1}"
2026-09-08 05:47:54,EEST,3,T1,0,success,"{"total":0,"location_name":"T1 Shopping Mall","location_id":3}"
2026-09-08 05:47:54,EEST,9,Mustika,0,success,"{"total":0,"location_name":"Mustika","location_id":9}"
2026-09-08 05:47:54,EEST,10,Suur-Paala,0,success,"{"total":0,"location_name":"Suur-Paala","location_id":10}"
2026-09-08 05:49:55,EEST,1,Hipodroom,0,success,"{"total":0,"location_name":"Hipodroom","location_id":1}"
2026-09-08 05:49:55,EEST,3,T1,0,success,"{"total":0,"location_name":"T1 Shopping Mall","location_id":3}"
2026-09-08 05:49:55,EEST,9,Mustika,0,success,"{"total":0,"location_name":"Mustika","location_id":9}"
2026-09-08 05:49:55,EEST,10,Suur-Paala,0,success,"{"total":0,"location_name":"Suur-Paala","location_id":10}"
2026-09-08 05:51:56,EEST,1,Hipodroom,0,success,"{"total":0,"location_name":"Hipodroom","location_id":1}"
2026-09-08 05:51:56,EEST,3,T1,0,success,"{"total":0,"location_name":"T1 Shopping Mall","location_id":3}"
2026-09-08 05:51:56,EEST,9,Mustika,0,success,"{"total":0,"location_name":"Mustika","location_id":9}"
2026-09-08 05:51:56,EEST,10,Suur-Paala,0,success,"{"total":0,"location_name":"Suur-Paala","location_id":10}"
2026-09-08 05:53:56,EEST,1,Hipodroom,0,success,"{"total":0,"location_name":"Hipodroom","location_id":1}"
2026-09-08 05:53:56,EEST,3,T1,0,success,"{"total":0,"location_name":"T1 Shopping Mall","location_id":3}"
2026-09-08 05:53:56,EEST,9,Mustika,0,success,"{"total":0,"location_name":"Mustika","location_id":9}"
2026-09-08 05:53:56,EEST,10,Suur-Paala,0,success,"{"total":0,"location_name":"Suur-Paala","location_id":10}"
2026-09-08 05:55:57,EEST,1,Hipodroom,0,success,"{"total":0,"location_name":"Hipodroom","location_id":1}"
2026-09-08 05:55:57,EEST,3,T1,0,success,"{"total":0,"location_name":"T1 Shopping Mall","location_id":3}"
2026-09-08 05:55:57,EEST,9,Mustika,0,success,"{"total":0,"location_name":"Mustika","location_id":9}"
2026-09-08 05:55:57,EEST,10,Suur-Paala,0,success,"{"total":0,"location_name":"Suur-Paala","location_id":10}"
2026-09-08 05:57:58,EEST,1,Hipodroom,0,success,"{"total":0,"location_name":"Hipodroom","location_id":1}"
2026-09-08 05:57:58,EEST,3,T1,0,success,"{"total":0,"location_name":"T1 Shopping Mall","location_id":3}"
2026-09-08 05:57:58,EEST,9,Mustika,0,success,"{"total":0,"location_name":"Mustika","location_id":9}"
2026-09-08 05:57:58,EEST,10,Suur-Paala,0,success,"{"total":0,"location_name":"Suur-Paala","location_id":10}"
2026-09-08 05:59:59,EEST,1,Hipodroom,0,success,"{"total":0,"location_name":"Hipodroom","location_id":1}"
2026-09-08 05:59:59,EEST,3,T1,0,success,"{"total":0,"location_name":"T1 Shopping Mall","location_id":3}"
2026-09-08 05:59:59,EEST,9,Mustika,0,success,"{"total":0,"location_name":"Mustika","location_id":9}"
2026-09-08 05:59:59,EEST,10,Suur-Paala,0,success,"{"total":0,"location_name":"Suur-Paala","location_id":10}"
2026-09-08 06:02:00,EEST,1,Hipodroom,0,success,"{"total":0,"location_name":"Hipodroom","location_id":1}"
2026-09-08 06:02:00,EEST,3,T1,0,success,"{"total":0,"location_name":"T1 Shopping Mall","location_id":3}"
2026-09-08 06:02:00,EEST,9,Mustika,0,success,"{"total":0,"location_name":"Mustika","location_id":9}"
2026-09-08 06:02:00,EEST,10,Suur-Paala,0,success,"{"total":0,"location_name":"Suur-Paala","location_id":10}"
2026-09-08 06:04:01,EEST,1,Hipodroom,0,success,"{"total":0,"location_name":"Hipodroom","location_id":1}"
2026-09-08 06:04:01,EEST,3,T1,0,success,"{"total":0,"location_name":"T1 Shopping Mall","location_id":3}"
2026-09-08 06:04:01,EEST,9,Mustika,0,success,"{"total":0,"location_name":"Mustika","location_id":9}"
2026-09-08 06:04:01,EEST,10,Suur-Paala,0,success,"{"total":0,"location_name":"Suur-Paala","location_id":10}"
2026-09-08 06:06:01,EEST,1,Hipodroom,0,success,"{"total":0,"location_name":"Hipodroom","location_id":1}"
2026-09-08 06:06:01,EEST,3,T1,0,success,"{"total":0,"location_name":"T1 Shopping Mall","location_id":3}"
2026-09-08 06:06:01,EEST,9,Mustika,0,success,"{"total":0,"location_name":"Mustika","location_id":9}"
2026-09-08 06:06:01,EEST,10,Suur-Paala,0,success,"{"total":0,"location_name":"Suur-Paala","location_id":10}"
2026-09-08 06:08:02,EEST,1,Hipodroom,0,success,"{"total":0,"location_name":"Hipodroom","location_id":1}"
2026-09-08 06:08:02,EEST,3,T1,0,success,"{"total":0,"location_name":"T1 Shopping Mall","location_id":3}"
2026-09-08 06:08:02,EEST,9,Mustika,0,success,"{"total":0,"location_name":"Mustika","location_id":9}"
2026-09-08 06:08:02,EEST,10,Suur-Paala,0,success,"{"total":0,"location_name":"Suur-Paala","location_id":10}"
2026-09-08 06:10:03,EEST,1,Hipodroom,0,success,"{"total":0,"location_name":"Hipodroom","location_id":1}"
2026-09-08 06:10:03,EEST,3,T1,0,success,"{"total":0,"location_name":"T1 Shopping Mall","location_id":3}"
2026-09-08 06:10:03,EEST,9,Mustika,0,success,"{"total":0,"location_name":"Mustika","location_id":9}"
2026-09-08 06:10:03,EEST,10,Suur-Paala,0,success,"{"total":0,"location_name":"Suur-Paala","location_id":10}"
2026-09-08 06:12:03,EEST,1,Hipodroom,0,success,"{"total":0,"location_name":"Hipodroom","location_id":1}"
2026-09-08 06:12:03,EEST,3,T1,0,success,"{"total":0,"location_name":"T1 Shopping Mall","location_id":3}"
2026-09-08 06:12:03,EEST,9,Mustika,0,success,"{"total":0,"location_name":"Mustika","location_id":9}"
2026-09-08 06:12:03,EEST,10,Suur-Paala,0,success,"{"total":0,"location_name":"Suur-Paala","location_id":10}"
2026-09-08 06:14:04,EEST,1,Hipodroom,0,success,"{"total":0,"location_name":"Hipodroom","location_id":1}"
2026-09-08 06:14:04,EEST,3,T1,0,success,"{"total":0,"location_name":"T1 Shopping Mall","location_id":3}"
2026-09-08 06:14:04,EEST,9,Mustika,0,success,"{"total":0,"location_name":"Mustika","location_id":9}"
2026-09-08 06:14:04,EEST,10,Suur-Paala,0,success,"{"total":0,"location_name":"Suur-Paala","location_id":10}"
2026-09-08 06:16:05,EEST,1,Hipodroom,0,success,"{"total":0,"location_name":"Hipodroom","location_id":1}"
2026-09-08 06:16:05,EEST,3,T1,0,success,"{"total":0,"location_name":"T1 Shopping Mall","location_id":3}"
2026-09-08 06:16:05,EEST,9,Mustika,0,success,"{"total":0,"location_name":"Mustika","location_id":9}"
2026-09-08 06:16:05,EEST,10,Suur-Paala,0,success,"{"total":0,"location_name":"Suur-Paala","location_id":10}"
2026-09-08 06:18:05,EEST,1,Hipodroom,0,success,"{"total":0,"location_name":"Hipodroom","location_id":1}"
2026-09-08 06:18:05,EEST,3,T1,0,success,"{"total":0,"location_name":"T1 Shopping Mall","location_id":3}"
2026-09-08 06:18:05,EEST,9,Mustika,0,success,"{"total":0,"location_name":"Mustika","location_id":9}"
2026-09-08 06:18:05,EEST,10,Suur-Paala,0,success,"{"total":0,"location_name":"Suur-Paala","location_id":10}"
2026-09-08 06:20:06,EEST,1,Hipodroom,0,success,"{"total":0,"location_name":"Hipodroom","location_id":1}"
2026-09-08 06:20:06,EEST,3,T1,0,success,"{"total":0,"location_name":"T1 Shopping Mall","location_id":3}"
2026-09-08 06:20:06,EEST,9,Mustika,0,success,"{"total":0,"location_name":"Mustika","location_id":9}"
2026-09-08 06:20:06,EEST,10,Suur-Paala,0,success,"{"total":0,"location_name":"Suur-Paala","location_id":10}"
2026-09-08 06:22:07,EEST,1,Hipodroom,0,success,"{"total":0,"location_name":"Hipodroom","location_id":1}"
2026-09-08 06:22:07,EEST,3,T1,0,success,"{"total":0,"location_name":"T1 Shopping Mall","location_id":3}"
2026-09-08 06:22:07,EEST,9,Mustika,0,success,"{"total":0,"location_name":"Mustika","location_id":9}"
2026-09-08 06:22:07,EEST,10,Suur-Paala,0,success,"{"total":0,"location_name":"Suur-Paala","location_id":10}"
2026-09-08 06:24:08,EEST,1,Hipodroom,0,success,"{"total":0,"location_name":"Hipodroom","location_id":1}"
2026-09-08 06:24:08,EEST,3,T1,0,success,"{"total":0,"location_name":"T1 Shopping Mall","location_id":3}"
2026-09-08 06:24:08,EEST,9,Mustika,0,success,"{"total":0,"location_name":"Mustika","location_id":9}"
2026-09-08 06:24:08,EEST,10,Suur-Paala,0,success,"{"total":0,"location_name":"Suur-Paala","location_id":10}"
2026-09-08 06:26:08,EEST,1,Hipodroom,0,success,"{"total":0,"location_name":"Hipodroom","location_id":1}"
2026-09-08 06:26:08,EEST,3,T1,0,success,"{"total":0,"location_name":"T1 Shopping Mall","location_id":3}"
2026-09-08 06:26:08,EEST,9,Mustika,0,success,"{"total":0,"location_name":"Mustika","location_id":9}"
2026-09-08 06:26:08,EEST,10,Suur-Paala,0,success,"{"total":0,"location_name":"Suur-Paala","location_id":10}"
2026-09-08 06:28:09,EEST,1,Hipodroom,0,success,"{"total":0,"location_name":"Hipodroom","location_id":1}"
2026-09-08 06:28:09,EEST,3,T1,0,success,"{"total":0,"location_name":"T1 Shopping Mall","location_id":3}"
2026-09-08 06:28:09,EEST,9,Mustika,0,success,"{"total":0,"location_name":"Mustika","location_id":9}"
2026-09-08 06:28:09,EEST,10,Suur-Paala,0,success,"{"total":0,"location_name":"Suur-Paala","location_id":10}"
2026-09-08 06:30:10,EEST,1,Hipodroom,0,success,"{"total":0,"location_name":"Hipodroom","location_id":1}"
2026-09-08 06:30:10,EEST,3,T1,0,success,"{"total":0,"location_name":"T1 Shopping Mall","location_id":3}"
2026-09-08 06:30:10,EEST,9,Mustika,0,success,"{"total":0,"location_name":"Mustika","location_id":9}"
2026-09-08 06:30:10,EEST,10,Suur-Paala,0,success,"{"total":0,"location_name":"Suur-Paala","location_id":10}"
2026-09-08 06:32:10,EEST,1,Hipodroom,0,success,"{"total":0,"location_name":"Hipodroom","location_id":1}"
2026-09-08 06:32:10,EEST,3,T1,0,success,"{"total":0,"location_name":"T1 Shopping Mall","location_id":3}"
2026-09-08 06:32:10,EEST,9,Mustika,0,success,"{"total":0,"location_name":"Mustika","location_id":9}"
2026-09-08 06:32:10,EEST,10,Suur-Paala,0,success,"{"total":0,"location_name":"Suur-Paala","location_id":10}"
2026-09-08 06:34:11,EEST,1,Hipodroom,0,success,"{"total":0,"location_name":"Hipodroom","location_id":1}"
2026-09-08 06:34:11,EEST,3,T1,0,success,"{"total":0,"location_name":"T1 Shopping Mall","location_id":3}"
2026-09-08 06:34:11,EEST,9,Mustika,0,success,"{"total":0,"location_name":"Mustika","location_id":9}"
2026-09-08 06:34:11,EEST,10,Suur-Paala,0,success,"{"total":0,"location_name":"Suur-Paala","location_id":10}"
2026-09-08 06:36:12,EEST,1,Hipodroom,0,success,"{"total":0,"location_name":"Hipodroom","location_id":1}"
2026-09-08 06:36:12,EEST,3,T1,0,success,"{"total":0,"location_name":"T1 Shopping Mall","location_id":3}"
2026-09-08 06:36:12,EEST,9,Mustika,0,success,"{"total":0,"location_name":"Mustika","location_id":9}"
2026-09-08 06:36:12,EEST,10,Suur-Paala,0,success,"{"total":0,"location_name":"Suur-Paala","location_id":10}"
2026-09-08 06:38:12,EEST,1,Hipodroom,0,success,"{"total":0,"location_name":"Hipodroom","location_id":1}"
2026-09-08 06:38:12,EEST,3,T1,0,success,"{"total":0,"location_name":"T1 Shopping Mall","location_id":3}"
2026-09-08 06:38:12,EEST,9,Mustika,0,success,"{"total":0,"location_name":"Mustika","location_id":9}"
2026-09-08 06:38:12,EEST,10,Suur-Paala,0,success,"{"total":0,"location_name":"Suur-Paala","location_id":10}"
2026-09-08 06:40:13,EEST,1,Hipodroom,0,success,"{"total":0,"location_name":"Hipodroom","location_id":1}"
2026-09-08 06:40:13,EEST,3,T1,0,success,"{"total":0,"location_name":"T1 Shopping Mall","location_id":3}"
2026-09-08 06:40:13,EEST,9,Mustika,0,success,"{"total":0,"location_name":"Mustika","location_id":9}"
2026-09-08 06:40:13,EEST,10,Suur-Paala,0,success,"{"total":0,"location_name":"Suur-Paala","location_id":10}"
2026-09-08 06:42:14,EEST,1,Hipodroom,0,success,"{"total":0,"location_name":"Hipodroom","location_id":1}"
2026-09-08 06:42:14,EEST,3,T1,0,success,"{"total":0,"location_name":"T1 Shopping Mall","location_id":3}"
2026-09-08 06:42:14,EEST,9,Mustika,0,success,"{"total":0,"location_name":"Mustika","location_id":9}"
2026-09-08 06:42:14,EEST,10,Suur-Paala,0,success,"{"total":0,"location_name":"Suur-Paala","location_id":10}"
2026-09-08 06:44:15,EEST,1,Hipodroom,0,success,"{"total":0,"location_name":"Hipodroom","location_id":1}"
2026-09-08 06:44:15,EEST,3,T1,0,success,"{"total":0,"location_name":"T1 Shopping Mall","location_id":3}"
2026-09-08 06:44:15,EEST,9,Mustika,0,success,"{"total":0,"location_name":"Mustika","location_id":9}"
2026-09-08 06:44:15,EEST,10,Suur-Paala,0,success,"{"total":0,"location_name":"Suur-Paala","location_id":10}"
2026-09-08 06:46:15,EEST,1,Hipodroom,0,success,"{"total":0,"location_name":"Hipodroom","location_id":1}"
2026-09-08 06:46:15,EEST,3,T1,0,success,"{"total":0,"location_name":"T1 Shopping Mall","location_id":3}"
2026-09-08 06:46:15,EEST,9,Mustika,0,success,"{"total":0,"location_name":"Mustika","location_id":9}"
2026-09-08 06:46:15,EEST,10,Suur-Paala,0,success,"{"total":0,"location_name":"Suur-Paala","location_id":10}"
2026-09-08 06:48:16,EEST,1,Hipodroom,0,success,"{"total":0,"location_name":"Hipodroom","location_id":1}"
2026-09-08 06:48:16,EEST,3,T1,0,success,"{"total":0,"location_name":"T1 Shopping Mall","location_id":3}"
2026-09-08 06:48:16,EEST,9,Mustika,0,success,"{"total":0,"location_name":"Mustika","location_id":9}"
2026-09-08 06:48:16,EEST,10,Suur-Paala,0,success,"{"total":0,"location_name":"Suur-Paala","location_id":10}"
2026-09-08 06:50:17,EEST,1,Hipodroom,0,success,"{"total":0,"location_name":"Hipodroom","location_id":1}"
2026-09-08 06:50:17,EEST,3,T1,0,success,"{"total":0,"location_name":"T1 Shopping Mall","location_id":3}"
2026-09-08 06:50:17,EEST,9,Mustika,0,success,"{"total":0,"location_name":"Mustika","location_id":9}"
2026-09-08 06:50:17,EEST,10,Suur-Paala,0,success,"{"total":0,"location_name":"Suur-Paala","location_id":10}"
2026-09-08 06:52:17,EEST,1,Hipodroom,0,success,"{"total":0,"location_name":"Hipodroom","location_id":1}"
2026-09-08 06:52:17,EEST,3,T1,0,success,"{"total":0,"location_name":"T1 Shopping Mall","location_id":3}"
2026-09-08 06:52:17,EEST,9,Mustika,0,success,"{"total":0,"location_name":"Mustika","location_id":9}"
2026-09-08 06:52:17,EEST,10,Suur-Paala,0,success,"{"total":0,"location_name":"Suur-Paala","location_id":10}"
2026-09-08 06:54:18,EEST,1,Hipodroom,0,success,"{"total":0,"location_name":"Hipodroom","location_id":1}"
2026-09-08 06:54:18,EEST,3,T1,0,success,"{"total":0,"location_name":"T1 Shopping Mall","location_id":3}"
2026-09-08 06:54:18,EEST,9,Mustika,0,success,"{"total":0,"location_name":"Mustika","location_id":9}"
2026-09-08 06:54:18,EEST,10,Suur-Paala,0,success,"{"total":0,"location_name":"Suur-Paala","location_id":10}"
2026-09-08 06:56:19,EEST,1,Hipodroom,0,success,"{"total":0,"location_name":"Hipodroom","location_id":1}"
2026-09-08 06:56:19,EEST,3,T1,0,success,"{"total":0,"location_name":"T1 Shopping Mall","location_id":3}"
2026-09-08 06:56:19,EEST,9,Mustika,0,success,"{"total":0,"location_name":"Mustika","location_id":9}"
2026-09-08 06:56:19,EEST,10,Suur-Paala,0,success,"{"total":0,"location_name":"Suur-Paala","location_id":10}"
2026-09-08 06:58:19,EEST,1,Hipodroom,0,success,"{"total":0,"location_name":"Hipodroom","location_id":1}"
2026-09-08 06:58:19,EEST,3,T1,0,success,"{"total":0,"location_name":"T1 Shopping Mall","location_id":3}"
2026-09-08 06:58:19,EEST,9,Mustika,0,success,"{"total":0,"location_name":"Mustika","location_id":9}"
2026-09-08 06:58:19,EEST,10,Suur-Paala,0,success,"{"total":0,"location_name":"Suur-Paala","location_id":10}"
2026-09-08 07:00:20,EEST,1,Hipodroom,0,success,"{"total":0,"location_name":"Hipodroom","location_id":1}"
2026-09-08 07:00:20,EEST,3,T1,0,success,"{"total":0,"location_name":"T1 Shopping Mall","location_id":3}"
2026-09-08 07:00:20,EEST,9,Mustika,0,success,"{"total":0,"location_name":"Mustika","location_id":9}"
2026-09-08 07:00:20,EEST,10,Suur-Paala,0,success,"{"total":0,"location_name":"Suur-Paala","location_id":10}"
2026-09-08 07:02:21,EEST,1,Hipodroom,0,success,"{"total":0,"location_name":"Hipodroom","location_id":1}"
2026-09-08 07:02:21,EEST,3,T1,0,success,"{"total":0,"location_name":"T1 Shopping Mall","location_id":3}"
2026-09-08 07:02:21,EEST,9,Mustika,0,success,"{"total":0,"location_name":"Mustika","location_id":9}"
2026-09-08 07:02:21,EEST,10,Suur-Paala,0,success,"{"total":0,"location_name":"Suur-Paala","location_id":10}"
2026-09-08 07:04:21,EEST,1,Hipodroom,0,success,"{"total":0,"location_name":"Hipodroom","location_id":1}"
2026-09-08 07:04:21,EEST,3,T1,0,success,"{"total":0,"location_name":"T1 Shopping Mall","location_id":3}"
2026-09-08 07:04:21,EEST,9,Mustika,0,success,"{"total":0,"location_name":"Mustika","location_id":9}"
2026-09-08 07:04:21,EEST,10,Suur-Paala,0,success,"{"total":0,"location_name":"Suur-Paala","location_id":10}"
2026-09-08 07:06:22,EEST,1,Hipodroom,0,success,"{"total":0,"location_name":"Hipodroom","location_id":1}"
2026-09-08 07:06:22,EEST,3,T1,0,success,"{"total":0,"location_name":"T1 Shopping Mall","location_id":3}"
2026-09-08 07:06:22,EEST,9,Mustika,0,success,"{"total":0,"location_name":"Mustika","location_id":9}"
2026-09-08 07:06:22,EEST,10,Suur-Paala,0,success,"{"total":0,"location_name":"Suur-Paala","location_id":10}"
2026-09-08 07:08:23,EEST,1,Hipodroom,0,success,"{"total":0,"location_name":"Hipodroom","location_id":1}"
2026-09-08 07:08:23,EEST,3,T1,0,success,"{"total":0,"location_name":"T1 Shopping Mall","location_id":3}"
2026-09-08 07:08:23,EEST,9,Mustika,0,success,"{"total":0,"location_name":"Mustika","location_id":9}"
2026-09-08 07:08:23,EEST,10,Suur-Paala,0,success,"{"total":0,"location_name":"Suur-Paala","location_id":10}"
2026-09-08 07:10:23,EEST,1,Hipodroom,0,success,"{"total":0,"location_name":"Hipodroom","location_id":1}"
2026-09-08 07:10:23,EEST,3,T1,0,success,"{"total":0,"location_name":"T1 Shopping Mall","location_id":3}"
2026-09-08 07:10:23,EEST,9,Mustika,0,success,"{"total":0,"location_name":"Mustika","location_id":9}"
2026-09-08 07:10:23,EEST,10,Suur-Paala,0,success,"{"total":0,"location_name":"Suur-Paala","location_id":10}"
2026-09-08 07:12:24,EEST,1,Hipodroom,0,success,"{"total":0,"location_name":"Hipodroom","location_id":1}"
2026-09-08 07:12:24,EEST,3,T1,0,success,"{"total":0,"location_name":"T1 Shopping Mall","location_id":3}"
2026-09-08 07:12:24,EEST,9,Mustika,0,success,"{"total":0,"location_name":"Mustika","location_id":9}"
2026-09-08 07:12:24,EEST,10,Suur-Paala,0,success,"{"total":0,"location_name":"Suur-Paala","location_id":10}"
2026-09-08 07:14:25,EEST,1,Hipodroom,0,success,"{"total":0,"location_name":"Hipodroom","location_id":1}"
2026-09-08 07:14:25,EEST,3,T1,0,success,"{"total":0,"location_name":"T1 Shopping Mall","location_id":3}"
2026-09-08 07:14:25,EEST,9,Mustika,0,success,"{"total":0,"location_name":"Mustika","location_id":9}"
2026-09-08 07:14:25,EEST,10,Suur-Paala,0,success,"{"total":0,"location_name":"Suur-Paala","location_id":10}"
2026-09-08 07:16:25,EEST,1,Hipodroom,0,success,"{"total":0,"location_name":"Hipodroom","location_id":1}"
2026-09-08 07:16:25,EEST,3,T1,0,success,"{"total":0,"location_name":"T1 Shopping Mall","location_id":3}"
2026-09-08 07:16:25,EEST,9,Mustika,0,success,"{"total":0,"location_name":"Mustika","location_id":9}"
2026-09-08 07:16:25,EEST,10,Suur-Paala,0,success,"{"total":0,"location_name":"Suur-Paala","location_id":10}"
2026-09-08 07:18:27,EEST,1,Hipodroom,0,success,"{"total":0,"location_name":"Hipodroom","location_id":1}"
2026-09-08 07:18:27,EEST,3,T1,0,success,"{"total":0,"location_name":"T1 Shopping Mall","location_id":3}"
2026-09-08 07:18:27,EEST,9,Mustika,0,success,"{"total":0,"location_name":"Mustika","location_id":9}"
2026-09-08 07:18:27,EEST,10,Suur-Paala,0,success,"{"total":0,"location_name":"Suur-Paala","location_id":10}"
2026-09-08 07:20:27,EEST,1,Hipodroom,0,success,"{"total":0,"location_name":"Hipodroom","location_id":1}"
2026-09-08 07:20:27,EEST,3,T1,0,success,"{"total":0,"location_name":"T1 Shopping Mall","location_id":3}"
2026-09-08 07:20:27,EEST,9,Mustika,0,success,"{"total":0,"location_name":"Mustika","location_id":9}"
2026-09-08 07:20:27,EEST,10,Suur-Paala,0,success,"{"total":0,"location_name":"Suur-Paala","location_id":10}"
2026-09-08 07:22:28,EEST,1,Hipodroom,0,success,"{"total":0,"location_name":"Hipodroom","location_id":1}"
2026-09-08 07:22:28,EEST,3,T1,0,success,"{"total":0,"location_name":"T1 Shopping Mall","location_id":3}"
2026-09-08 07:22:28,EEST,9,Mustika,0,success,"{"total":0,"location_name":"Mustika","location_id":9}"
2026-09-08 07:22:28,EEST,10,Suur-Paala,0,success,"{"total":0,"location_name":"Suur-Paala","location_id":10}"
2026-09-08 07:24:29,EEST,1,Hipodroom,0,success,"{"total":0,"location_name":"Hipodroom","location_id":1}"
2026-09-08 07:24:29,EEST,3,T1,0,success,"{"total":0,"location_name":"T1 Shopping Mall","location_id":3}"
2026-09-08 07:24:29,EEST,9,Mustika,0,success,"{"total":0,"location_name":"Mustika","location_id":9}"
2026-09-08 07:24:29,EEST,10,Suur-Paala,0,success,"{"total":0,"location_name":"Suur-Paala","location_id":10}"
2026-09-08 07:26:29,EEST,1,Hipodroom,0,success,"{"total":0,"location_name":"Hipodroom","location_id":1}"
2026-09-08 07:26:29,EEST,3,T1,0,success,"{"total":0,"location_name":"T1 Shopping Mall","location_id":3}"
2026-09-08 07:26:29,EEST,9,Mustika,0,success,"{"total":0,"location_name":"Mustika","location_id":9}"
2026-09-08 07:26:29,EEST,10,Suur-Paala,0,success,"{"total":0,"location_name":"Suur-Paala","location_id":10}"
2026-09-08 07:28:30,EEST,1,Hipodroom,0,success,"{"total":0,"location_name":"Hipodroom","location_id":1}"
2026-09-08 07:28:30,EEST,3,T1,0,success,"{"total":0,"location_name":"T1 Shopping Mall","location_id":3}"
2026-09-08 07:28:30,EEST,9,Mustika,0,success,"{"total":0,"location_name":"Mustika","location_id":9}"
2026-09-08 07:28:30,EEST,10,Suur-Paala,0,success,"{"total":0,"location_name":"Suur-Paala","location_id":10}"
2026-09-08 07:30:31,EEST,1,Hipodroom,0,success,"{"total":0,"location_name":"Hipodroom","location_id":1}"
2026-09-08 07:30:31,EEST,3,T1,0,success,"{"total":0,"location_name":"T1 Shopping Mall","location_id":3}"
2026-09-08 07:30:31,EEST,9,Mustika,0,success,"{"total":0,"location_name":"Mustika","location_id":9}"
2026-09-08 07:30:31,EEST,10,Suur-Paala,0,success,"{"total":0,"location_name":"Suur-Paala","location_id":10}"
2026-09-08 07:32:31,EEST,1,Hipodroom,0,success,"{"total":0,"location_name":"Hipodroom","location_id":1}"
2026-09-08 07:32:31,EEST,3,T1,0,success,"{"total":0,"location_name":"T1 Shopping Mall","location_id":3}"
2026-09-08 07:32:31,EEST,9,Mustika,0,success,"{"total":0,"location_name":"Mustika","location_id":9}"
2026-09-08 07:32:31,EEST,10,Suur-Paala,0,success,"{"total":0,"location_name":"Suur-Paala","location_id":10}"
2026-09-08 07:34:32,EEST,1,Hipodroom,0,success,"{"total":0,"location_name":"Hipodroom","location_id":1}"
2026-09-08 07:34:32,EEST,3,T1,0,success,"{"total":0,"location_name":"T1 Shopping Mall","location_id":3}"
2026-09-08 07:34:32,EEST,9,Mustika,0,success,"{"total":0,"location_name":"Mustika","location_id":9}"
2026-09-08 07:34:32,EEST,10,Suur-Paala,0,success,"{"total":0,"location_name":"Suur-Paala","location_id":10}"
2026-09-08 07:36:32,EEST,1,Hipodroom,0,success,"{"total":0,"location_name":"Hipodroom","location_id":1}"
2026-09-08 07:36:32,EEST,3,T1,0,success,"{"total":0,"location_name":"T1 Shopping Mall","location_id":3}"
2026-09-08 07:36:32,EEST,9,Mustika,0,success,"{"total":0,"location_name":"Mustika","location_id":9}"
2026-09-08 07:36:32,EEST,10,Suur-Paala,0,success,"{"total":0,"location_name":"Suur-Paala","location_id":10}"
2026-09-08 07:38:33,EEST,1,Hipodroom,0,success,"{"total":0,"location_name":"Hipodroom","location_id":1}"
2026-09-08 07:38:33,EEST,3,T1,0,success,"{"total":0,"location_name":"T1 Shopping Mall","location_id":3}"
2026-09-08 07:38:33,EEST,9,Mustika,0,success,"{"total":0,"location_name":"Mustika","location_id":9}"
2026-09-08 07:38:33,EEST,10,Suur-Paala,0,success,"{"total":0,"location_name":"Suur-Paala","location_id":10}"
2026-09-08 07:40:33,EEST,1,Hipodroom,0,success,"{"total":0,"location_name":"Hipodroom","location_id":1}"
2026-09-08 07:40:33,EEST,3,T1,0,success,"{"total":0,"location_name":"T1 Shopping Mall","location_id":3}"
2026-09-08 07:40:33,EEST,9,Mustika,0,success,"{"total":0,"location_name":"Mustika","location_id":9}"
2026-09-08 07:40:33,EEST,10,Suur-Paala,0,success,"{"total":0,"location_name":"Suur-Paala","location_id":10}"
2026-09-08 07:42:34,EEST,1,Hipodroom,0,success,"{"total":0,"location_name":"Hipodroom","location_id":1}"
2026-09-08 07:42:34,EEST,3,T1,0,success,"{"total":0,"location_name":"T1 Shopping Mall","location_id":3}"
2026-09-08 07:42:34,EEST,9,Mustika,0,success,"{"total":0,"location_name":"Mustika","location_id":9}"
2026-09-08 07:42:34,EEST,10,Suur-Paala,0,success,"{"total":0,"location_name":"Suur-Paala","location_id":10}"
2026-09-08 07:44:34,EEST,1,Hipodroom,0,success,"{"total":0,"location_name":"Hipodroom","location_id":1}"
2026-09-08 07:44:34,EEST,3,T1,0,success,"{"total":0,"location_name":"T1 Shopping Mall","location_id":3}"
2026-09-08 07:44:34,EEST,9,Mustika,0,success,"{"total":0,"location_name":"Mustika","location_id":9}"
2026-09-08 07:44:34,EEST,10,Suur-Paala,0,success,"{"total":0,"location_name":"Suur-Paala","location_id":10}"
2026-09-08 07:46:35,EEST,1,Hipodroom,0,success,"{"total":0,"location_name":"Hipodroom","location_id":1}"
2026-09-08 07:46:35,EEST,3,T1,0,success,"{"total":0,"location_name":"T1 Shopping Mall","location_id":3}"
2026-09-08 07:46:35,EEST,9,Mustika,0,success,"{"total":0,"location_name":"Mustika","location_id":9}"
2026-09-08 07:46:35,EEST,10,Suur-Paala,0,success,"{"total":0,"location_name":"Suur-Paala","location_id":10}"
2026-09-08 07:48:36,EEST,1,Hipodroom,0,success,"{"total":0,"location_name":"Hipodroom","location_id":1}"
2026-09-08 07:48:36,EEST,3,T1,0,success,"{"total":0,"location_name":"T1 Shopping Mall","location_id":3}"
2026-09-08 07:48:36,EEST,9,Mustika,0,success,"{"total":0,"location_name":"Mustika","location_id":9}"
2026-09-08 07:48:36,EEST,10,Suur-Paala,0,success,"{"total":0,"location_name":"Suur-Paala","location_id":10}"
2026-09-08 07:50:36,EEST,1,Hipodroom,0,success,"{"total":0,"location_name":"Hipodroom","location_id":1}"
2026-09-08 07:50:36,EEST,3,T1,0,success,"{"total":0,"location_name":"T1 Shopping Mall","location_id":3}"
2026-09-08 07:50:36,EEST,9,Mustika,0,success,"{"total":0,"location_name":"Mustika","location_id":9}"
2026-09-08 07:50:36,EEST,10,Suur-Paala,0,success,"{"total":0,"location_name":"Suur-Paala","location_id":10}"
2026-09-08 07:52:37,EEST,1,Hipodroom,0,success,"{"total":0,"location_name":"Hipodroom","location_id":1}"
2026-09-08 07:52:37,EEST,3,T1,0,success,"{"total":0,"location_name":"T1 Shopping Mall","location_id":3}"
2026-09-08 07:52:37,EEST,9,Mustika,0,success,"{"total":0,"location_name":"Mustika","location_id":9}"
2026-09-08 07:52:37,EEST,10,Suur-Paala,0,success,"{"total":0,"location_name":"Suur-Paala","location_id":10}"
2026-09-08 07:54:37,EEST,1,Hipodroom,0,success,"{"total":0,"location_name":"Hipodroom","location_id":1}"
2026-09-08 07:54:37,EEST,3,T1,0,success,"{"total":0,"location_name":"T1 Shopping Mall","location_id":3}"
2026-09-08 07:54:37,EEST,9,Mustika,0,success,"{"total":0,"location_name":"Mustika","location_id":9}"
2026-09-08 07:54:37,EEST,10,Suur-Paala,0,success,"{"total":0,"location_name":"Suur-Paala","location_id":10}"
2026-09-08 07:56:38,EEST,1,Hipodroom,0,success,"{"total":0,"location_name":"Hipodroom","location_id":1}"
2026-09-08 07:56:38,EEST,3,T1,0,success,"{"total":0,"location_name":"T1 Shopping Mall","location_id":3}"
2026-09-08 07:56:38,EEST,9,Mustika,0,success,"{"total":0,"location_name":"Mustika","location_id":9}"
2026-09-08 07:56:38,EEST,10,Suur-Paala,0,success,"{"total":0,"location_name":"Suur-Paala","location_id":10}"
2026-09-08 07:58:38,EEST,1,Hipodroom,0,success,"{"total":0,"location_name":"Hipodroom","location_id":1}"
2026-09-08 07:58:38,EEST,3,T1,0,success,"{"total":0,"location_name":"T1 Shopping Mall","location_id":3}"
2026-09-08 07:58:38,EEST,9,Mustika,0,success,"{"total":0,"location_name":"Mustika","location_id":9}"
2026-09-08 07:58:38,EEST,10,Suur-Paala,0,success,"{"total":0,"location_name":"Suur-Paala","location_id":10}"
2026-09-08 08:00:39,EEST,1,Hipodroom,0,success,"{"total":0,"location_name":"Hipodroom","location_id":1}"
2026-09-08 08:00:39,EEST,3,T1,0,success,"{"total":0,"location_name":"T1 Shopping Mall","location_id":3}"
2026-09-08 08:00:39,EEST,9,Mustika,0,success,"{"total":0,"location_name":"Mustika","location_id":9}"
2026-09-08 08:00:39,EEST,10,Suur-Paala,0,success,"{"total":0,"location_name":"Suur-Paala","location_id":10}"
2026-09-08 08:02:39,EEST,1,Hipodroom,0,success,"{"total":0,"location_name":"Hipodroom","location_id":1}"
2026-09-08 08:02:39,EEST,3,T1,0,success,"{"total":0,"location_name":"T1 Shopping Mall","location_id":3}"
2026-09-08 08:02:39,EEST,9,Mustika,0,success,"{"total":0,"location_name":"Mustika","location_id":9}"
2026-09-08 08:02:39,EEST,10,Suur-Paala,0,success,"{"total":0,"location_name":"Suur-Paala","location_id":10}"
2026-09-08 08:04:40,EEST,1,Hipodroom,0,success,"{"total":0,"location_name":"Hipodroom","location_id":1}"
2026-09-08 08:04:40,EEST,3,T1,0,success,"{"total":0,"location_name":"T1 Shopping Mall","location_id":3}"
2026-09-08 08:04:40,EEST,9,Mustika,0,success,"{"total":0,"location_name":"Mustika","location_id":9}"
2026-09-08 08:04:40,EEST,10,Suur-Paala,0,success,"{"total":0,"location_name":"Suur-Paala","location_id":10}"
2026-09-08 08:06:41,EEST,1,Hipodroom,0,success,"{"total":0,"location_name":"Hipodroom","location_id":1}"
2026-09-08 08:06:41,EEST,3,T1,0,success,"{"total":0,"location_name":"T1 Shopping Mall","location_id":3}"
2026-09-08 08:06:41,EEST,9,Mustika,0,success,"{"total":0,"location_name":"Mustika","location_id":9}"
2026-09-08 08:06:41,EEST,10,Suur-Paala,0,success,"{"total":0,"location_name":"Suur-Paala","location_id":10}"
2026-09-08 08:08:41,EEST,1,Hipodroom,0,success,"{"total":0,"location_name":"Hipodroom","location_id":1}"
2026-09-08 08:08:41,EEST,3,T1,0,success,"{"total":0,"location_name":"T1 Shopping Mall","location_id":3}"
2026-09-08 08:08:41,EEST,9,Mustika,0,success,"{"total":0,"location_name":"Mustika","location_id":9}"
2026-09-08 08:08:41,EEST,10,Suur-Paala,0,success,"{"total":0,"location_name":"Suur-Paala","location_id":10}"
2026-09-08 08:10:43,EEST,1,Hipodroom,0,success,"{"total":0,"location_name":"Hipodroom","location_id":1}"
2026-09-08 08:10:43,EEST,3,T1,0,success,"{"total":0,"location_name":"T1 Shopping Mall","location_id":3}"
2026-09-08 08:10:43,EEST,9,Mustika,0,success,"{"total":0,"location_name":"Mustika","location_id":9}"
2026-09-08 08:10:43,EEST,10,Suur-Paala,0,success,"{"total":0,"location_name":"Suur-Paala","location_id":10}"
2026-09-08 08:12:44,EEST,1,Hipodroom,0,success,"{"total":0,"location_name":"Hipodroom","location_id":1}"
2026-09-08 08:12:44,EEST,3,T1,1,success,"{"total":1,"location_name":"T1 Shopping Mall","location_id":3}"
2026-09-08 08:12:44,EEST,9,Mustika,0,success,"{"total":0,"location_name":"Mustika","location_id":9}"
2026-09-08 08:12:44,EEST,10,Suur-Paala,0,success,"{"total":0,"location_name":"Suur-Paala","location_id":10}"
2026-09-08 08:14:44,EEST,1,Hipodroom,0,success,"{"total":0,"location_name":"Hipodroom","location_id":1}"
2026-09-08 08:14:44,EEST,3,T1,1,success,"{"total":1,"location_name":"T1 Shopping Mall","location_id":3}"
2026-09-08 08:14:44,EEST,9,Mustika,0,success,"{"total":0,"location_name":"Mustika","location_id":9}"
2026-09-08 08:14:44,EEST,10,Suur-Paala,0,success,"{"total":0,"location_name":"Suur-Paala","location_id":10}"
2026-09-08 08:16:45,EEST,1,Hipodroom,0,success,"{"total":0,"location_name":"Hipodroom","location_id":1}"
2026-09-08 08:16:45,EEST,3,T1,1,success,"{"total":1,"location_name":"T1 Shopping Mall","location_id":3}"
2026-09-08 08:16:45,EEST,9,Mustika,0,success,"{"total":0,"location_name":"Mustika","location_id":9}"
2026-09-08 08:16:45,EEST,10,Suur-Paala,0,success,"{"total":0,"location_name":"Suur-Paala","location_id":10}"
2026-09-08 08:18:46,EEST,1,Hipodroom,0,success,"{"total":0,"location_name":"Hipodroom","location_id":1}"
2026-09-08 08:18:46,EEST,3,T1,1,success,"{"total":1,"location_name":"T1 Shopping Mall","location_id":3}"
2026-09-08 08:18:46,EEST,9,Mustika,0,success,"{"total":0,"location_name":"Mustika","location_id":9}"
2026-09-08 08:18:46,EEST,10,Suur-Paala,0,success,"{"total":0,"location_name":"Suur-Paala","location_id":10}"
2026-09-08 08:20:46,EEST,1,Hipodroom,0,success,"{"total":0,"location_name":"Hipodroom","location_id":1}"
2026-09-08 08:20:46,EEST,3,T1,1,success,"{"total":1,"location_name":"T1 Shopping Mall","location_id":3}"
2026-09-08 08:20:46,EEST,9,Mustika,0,success,"{"total":0,"location_name":"Mustika","location_id":9}"
2026-09-08 08:20:46,EEST,10,Suur-Paala,0,success,"{"total":0,"location_name":"Suur-Paala","location_id":10}"
2026-09-08 08:22:47,EEST,1,Hipodroom,0,success,"{"total":0,"location_name":"Hipodroom","location_id":1}"
2026-09-08 08:22:47,EEST,3,T1,1,success,"{"total":1,"location_name":"T1 Shopping Mall","location_id":3}"
2026-09-08 08:22:47,EEST,9,Mustika,0,success,"{"total":0,"location_name":"Mustika","location_id":9}"
2026-09-08 08:22:47,EEST,10,Suur-Paala,0,success,"{"total":0,"location_name":"Suur-Paala","location_id":10}"
2026-09-08 08:24:47,EEST,1,Hipodroom,0,success,"{"total":0,"location_name":"Hipodroom","location_id":1}"
2026-09-08 08:24:47,EEST,3,T1,2,success,"{"total":2,"location_name":"T1 Shopping Mall","location_id":3}"
2026-09-08 08:24:47,EEST,9,Mustika,1,success,"{"total":1,"location_name":"Mustika","location_id":9}"
2026-09-08 08:24:47,EEST,10,Suur-Paala,0,success,"{"total":0,"location_name":"Suur-Paala","location_id":10}"
2026-09-08 08:26:48,EEST,1,Hipodroom,0,success,"{"total":0,"location_name":"Hipodroom","location_id":1}"
2026-09-08 08:26:48,EEST,3,T1,2,success,"{"total":2,"location_name":"T1 Shopping Mall","location_id":3}"
2026-09-08 08:26:48,EEST,9,Mustika,1,success,"{"total":1,"location_name":"Mustika","location_id":9}"
2026-09-08 08:26:48,EEST,10,Suur-Paala,0,success,"{"total":0,"location_name":"Suur-Paala","location_id":10}"
2026-09-08 08:28:49,EEST,1,Hipodroom,0,success,"{"total":0,"location_name":"Hipodroom","location_id":1}"
2026-09-08 08:28:49,EEST,3,T1,2,success,"{"total":2,"location_name":"T1 Shopping Mall","location_id":3}"
2026-09-08 08:28:49,EEST,9,Mustika,1,success,"{"total":1,"location_name":"Mustika","location_id":9}"
2026-09-08 08:28:49,EEST,10,Suur-Paala,0,success,"{"total":0,"location_name":"Suur-Paala","location_id":10}"
2026-09-08 08:30:49,EEST,1,Hipodroom,0,success,"{"total":0,"location_name":"Hipodroom","location_id":1}"
2026-09-08 08:30:49,EEST,3,T1,2,success,"{"total":2,"location_name":"T1 Shopping Mall","location_id":3}"
2026-09-08 08:30:49,EEST,9,Mustika,1,success,"{"total":1,"location_name":"Mustika","location_id":9}"
2026-09-08 08:30:49,EEST,10,Suur-Paala,0,success,"{"total":0,"location_name":"Suur-Paala","location_id":10}"
2026-09-08 08:32:50,EEST,1,Hipodroom,0,success,"{"total":0,"location_name":"Hipodroom","location_id":1}"
2026-09-08 08:32:50,EEST,3,T1,2,success,"{"total":2,"location_name":"T1 Shopping Mall","location_id":3}"
2026-09-08 08:32:50,EEST,9,Mustika,1,success,"{"total":1,"location_name":"Mustika","location_id":9}"
2026-09-08 08:32:50,EEST,10,Suur-Paala,0,success,"{"total":0,"location_name":"Suur-Paala","location_id":10}"
2026-09-08 08:34:51,EEST,1,Hipodroom,0,success,"{"total":0,"location_name":"Hipodroom","location_id":1}"
2026-09-08 08:34:51,EEST,3,T1,2,success,"{"total":2,"location_name":"T1 Shopping Mall","location_id":3}"
2026-09-08 08:34:51,EEST,9,Mustika,1,success,"{"total":1,"location_name":"Mustika","location_id":9}"
2026-09-08 08:34:51,EEST,10,Suur-Paala,0,success,"{"total":0,"location_name":"Suur-Paala","location_id":10}"
2026-09-08 08:36:51,EEST,1,Hipodroom,0,success,"{"total":0,"location_name":"Hipodroom","location_id":1}"
2026-09-08 08:36:51,EEST,3,T1,2,success,"{"total":2,"location_name":"T1 Shopping Mall","location_id":3}"
2026-09-08 08:36:51,EEST,9,Mustika,1,success,"{"total":1,"location_name":"Mustika","location_id":9}"
2026-09-08 08:36:51,EEST,10,Suur-Paala,0,success,"{"total":0,"location_name":"Suur-Paala","location_id":10}"
2026-09-08 08:38:52,EEST,1,Hipodroom,0,success,"{"total":0,"location_name":"Hipodroom","location_id":1}"
2026-09-08 08:38:52,EEST,3,T1,2,success,"{"total":2,"location_name":"T1 Shopping Mall","location_id":3}"
2026-09-08 08:38:52,EEST,9,Mustika,1,success,"{"total":1,"location_name":"Mustika","location_id":9}"
2026-09-08 08:38:52,EEST,10,Suur-Paala,0,success,"{"total":0,"location_name":"Suur-Paala","location_id":10}"
2026-09-08 08:40:52,EEST,1,Hipodroom,0,success,"{"total":0,"location_name":"Hipodroom","location_id":1}"
2026-09-08 08:40:52,EEST,3,T1,2,success,"{"total":2,"location_name":"T1 Shopping Mall","location_id":3}"
2026-09-08 08:40:52,EEST,9,Mustika,1,success,"{"total":1,"location_name":"Mustika","location_id":9}"
2026-09-08 08:40:52,EEST,10,Suur-Paala,0,success,"{"total":0,"location_name":"Suur-Paala","location_id":10}"
2026-09-08 08:42:53,EEST,1,Hipodroom,0,success,"{"total":0,"location_name":"Hipodroom","location_id":1}"
2026-09-08 08:42:53,EEST,3,T1,2,success,"{"total":2,"location_name":"T1 Shopping Mall","location_id":3}"
2026-09-08 08:42:53,EEST,9,Mustika,1,success,"{"total":1,"location_name":"Mustika","location_id":9}"
2026-09-08 08:42:53,EEST,10,Suur-Paala,0,success,"{"total":0,"location_name":"Suur-Paala","location_id":10}"
2026-09-08 08:44:55,EEST,1,Hipodroom,0,success,"{"total":0,"location_name":"Hipodroom","location_id":1}"
2026-09-08 08:44:55,EEST,3,T1,2,success,"{"total":2,"location_name":"T1 Shopping Mall","location_id":3}"
2026-09-08 08:44:55,EEST,9,Mustika,1,success,"{"total":1,"location_name":"Mustika","location_id":9}"
2026-09-08 08:44:55,EEST,10,Suur-Paala,0,success,"{"total":0,"location_name":"Suur-Paala","location_id":10}"
2026-09-08 08:46:55,EEST,1,Hipodroom,0,success,"{"total":0,"location_name":"Hipodroom","location_id":1}"
2026-09-08 08:46:55,EEST,3,T1,2,success,"{"total":2,"location_name":"T1 Shopping Mall","location_id":3}"
2026-09-08 08:46:55,EEST,9,Mustika,1,success,"{"total":1,"location_name":"Mustika","location_id":9}"
2026-09-08 08:46:55,EEST,10,Suur-Paala,0,success,"{"total":0,"location_name":"Suur-Paala","location_id":10}"
2026-09-08 08:48:57,EEST,1,Hipodroom,0,success,"{"total":0,"location_name":"Hipodroom","location_id":1}"
2026-09-08 08:48:57,EEST,3,T1,2,success,"{"total":2,"location_name":"T1 Shopping Mall","location_id":3}"
2026-09-08 08:48:57,EEST,9,Mustika,1,success,"{"total":1,"location_name":"Mustika","location_id":9}"
2026-09-08 08:48:57,EEST,10,Suur-Paala,0,success,"{"total":0,"location_name":"Suur-Paala","location_id":10}"
2026-09-08 08:50:58,EEST,1,Hipodroom,0,success,"{"total":0,"location_name":"Hipodroom","location_id":1}"
2026-09-08 08:50:58,EEST,3,T1,2,success,"{"total":2,"location_name":"T1 Shopping Mall","location_id":3}"
2026-09-08 08:50:58,EEST,9,Mustika,1,success,"{"total":1,"location_name":"Mustika","location_id":9}"
2026-09-08 08:50:58,EEST,10,Suur-Paala,0,success,"{"total":0,"location_name":"Suur-Paala","location_id":10}"
2026-09-08 08:52:58,EEST,1,Hipodroom,0,success,"{"total":0,"location_name":"Hipodroom","location_id":1}"
2026-09-08 08:52:58,EEST,3,T1,2,success,"{"total":2,"location_name":"T1 Shopping Mall","location_id":3}"
2026-09-08 08:52:58,EEST,9,Mustika,1,success,"{"total":1,"location_name":"Mustika","location_id":9}"
2026-09-08 08:52:58,EEST,10,Suur-Paala,0,success,"{"total":0,"location_name":"Suur-Paala","location_id":10}"
2026-09-08 08:54:59,EEST,1,Hipodroom,0,success,"{"total":0,"location_name":"Hipodroom","location_id":1}"
2026-09-08 08:54:59,EEST,3,T1,2,success,"{"total":2,"location_name":"T1 Shopping Mall","location_id":3}"
2026-09-08 08:54:59,EEST,9,Mustika,1,success,"{"total":1,"location_name":"Mustika","location_id":9}"
2026-09-08 08:54:59,EEST,10,Suur-Paala,0,success,"{"total":0,"location_name":"Suur-Paala","location_id":10}"
2026-09-08 08:56:59,EEST,1,Hipodroom,0,success,"{"total":0,"location_name":"Hipodroom","location_id":1}"
2026-09-08 08:56:59,EEST,3,T1,2,success,"{"total":2,"location_name":"T1 Shopping Mall","location_id":3}"
2026-09-08 08:56:59,EEST,9,Mustika,1,success,"{"total":1,"location_name":"Mustika","location_id":9}"
2026-09-08 08:56:59,EEST,10,Suur-Paala,0,success,"{"total":0,"location_name":"Suur-Paala","location_id":10}"
2026-09-08 08:59:00,EEST,1,Hipodroom,0,success,"{"total":0,"location_name":"Hipodroom","location_id":1}"
2026-09-08 08:59:00,EEST,3,T1,2,success,"{"total":2,"location_name":"T1 Shopping Mall","location_id":3}"
2026-09-08 08:59:00,EEST,9,Mustika,1,success,"{"total":1,"location_name":"Mustika","location_id":9}"
2026-09-08 08:59:00,EEST,10,Suur-Paala,0,success,"{"total":0,"location_name":"Suur-Paala","location_id":10}"
2026-09-08 09:01:01,EEST,1,Hipodroom,0,success,"{"total":0,"location_name":"Hipodroom","location_id":1}"
2026-09-08 09:01:01,EEST,3,T1,2,success,"{"total":2,"location_name":"T1 Shopping Mall","location_id":3}"
2026-09-08 09:01:01,EEST,9,Mustika,1,success,"{"total":1,"location_name":"Mustika","location_id":9}"
2026-09-08 09:01:01,EEST,10,Suur-Paala,0,success,"{"total":0,"location_name":"Suur-Paala","location_id":10}"
2026-09-08 09:03:01,EEST,1,Hipodroom,0,success,"{"total":0,"location_name":"Hipodroom","location_id":1}"
2026-09-08 09:03:01,EEST,3,T1,2,success,"{"total":2,"location_name":"T1 Shopping Mall","location_id":3}"
2026-09-08 09:03:01,EEST,9,Mustika,1,success,"{"total":1,"location_name":"Mustika","location_id":9}"
2026-09-08 09:03:01,EEST,10,Suur-Paala,0,success,"{"total":0,"location_name":"Suur-Paala","location_id":10}"
2026-09-08 09:05:02,EEST,1,Hipodroom,0,success,"{"total":0,"location_name":"Hipodroom","location_id":1}"
2026-09-08 09:05:02,EEST,3,T1,2,success,"{"total":2,"location_name":"T1 Shopping Mall","location_id":3}"
2026-09-08 09:05:02,EEST,9,Mustika,1,success,"{"total":1,"location_name":"Mustika","location_id":9}"
2026-09-08 09:05:02,EEST,10,Suur-Paala,0,success,"{"total":0,"location_name":"Suur-Paala","location_id":10}"
2026-09-08 09:07:03,EEST,1,Hipodroom,0,success,"{"total":0,"location_name":"Hipodroom","location_id":1}"
2026-09-08 09:07:03,EEST,3,T1,2,success,"{"total":2,"location_name":"T1 Shopping Mall","location_id":3}"
2026-09-08 09:07:03,EEST,9,Mustika,1,success,"{"total":1,"location_name":"Mustika","location_id":9}"
2026-09-08 09:07:03,EEST,10,Suur-Paala,0,success,"{"total":0,"location_name":"Suur-Paala","location_id":10}"
2026-09-08 09:09:03,EEST,1,Hipodroom,0,success,"{"total":0,"location_name":"Hipodroom","location_id":1}"
2026-09-08 09:09:03,EEST,3,T1,2,success,"{"total":2,"location_name":"T1 Shopping Mall","location_id":3}"
2026-09-08 09:09:03,EEST,9,Mustika,1,success,"{"total":1,"location_name":"Mustika","location_id":9}"
2026-09-08 09:09:03,EEST,10,Suur-Paala,0,success,"{"total":0,"location_name":"Suur-Paala","location_id":10}"
2026-09-08 09:11:04,EEST,1,Hipodroom,0,success,"{"total":0,"location_name":"Hipodroom","location_id":1}"
2026-09-08 09:11:04,EEST,3,T1,2,success,"{"total":2,"location_name":"T1 Shopping Mall","location_id":3}"
2026-09-08 09:11:04,EEST,9,Mustika,1,success,"{"total":1,"location_name":"Mustika","location_id":9}"
2026-09-08 09:11:04,EEST,10,Suur-Paala,0,success,"{"total":0,"location_name":"Suur-Paala","location_id":10}"
2026-09-08 09:13:04,EEST,1,Hipodroom,0,success,"{"total":0,"location_name":"Hipodroom","location_id":1}"
2026-09-08 09:13:04,EEST,3,T1,2,success,"{"total":2,"location_name":"T1 Shopping Mall","location_id":3}"
2026-09-08 09:13:04,EEST,9,Mustika,1,success,"{"total":1,"location_name":"Mustika","location_id":9}"
2026-09-08 09:13:04,EEST,10,Suur-Paala,0,success,"{"total":0,"location_name":"Suur-Paala","location_id":10}"
2026-09-08 09:15:06,EEST,1,Hipodroom,0,success,"{"total":0,"location_name":"Hipodroom","location_id":1}"
2026-09-08 09:15:06,EEST,3,T1,2,success,"{"total":2,"location_name":"T1 Shopping Mall","location_id":3}"
2026-09-08 09:15:06,EEST,9,Mustika,1,success,"{"total":1,"location_name":"Mustika","location_id":9}"
2026-09-08 09:15:06,EEST,10,Suur-Paala,0,success,"{"total":0,"location_name":"Suur-Paala","location_id":10}"
2026-09-08 09:17:06,EEST,1,Hipodroom,0,success,"{"total":0,"location_name":"Hipodroom","location_id":1}"
2026-09-08 09:17:06,EEST,3,T1,2,success,"{"total":2,"location_name":"T1 Shopping Mall","location_id":3}"
2026-09-08 09:17:06,EEST,9,Mustika,1,success,"{"total":1,"location_name":"Mustika","location_id":9}"
2026-09-08 09:17:06,EEST,10,Suur-Paala,0,success,"{"total":0,"location_name":"Suur-Paala","location_id":10}"
2026-09-08 09:19:07,EEST,1,Hipodroom,0,success,"{"total":0,"location_name":"Hipodroom","location_id":1}"
2026-09-08 09:19:07,EEST,3,T1,3,success,"{"total":3,"location_name":"T1 Shopping Mall","location_id":3}"
2026-09-08 09:19:07,EEST,9,Mustika,1,success,"{"total":1,"location_name":"Mustika","location_id":9}"
2026-09-08 09:19:07,EEST,10,Suur-Paala,0,success,"{"total":0,"location_name":"Suur-Paala","location_id":10}"
2026-09-08 09:21:07,EEST,1,Hipodroom,0,success,"{"total":0,"location_name":"Hipodroom","location_id":1}"
2026-09-08 09:21:07,EEST,3,T1,3,success,"{"total":3,"location_name":"T1 Shopping Mall","location_id":3}"
2026-09-08 09:21:07,EEST,9,Mustika,1,success,"{"total":1,"location_name":"Mustika","location_id":9}"
2026-09-08 09:21:07,EEST,10,Suur-Paala,0,success,"{"total":0,"location_name":"Suur-Paala","location_id":10}"
2026-09-08 09:23:08,EEST,1,Hipodroom,0,success,"{"total":0,"location_name":"Hipodroom","location_id":1}"
2026-09-08 09:23:08,EEST,3,T1,3,success,"{"total":3,"location_name":"T1 Shopping Mall","location_id":3}"
2026-09-08 09:23:08,EEST,9,Mustika,1,success,"{"total":1,"location_name":"Mustika","location_id":9}"
2026-09-08 09:23:08,EEST,10,Suur-Paala,0,success,"{"total":0,"location_name":"Suur-Paala","location_id":10}"
2026-09-08 09:25:08,EEST,1,Hipodroom,0,success,"{"total":0,"location_name":"Hipodroom","location_id":1}"
2026-09-08 09:25:08,EEST,3,T1,3,success,"{"total":3,"location_name":"T1 Shopping Mall","location_id":3}"
2026-09-08 09:25:08,EEST,9,Mustika,1,success,"{"total":1,"location_name":"Mustika","location_id":9}"
2026-09-08 09:25:08,EEST,10,Suur-Paala,0,success,"{"total":0,"location_name":"Suur-Paala","location_id":10}"
2026-09-08 09:27:09,EEST,1,Hipodroom,0,success,"{"total":0,"location_name":"Hipodroom","location_id":1}"
2026-09-08 09:27:09,EEST,3,T1,3,success,"{"total":3,"location_name":"T1 Shopping Mall","location_id":3}"
2026-09-08 09:27:09,EEST,9,Mustika,1,success,"{"total":1,"location_name":"Mustika","location_id":9}"
2026-09-08 09:27:09,EEST,10,Suur-Paala,0,success,"{"total":0,"location_name":"Suur-Paala","location_id":10}"
2026-09-08 09:29:10,EEST,1,Hipodroom,0,success,"{"total":0,"location_name":"Hipodroom","location_id":1}"
2026-09-08 09:29:10,EEST,3,T1,3,success,"{"total":3,"location_name":"T1 Shopping Mall","location_id":3}"
2026-09-08 09:29:10,EEST,9,Mustika,1,success,"{"total":1,"location_name":"Mustika","location_id":9}"
2026-09-08 09:29:10,EEST,10,Suur-Paala,0,success,"{"total":0,"location_name":"Suur-Paala","location_id":10}"
2026-09-08 09:31:10,EEST,1,Hipodroom,0,success,"{"total":0,"location_name":"Hipodroom","location_id":1}"
2026-09-08 09:31:10,EEST,3,T1,3,success,"{"total":3,"location_name":"T1 Shopping Mall","location_id":3}"
2026-09-08 09:31:10,EEST,9,Mustika,1,success,"{"total":1,"location_name":"Mustika","location_id":9}"
2026-09-08 09:31:10,EEST,10,Suur-Paala,0,success,"{"total":0,"location_name":"Suur-Paala","location_id":10}"
2026-09-08 09:33:11,EEST,1,Hipodroom,0,success,"{"total":0,"location_name":"Hipodroom","location_id":1}"
2026-09-08 09:33:11,EEST,3,T1,3,success,"{"total":3,"location_name":"T1 Shopping Mall","location_id":3}"
2026-09-08 09:33:11,EEST,9,Mustika,1,success,"{"total":1,"location_name":"Mustika","location_id":9}"
2026-09-08 09:33:11,EEST,10,Suur-Paala,0,success,"{"total":0,"location_name":"Suur-Paala","location_id":10}"
2026-09-08 09:35:12,EEST,1,Hipodroom,0,success,"{"total":0,"location_name":"Hipodroom","location_id":1}"
2026-09-08 09:35:12,EEST,3,T1,3,success,"{"total":3,"location_name":"T1 Shopping Mall","location_id":3}"
2026-09-08 09:35:12,EEST,9,Mustika,1,success,"{"total":1,"location_name":"Mustika","location_id":9}"
2026-09-08 09:35:12,EEST,10,Suur-Paala,0,success,"{"total":0,"location_name":"Suur-Paala","location_id":10}"
2026-09-08 09:37:12,EEST,1,Hipodroom,0,success,"{"total":0,"location_name":"Hipodroom","location_id":1}"
2026-09-08 09:37:12,EEST,3,T1,3,success,"{"total":3,"location_name":"T1 Shopping Mall","location_id":3}"
2026-09-08 09:37:12,EEST,9,Mustika,1,success,"{"total":1,"location_name":"Mustika","location_id":9}"
2026-09-08 09:37:12,EEST,10,Suur-Paala,0,success,"{"total":0,"location_name":"Suur-Paala","location_id":10}"
2026-09-08 09:39:13,EEST,1,Hipodroom,0,success,"{"total":0,"location_name":"Hipodroom","location_id":1}"
2026-09-08 09:39:13,EEST,3,T1,3,success,"{"total":3,"location_name":"T1 Shopping Mall","location_id":3}"
2026-09-08 09:39:13,EEST,9,Mustika,1,success,"{"total":1,"location_name":"Mustika","location_id":9}"
2026-09-08 09:39:13,EEST,10,Suur-Paala,0,success,"{"total":0,"location_name":"Suur-Paala","location_id":10}"
2026-09-08 09:41:13,EEST,1,Hipodroom,0,success,"{"total":0,"location_name":"Hipodroom","location_id":1}"
2026-09-08 09:41:13,EEST,3,T1,3,success,"{"total":3,"location_name":"T1 Shopping Mall","location_id":3}"
2026-09-08 09:41:13,EEST,9,Mustika,1,success,"{"total":1,"location_name":"Mustika","location_id":9}"
2026-09-08 09:41:13,EEST,10,Suur-Paala,0,success,"{"total":0,"location_name":"Suur-Paala","location_id":10}"
2026-09-08 09:43:14,EEST,1,Hipodroom,0,success,"{"total":0,"location_name":"Hipodroom","location_id":1}"
2026-09-08 09:43:14,EEST,3,T1,3,success,"{"total":3,"location_name":"T1 Shopping Mall","location_id":3}"
2026-09-08 09:43:14,EEST,9,Mustika,1,success,"{"total":1,"location_name":"Mustika","location_id":9}"
2026-09-08 09:43:14,EEST,10,Suur-Paala,0,success,"{"total":0,"location_name":"Suur-Paala","location_id":10}"
2026-09-08 09:45:14,EEST,1,Hipodroom,0,success,"{"total":0,"location_name":"Hipodroom","location_id":1}"
2026-09-08 09:45:14,EEST,3,T1,3,success,"{"total":3,"location_name":"T1 Shopping Mall","location_id":3}"
2026-09-08 09:45:14,EEST,9,Mustika,1,success,"{"total":1,"location_name":"Mustika","location_id":9}"
2026-09-08 09:45:14,EEST,10,Suur-Paala,0,success,"{"total":0,"location_name":"Suur-Paala","location_id":10}"
2026-09-08 09:47:15,EEST,1,Hipodroom,0,success,"{"total":0,"location_name":"Hipodroom","location_id":1}"
2026-09-08 09:47:15,EEST,3,T1,3,success,"{"total":3,"location_name":"T1 Shopping Mall","location_id":3}"
2026-09-08 09:47:15,EEST,9,Mustika,1,success,"{"total":1,"location_name":"Mustika","location_id":9}"
2026-09-08 09:47:15,EEST,10,Suur-Paala,0,success,"{"total":0,"location_name":"Suur-Paala","location_id":10}"
2026-09-08 09:49:15,EEST,1,Hipodroom,0,success,"{"total":0,"location_name":"Hipodroom","location_id":1}"
2026-09-08 09:49:15,EEST,3,T1,3,success,"{"total":3,"location_name":"T1 Shopping Mall","location_id":3}"
2026-09-08 09:49:15,EEST,9,Mustika,1,success,"{"total":1,"location_name":"Mustika","location_id":9}"
2026-09-08 09:49:15,EEST,10,Suur-Paala,0,success,"{"total":0,"location_name":"Suur-Paala","location_id":10}"
2026-09-08 09:51:16,EEST,1,Hipodroom,0,success,"{"total":0,"location_name":"Hipodroom","location_id":1}"
2026-09-08 09:51:16,EEST,3,T1,3,success,"{"total":3,"location_name":"T1 Shopping Mall","location_id":3}"
2026-09-08 09:51:16,EEST,9,Mustika,1,success,"{"total":1,"location_name":"Mustika","location_id":9}"
2026-09-08 09:51:16,EEST,10,Suur-Paala,1,success,"{"total":1,"location_name":"Suur-Paala","location_id":10}"
2026-09-08 09:53:17,EEST,1,Hipodroom,0,success,"{"total":0,"location_name":"Hipodroom","location_id":1}"
2026-09-08 09:53:17,EEST,3,T1,3,success,"{"total":3,"location_name":"T1 Shopping Mall","location_id":3}"
2026-09-08 09:53:17,EEST,9,Mustika,1,success,"{"total":1,"location_name":"Mustika","location_id":9}"
2026-09-08 09:53:17,EEST,10,Suur-Paala,1,success,"{"total":1,"location_name":"Suur-Paala","location_id":10}"
2026-09-08 09:55:18,EEST,1,Hipodroom,0,success,"{"total":0,"location_name":"Hipodroom","location_id":1}"
2026-09-08 09:55:18,EEST,3,T1,3,success,"{"total":3,"location_name":"T1 Shopping Mall","location_id":3}"
2026-09-08 09:55:18,EEST,9,Mustika,1,success,"{"total":1,"location_name":"Mustika","location_id":9}"
2026-09-08 09:55:18,EEST,10,Suur-Paala,1,success,"{"total":1,"location_name":"Suur-Paala","location_id":10}"
2026-09-08 09:57:18,EEST,1,Hipodroom,0,success,"{"total":0,"location_name":"Hipodroom","location_id":1}"
2026-09-08 09:57:18,EEST,3,T1,3,success,"{"total":3,"location_name":"T1 Shopping Mall","location_id":3}"
2026-09-08 09:57:18,EEST,9,Mustika,1,success,"{"total":1,"location_name":"Mustika","location_id":9}"
2026-09-08 09:57:18,EEST,10,Suur-Paala,1,success,"{"total":1,"location_name":"Suur-Paala","location_id":10}"
2026-09-08 09:59:19,EEST,1,Hipodroom,0,success,"{"total":0,"location_name":"Hipodroom","location_id":1}"
2026-09-08 09:59:19,EEST,3,T1,3,success,"{"total":3,"location_name":"T1 Shopping Mall","location_id":3}"
2026-09-08 09:59:19,EEST,9,Mustika,1,success,"{"total":1,"location_name":"Mustika","location_id":9}"
2026-09-08 09:59:19,EEST,10,Suur-Paala,1,success,"{"total":1,"location_name":"Suur-Paala","location_id":10}"
2026-09-08 10:01:19,EEST,1,Hipodroom,0,success,"{"total":0,"location_name":"Hipodroom","location_id":1}"
2026-09-08 10:01:19,EEST,3,T1,3,success,"{"total":3,"location_name":"T1 Shopping Mall","location_id":3}"
2026-09-08 10:01:19,EEST,9,Mustika,1,success,"{"total":1,"location_name":"Mustika","location_id":9}"
2026-09-08 10:01:19,EEST,10,Suur-Paala,1,success,"{"total":1,"location_name":"Suur-Paala","location_id":10}"
2026-09-08 10:03:20,EEST,1,Hipodroom,0,success,"{"total":0,"location_name":"Hipodroom","location_id":1}"
2026-09-08 10:03:20,EEST,3,T1,3,success,"{"total":3,"location_name":"T1 Shopping Mall","location_id":3}"
2026-09-08 10:03:20,EEST,9,Mustika,1,success,"{"total":1,"location_name":"Mustika","location_id":9}"
2026-09-08 10:03:20,EEST,10,Suur-Paala,1,success,"{"total":1,"location_name":"Suur-Paala","location_id":10}"
2026-09-08 10:05:20,EEST,1,Hipodroom,0,success,"{"total":0,"location_name":"Hipodroom","location_id":1}"
2026-09-08 10:05:20,EEST,3,T1,3,success,"{"total":3,"location_name":"T1 Shopping Mall","location_id":3}"
2026-09-08 10:05:20,EEST,9,Mustika,1,success,"{"total":1,"location_name":"Mustika","location_id":9}"
2026-09-08 10:05:20,EEST,10,Suur-Paala,1,success,"{"total":1,"location_name":"Suur-Paala","location_id":10}"
2026-09-08 10:07:21,EEST,1,Hipodroom,0,success,"{"total":0,"location_name":"Hipodroom","location_id":1}"
2026-09-08 10:07:21,EEST,3,T1,3,success,"{"total":3,"location_name":"T1 Shopping Mall","location_id":3}"
2026-09-08 10:07:21,EEST,9,Mustika,1,success,"{"total":1,"location_name":"Mustika","location_id":9}"
2026-09-08 10:07:21,EEST,10,Suur-Paala,1,success,"{"total":1,"location_name":"Suur-Paala","location_id":10}"
2026-09-08 10:09:22,EEST,1,Hipodroom,0,success,"{"total":0,"location_name":"Hipodroom","location_id":1}"
2026-09-08 10:09:22,EEST,3,T1,3,success,"{"total":3,"location_name":"T1 Shopping Mall","location_id":3}"
2026-09-08 10:09:22,EEST,9,Mustika,1,success,"{"total":1,"location_name":"Mustika","location_id":9}"
2026-09-08 10:09:22,EEST,10,Suur-Paala,1,success,"{"total":1,"location_name":"Suur-Paala","location_id":10}"
2026-09-08 10:11:22,EEST,1,Hipodroom,0,success,"{"total":0,"location_name":"Hipodroom","location_id":1}"
2026-09-08 10:11:22,EEST,3,T1,3,success,"{"total":3,"location_name":"T1 Shopping Mall","location_id":3}"
2026-09-08 10:11:22,EEST,9,Mustika,1,success,"{"total":1,"location_name":"Mustika","location_id":9}"
2026-09-08 10:11:22,EEST,10,Suur-Paala,1,success,"{"total":1,"location_name":"Suur-Paala","location_id":10}"
2026-09-08 10:13:23,EEST,1,Hipodroom,0,success,"{"total":0,"location_name":"Hipodroom","location_id":1}"
2026-09-08 10:13:23,EEST,3,T1,3,success,"{"total":3,"location_name":"T1 Shopping Mall","location_id":3}"
2026-09-08 10:13:23,EEST,9,Mustika,1,success,"{"total":1,"location_name":"Mustika","location_id":9}"
2026-09-08 10:13:23,EEST,10,Suur-Paala,1,success,"{"total":1,"location_name":"Suur-Paala","location_id":10}"
2026-09-08 10:15:23,EEST,1,Hipodroom,0,success,"{"total":0,"location_name":"Hipodroom","location_id":1}"
2026-09-08 10:15:23,EEST,3,T1,3,success,"{"total":3,"location_name":"T1 Shopping Mall","location_id":3}"
2026-09-08 10:15:23,EEST,9,Mustika,1,success,"{"total":1,"location_name":"Mustika","location_id":9}"
2026-09-08 10:15:23,EEST,10,Suur-Paala,1,success,"{"total":1,"location_name":"Suur-Paala","location_id":10}"
2026-09-08 10:17:24,EEST,1,Hipodroom,0,success,"{"total":0,"location_name":"Hipodroom","location_id":1}"
2026-09-08 10:17:24,EEST,3,T1,3,success,"{"total":3,"location_name":"T1 Shopping Mall","location_id":3}"
2026-09-08 10:17:24,EEST,9,Mustika,1,success,"{"total":1,"location_name":"Mustika","location_id":9}"
2026-09-08 10:17:24,EEST,10,Suur-Paala,1,success,"{"total":1,"location_name":"Suur-Paala","location_id":10}"
2026-09-08 10:19:24,EEST,1,Hipodroom,0,success,"{"total":0,"location_name":"Hipodroom","location_id":1}"
2026-09-08 10:19:24,EEST,3,T1,3,success,"{"total":3,"location_name":"T1 Shopping Mall","location_id":3}"
2026-09-08 10:19:24,EEST,9,Mustika,1,success,"{"total":1,"location_name":"Mustika","location_id":9}"
2026-09-08 10:19:24,EEST,10,Suur-Paala,1,success,"{"total":1,"location_name":"Suur-Paala","location_id":10}"
2026-09-08 10:21:26,EEST,1,Hipodroom,0,success,"{"total":0,"location_name":"Hipodroom","location_id":1}"
2026-09-08 10:21:26,EEST,3,T1,3,success,"{"total":3,"location_name":"T1 Shopping Mall","location_id":3}"
2026-09-08 10:21:26,EEST,9,Mustika,1,success,"{"total":1,"location_name":"Mustika","location_id":9}"
2026-09-08 10:21:26,EEST,10,Suur-Paala,1,success,"{"total":1,"location_name":"Suur-Paala","location_id":10}"
2026-09-08 10:23:28,EEST,1,Hipodroom,0,success,"{"total":0,"location_name":"Hipodroom","location_id":1}"
2026-09-08 10:23:28,EEST,3,T1,3,success,"{"total":3,"location_name":"T1 Shopping Mall","location_id":3}"
2026-09-08 10:23:28,EEST,9,Mustika,1,success,"{"total":1,"location_name":"Mustika","location_id":9}"
2026-09-08 10:23:28,EEST,10,Suur-Paala,1,success,"{"total":1,"location_name":"Suur-Paala","location_id":10}"
2026-09-08 10:25:28,EEST,1,Hipodroom,0,success,"{"total":0,"location_name":"Hipodroom","location_id":1}"
2026-09-08 10:25:28,EEST,3,T1,4,success,"{"total":4,"location_name":"T1 Shopping Mall","location_id":3}"
2026-09-08 10:25:28,EEST,9,Mustika,1,success,"{"total":1,"location_name":"Mustika","location_id":9}"
2026-09-08 10:25:28,EEST,10,Suur-Paala,1,success,"{"total":1,"location_name":"Suur-Paala","location_id":10}"
2026-09-08 10:27:28,EEST,1,Hipodroom,0,success,"{"total":0,"location_name":"Hipodroom","location_id":1}"
2026-09-08 10:27:28,EEST,3,T1,4,success,"{"total":4,"location_name":"T1 Shopping Mall","location_id":3}"
2026-09-08 10:27:28,EEST,9,Mustika,1,success,"{"total":1,"location_name":"Mustika","location_id":9}"
2026-09-08 10:27:28,EEST,10,Suur-Paala,1,success,"{"total":1,"location_name":"Suur-Paala","location_id":10}"
2026-09-08 10:29:29,EEST,1,Hipodroom,0,success,"{"total":0,"location_name":"Hipodroom","location_id":1}"
2026-09-08 10:29:29,EEST,3,T1,4,success,"{"total":4,"location_name":"T1 Shopping Mall","location_id":3}"
2026-09-08 10:29:29,EEST,9,Mustika,1,success,"{"total":1,"location_name":"Mustika","location_id":9}"
2026-09-08 10:29:29,EEST,10,Suur-Paala,1,success,"{"total":1,"location_name":"Suur-Paala","location_id":10}"
2026-09-08 10:31:30,EEST,1,Hipodroom,0,success,"{"total":0,"location_name":"Hipodroom","location_id":1}"
2026-09-08 10:31:30,EEST,3,T1,4,success,"{"total":4,"location_name":"T1 Shopping Mall","location_id":3}"
2026-09-08 10:31:30,EEST,9,Mustika,1,success,"{"total":1,"location_name":"Mustika","location_id":9}"
2026-09-08 10:31:30,EEST,10,Suur-Paala,1,success,"{"total":1,"location_name":"Suur-Paala","location_id":10}"
2026-09-08 10:33:31,EEST,1,Hipodroom,0,success,"{"total":0,"location_name":"Hipodroom","location_id":1}"
2026-09-08 10:33:31,EEST,3,T1,4,success,"{"total":4,"location_name":"T1 Shopping Mall","location_id":3}"
2026-09-08 10:33:31,EEST,9,Mustika,1,success,"{"total":1,"location_name":"Mustika","location_id":9}"
2026-09-08 10:33:31,EEST,10,Suur-Paala,2,success,"{"total":2,"location_name":"Suur-Paala","location_id":10}"
2026-09-08 10:35:32,EEST,1,Hipodroom,0,success,"{"total":0,"location_name":"Hipodroom","location_id":1}"
2026-09-08 10:35:32,EEST,3,T1,4,success,"{"total":4,"location_name":"T1 Shopping Mall","location_id":3}"
2026-09-08 10:35:32,EEST,9,Mustika,1,success,"{"total":1,"location_name":"Mustika","location_id":9}"
2026-09-08 10:35:32,EEST,10,Suur-Paala,2,success,"{"total":2,"location_name":"Suur-Paala","location_id":10}"
2026-09-08 10:37:32,EEST,1,Hipodroom,0,success,"{"total":0,"location_name":"Hipodroom","location_id":1}"
2026-09-08 10:37:32,EEST,3,T1,4,success,"{"total":4,"location_name":"T1 Shopping Mall","location_id":3}"
2026-09-08 10:37:32,EEST,9,Mustika,1,success,"{"total":1,"location_name":"Mustika","location_id":9}"
2026-09-08 10:37:32,EEST,10,Suur-Paala,2,success,"{"total":2,"location_name":"Suur-Paala","location_id":10}"
2026-09-08 10:39:33,EEST,1,Hipodroom,0,success,"{"total":0,"location_name":"Hipodroom","location_id":1}"
2026-09-08 10:39:33,EEST,3,T1,4,success,"{"total":4,"location_name":"T1 Shopping Mall","location_id":3}"
2026-09-08 10:39:33,EEST,9,Mustika,1,success,"{"total":1,"location_name":"Mustika","location_id":9}"
2026-09-08 10:39:33,EEST,10,Suur-Paala,2,success,"{"total":2,"location_name":"Suur-Paala","location_id":10}"
2026-09-08 10:41:33,EEST,1,Hipodroom,0,success,"{"total":0,"location_name":"Hipodroom","location_id":1}"
2026-09-08 10:41:33,EEST,3,T1,4,success,"{"total":4,"location_name":"T1 Shopping Mall","location_id":3}"
2026-09-08 10:41:33,EEST,9,Mustika,1,success,"{"total":1,"location_name":"Mustika","location_id":9}"
2026-09-08 10:41:33,EEST,10,Suur-Paala,2,success,"{"total":2,"location_name":"Suur-Paala","location_id":10}"
2026-09-08 10:43:34,EEST,1,Hipodroom,0,success,"{"total":0,"location_name":"Hipodroom","location_id":1}"
2026-09-08 10:43:34,EEST,3,T1,4,success,"{"total":4,"location_name":"T1 Shopping Mall","location_id":3}"
2026-09-08 10:43:34,EEST,9,Mustika,1,success,"{"total":1,"location_name":"Mustika","location_id":9}"
2026-09-08 10:43:34,EEST,10,Suur-Paala,2,success,"{"total":2,"location_name":"Suur-Paala","location_id":10}"
2026-09-08 10:45:34,EEST,1,Hipodroom,0,success,"{"total":0,"location_name":"Hipodroom","location_id":1}"
2026-09-08 10:45:34,EEST,3,T1,4,success,"{"total":4,"location_name":"T1 Shopping Mall","location_id":3}"
2026-09-08 10:45:34,EEST,9,Mustika,1,success,"{"total":1,"location_name":"Mustika","location_id":9}"
2026-09-08 10:45:34,EEST,10,Suur-Paala,2,success,"{"total":2,"location_name":"Suur-Paala","location_id":10}"
2026-09-08 10:47:36,EEST,1,Hipodroom,0,success,"{"total":0,"location_name":"Hipodroom","location_id":1}"
2026-09-08 10:47:36,EEST,3,T1,4,success,"{"total":4,"location_name":"T1 Shopping Mall","location_id":3}"
2026-09-08 10:47:36,EEST,9,Mustika,1,success,"{"total":1,"location_name":"Mustika","location_id":9}"
2026-09-08 10:47:36,EEST,10,Suur-Paala,2,success,"{"total":2,"location_name":"Suur-Paala","location_id":10}"
2026-09-08 10:49:37,EEST,1,Hipodroom,0,success,"{"total":0,"location_name":"Hipodroom","location_id":1}"
2026-09-08 10:49:37,EEST,3,T1,4,success,"{"total":4,"location_name":"T1 Shopping Mall","location_id":3}"
2026-09-08 10:49:37,EEST,9,Mustika,1,success,"{"total":1,"location_name":"Mustika","location_id":9}"
2026-09-08 10:49:37,EEST,10,Suur-Paala,2,success,"{"total":2,"location_name":"Suur-Paala","location_id":10}"
2026-09-08 10:51:37,EEST,1,Hipodroom,0,success,"{"total":0,"location_name":"Hipodroom","location_id":1}"
2026-09-08 10:51:37,EEST,3,T1,4,success,"{"total":4,"location_name":"T1 Shopping Mall","location_id":3}"
2026-09-08 10:51:37,EEST,9,Mustika,1,success,"{"total":1,"location_name":"Mustika","location_id":9}"
2026-09-08 10:51:37,EEST,10,Suur-Paala,2,success,"{"total":2,"location_name":"Suur-Paala","location_id":10}"
2026-09-08 10:53:38,EEST,1,Hipodroom,0,success,"{"total":0,"location_name":"Hipodroom","location_id":1}"
2026-09-08 10:53:38,EEST,3,T1,4,success,"{"total":4,"location_name":"T1 Shopping Mall","location_id":3}"
2026-09-08 10:53:38,EEST,9,Mustika,1,success,"{"total":1,"location_name":"Mustika","location_id":9}"
2026-09-08 10:53:38,EEST,10,Suur-Paala,2,success,"{"total":2,"location_name":"Suur-Paala","location_id":10}"
2026-09-08 10:55:39,EEST,1,Hipodroom,0,success,"{"total":0,"location_name":"Hipodroom","location_id":1}"
2026-09-08 10:55:39,EEST,3,T1,4,success,"{"total":4,"location_name":"T1 Shopping Mall","location_id":3}"
2026-09-08 10:55:39,EEST,9,Mustika,1,success,"{"total":1,"location_name":"Mustika","location_id":9}"
2026-09-08 10:55:39,EEST,10,Suur-Paala,2,success,"{"total":2,"location_name":"Suur-Paala","location_id":10}"
2026-09-08 10:57:39,EEST,1,Hipodroom,0,success,"{"total":0,"location_name":"Hipodroom","location_id":1}"
2026-09-08 10:57:39,EEST,3,T1,4,success,"{"total":4,"location_name":"T1 Shopping Mall","location_id":3}"
2026-09-08 10:57:39,EEST,9,Mustika,1,success,"{"total":1,"location_name":"Mustika","location_id":9}"
2026-09-08 10:57:39,EEST,10,Suur-Paala,2,success,"{"total":2,"location_name":"Suur-Paala","location_id":10}"
2026-09-08 10:59:40,EEST,1,Hipodroom,0,success,"{"total":0,"location_name":"Hipodroom","location_id":1}"
2026-09-08 10:59:40,EEST,3,T1,4,success,"{"total":4,"location_name":"T1 Shopping Mall","location_id":3}"
2026-09-08 10:59:40,EEST,9,Mustika,1,success,"{"total":1,"location_name":"Mustika","location_id":9}"
2026-09-08 10:59:40,EEST,10,Suur-Paala,2,success,"{"total":2,"location_name":"Suur-Paala","location_id":10}"
2026-09-08 11:01:40,EEST,1,Hipodroom,0,success,"{"total":0,"location_name":"Hipodroom","location_id":1}"
2026-09-08 11:01:40,EEST,3,T1,4,success,"{"total":4,"location_name":"T1 Shopping Mall","location_id":3}"
2026-09-08 11:01:40,EEST,9,Mustika,1,success,"{"total":1,"location_name":"Mustika","location_id":9}"
2026-09-08 11:01:40,EEST,10,Suur-Paala,2,success,"{"total":2,"location_name":"Suur-Paala","location_id":10}"
2026-09-08 11:03:41,EEST,1,Hipodroom,0,success,"{"total":0,"location_name":"Hipodroom","location_id":1}"
2026-09-08 11:03:41,EEST,3,T1,4,success,"{"total":4,"location_name":"T1 Shopping Mall","location_id":3}"
2026-09-08 11:03:41,EEST,9,Mustika,1,success,"{"total":1,"location_name":"Mustika","location_id":9}"
2026-09-08 11:03:41,EEST,10,Suur-Paala,2,success,"{"total":2,"location_name":"Suur-Paala","location_id":10}"
2026-09-08 11:05:41,EEST,1,Hipodroom,0,success,"{"total":0,"location_name":"Hipodroom","location_id":1}"
2026-09-08 11:05:41,EEST,3,T1,4,success,"{"total":4,"location_name":"T1 Shopping Mall","location_id":3}"
2026-09-08 11:05:41,EEST,9,Mustika,1,success,"{"total":1,"location_name":"Mustika","location_id":9}"
2026-09-08 11:05:41,EEST,10,Suur-Paala,2,success,"{"total":2,"location_name":"Suur-Paala","location_id":10}"
2026-09-08 11:07:42,EEST,1,Hipodroom,0,success,"{"total":0,"location_name":"Hipodroom","location_id":1}"
2026-09-08 11:07:42,EEST,3,T1,4,success,"{"total":4,"location_name":"T1 Shopping Mall","location_id":3}"
2026-09-08 11:07:42,EEST,9,Mustika,1,success,"{"total":1,"location_name":"Mustika","location_id":9}"
2026-09-08 11:07:42,EEST,10,Suur-Paala,2,success,"{"total":2,"location_name":"Suur-Paala","location_id":10}"
2026-09-08 11:09:42,EEST,1,Hipodroom,0,success,"{"total":0,"location_name":"Hipodroom","location_id":1}"
2026-09-08 11:09:42,EEST,3,T1,4,success,"{"total":4,"location_name":"T1 Shopping Mall","location_id":3}"
2026-09-08 11:09:42,EEST,9,Mustika,1,success,"{"total":1,"location_name":"Mustika","location_id":9}"
2026-09-08 11:09:42,EEST,10,Suur-Paala,2,success,"{"total":2,"location_name":"Suur-Paala","location_id":10}"
2026-09-08 11:11:43,EEST,1,Hipodroom,0,success,"{"total":0,"location_name":"Hipodroom","location_id":1}"
2026-09-08 11:11:43,EEST,3,T1,4,success,"{"total":4,"location_name":"T1 Shopping Mall","location_id":3}"
2026-09-08 11:11:43,EEST,9,Mustika,1,success,"{"total":1,"location_name":"Mustika","location_id":9}"
2026-09-08 11:11:43,EEST,10,Suur-Paala,2,success,"{"total":2,"location_name":"Suur-Paala","location_id":10}"
2026-09-08 11:13:43,EEST,1,Hipodroom,0,success,"{"total":0,"location_name":"Hipodroom","location_id":1}"
2026-09-08 11:13:43,EEST,3,T1,3,success,"{"total":3,"location_name":"T1 Shopping Mall","location_id":3}"
2026-09-08 11:13:43,EEST,9,Mustika,1,success,"{"total":1,"location_name":"Mustika","location_id":9}"
2026-09-08 11:13:43,EEST,10,Suur-Paala,2,success,"{"total":2,"location_name":"Suur-Paala","location_id":10}"
2026-09-08 11:15:44,EEST,1,Hipodroom,0,success,"{"total":0,"location_name":"Hipodroom","location_id":1}"
2026-09-08 11:15:44,EEST,3,T1,3,success,"{"total":3,"location_name":"T1 Shopping Mall","location_id":3}"
2026-09-08 11:15:44,EEST,9,Mustika,1,success,"{"total":1,"location_name":"Mustika","location_id":9}"
2026-09-08 11:15:44,EEST,10,Suur-Paala,2,success,"{"total":2,"location_name":"Suur-Paala","location_id":10}"
2026-09-08 11:17:44,EEST,1,Hipodroom,0,success,"{"total":0,"location_name":"Hipodroom","location_id":1}"
2026-09-08 11:17:44,EEST,3,T1,3,success,"{"total":3,"location_name":"T1 Shopping Mall","location_id":3}"
2026-09-08 11:17:44,EEST,9,Mustika,1,success,"{"total":1,"location_name":"Mustika","location_id":9}"
2026-09-08 11:17:44,EEST,10,Suur-Paala,2,success,"{"total":2,"location_name":"Suur-Paala","location_id":10}"
2026-09-08 11:19:45,EEST,1,Hipodroom,0,success,"{"total":0,"location_name":"Hipodroom","location_id":1}"
2026-09-08 11:19:45,EEST,3,T1,3,success,"{"total":3,"location_name":"T1 Shopping Mall","location_id":3}"
2026-09-08 11:19:45,EEST,9,Mustika,1,success,"{"total":1,"location_name":"Mustika","location_id":9}"
2026-09-08 11:19:45,EEST,10,Suur-Paala,2,success,"{"total":2,"location_name":"Suur-Paala","location_id":10}"
2026-09-08 11:21:45,EEST,1,Hipodroom,0,success,"{"total":0,"location_name":"Hipodroom","location_id":1}"
2026-09-08 11:21:45,EEST,3,T1,3,success,"{"total":3,"location_name":"T1 Shopping Mall","location_id":3}"
2026-09-08 11:21:45,EEST,9,Mustika,1,success,"{"total":1,"location_name":"Mustika","location_id":9}"
2026-09-08 11:21:45,EEST,10,Suur-Paala,2,success,"{"total":2,"location_name":"Suur-Paala","location_id":10}"
2026-09-08 11:23:46,EEST,1,Hipodroom,0,success,"{"total":0,"location_name":"Hipodroom","location_id":1}"
2026-09-08 11:23:46,EEST,3,T1,3,success,"{"total":3,"location_name":"T1 Shopping Mall","location_id":3}"
2026-09-08 11:23:46,EEST,9,Mustika,1,success,"{"total":1,"location_name":"Mustika","location_id":9}"
2026-09-08 11:23:46,EEST,10,Suur-Paala,2,success,"{"total":2,"location_name":"Suur-Paala","location_id":10}"
2026-09-08 11:25:46,EEST,1,Hipodroom,0,success,"{"total":0,"location_name":"Hipodroom","location_id":1}"
2026-09-08 11:25:46,EEST,3,T1,2,success,"{"total":2,"location_name":"T1 Shopping Mall","location_id":3}"
2026-09-08 11:25:46,EEST,9,Mustika,0,success,"{"total":0,"location_name":"Mustika","location_id":9}"
2026-09-08 11:25:46,EEST,10,Suur-Paala,2,success,"{"total":2,"location_name":"Suur-Paala","location_id":10}"
2026-09-08 11:27:47,EEST,1,Hipodroom,0,success,"{"total":0,"location_name":"Hipodroom","location_id":1}"
2026-09-08 11:27:47,EEST,3,T1,2,success,"{"total":2,"location_name":"T1 Shopping Mall","location_id":3}"
2026-09-08 11:27:47,EEST,9,Mustika,0,success,"{"total":0,"location_name":"Mustika","location_id":9}"
2026-09-08 11:27:47,EEST,10,Suur-Paala,2,success,"{"total":2,"location_name":"Suur-Paala","location_id":10}"
2026-09-08 11:29:48,EEST,1,Hipodroom,0,success,"{"total":0,"location_name":"Hipodroom","location_id":1}"
2026-09-08 11:29:48,EEST,3,T1,2,success,"{"total":2,"location_name":"T1 Shopping Mall","location_id":3}"
2026-09-08 11:29:48,EEST,9,Mustika,0,success,"{"total":0,"location_name":"Mustika","location_id":9}"
2026-09-08 11:29:48,EEST,10,Suur-Paala,2,success,"{"total":2,"location_name":"Suur-Paala","location_id":10}"
2026-09-08 11:31:48,EEST,1,Hipodroom,0,success,"{"total":0,"location_name":"Hipodroom","location_id":1}"
2026-09-08 11:31:48,EEST,3,T1,2,success,"{"total":2,"location_name":"T1 Shopping Mall","location_id":3}"
2026-09-08 11:31:48,EEST,9,Mustika,0,success,"{"total":0,"location_name":"Mustika","location_id":9}"
2026-09-08 11:31:48,EEST,10,Suur-Paala,2,success,"{"total":2,"location_name":"Suur-Paala","location_id":10}"
2026-09-08 11:33:49,EEST,1,Hipodroom,0,success,"{"total":0,"location_name":"Hipodroom","location_id":1}"
2026-09-08 11:33:49,EEST,3,T1,2,success,"{"total":2,"location_name":"T1 Shopping Mall","location_id":3}"
2026-09-08 11:33:49,EEST,9,Mustika,0,success,"{"total":0,"location_name":"Mustika","location_id":9}"
2026-09-08 11:33:49,EEST,10,Suur-Paala,2,success,"{"total":2,"location_name":"Suur-Paala","location_id":10}"
2026-09-08 11:35:50,EEST,1,Hipodroom,0,success,"{"total":0,"location_name":"Hipodroom","location_id":1}"
2026-09-08 11:35:50,EEST,3,T1,2,success,"{"total":2,"location_name":"T1 Shopping Mall","location_id":3}"
2026-09-08 11:35:50,EEST,9,Mustika,0,success,"{"total":0,"location_name":"Mustika","location_id":9}"
2026-09-08 11:35:50,EEST,10,Suur-Paala,2,success,"{"total":2,"location_name":"Suur-Paala","location_id":10}"
2026-09-08 11:37:51,EEST,1,Hipodroom,0,success,"{"total":0,"location_name":"Hipodroom","location_id":1}"
2026-09-08 11:37:51,EEST,3,T1,3,success,"{"total":3,"location_name":"T1 Shopping Mall","location_id":3}"
2026-09-08 11:37:51,EEST,9,Mustika,0,success,"{"total":0,"location_name":"Mustika","location_id":9}"
2026-09-08 11:37:51,EEST,10,Suur-Paala,2,success,"{"total":2,"location_name":"Suur-Paala","location_id":10}"
2026-09-08 11:39:52,EEST,1,Hipodroom,0,success,"{"total":0,"location_name":"Hipodroom","location_id":1}"
2026-09-08 11:39:52,EEST,3,T1,3,success,"{"total":3,"location_name":"T1 Shopping Mall","location_id":3}"
2026-09-08 11:39:52,EEST,9,Mustika,0,success,"{"total":0,"location_name":"Mustika","location_id":9}"
2026-09-08 11:39:52,EEST,10,Suur-Paala,2,success,"{"total":2,"location_name":"Suur-Paala","location_id":10}"
2026-09-08 11:41:52,EEST,1,Hipodroom,0,success,"{"total":0,"location_name":"Hipodroom","location_id":1}"
2026-09-08 11:41:52,EEST,3,T1,3,success,"{"total":3,"location_name":"T1 Shopping Mall","location_id":3}"
2026-09-08 11:41:52,EEST,9,Mustika,0,success,"{"total":0,"location_name":"Mustika","location_id":9}"
2026-09-08 11:41:52,EEST,10,Suur-Paala,2,success,"{"total":2,"location_name":"Suur-Paala","location_id":10}"
2026-09-08 11:43:53,EEST,1,Hipodroom,0,success,"{"total":0,"location_name":"Hipodroom","location_id":1}"
2026-09-08 11:43:53,EEST,3,T1,4,success,"{"total":4,"location_name":"T1 Shopping Mall","location_id":3}"
2026-09-08 11:43:53,EEST,9,Mustika,0,success,"{"total":0,"location_name":"Mustika","location_id":9}"
2026-09-08 11:43:53,EEST,10,Suur-Paala,2,success,"{"total":2,"location_name":"Suur-Paala","location_id":10}"
2026-09-08 11:45:53,EEST,1,Hipodroom,0,success,"{"total":0,"location_name":"Hipodroom","location_id":1}"
2026-09-08 11:45:53,EEST,3,T1,4,success,"{"total":4,"location_name":"T1 Shopping Mall","location_id":3}"
2026-09-08 11:45:53,EEST,9,Mustika,0,success,"{"total":0,"location_name":"Mustika","location_id":9}"
2026-09-08 11:45:53,EEST,10,Suur-Paala,2,success,"{"total":2,"location_name":"Suur-Paala","location_id":10}"
2026-09-08 11:47:54,EEST,1,Hipodroom,0,success,"{"total":0,"location_name":"Hipodroom","location_id":1}"
2026-09-08 11:47:54,EEST,3,T1,4,success,"{"total":4,"location_name":"T1 Shopping Mall","location_id":3}"
2026-09-08 11:47:54,EEST,9,Mustika,0,success,"{"total":0,"location_name":"Mustika","location_id":9}"
2026-09-08 11:47:54,EEST,10,Suur-Paala,2,success,"{"total":2,"location_name":"Suur-Paala","location_id":10}"
2026-09-08 11:49:54,EEST,1,Hipodroom,0,success,"{"total":0,"location_name":"Hipodroom","location_id":1}"
2026-09-08 11:49:54,EEST,3,T1,4,success,"{"total":4,"location_name":"T1 Shopping Mall","location_id":3}"
2026-09-08 11:49:54,EEST,9,Mustika,0,success,"{"total":0,"location_name":"Mustika","location_id":9}"
2026-09-08 11:49:54,EEST,10,Suur-Paala,2,success,"{"total":2,"location_name":"Suur-Paala","location_id":10}"
2026-09-08 11:51:55,EEST,1,Hipodroom,0,success,"{"total":0,"location_name":"Hipodroom","location_id":1}"
2026-09-08 11:51:55,EEST,3,T1,4,success,"{"total":4,"location_name":"T1 Shopping Mall","location_id":3}"
2026-09-08 11:51:55,EEST,9,Mustika,0,success,"{"total":0,"location_name":"Mustika","location_id":9}"
2026-09-08 11:51:55,EEST,10,Suur-Paala,2,success,"{"total":2,"location_name":"Suur-Paala","location_id":10}"
2026-09-08 11:53:56,EEST,1,Hipodroom,0,success,"{"total":0,"location_name":"Hipodroom","location_id":1}"
2026-09-08 11:53:56,EEST,3,T1,4,success,"{"total":4,"location_name":"T1 Shopping Mall","location_id":3}"
2026-09-08 11:53:56,EEST,9,Mustika,0,success,"{"total":0,"location_name":"Mustika","location_id":9}"
2026-09-08 11:53:56,EEST,10,Suur-Paala,2,success,"{"total":2,"location_name":"Suur-Paala","location_id":10}"
2026-09-08 11:55:56,EEST,1,Hipodroom,0,success,"{"total":0,"location_name":"Hipodroom","location_id":1}"
2026-09-08 11:55:56,EEST,3,T1,4,success,"{"total":4,"location_name":"T1 Shopping Mall","location_id":3}"
2026-09-08 11:55:56,EEST,9,Mustika,0,success,"{"total":0,"location_name":"Mustika","location_id":9}"
2026-09-08 11:55:56,EEST,10,Suur-Paala,2,success,"{"total":2,"location_name":"Suur-Paala","location_id":10}"
2026-09-08 11:57:56,EEST,1,Hipodroom,0,success,"{"total":0,"location_name":"Hipodroom","location_id":1}"
2026-09-08 11:57:56,EEST,3,T1,4,success,"{"total":4,"location_name":"T1 Shopping Mall","location_id":3}"
2026-09-08 11:57:56,EEST,9,Mustika,0,success,"{"total":0,"location_name":"Mustika","location_id":9}"
2026-09-08 11:57:56,EEST,10,Suur-Paala,2,success,"{"total":2,"location_name":"Suur-Paala","location_id":10}"
2026-09-08 11:59:57,EEST,1,Hipodroom,0,success,"{"total":0,"location_name":"Hipodroom","location_id":1}"
2026-09-08 11:59:57,EEST,3,T1,4,success,"{"total":4,"location_name":"T1 Shopping Mall","location_id":3}"
2026-09-08 11:59:57,EEST,9,Mustika,0,success,"{"total":0,"location_name":"Mustika","location_id":9}"
2026-09-08 11:59:57,EEST,10,Suur-Paala,2,success,"{"total":2,"location_name":"Suur-Paala","location_id":10}"
2026-09-08 12:01:57,EEST,1,Hipodroom,0,success,"{"total":0,"location_name":"Hipodroom","location_id":1}"
2026-09-08 12:01:57,EEST,3,T1,5,success,"{"total":5,"location_name":"T1 Shopping Mall","location_id":3}"
2026-09-08 12:01:57,EEST,9,Mustika,1,success,"{"total":1,"location_name":"Mustika","location_id":9}"
2026-09-08 12:01:57,EEST,10,Suur-Paala,2,success,"{"total":2,"location_name":"Suur-Paala","location_id":10}"
2026-09-08 12:03:58,EEST,1,Hipodroom,0,success,"{"total":0,"location_name":"Hipodroom","location_id":1}"
2026-09-08 12:03:58,EEST,3,T1,5,success,"{"total":5,"location_name":"T1 Shopping Mall","location_id":3}"
2026-09-08 12:03:58,EEST,9,Mustika,1,success,"{"total":1,"location_name":"Mustika","location_id":9}"
2026-09-08 12:03:58,EEST,10,Suur-Paala,2,success,"{"total":2,"location_name":"Suur-Paala","location_id":10}"
2026-09-08 12:05:58,EEST,1,Hipodroom,0,success,"{"total":0,"location_name":"Hipodroom","location_id":1}"
2026-09-08 12:05:58,EEST,3,T1,5,success,"{"total":5,"location_name":"T1 Shopping Mall","location_id":3}"
2026-09-08 12:05:58,EEST,9,Mustika,1,success,"{"total":1,"location_name":"Mustika","location_id":9}"
2026-09-08 12:05:58,EEST,10,Suur-Paala,2,success,"{"total":2,"location_name":"Suur-Paala","location_id":10}"
2026-09-08 12:07:59,EEST,1,Hipodroom,0,success,"{"total":0,"location_name":"Hipodroom","location_id":1}"
2026-09-08 12:07:59,EEST,3,T1,5,success,"{"total":5,"location_name":"T1 Shopping Mall","location_id":3}"
2026-09-08 12:07:59,EEST,9,Mustika,1,success,"{"total":1,"location_name":"Mustika","location_id":9}"
2026-09-08 12:07:59,EEST,10,Suur-Paala,2,success,"{"total":2,"location_name":"Suur-Paala","location_id":10}"
2026-09-08 12:09:59,EEST,1,Hipodroom,0,success,"{"total":0,"location_name":"Hipodroom","location_id":1}"
2026-09-08 12:09:59,EEST,3,T1,5,success,"{"total":5,"location_name":"T1 Shopping Mall","location_id":3}"
2026-09-08 12:09:59,EEST,9,Mustika,1,success,"{"total":1,"location_name":"Mustika","location_id":9}"
2026-09-08 12:09:59,EEST,10,Suur-Paala,2,success,"{"total":2,"location_name":"Suur-Paala","location_id":10}"
2026-09-08 12:12:00,EEST,1,Hipodroom,0,success,"{"total":0,"location_name":"Hipodroom","location_id":1}"
2026-09-08 12:12:00,EEST,3,T1,5,success,"{"total":5,"location_name":"T1 Shopping Mall","location_id":3}"
2026-09-08 12:12:00,EEST,9,Mustika,1,success,"{"total":1,"location_name":"Mustika","location_id":9}"
2026-09-08 12:12:00,EEST,10,Suur-Paala,2,success,"{"total":2,"location_name":"Suur-Paala","location_id":10}"
2026-09-08 12:14:01,EEST,1,Hipodroom,0,success,"{"total":0,"location_name":"Hipodroom","location_id":1}"
2026-09-08 12:14:01,EEST,3,T1,5,success,"{"total":5,"location_name":"T1 Shopping Mall","location_id":3}"
2026-09-08 12:14:01,EEST,9,Mustika,2,success,"{"total":2,"location_name":"Mustika","location_id":9}"
2026-09-08 12:14:01,EEST,10,Suur-Paala,2,success,"{"total":2,"location_name":"Suur-Paala","location_id":10}"
2026-09-08 12:16:01,EEST,1,Hipodroom,0,success,"{"total":0,"location_name":"Hipodroom","location_id":1}"
2026-09-08 12:16:01,EEST,3,T1,5,success,"{"total":5,"location_name":"T1 Shopping Mall","location_id":3}"
2026-09-08 12:16:01,EEST,9,Mustika,2,success,"{"total":2,"location_name":"Mustika","location_id":9}"
2026-09-08 12:16:01,EEST,10,Suur-Paala,2,success,"{"total":2,"location_name":"Suur-Paala","location_id":10}"
2026-09-08 12:18:02,EEST,1,Hipodroom,1,success,"{"total":1,"location_name":"Hipodroom","location_id":1}"
2026-09-08 12:18:02,EEST,3,T1,4,success,"{"total":4,"location_name":"T1 Shopping Mall","location_id":3}"
2026-09-08 12:18:02,EEST,9,Mustika,3,success,"{"total":3,"location_name":"Mustika","location_id":9}"
2026-09-08 12:18:02,EEST,10,Suur-Paala,2,success,"{"total":2,"location_name":"Suur-Paala","location_id":10}"
2026-09-08 12:20:02,EEST,1,Hipodroom,1,success,"{"total":1,"location_name":"Hipodroom","location_id":1}"
2026-09-08 12:20:02,EEST,3,T1,4,success,"{"total":4,"location_name":"T1 Shopping Mall","location_id":3}"
2026-09-08 12:20:02,EEST,9,Mustika,3,success,"{"total":3,"location_name":"Mustika","location_id":9}"
2026-09-08 12:20:02,EEST,10,Suur-Paala,2,success,"{"total":2,"location_name":"Suur-Paala","location_id":10}"
2026-09-08 12:22:03,EEST,1,Hipodroom,1,success,"{"total":1,"location_name":"Hipodroom","location_id":1}"
2026-09-08 12:22:03,EEST,3,T1,4,success,"{"total":4,"location_name":"T1 Shopping Mall","location_id":3}"
2026-09-08 12:22:03,EEST,9,Mustika,3,success,"{"total":3,"location_name":"Mustika","location_id":9}"
2026-09-08 12:22:03,EEST,10,Suur-Paala,2,success,"{"total":2,"location_name":"Suur-Paala","location_id":10}"
2026-09-08 12:24:03,EEST,1,Hipodroom,1,success,"{"total":1,"location_name":"Hipodroom","location_id":1}"
2026-09-08 12:24:03,EEST,3,T1,4,success,"{"total":4,"location_name":"T1 Shopping Mall","location_id":3}"
2026-09-08 12:24:03,EEST,9,Mustika,3,success,"{"total":3,"location_name":"Mustika","location_id":9}"
2026-09-08 12:24:03,EEST,10,Suur-Paala,2,success,"{"total":2,"location_name":"Suur-Paala","location_id":10}"
2026-09-08 12:26:04,EEST,1,Hipodroom,1,success,"{"total":1,"location_name":"Hipodroom","location_id":1}"
2026-09-08 12:26:04,EEST,3,T1,4,success,"{"total":4,"location_name":"T1 Shopping Mall","location_id":3}"
2026-09-08 12:26:04,EEST,9,Mustika,3,success,"{"total":3,"location_name":"Mustika","location_id":9}"
2026-09-08 12:26:04,EEST,10,Suur-Paala,2,success,"{"total":2,"location_name":"Suur-Paala","location_id":10}"
2026-09-08 12:28:05,EEST,1,Hipodroom,1,success,"{"total":1,"location_name":"Hipodroom","location_id":1}"
2026-09-08 12:28:05,EEST,3,T1,4,success,"{"total":4,"location_name":"T1 Shopping Mall","location_id":3}"
2026-09-08 12:28:05,EEST,9,Mustika,3,success,"{"total":3,"location_name":"Mustika","location_id":9}"
2026-09-08 12:28:05,EEST,10,Suur-Paala,2,success,"{"total":2,"location_name":"Suur-Paala","location_id":10}"
2026-09-08 12:30:05,EEST,1,Hipodroom,1,success,"{"total":1,"location_name":"Hipodroom","location_id":1}"
2026-09-08 12:30:05,EEST,3,T1,4,success,"{"total":4,"location_name":"T1 Shopping Mall","location_id":3}"
2026-09-08 12:30:05,EEST,9,Mustika,3,success,"{"total":3,"location_name":"Mustika","location_id":9}"
2026-09-08 12:30:05,EEST,10,Suur-Paala,2,success,"{"total":2,"location_name":"Suur-Paala","location_id":10}"
2026-09-08 12:32:06,EEST,1,Hipodroom,1,success,"{"total":1,"location_name":"Hipodroom","location_id":1}"
2026-09-08 12:32:06,EEST,3,T1,4,success,"{"total":4,"location_name":"T1 Shopping Mall","location_id":3}"
2026-09-08 12:32:06,EEST,9,Mustika,3,success,"{"total":3,"location_name":"Mustika","location_id":9}"
2026-09-08 12:32:06,EEST,10,Suur-Paala,2,success,"{"total":2,"location_name":"Suur-Paala","location_id":10}"
2026-09-08 12:34:06,EEST,1,Hipodroom,1,success,"{"total":1,"location_name":"Hipodroom","location_id":1}"
2026-09-08 12:34:06,EEST,3,T1,4,success,"{"total":4,"location_name":"T1 Shopping Mall","location_id":3}"
2026-09-08 12:34:06,EEST,9,Mustika,3,success,"{"total":3,"location_name":"Mustika","location_id":9}"
2026-09-08 12:34:06,EEST,10,Suur-Paala,2,success,"{"total":2,"location_name":"Suur-Paala","location_id":10}"
2026-09-08 12:36:07,EEST,1,Hipodroom,1,success,"{"total":1,"location_name":"Hipodroom","location_id":1}"
2026-09-08 12:36:07,EEST,3,T1,4,success,"{"total":4,"location_name":"T1 Shopping Mall","location_id":3}"
2026-09-08 12:36:07,EEST,9,Mustika,3,success,"{"total":3,"location_name":"Mustika","location_id":9}"
2026-09-08 12:36:07,EEST,10,Suur-Paala,2,success,"{"total":2,"location_name":"Suur-Paala","location_id":10}"
2026-09-08 12:38:07,EEST,1,Hipodroom,1,success,"{"total":1,"location_name":"Hipodroom","location_id":1}"
2026-09-08 12:38:07,EEST,3,T1,4,success,"{"total":4,"location_name":"T1 Shopping Mall","location_id":3}"
2026-09-08 12:38:07,EEST,9,Mustika,3,success,"{"total":3,"location_name":"Mustika","location_id":9}"
2026-09-08 12:38:07,EEST,10,Suur-Paala,2,success,"{"total":2,"location_name":"Suur-Paala","location_id":10}"
2026-09-08 12:40:08,EEST,1,Hipodroom,1,success,"{"total":1,"location_name":"Hipodroom","location_id":1}"
2026-09-08 12:40:08,EEST,3,T1,4,success,"{"total":4,"location_name":"T1 Shopping Mall","location_id":3}"
2026-09-08 12:40:08,EEST,9,Mustika,3,success,"{"total":3,"location_name":"Mustika","location_id":9}"
2026-09-08 12:40:08,EEST,10,Suur-Paala,2,success,"{"total":2,"location_name":"Suur-Paala","location_id":10}"
2026-09-08 12:42:08,EEST,1,Hipodroom,1,success,"{"total":1,"location_name":"Hipodroom","location_id":1}"
2026-09-08 12:42:08,EEST,3,T1,4,success,"{"total":4,"location_name":"T1 Shopping Mall","location_id":3}"
2026-09-08 12:42:08,EEST,9,Mustika,3,success,"{"total":3,"location_name":"Mustika","location_id":9}"
2026-09-08 12:42:08,EEST,10,Suur-Paala,2,success,"{"total":2,"location_name":"Suur-Paala","location_id":10}"
2026-09-08 12:44:09,EEST,1,Hipodroom,1,success,"{"total":1,"location_name":"Hipodroom","location_id":1}"
2026-09-08 12:44:09,EEST,3,T1,4,success,"{"total":4,"location_name":"T1 Shopping Mall","location_id":3}"
2026-09-08 12:44:09,EEST,9,Mustika,3,success,"{"total":3,"location_name":"Mustika","location_id":9}"
2026-09-08 12:44:09,EEST,10,Suur-Paala,2,success,"{"total":2,"location_name":"Suur-Paala","location_id":10}"
2026-09-08 12:46:09,EEST,1,Hipodroom,1,success,"{"total":1,"location_name":"Hipodroom","location_id":1}"
2026-09-08 12:46:09,EEST,3,T1,4,success,"{"total":4,"location_name":"T1 Shopping Mall","location_id":3}"
2026-09-08 12:46:09,EEST,9,Mustika,3,success,"{"total":3,"location_name":"Mustika","location_id":9}"
2026-09-08 12:46:09,EEST,10,Suur-Paala,2,success,"{"total":2,"location_name":"Suur-Paala","location_id":10}"
2026-09-08 12:48:09,EEST,1,Hipodroom,1,success,"{"total":1,"location_name":"Hipodroom","location_id":1}"
2026-09-08 12:48:09,EEST,3,T1,4,success,"{"total":4,"location_name":"T1 Shopping Mall","location_id":3}"
2026-09-08 12:48:09,EEST,9,Mustika,3,success,"{"total":3,"location_name":"Mustika","location_id":9}"
2026-09-08 12:48:09,EEST,10,Suur-Paala,2,success,"{"total":2,"location_name":"Suur-Paala","location_id":10}"
2026-09-08 12:50:10,EEST,1,Hipodroom,1,success,"{"total":1,"location_name":"Hipodroom","location_id":1}"
2026-09-08 12:50:10,EEST,3,T1,4,success,"{"total":4,"location_name":"T1 Shopping Mall","location_id":3}"
2026-09-08 12:50:10,EEST,9,Mustika,3,success,"{"total":3,"location_name":"Mustika","location_id":9}"
2026-09-08 12:50:10,EEST,10,Suur-Paala,2,success,"{"total":2,"location_name":"Suur-Paala","location_id":10}"
2026-09-08 12:52:10,EEST,1,Hipodroom,1,success,"{"total":1,"location_name":"Hipodroom","location_id":1}"
2026-09-08 12:52:10,EEST,3,T1,4,success,"{"total":4,"location_name":"T1 Shopping Mall","location_id":3}"
2026-09-08 12:52:10,EEST,9,Mustika,3,success,"{"total":3,"location_name":"Mustika","location_id":9}"
2026-09-08 12:52:10,EEST,10,Suur-Paala,1,success,"{"total":1,"location_name":"Suur-Paala","location_id":10}"
2026-09-08 12:54:11,EEST,1,Hipodroom,1,success,"{"total":1,"location_name":"Hipodroom","location_id":1}"
2026-09-08 12:54:11,EEST,3,T1,4,success,"{"total":4,"location_name":"T1 Shopping Mall","location_id":3}"
2026-09-08 12:54:11,EEST,9,Mustika,3,success,"{"total":3,"location_name":"Mustika","location_id":9}"
2026-09-08 12:54:11,EEST,10,Suur-Paala,1,success,"{"total":1,"location_name":"Suur-Paala","location_id":10}"
2026-09-08 12:56:11,EEST,1,Hipodroom,1,success,"{"total":1,"location_name":"Hipodroom","location_id":1}"
2026-09-08 12:56:11,EEST,3,T1,4,success,"{"total":4,"location_name":"T1 Shopping Mall","location_id":3}"
2026-09-08 12:56:11,EEST,9,Mustika,3,success,"{"total":3,"location_name":"Mustika","location_id":9}"
2026-09-08 12:56:11,EEST,10,Suur-Paala,1,success,"{"total":1,"location_name":"Suur-Paala","location_id":10}"
2026-09-08 12:58:12,EEST,1,Hipodroom,1,success,"{"total":1,"location_name":"Hipodroom","location_id":1}"
2026-09-08 12:58:12,EEST,3,T1,4,success,"{"total":4,"location_name":"T1 Shopping Mall","location_id":3}"
2026-09-08 12:58:12,EEST,9,Mustika,3,success,"{"total":3,"location_name":"Mustika","location_id":9}"
2026-09-08 12:58:12,EEST,10,Suur-Paala,1,success,"{"total":1,"location_name":"Suur-Paala","location_id":10}"
2026-09-08 13:00:12,EEST,1,Hipodroom,1,success,"{"total":1,"location_name":"Hipodroom","location_id":1}"
2026-09-08 13:00:12,EEST,3,T1,4,success,"{"total":4,"location_name":"T1 Shopping Mall","location_id":3}"
2026-09-08 13:00:12,EEST,9,Mustika,3,success,"{"total":3,"location_name":"Mustika","location_id":9}"
2026-09-08 13:00:12,EEST,10,Suur-Paala,1,success,"{"total":1,"location_name":"Suur-Paala","location_id":10}"
2026-09-08 13:02:13,EEST,1,Hipodroom,1,success,"{"total":1,"location_name":"Hipodroom","location_id":1}"
2026-09-08 13:02:13,EEST,3,T1,4,success,"{"total":4,"location_name":"T1 Shopping Mall","location_id":3}"
2026-09-08 13:02:13,EEST,9,Mustika,3,success,"{"total":3,"location_name":"Mustika","location_id":9}"
2026-09-08 13:02:13,EEST,10,Suur-Paala,1,success,"{"total":1,"location_name":"Suur-Paala","location_id":10}"
2026-09-08 13:04:13,EEST,1,Hipodroom,1,success,"{"total":1,"location_name":"Hipodroom","location_id":1}"
2026-09-08 13:04:13,EEST,3,T1,4,success,"{"total":4,"location_name":"T1 Shopping Mall","location_id":3}"
2026-09-08 13:04:13,EEST,9,Mustika,3,success,"{"total":3,"location_name":"Mustika","location_id":9}"
2026-09-08 13:04:13,EEST,10,Suur-Paala,1,success,"{"total":1,"location_name":"Suur-Paala","location_id":10}"
2026-09-08 13:06:13,EEST,1,Hipodroom,1,success,"{"total":1,"location_name":"Hipodroom","location_id":1}"
2026-09-08 13:06:13,EEST,3,T1,4,success,"{"total":4,"location_name":"T1 Shopping Mall","location_id":3}"
2026-09-08 13:06:13,EEST,9,Mustika,3,success,"{"total":3,"location_name":"Mustika","location_id":9}"
2026-09-08 13:06:13,EEST,10,Suur-Paala,1,success,"{"total":1,"location_name":"Suur-Paala","location_id":10}"
2026-09-08 13:08:14,EEST,1,Hipodroom,1,success,"{"total":1,"location_name":"Hipodroom","location_id":1}"
2026-09-08 13:08:14,EEST,3,T1,4,success,"{"total":4,"location_name":"T1 Shopping Mall","location_id":3}"
2026-09-08 13:08:14,EEST,9,Mustika,3,success,"{"total":3,"location_name":"Mustika","location_id":9}"
2026-09-08 13:08:14,EEST,10,Suur-Paala,1,success,"{"total":1,"location_name":"Suur-Paala","location_id":10}"
2026-09-08 13:10:14,EEST,1,Hipodroom,1,success,"{"total":1,"location_name":"Hipodroom","location_id":1}"
2026-09-08 13:10:14,EEST,3,T1,4,success,"{"total":4,"location_name":"T1 Shopping Mall","location_id":3}"
2026-09-08 13:10:14,EEST,9,Mustika,3,success,"{"total":3,"location_name":"Mustika","location_id":9}"
2026-09-08 13:10:14,EEST,10,Suur-Paala,1,success,"{"total":1,"location_name":"Suur-Paala","location_id":10}"
2026-09-08 13:12:15,EEST,1,Hipodroom,1,success,"{"total":1,"location_name":"Hipodroom","location_id":1}"
2026-09-08 13:12:15,EEST,3,T1,4,success,"{"total":4,"location_name":"T1 Shopping Mall","location_id":3}"
2026-09-08 13:12:15,EEST,9,Mustika,3,success,"{"total":3,"location_name":"Mustika","location_id":9}"
2026-09-08 13:12:15,EEST,10,Suur-Paala,1,success,"{"total":1,"location_name":"Suur-Paala","location_id":10}"
2026-09-08 13:14:15,EEST,1,Hipodroom,1,success,"{"total":1,"location_name":"Hipodroom","location_id":1}"
2026-09-08 13:14:15,EEST,3,T1,4,success,"{"total":4,"location_name":"T1 Shopping Mall","location_id":3}"
2026-09-08 13:14:15,EEST,9,Mustika,3,success,"{"total":3,"location_name":"Mustika","location_id":9}"
2026-09-08 13:14:15,EEST,10,Suur-Paala,1,success,"{"total":1,"location_name":"Suur-Paala","location_id":10}"
2026-09-08 13:16:16,EEST,1,Hipodroom,1,success,"{"total":1,"location_name":"Hipodroom","location_id":1}"
2026-09-08 13:16:16,EEST,3,T1,4,success,"{"total":4,"location_name":"T1 Shopping Mall","location_id":3}"
2026-09-08 13:16:16,EEST,9,Mustika,3,success,"{"total":3,"location_name":"Mustika","location_id":9}"
2026-09-08 13:16:16,EEST,10,Suur-Paala,1,success,"{"total":1,"location_name":"Suur-Paala","location_id":10}"
2026-09-08 13:18:16,EEST,1,Hipodroom,2,success,"{"total":2,"location_name":"Hipodroom","location_id":1}"
2026-09-08 13:18:16,EEST,3,T1,4,success,"{"total":4,"location_name":"T1 Shopping Mall","location_id":3}"
2026-09-08 13:18:16,EEST,9,Mustika,3,success,"{"total":3,"location_name":"Mustika","location_id":9}"
2026-09-08 13:18:16,EEST,10,Suur-Paala,1,success,"{"total":1,"location_name":"Suur-Paala","location_id":10}"
2026-09-08 13:20:17,EEST,1,Hipodroom,2,success,"{"total":2,"location_name":"Hipodroom","location_id":1}"
2026-09-08 13:20:17,EEST,3,T1,4,success,"{"total":4,"location_name":"T1 Shopping Mall","location_id":3}"
2026-09-08 13:20:17,EEST,9,Mustika,3,success,"{"total":3,"location_name":"Mustika","location_id":9}"
2026-09-08 13:20:17,EEST,10,Suur-Paala,1,success,"{"total":1,"location_name":"Suur-Paala","location_id":10}"
2026-09-08 13:22:18,EEST,1,Hipodroom,2,success,"{"total":2,"location_name":"Hipodroom","location_id":1}"
2026-09-08 13:22:18,EEST,3,T1,4,success,"{"total":4,"location_name":"T1 Shopping Mall","location_id":3}"
2026-09-08 13:22:18,EEST,9,Mustika,3,success,"{"total":3,"location_name":"Mustika","location_id":9}"
2026-09-08 13:22:18,EEST,10,Suur-Paala,1,success,"{"total":1,"location_name":"Suur-Paala","location_id":10}"
2026-09-08 13:24:18,EEST,1,Hipodroom,2,success,"{"total":2,"location_name":"Hipodroom","location_id":1}"
2026-09-08 13:24:18,EEST,3,T1,3,success,"{"total":3,"location_name":"T1 Shopping Mall","location_id":3}"
2026-09-08 13:24:18,EEST,9,Mustika,3,success,"{"total":3,"location_name":"Mustika","location_id":9}"
2026-09-08 13:24:18,EEST,10,Suur-Paala,1,success,"{"total":1,"location_name":"Suur-Paala","location_id":10}"
2026-09-08 13:26:19,EEST,1,Hipodroom,2,success,"{"total":2,"location_name":"Hipodroom","location_id":1}"
2026-09-08 13:26:19,EEST,3,T1,3,success,"{"total":3,"location_name":"T1 Shopping Mall","location_id":3}"
2026-09-08 13:26:19,EEST,9,Mustika,3,success,"{"total":3,"location_name":"Mustika","location_id":9}"
2026-09-08 13:26:19,EEST,10,Suur-Paala,1,success,"{"total":1,"location_name":"Suur-Paala","location_id":10}"
2026-09-08 13:28:19,EEST,1,Hipodroom,2,success,"{"total":2,"location_name":"Hipodroom","location_id":1}"
2026-09-08 13:28:19,EEST,3,T1,3,success,"{"total":3,"location_name":"T1 Shopping Mall","location_id":3}"
2026-09-08 13:28:19,EEST,9,Mustika,3,success,"{"total":3,"location_name":"Mustika","location_id":9}"
2026-09-08 13:28:19,EEST,10,Suur-Paala,1,success,"{"total":1,"location_name":"Suur-Paala","location_id":10}"
2026-09-08 13:30:20,EEST,1,Hipodroom,2,success,"{"total":2,"location_name":"Hipodroom","location_id":1}"
2026-09-08 13:30:20,EEST,3,T1,3,success,"{"total":3,"location_name":"T1 Shopping Mall","location_id":3}"
2026-09-08 13:30:20,EEST,9,Mustika,3,success,"{"total":3,"location_name":"Mustika","location_id":9}"
2026-09-08 13:30:20,EEST,10,Suur-Paala,1,success,"{"total":1,"location_name":"Suur-Paala","location_id":10}"
2026-09-08 13:32:20,EEST,1,Hipodroom,2,success,"{"total":2,"location_name":"Hipodroom","location_id":1}"
2026-09-08 13:32:20,EEST,3,T1,3,success,"{"total":3,"location_name":"T1 Shopping Mall","location_id":3}"
2026-09-08 13:32:20,EEST,9,Mustika,3,success,"{"total":3,"location_name":"Mustika","location_id":9}"
2026-09-08 13:32:20,EEST,10,Suur-Paala,1,success,"{"total":1,"location_name":"Suur-Paala","location_id":10}"
2026-09-08 13:34:21,EEST,1,Hipodroom,2,success,"{"total":2,"location_name":"Hipodroom","location_id":1}"
2026-09-08 13:34:21,EEST,3,T1,3,success,"{"total":3,"location_name":"T1 Shopping Mall","location_id":3}"
2026-09-08 13:34:21,EEST,9,Mustika,3,success,"{"total":3,"location_name":"Mustika","location_id":9}"
2026-09-08 13:34:21,EEST,10,Suur-Paala,0,success,"{"total":0,"location_name":"Suur-Paala","location_id":10}"
2026-09-08 13:36:21,EEST,1,Hipodroom,2,success,"{"total":2,"location_name":"Hipodroom","location_id":1}"
2026-09-08 13:36:21,EEST,3,T1,3,success,"{"total":3,"location_name":"T1 Shopping Mall","location_id":3}"
2026-09-08 13:36:21,EEST,9,Mustika,3,success,"{"total":3,"location_name":"Mustika","location_id":9}"
2026-09-08 13:36:21,EEST,10,Suur-Paala,0,success,"{"total":0,"location_name":"Suur-Paala","location_id":10}"
2026-09-08 13:38:22,EEST,1,Hipodroom,2,success,"{"total":2,"location_name":"Hipodroom","location_id":1}"
2026-09-08 13:38:22,EEST,3,T1,3,success,"{"total":3,"location_name":"T1 Shopping Mall","location_id":3}"
2026-09-08 13:38:22,EEST,9,Mustika,3,success,"{"total":3,"location_name":"Mustika","location_id":9}"
2026-09-08 13:38:22,EEST,10,Suur-Paala,0,success,"{"total":0,"location_name":"Suur-Paala","location_id":10}"
2026-09-08 13:40:24,EEST,1,Hipodroom,2,success,"{"total":2,"location_name":"Hipodroom","location_id":1}"
2026-09-08 13:40:24,EEST,3,T1,3,success,"{"total":3,"location_name":"T1 Shopping Mall","location_id":3}"
2026-09-08 13:40:24,EEST,9,Mustika,3,success,"{"total":3,"location_name":"Mustika","location_id":9}"
2026-09-08 13:40:24,EEST,10,Suur-Paala,0,success,"{"total":0,"location_name":"Suur-Paala","location_id":10}"
2026-09-08 13:42:25,EEST,1,Hipodroom,3,success,"{"total":3,"location_name":"Hipodroom","location_id":1}"
2026-09-08 13:42:25,EEST,3,T1,3,success,"{"total":3,"location_name":"T1 Shopping Mall","location_id":3}"
2026-09-08 13:42:25,EEST,9,Mustika,3,success,"{"total":3,"location_name":"Mustika","location_id":9}"
2026-09-08 13:42:25,EEST,10,Suur-Paala,0,success,"{"total":0,"location_name":"Suur-Paala","location_id":10}"
2026-09-08 13:44:25,EEST,1,Hipodroom,3,success,"{"total":3,"location_name":"Hipodroom","location_id":1}"
2026-09-08 13:44:25,EEST,3,T1,3,success,"{"total":3,"location_name":"T1 Shopping Mall","location_id":3}"
2026-09-08 13:44:25,EEST,9,Mustika,3,success,"{"total":3,"location_name":"Mustika","location_id":9}"
2026-09-08 13:44:25,EEST,10,Suur-Paala,0,success,"{"total":0,"location_name":"Suur-Paala","location_id":10}"
2026-09-08 13:46:25,EEST,1,Hipodroom,3,success,"{"total":3,"location_name":"Hipodroom","location_id":1}"
2026-09-08 13:46:25,EEST,3,T1,3,success,"{"total":3,"location_name":"T1 Shopping Mall","location_id":3}"
2026-09-08 13:46:25,EEST,9,Mustika,3,success,"{"total":3,"location_name":"Mustika","location_id":9}"
2026-09-08 13:46:25,EEST,10,Suur-Paala,0,success,"{"total":0,"location_name":"Suur-Paala","location_id":10}"
2026-09-08 13:48:26,EEST,1,Hipodroom,3,success,"{"total":3,"location_name":"Hipodroom","location_id":1}"
2026-09-08 13:48:26,EEST,3,T1,3,success,"{"total":3,"location_name":"T1 Shopping Mall","location_id":3}"
2026-09-08 13:48:26,EEST,9,Mustika,3,success,"{"total":3,"location_name":"Mustika","location_id":9}"
2026-09-08 13:48:26,EEST,10,Suur-Paala,0,success,"{"total":0,"location_name":"Suur-Paala","location_id":10}"
2026-09-08 13:50:26,EEST,1,Hipodroom,3,success,"{"total":3,"location_name":"Hipodroom","location_id":1}"
2026-09-08 13:50:26,EEST,3,T1,3,success,"{"total":3,"location_name":"T1 Shopping Mall","location_id":3}"
2026-09-08 13:50:26,EEST,9,Mustika,3,success,"{"total":3,"location_name":"Mustika","location_id":9}"
2026-09-08 13:50:26,EEST,10,Suur-Paala,0,success,"{"total":0,"location_name":"Suur-Paala","location_id":10}"
2026-09-08 13:52:27,EEST,1,Hipodroom,3,success,"{"total":3,"location_name":"Hipodroom","location_id":1}"
2026-09-08 13:52:27,EEST,3,T1,3,success,"{"total":3,"location_name":"T1 Shopping Mall","location_id":3}"
2026-09-08 13:52:27,EEST,9,Mustika,3,success,"{"total":3,"location_name":"Mustika","location_id":9}"
2026-09-08 13:52:27,EEST,10,Suur-Paala,0,success,"{"total":0,"location_name":"Suur-Paala","location_id":10}"
2026-09-08 13:54:28,EEST,1,Hipodroom,3,success,"{"total":3,"location_name":"Hipodroom","location_id":1}"
2026-09-08 13:54:28,EEST,3,T1,3,success,"{"total":3,"location_name":"T1 Shopping Mall","location_id":3}"
2026-09-08 13:54:28,EEST,9,Mustika,3,success,"{"total":3,"location_name":"Mustika","location_id":9}"
2026-09-08 13:54:28,EEST,10,Suur-Paala,0,success,"{"total":0,"location_name":"Suur-Paala","location_id":10}"
2026-09-08 13:56:28,EEST,1,Hipodroom,3,success,"{"total":3,"location_name":"Hipodroom","location_id":1}"
2026-09-08 13:56:28,EEST,3,T1,3,success,"{"total":3,"location_name":"T1 Shopping Mall","location_id":3}"
2026-09-08 13:56:28,EEST,9,Mustika,3,success,"{"total":3,"location_name":"Mustika","location_id":9}"
2026-09-08 13:56:28,EEST,10,Suur-Paala,0,success,"{"total":0,"location_name":"Suur-Paala","location_id":10}"
2026-09-08 13:58:29,EEST,1,Hipodroom,3,success,"{"total":3,"location_name":"Hipodroom","location_id":1}"
2026-09-08 13:58:29,EEST,3,T1,3,success,"{"total":3,"location_name":"T1 Shopping Mall","location_id":3}"
2026-09-08 13:58:29,EEST,9,Mustika,3,success,"{"total":3,"location_name":"Mustika","location_id":9}"
2026-09-08 13:58:29,EEST,10,Suur-Paala,1,success,"{"total":1,"location_name":"Suur-Paala","location_id":10}"
2026-09-08 14:00:29,EEST,1,Hipodroom,3,success,"{"total":3,"location_name":"Hipodroom","location_id":1}"
2026-09-08 14:00:29,EEST,3,T1,3,success,"{"total":3,"location_name":"T1 Shopping Mall","location_id":3}"
2026-09-08 14:00:29,EEST,9,Mustika,3,success,"{"total":3,"location_name":"Mustika","location_id":9}"
2026-09-08 14:00:29,EEST,10,Suur-Paala,1,success,"{"total":1,"location_name":"Suur-Paala","location_id":10}"
2026-09-08 14:02:30,EEST,1,Hipodroom,3,success,"{"total":3,"location_name":"Hipodroom","location_id":1}"
2026-09-08 14:02:30,EEST,3,T1,3,success,"{"total":3,"location_name":"T1 Shopping Mall","location_id":3}"
2026-09-08 14:02:30,EEST,9,Mustika,3,success,"{"total":3,"location_name":"Mustika","location_id":9}"
2026-09-08 14:02:30,EEST,10,Suur-Paala,1,success,"{"total":1,"location_name":"Suur-Paala","location_id":10}"
2026-09-08 14:04:30,EEST,1,Hipodroom,3,success,"{"total":3,"location_name":"Hipodroom","location_id":1}"
2026-09-08 14:04:30,EEST,3,T1,3,success,"{"total":3,"location_name":"T1 Shopping Mall","location_id":3}"
2026-09-08 14:04:30,EEST,9,Mustika,3,success,"{"total":3,"location_name":"Mustika","location_id":9}"
2026-09-08 14:04:30,EEST,10,Suur-Paala,1,success,"{"total":1,"location_name":"Suur-Paala","location_id":10}"
2026-09-08 14:06:31,EEST,1,Hipodroom,3,success,"{"total":3,"location_name":"Hipodroom","location_id":1}"
2026-09-08 14:06:31,EEST,3,T1,3,success,"{"total":3,"location_name":"T1 Shopping Mall","location_id":3}"
2026-09-08 14:06:31,EEST,9,Mustika,3,success,"{"total":3,"location_name":"Mustika","location_id":9}"
2026-09-08 14:06:31,EEST,10,Suur-Paala,1,success,"{"total":1,"location_name":"Suur-Paala","location_id":10}"
2026-09-08 14:08:31,EEST,1,Hipodroom,3,success,"{"total":3,"location_name":"Hipodroom","location_id":1}"
2026-09-08 14:08:31,EEST,3,T1,3,success,"{"total":3,"location_name":"T1 Shopping Mall","location_id":3}"
2026-09-08 14:08:31,EEST,9,Mustika,3,success,"{"total":3,"location_name":"Mustika","location_id":9}"
2026-09-08 14:08:31,EEST,10,Suur-Paala,1,success,"{"total":1,"location_name":"Suur-Paala","location_id":10}"
2026-09-08 14:10:32,EEST,1,Hipodroom,3,success,"{"total":3,"location_name":"Hipodroom","location_id":1}"
2026-09-08 14:10:32,EEST,3,T1,3,success,"{"total":3,"location_name":"T1 Shopping Mall","location_id":3}"
2026-09-08 14:10:32,EEST,9,Mustika,3,success,"{"total":3,"location_name":"Mustika","location_id":9}"
2026-09-08 14:10:32,EEST,10,Suur-Paala,1,success,"{"total":1,"location_name":"Suur-Paala","location_id":10}"
2026-09-08 14:12:32,EEST,1,Hipodroom,3,success,"{"total":3,"location_name":"Hipodroom","location_id":1}"
2026-09-08 14:12:32,EEST,3,T1,3,success,"{"total":3,"location_name":"T1 Shopping Mall","location_id":3}"
2026-09-08 14:12:32,EEST,9,Mustika,3,success,"{"total":3,"location_name":"Mustika","location_id":9}"
2026-09-08 14:12:32,EEST,10,Suur-Paala,1,success,"{"total":1,"location_name":"Suur-Paala","location_id":10}"
2026-09-08 14:14:33,EEST,1,Hipodroom,3,success,"{"total":3,"location_name":"Hipodroom","location_id":1}"
2026-09-08 14:14:33,EEST,3,T1,3,success,"{"total":3,"location_name":"T1 Shopping Mall","location_id":3}"
2026-09-08 14:14:33,EEST,9,Mustika,3,success,"{"total":3,"location_name":"Mustika","location_id":9}"
2026-09-08 14:14:33,EEST,10,Suur-Paala,1,success,"{"total":1,"location_name":"Suur-Paala","location_id":10}"
2026-09-08 14:16:33,EEST,1,Hipodroom,3,success,"{"total":3,"location_name":"Hipodroom","location_id":1}"
2026-09-08 14:16:33,EEST,3,T1,3,success,"{"total":3,"location_name":"T1 Shopping Mall","location_id":3}"
2026-09-08 14:16:33,EEST,9,Mustika,3,success,"{"total":3,"location_name":"Mustika","location_id":9}"
2026-09-08 14:16:33,EEST,10,Suur-Paala,2,success,"{"total":2,"location_name":"Suur-Paala","location_id":10}"
2026-09-08 14:18:33,EEST,1,Hipodroom,3,success,"{"total":3,"location_name":"Hipodroom","location_id":1}"
2026-09-08 14:18:33,EEST,3,T1,4,success,"{"total":4,"location_name":"T1 Shopping Mall","location_id":3}"
2026-09-08 14:18:33,EEST,9,Mustika,3,success,"{"total":3,"location_name":"Mustika","location_id":9}"
2026-09-08 14:18:33,EEST,10,Suur-Paala,2,success,"{"total":2,"location_name":"Suur-Paala","location_id":10}"
2026-09-08 14:20:34,EEST,1,Hipodroom,3,success,"{"total":3,"location_name":"Hipodroom","location_id":1}"
2026-09-08 14:20:34,EEST,3,T1,4,success,"{"total":4,"location_name":"T1 Shopping Mall","location_id":3}"
2026-09-08 14:20:34,EEST,9,Mustika,3,success,"{"total":3,"location_name":"Mustika","location_id":9}"
2026-09-08 14:20:34,EEST,10,Suur-Paala,2,success,"{"total":2,"location_name":"Suur-Paala","location_id":10}"
2026-09-08 14:22:35,EEST,1,Hipodroom,3,success,"{"total":3,"location_name":"Hipodroom","location_id":1}"
2026-09-08 14:22:35,EEST,3,T1,4,success,"{"total":4,"location_name":"T1 Shopping Mall","location_id":3}"
2026-09-08 14:22:35,EEST,9,Mustika,3,success,"{"total":3,"location_name":"Mustika","location_id":9}"
2026-09-08 14:22:35,EEST,10,Suur-Paala,2,success,"{"total":2,"location_name":"Suur-Paala","location_id":10}"
2026-09-08 14:24:35,EEST,1,Hipodroom,3,success,"{"total":3,"location_name":"Hipodroom","location_id":1}"
2026-09-08 14:24:35,EEST,3,T1,4,success,"{"total":4,"location_name":"T1 Shopping Mall","location_id":3}"
2026-09-08 14:24:35,EEST,9,Mustika,3,success,"{"total":3,"location_name":"Mustika","location_id":9}"
2026-09-08 14:24:35,EEST,10,Suur-Paala,2,success,"{"total":2,"location_name":"Suur-Paala","location_id":10}"
2026-09-08 14:26:35,EEST,1,Hipodroom,3,success,"{"total":3,"location_name":"Hipodroom","location_id":1}"
2026-09-08 14:26:35,EEST,3,T1,4,success,"{"total":4,"location_name":"T1 Shopping Mall","location_id":3}"
2026-09-08 14:26:35,EEST,9,Mustika,3,success,"{"total":3,"location_name":"Mustika","location_id":9}"
2026-09-08 14:26:35,EEST,10,Suur-Paala,2,success,"{"total":2,"location_name":"Suur-Paala","location_id":10}"
2026-09-08 14:28:36,EEST,1,Hipodroom,3,success,"{"total":3,"location_name":"Hipodroom","location_id":1}"
2026-09-08 14:28:36,EEST,3,T1,4,success,"{"total":4,"location_name":"T1 Shopping Mall","location_id":3}"
2026-09-08 14:28:36,EEST,9,Mustika,3,success,"{"total":3,"location_name":"Mustika","location_id":9}"
2026-09-08 14:28:36,EEST,10,Suur-Paala,2,success,"{"total":2,"location_name":"Suur-Paala","location_id":10}"
2026-09-08 14:30:36,EEST,1,Hipodroom,3,success,"{"total":3,"location_name":"Hipodroom","location_id":1}"
2026-09-08 14:30:36,EEST,3,T1,5,success,"{"total":5,"location_name":"T1 Shopping Mall","location_id":3}"
2026-09-08 14:30:36,EEST,9,Mustika,3,success,"{"total":3,"location_name":"Mustika","location_id":9}"
2026-09-08 14:30:36,EEST,10,Suur-Paala,2,success,"{"total":2,"location_name":"Suur-Paala","location_id":10}"
2026-09-08 14:32:37,EEST,1,Hipodroom,3,success,"{"total":3,"location_name":"Hipodroom","location_id":1}"
2026-09-08 14:32:37,EEST,3,T1,5,success,"{"total":5,"location_name":"T1 Shopping Mall","location_id":3}"
2026-09-08 14:32:37,EEST,9,Mustika,3,success,"{"total":3,"location_name":"Mustika","location_id":9}"
2026-09-08 14:32:37,EEST,10,Suur-Paala,2,success,"{"total":2,"location_name":"Suur-Paala","location_id":10}"
2026-09-08 14:34:37,EEST,1,Hipodroom,3,success,"{"total":3,"location_name":"Hipodroom","location_id":1}"
2026-09-08 14:34:37,EEST,3,T1,5,success,"{"total":5,"location_name":"T1 Shopping Mall","location_id":3}"
2026-09-08 14:34:37,EEST,9,Mustika,3,success,"{"total":3,"location_name":"Mustika","location_id":9}"
2026-09-08 14:34:37,EEST,10,Suur-Paala,2,success,"{"total":2,"location_name":"Suur-Paala","location_id":10}"
2026-09-08 14:36:38,EEST,1,Hipodroom,3,success,"{"total":3,"location_name":"Hipodroom","location_id":1}"
2026-09-08 14:36:38,EEST,3,T1,5,success,"{"total":5,"location_name":"T1 Shopping Mall","location_id":3}"
2026-09-08 14:36:38,EEST,9,Mustika,3,success,"{"total":3,"location_name":"Mustika","location_id":9}"
2026-09-08 14:36:38,EEST,10,Suur-Paala,2,success,"{"total":2,"location_name":"Suur-Paala","location_id":10}"
2026-09-08 14:38:38,EEST,1,Hipodroom,3,success,"{"total":3,"location_name":"Hipodroom","location_id":1}"
2026-09-08 14:38:38,EEST,3,T1,5,success,"{"total":5,"location_name":"T1 Shopping Mall","location_id":3}"
2026-09-08 14:38:38,EEST,9,Mustika,3,success,"{"total":3,"location_name":"Mustika","location_id":9}"
2026-09-08 14:38:38,EEST,10,Suur-Paala,2,success,"{"total":2,"location_name":"Suur-Paala","location_id":10}"
2026-09-08 14:40:39,EEST,1,Hipodroom,3,success,"{"total":3,"location_name":"Hipodroom","location_id":1}"
2026-09-08 14:40:39,EEST,3,T1,5,success,"{"total":5,"location_name":"T1 Shopping Mall","location_id":3}"
2026-09-08 14:40:39,EEST,9,Mustika,3,success,"{"total":3,"location_name":"Mustika","location_id":9}"
2026-09-08 14:40:39,EEST,10,Suur-Paala,2,success,"{"total":2,"location_name":"Suur-Paala","location_id":10}"
2026-09-08 14:42:39,EEST,1,Hipodroom,4,success,"{"total":4,"location_name":"Hipodroom","location_id":1}"
2026-09-08 14:42:39,EEST,3,T1,5,success,"{"total":5,"location_name":"T1 Shopping Mall","location_id":3}"
2026-09-08 14:42:39,EEST,9,Mustika,3,success,"{"total":3,"location_name":"Mustika","location_id":9}"
2026-09-08 14:42:39,EEST,10,Suur-Paala,2,success,"{"total":2,"location_name":"Suur-Paala","location_id":10}"
2026-09-08 14:44:40,EEST,1,Hipodroom,4,success,"{"total":4,"location_name":"Hipodroom","location_id":1}"
2026-09-08 14:44:40,EEST,3,T1,5,success,"{"total":5,"location_name":"T1 Shopping Mall","location_id":3}"
2026-09-08 14:44:40,EEST,9,Mustika,3,success,"{"total":3,"location_name":"Mustika","location_id":9}"
2026-09-08 14:44:40,EEST,10,Suur-Paala,2,success,"{"total":2,"location_name":"Suur-Paala","location_id":10}"
2026-09-08 14:46:41,EEST,1,Hipodroom,4,success,"{"total":4,"location_name":"Hipodroom","location_id":1}"
2026-09-08 14:46:41,EEST,3,T1,5,success,"{"total":5,"location_name":"T1 Shopping Mall","location_id":3}"
2026-09-08 14:46:41,EEST,9,Mustika,3,success,"{"total":3,"location_name":"Mustika","location_id":9}"
2026-09-08 14:46:41,EEST,10,Suur-Paala,2,success,"{"total":2,"location_name":"Suur-Paala","location_id":10}"
2026-09-08 14:48:41,EEST,1,Hipodroom,4,success,"{"total":4,"location_name":"Hipodroom","location_id":1}"
2026-09-08 14:48:41,EEST,3,T1,5,success,"{"total":5,"location_name":"T1 Shopping Mall","location_id":3}"
2026-09-08 14:48:41,EEST,9,Mustika,3,success,"{"total":3,"location_name":"Mustika","location_id":9}"
2026-09-08 14:48:41,EEST,10,Suur-Paala,2,success,"{"total":2,"location_name":"Suur-Paala","location_id":10}"
2026-09-08 14:50:42,EEST,1,Hipodroom,4,success,"{"total":4,"location_name":"Hipodroom","location_id":1}"
2026-09-08 14:50:42,EEST,3,T1,5,success,"{"total":5,"location_name":"T1 Shopping Mall","location_id":3}"
2026-09-08 14:50:42,EEST,9,Mustika,3,success,"{"total":3,"location_name":"Mustika","location_id":9}"
2026-09-08 14:50:42,EEST,10,Suur-Paala,2,success,"{"total":2,"location_name":"Suur-Paala","location_id":10}"
2026-09-08 14:52:42,EEST,1,Hipodroom,4,success,"{"total":4,"location_name":"Hipodroom","location_id":1}"
2026-09-08 14:52:42,EEST,3,T1,5,success,"{"total":5,"location_name":"T1 Shopping Mall","location_id":3}"
2026-09-08 14:52:42,EEST,9,Mustika,3,success,"{"total":3,"location_name":"Mustika","location_id":9}"
2026-09-08 14:52:42,EEST,10,Suur-Paala,2,success,"{"total":2,"location_name":"Suur-Paala","location_id":10}"
2026-09-08 14:54:43,EEST,1,Hipodroom,4,success,"{"total":4,"location_name":"Hipodroom","location_id":1}"
2026-09-08 14:54:43,EEST,3,T1,5,success,"{"total":5,"location_name":"T1 Shopping Mall","location_id":3}"
2026-09-08 14:54:43,EEST,9,Mustika,4,success,"{"total":4,"location_name":"Mustika","location_id":9}"
2026-09-08 14:54:43,EEST,10,Suur-Paala,2,success,"{"total":2,"location_name":"Suur-Paala","location_id":10}"
2026-09-08 14:56:44,EEST,1,Hipodroom,4,success,"{"total":4,"location_name":"Hipodroom","location_id":1}"
2026-09-08 14:56:44,EEST,3,T1,5,success,"{"total":5,"location_name":"T1 Shopping Mall","location_id":3}"
2026-09-08 14:56:44,EEST,9,Mustika,4,success,"{"total":4,"location_name":"Mustika","location_id":9}"
2026-09-08 14:56:44,EEST,10,Suur-Paala,2,success,"{"total":2,"location_name":"Suur-Paala","location_id":10}"
2026-09-08 14:58:45,EEST,1,Hipodroom,4,success,"{"total":4,"location_name":"Hipodroom","location_id":1}"
2026-09-08 14:58:45,EEST,3,T1,5,success,"{"total":5,"location_name":"T1 Shopping Mall","location_id":3}"
2026-09-08 14:58:45,EEST,9,Mustika,4,success,"{"total":4,"location_name":"Mustika","location_id":9}"
2026-09-08 14:58:45,EEST,10,Suur-Paala,2,success,"{"total":2,"location_name":"Suur-Paala","location_id":10}"
2026-09-08 15:00:45,EEST,1,Hipodroom,4,success,"{"total":4,"location_name":"Hipodroom","location_id":1}"
2026-09-08 15:00:45,EEST,3,T1,5,success,"{"total":5,"location_name":"T1 Shopping Mall","location_id":3}"
2026-09-08 15:00:45,EEST,9,Mustika,4,success,"{"total":4,"location_name":"Mustika","location_id":9}"
2026-09-08 15:00:45,EEST,10,Suur-Paala,2,success,"{"total":2,"location_name":"Suur-Paala","location_id":10}"
2026-09-08 15:02:46,EEST,1,Hipodroom,4,success,"{"total":4,"location_name":"Hipodroom","location_id":1}"
2026-09-08 15:02:46,EEST,3,T1,5,success,"{"total":5,"location_name":"T1 Shopping Mall","location_id":3}"
2026-09-08 15:02:46,EEST,9,Mustika,4,success,"{"total":4,"location_name":"Mustika","location_id":9}"
2026-09-08 15:02:46,EEST,10,Suur-Paala,2,success,"{"total":2,"location_name":"Suur-Paala","location_id":10}"
2026-09-08 15:04:47,EEST,1,Hipodroom,4,success,"{"total":4,"location_name":"Hipodroom","location_id":1}"
2026-09-08 15:04:47,EEST,3,T1,5,success,"{"total":5,"location_name":"T1 Shopping Mall","location_id":3}"
2026-09-08 15:04:47,EEST,9,Mustika,4,success,"{"total":4,"location_name":"Mustika","location_id":9}"
2026-09-08 15:04:47,EEST,10,Suur-Paala,2,success,"{"total":2,"location_name":"Suur-Paala","location_id":10}"
2026-09-08 15:06:47,EEST,1,Hipodroom,4,success,"{"total":4,"location_name":"Hipodroom","location_id":1}"
2026-09-08 15:06:47,EEST,3,T1,5,success,"{"total":5,"location_name":"T1 Shopping Mall","location_id":3}"
2026-09-08 15:06:47,EEST,9,Mustika,5,success,"{"total":5,"location_name":"Mustika","location_id":9}"
2026-09-08 15:06:47,EEST,10,Suur-Paala,2,success,"{"total":2,"location_name":"Suur-Paala","location_id":10}"
2026-09-08 15:08:48,EEST,1,Hipodroom,4,success,"{"total":4,"location_name":"Hipodroom","location_id":1}"
2026-09-08 15:08:48,EEST,3,T1,5,success,"{"total":5,"location_name":"T1 Shopping Mall","location_id":3}"
2026-09-08 15:08:48,EEST,9,Mustika,5,success,"{"total":5,"location_name":"Mustika","location_id":9}"
2026-09-08 15:08:48,EEST,10,Suur-Paala,2,success,"{"total":2,"location_name":"Suur-Paala","location_id":10}"
2026-09-08 15:10:48,EEST,1,Hipodroom,4,success,"{"total":4,"location_name":"Hipodroom","location_id":1}"
2026-09-08 15:10:48,EEST,3,T1,5,success,"{"total":5,"location_name":"T1 Shopping Mall","location_id":3}"
2026-09-08 15:10:48,EEST,9,Mustika,5,success,"{"total":5,"location_name":"Mustika","location_id":9}"
2026-09-08 15:10:48,EEST,10,Suur-Paala,2,success,"{"total":2,"location_name":"Suur-Paala","location_id":10}"
2026-09-08 15:12:49,EEST,1,Hipodroom,4,success,"{"total":4,"location_name":"Hipodroom","location_id":1}"
2026-09-08 15:12:49,EEST,3,T1,6,success,"{"total":6,"location_name":"T1 Shopping Mall","location_id":3}"
2026-09-08 15:12:49,EEST,9,Mustika,4,success,"{"total":4,"location_name":"Mustika","location_id":9}"
2026-09-08 15:12:49,EEST,10,Suur-Paala,2,success,"{"total":2,"location_name":"Suur-Paala","location_id":10}"
2026-09-08 15:14:50,EEST,1,Hipodroom,4,success,"{"total":4,"location_name":"Hipodroom","location_id":1}"
2026-09-08 15:14:50,EEST,3,T1,6,success,"{"total":6,"location_name":"T1 Shopping Mall","location_id":3}"
2026-09-08 15:14:50,EEST,9,Mustika,4,success,"{"total":4,"location_name":"Mustika","location_id":9}"
2026-09-08 15:14:50,EEST,10,Suur-Paala,2,success,"{"total":2,"location_name":"Suur-Paala","location_id":10}"
2026-09-08 15:16:50,EEST,1,Hipodroom,4,success,"{"total":4,"location_name":"Hipodroom","location_id":1}"
2026-09-08 15:16:50,EEST,3,T1,6,success,"{"total":6,"location_name":"T1 Shopping Mall","location_id":3}"
2026-09-08 15:16:50,EEST,9,Mustika,4,success,"{"total":4,"location_name":"Mustika","location_id":9}"
2026-09-08 15:16:50,EEST,10,Suur-Paala,2,success,"{"total":2,"location_name":"Suur-Paala","location_id":10}"
2026-09-08 15:18:51,EEST,1,Hipodroom,3,success,"{"total":3,"location_name":"Hipodroom","location_id":1}"
2026-09-08 15:18:51,EEST,3,T1,6,success,"{"total":6,"location_name":"T1 Shopping Mall","location_id":3}"
2026-09-08 15:18:51,EEST,9,Mustika,3,success,"{"total":3,"location_name":"Mustika","location_id":9}"
2026-09-08 15:18:51,EEST,10,Suur-Paala,2,success,"{"total":2,"location_name":"Suur-Paala","location_id":10}"
2026-09-08 15:20:51,EEST,1,Hipodroom,3,success,"{"total":3,"location_name":"Hipodroom","location_id":1}"
2026-09-08 15:20:51,EEST,3,T1,6,success,"{"total":6,"location_name":"T1 Shopping Mall","location_id":3}"
2026-09-08 15:20:51,EEST,9,Mustika,3,success,"{"total":3,"location_name":"Mustika","location_id":9}"
2026-09-08 15:20:51,EEST,10,Suur-Paala,2,success,"{"total":2,"location_name":"Suur-Paala","location_id":10}"
2026-09-08 15:22:52,EEST,1,Hipodroom,3,success,"{"total":3,"location_name":"Hipodroom","location_id":1}"
2026-09-08 15:22:52,EEST,3,T1,6,success,"{"total":6,"location_name":"T1 Shopping Mall","location_id":3}"
2026-09-08 15:22:52,EEST,9,Mustika,3,success,"{"total":3,"location_name":"Mustika","location_id":9}"
2026-09-08 15:22:52,EEST,10,Suur-Paala,2,success,"{"total":2,"location_name":"Suur-Paala","location_id":10}"
2026-09-08 15:24:53,EEST,1,Hipodroom,3,success,"{"total":3,"location_name":"Hipodroom","location_id":1}"
2026-09-08 15:24:53,EEST,3,T1,7,success,"{"total":7,"location_name":"T1 Shopping Mall","location_id":3}"
2026-09-08 15:24:53,EEST,9,Mustika,3,success,"{"total":3,"location_name":"Mustika","location_id":9}"
2026-09-08 15:24:53,EEST,10,Suur-Paala,2,success,"{"total":2,"location_name":"Suur-Paala","location_id":10}"
2026-09-08 15:26:54,EEST,1,Hipodroom,3,success,"{"total":3,"location_name":"Hipodroom","location_id":1}"
2026-09-08 15:26:54,EEST,3,T1,7,success,"{"total":7,"location_name":"T1 Shopping Mall","location_id":3}"
2026-09-08 15:26:54,EEST,9,Mustika,3,success,"{"total":3,"location_name":"Mustika","location_id":9}"
2026-09-08 15:26:54,EEST,10,Suur-Paala,2,success,"{"total":2,"location_name":"Suur-Paala","location_id":10}"
2026-09-08 15:28:55,EEST,1,Hipodroom,3,success,"{"total":3,"location_name":"Hipodroom","location_id":1}"
2026-09-08 15:28:55,EEST,3,T1,7,success,"{"total":7,"location_name":"T1 Shopping Mall","location_id":3}"
2026-09-08 15:28:55,EEST,9,Mustika,3,success,"{"total":3,"location_name":"Mustika","location_id":9}"
2026-09-08 15:28:55,EEST,10,Suur-Paala,2,success,"{"total":2,"location_name":"Suur-Paala","location_id":10}"
2026-09-08 15:30:56,EEST,1,Hipodroom,3,success,"{"total":3,"location_name":"Hipodroom","location_id":1}"
2026-09-08 15:30:56,EEST,3,T1,8,success,"{"total":8,"location_name":"T1 Shopping Mall","location_id":3}"
2026-09-08 15:30:56,EEST,9,Mustika,3,success,"{"total":3,"location_name":"Mustika","location_id":9}"
2026-09-08 15:30:56,EEST,10,Suur-Paala,2,success,"{"total":2,"location_name":"Suur-Paala","location_id":10}"
2026-09-08 15:32:56,EEST,1,Hipodroom,3,success,"{"total":3,"location_name":"Hipodroom","location_id":1}"
2026-09-08 15:32:56,EEST,3,T1,8,success,"{"total":8,"location_name":"T1 Shopping Mall","location_id":3}"
2026-09-08 15:32:56,EEST,9,Mustika,3,success,"{"total":3,"location_name":"Mustika","location_id":9}"
2026-09-08 15:32:56,EEST,10,Suur-Paala,2,success,"{"total":2,"location_name":"Suur-Paala","location_id":10}"
2026-09-08 15:34:57,EEST,1,Hipodroom,3,success,"{"total":3,"location_name":"Hipodroom","location_id":1}"
2026-09-08 15:34:57,EEST,3,T1,8,success,"{"total":8,"location_name":"T1 Shopping Mall","location_id":3}"
2026-09-08 15:34:57,EEST,9,Mustika,3,success,"{"total":3,"location_name":"Mustika","location_id":9}"
2026-09-08 15:34:57,EEST,10,Suur-Paala,2,success,"{"total":2,"location_name":"Suur-Paala","location_id":10}"
2026-09-08 15:36:57,EEST,1,Hipodroom,3,success,"{"total":3,"location_name":"Hipodroom","location_id":1}"
2026-09-08 15:36:57,EEST,3,T1,8,success,"{"total":8,"location_name":"T1 Shopping Mall","location_id":3}"
2026-09-08 15:36:57,EEST,9,Mustika,3,success,"{"total":3,"location_name":"Mustika","location_id":9}"
2026-09-08 15:36:57,EEST,10,Suur-Paala,2,success,"{"total":2,"location_name":"Suur-Paala","location_id":10}"
2026-09-08 15:38:58,EEST,1,Hipodroom,3,success,"{"total":3,"location_name":"Hipodroom","location_id":1}"
2026-09-08 15:38:58,EEST,3,T1,8,success,"{"total":8,"location_name":"T1 Shopping Mall","location_id":3}"
2026-09-08 15:38:58,EEST,9,Mustika,3,success,"{"total":3,"location_name":"Mustika","location_id":9}"
2026-09-08 15:38:58,EEST,10,Suur-Paala,2,success,"{"total":2,"location_name":"Suur-Paala","location_id":10}"
2026-09-08 15:40:58,EEST,1,Hipodroom,3,success,"{"total":3,"location_name":"Hipodroom","location_id":1}"
2026-09-08 15:40:58,EEST,3,T1,8,success,"{"total":8,"location_name":"T1 Shopping Mall","location_id":3}"
2026-09-08 15:40:58,EEST,9,Mustika,3,success,"{"total":3,"location_name":"Mustika","location_id":9}"
2026-09-08 15:40:58,EEST,10,Suur-Paala,2,success,"{"total":2,"location_name":"Suur-Paala","location_id":10}"
2026-09-08 15:42:59,EEST,1,Hipodroom,3,success,"{"total":3,"location_name":"Hipodroom","location_id":1}"
2026-09-08 15:42:59,EEST,3,T1,9,success,"{"total":9,"location_name":"T1 Shopping Mall","location_id":3}"
2026-09-08 15:42:59,EEST,9,Mustika,4,success,"{"total":4,"location_name":"Mustika","location_id":9}"
2026-09-08 15:42:59,EEST,10,Suur-Paala,2,success,"{"total":2,"location_name":"Suur-Paala","location_id":10}"
2026-09-08 15:45:00,EEST,1,Hipodroom,3,success,"{"total":3,"location_name":"Hipodroom","location_id":1}"
2026-09-08 15:45:00,EEST,3,T1,9,success,"{"total":9,"location_name":"T1 Shopping Mall","location_id":3}"
2026-09-08 15:45:00,EEST,9,Mustika,4,success,"{"total":4,"location_name":"Mustika","location_id":9}"
2026-09-08 15:45:00,EEST,10,Suur-Paala,2,success,"{"total":2,"location_name":"Suur-Paala","location_id":10}"
2026-09-08 15:47:01,EEST,1,Hipodroom,3,success,"{"total":3,"location_name":"Hipodroom","location_id":1}"
2026-09-08 15:47:01,EEST,3,T1,9,success,"{"total":9,"location_name":"T1 Shopping Mall","location_id":3}"
2026-09-08 15:47:01,EEST,9,Mustika,4,success,"{"total":4,"location_name":"Mustika","location_id":9}"
2026-09-08 15:47:01,EEST,10,Suur-Paala,2,success,"{"total":2,"location_name":"Suur-Paala","location_id":10}"
2026-09-08 15:49:02,EEST,1,Hipodroom,3,success,"{"total":3,"location_name":"Hipodroom","location_id":1}"
2026-09-08 15:49:02,EEST,3,T1,11,success,"{"total":11,"location_name":"T1 Shopping Mall","location_id":3}"
2026-09-08 15:49:02,EEST,9,Mustika,4,success,"{"total":4,"location_name":"Mustika","location_id":9}"
2026-09-08 15:49:02,EEST,10,Suur-Paala,2,success,"{"total":2,"location_name":"Suur-Paala","location_id":10}"
2026-09-08 15:51:03,EEST,1,Hipodroom,3,success,"{"total":3,"location_name":"Hipodroom","location_id":1}"
2026-09-08 15:51:03,EEST,3,T1,11,success,"{"total":11,"location_name":"T1 Shopping Mall","location_id":3}"
2026-09-08 15:51:03,EEST,9,Mustika,4,success,"{"total":4,"location_name":"Mustika","location_id":9}"
2026-09-08 15:51:03,EEST,10,Suur-Paala,2,success,"{"total":2,"location_name":"Suur-Paala","location_id":10}"
2026-09-08 15:53:03,EEST,1,Hipodroom,3,success,"{"total":3,"location_name":"Hipodroom","location_id":1}"
2026-09-08 15:53:03,EEST,3,T1,11,success,"{"total":11,"location_name":"T1 Shopping Mall","location_id":3}"
2026-09-08 15:53:03,EEST,9,Mustika,4,success,"{"total":4,"location_name":"Mustika","location_id":9}"
2026-09-08 15:53:03,EEST,10,Suur-Paala,5,success,"{"total":5,"location_name":"Suur-Paala","location_id":10}"
2026-09-08 15:55:04,EEST,1,Hipodroom,3,success,"{"total":3,"location_name":"Hipodroom","location_id":1}"
2026-09-08 15:55:04,EEST,3,T1,13,success,"{"total":13,"location_name":"T1 Shopping Mall","location_id":3}"
2026-09-08 15:55:04,EEST,9,Mustika,4,success,"{"total":4,"location_name":"Mustika","location_id":9}"
2026-09-08 15:55:04,EEST,10,Suur-Paala,5,success,"{"total":5,"location_name":"Suur-Paala","location_id":10}"
2026-09-08 15:57:04,EEST,1,Hipodroom,3,success,"{"total":3,"location_name":"Hipodroom","location_id":1}"
2026-09-08 15:57:04,EEST,3,T1,13,success,"{"total":13,"location_name":"T1 Shopping Mall","location_id":3}"
2026-09-08 15:57:04,EEST,9,Mustika,4,success,"{"total":4,"location_name":"Mustika","location_id":9}"
2026-09-08 15:57:04,EEST,10,Suur-Paala,5,success,"{"total":5,"location_name":"Suur-Paala","location_id":10}"
2026-09-08 15:59:05,EEST,1,Hipodroom,3,success,"{"total":3,"location_name":"Hipodroom","location_id":1}"
2026-09-08 15:59:05,EEST,3,T1,13,success,"{"total":13,"location_name":"T1 Shopping Mall","location_id":3}"
2026-09-08 15:59:05,EEST,9,Mustika,4,success,"{"total":4,"location_name":"Mustika","location_id":9}"
2026-09-08 15:59:05,EEST,10,Suur-Paala,5,success,"{"total":5,"location_name":"Suur-Paala","location_id":10}"
2026-09-08 16:01:06,EEST,1,Hipodroom,4,success,"{"total":4,"location_name":"Hipodroom","location_id":1}"
2026-09-08 16:01:06,EEST,3,T1,16,success,"{"total":16,"location_name":"T1 Shopping Mall","location_id":3}"
2026-09-08 16:01:06,EEST,9,Mustika,4,success,"{"total":4,"location_name":"Mustika","location_id":9}"
2026-09-08 16:01:06,EEST,10,Suur-Paala,5,success,"{"total":5,"location_name":"Suur-Paala","location_id":10}"
2026-09-08 16:03:07,EEST,1,Hipodroom,4,success,"{"total":4,"location_name":"Hipodroom","location_id":1}"
2026-09-08 16:03:07,EEST,3,T1,16,success,"{"total":16,"location_name":"T1 Shopping Mall","location_id":3}"
2026-09-08 16:03:07,EEST,9,Mustika,4,success,"{"total":4,"location_name":"Mustika","location_id":9}"
2026-09-08 16:03:07,EEST,10,Suur-Paala,5,success,"{"total":5,"location_name":"Suur-Paala","location_id":10}"
2026-09-08 16:05:08,EEST,1,Hipodroom,4,success,"{"total":4,"location_name":"Hipodroom","location_id":1}"
2026-09-08 16:05:08,EEST,3,T1,16,success,"{"total":16,"location_name":"T1 Shopping Mall","location_id":3}"
2026-09-08 16:05:08,EEST,9,Mustika,4,success,"{"total":4,"location_name":"Mustika","location_id":9}"
2026-09-08 16:05:08,EEST,10,Suur-Paala,6,success,"{"total":6,"location_name":"Suur-Paala","location_id":10}"
2026-09-08 16:07:09,EEST,1,Hipodroom,4,success,"{"total":4,"location_name":"Hipodroom","location_id":1}"
2026-09-08 16:07:09,EEST,3,T1,19,success,"{"total":19,"location_name":"T1 Shopping Mall","location_id":3}"
2026-09-08 16:07:09,EEST,9,Mustika,5,success,"{"total":5,"location_name":"Mustika","location_id":9}"
2026-09-08 16:07:09,EEST,10,Suur-Paala,6,success,"{"total":6,"location_name":"Suur-Paala","location_id":10}"
2026-09-08 16:09:09,EEST,1,Hipodroom,4,success,"{"total":4,"location_name":"Hipodroom","location_id":1}"
2026-09-08 16:09:09,EEST,3,T1,19,success,"{"total":19,"location_name":"T1 Shopping Mall","location_id":3}"
2026-09-08 16:09:09,EEST,9,Mustika,5,success,"{"total":5,"location_name":"Mustika","location_id":9}"
2026-09-08 16:09:09,EEST,10,Suur-Paala,6,success,"{"total":6,"location_name":"Suur-Paala","location_id":10}"
2026-09-08 16:11:09,EEST,1,Hipodroom,4,success,"{"total":4,"location_name":"Hipodroom","location_id":1}"
2026-09-08 16:11:09,EEST,3,T1,19,success,"{"total":19,"location_name":"T1 Shopping Mall","location_id":3}"
2026-09-08 16:11:09,EEST,9,Mustika,5,success,"{"total":5,"location_name":"Mustika","location_id":9}"
2026-09-08 16:11:09,EEST,10,Suur-Paala,7,success,"{"total":7,"location_name":"Suur-Paala","location_id":10}"
2026-09-08 16:13:10,EEST,1,Hipodroom,4,success,"{"total":4,"location_name":"Hipodroom","location_id":1}"
2026-09-08 16:13:10,EEST,3,T1,22,success,"{"total":22,"location_name":"T1 Shopping Mall","location_id":3}"
2026-09-08 16:13:10,EEST,9,Mustika,7,success,"{"total":7,"location_name":"Mustika","location_id":9}"
2026-09-08 16:13:10,EEST,10,Suur-Paala,7,success,"{"total":7,"location_name":"Suur-Paala","location_id":10}"
2026-09-08 16:15:11,EEST,1,Hipodroom,4,success,"{"total":4,"location_name":"Hipodroom","location_id":1}"
2026-09-08 16:15:11,EEST,3,T1,22,success,"{"total":22,"location_name":"T1 Shopping Mall","location_id":3}"
2026-09-08 16:15:11,EEST,9,Mustika,7,success,"{"total":7,"location_name":"Mustika","location_id":9}"
2026-09-08 16:15:11,EEST,10,Suur-Paala,7,success,"{"total":7,"location_name":"Suur-Paala","location_id":10}"
2026-09-08 16:17:11,EEST,1,Hipodroom,4,success,"{"total":4,"location_name":"Hipodroom","location_id":1}"
2026-09-08 16:17:11,EEST,3,T1,22,success,"{"total":22,"location_name":"T1 Shopping Mall","location_id":3}"
2026-09-08 16:17:11,EEST,9,Mustika,7,success,"{"total":7,"location_name":"Mustika","location_id":9}"
2026-09-08 16:17:11,EEST,10,Suur-Paala,7,success,"{"total":7,"location_name":"Suur-Paala","location_id":10}"
2026-09-08 16:19:12,EEST,1,Hipodroom,3,success,"{"total":3,"location_name":"Hipodroom","location_id":1}"
2026-09-08 16:19:12,EEST,3,T1,24,success,"{"total":24,"location_name":"T1 Shopping Mall","location_id":3}"
2026-09-08 16:19:12,EEST,9,Mustika,8,success,"{"total":8,"location_name":"Mustika","location_id":9}"
2026-09-08 16:19:12,EEST,10,Suur-Paala,7,success,"{"total":7,"location_name":"Suur-Paala","location_id":10}"
2026-09-08 16:21:12,EEST,1,Hipodroom,3,success,"{"total":3,"location_name":"Hipodroom","location_id":1}"
2026-09-08 16:21:12,EEST,3,T1,24,success,"{"total":24,"location_name":"T1 Shopping Mall","location_id":3}"
2026-09-08 16:21:12,EEST,9,Mustika,8,success,"{"total":8,"location_name":"Mustika","location_id":9}"
2026-09-08 16:21:12,EEST,10,Suur-Paala,7,success,"{"total":7,"location_name":"Suur-Paala","location_id":10}"
2026-09-08 16:23:13,EEST,1,Hipodroom,3,success,"{"total":3,"location_name":"Hipodroom","location_id":1}"
2026-09-08 16:23:13,EEST,3,T1,24,success,"{"total":24,"location_name":"T1 Shopping Mall","location_id":3}"
2026-09-08 16:23:13,EEST,9,Mustika,8,success,"{"total":8,"location_name":"Mustika","location_id":9}"
2026-09-08 16:23:13,EEST,10,Suur-Paala,7,success,"{"total":7,"location_name":"Suur-Paala","location_id":10}"
2026-09-08 16:25:13,EEST,1,Hipodroom,3,success,"{"total":3,"location_name":"Hipodroom","location_id":1}"
2026-09-08 16:25:13,EEST,3,T1,24,success,"{"total":24,"location_name":"T1 Shopping Mall","location_id":3}"
2026-09-08 16:25:13,EEST,9,Mustika,12,success,"{"total":12,"location_name":"Mustika","location_id":9}"
2026-09-08 16:25:13,EEST,10,Suur-Paala,7,success,"{"total":7,"location_name":"Suur-Paala","location_id":10}"
2026-09-08 16:27:14,EEST,1,Hipodroom,3,success,"{"total":3,"location_name":"Hipodroom","location_id":1}"
2026-09-08 16:27:14,EEST,3,T1,24,success,"{"total":24,"location_name":"T1 Shopping Mall","location_id":3}"
2026-09-08 16:27:14,EEST,9,Mustika,12,success,"{"total":12,"location_name":"Mustika","location_id":9}"
2026-09-08 16:27:14,EEST,10,Suur-Paala,7,success,"{"total":7,"location_name":"Suur-Paala","location_id":10}"
2026-09-08 16:29:15,EEST,1,Hipodroom,3,success,"{"total":3,"location_name":"Hipodroom","location_id":1}"
2026-09-08 16:29:15,EEST,3,T1,24,success,"{"total":24,"location_name":"T1 Shopping Mall","location_id":3}"
2026-09-08 16:29:15,EEST,9,Mustika,12,success,"{"total":12,"location_name":"Mustika","location_id":9}"
2026-09-08 16:29:15,EEST,10,Suur-Paala,7,success,"{"total":7,"location_name":"Suur-Paala","location_id":10}"
2026-09-08 16:31:16,EEST,1,Hipodroom,3,success,"{"total":3,"location_name":"Hipodroom","location_id":1}"
2026-09-08 16:31:16,EEST,3,T1,25,success,"{"total":25,"location_name":"T1 Shopping Mall","location_id":3}"
2026-09-08 16:31:16,EEST,9,Mustika,13,success,"{"total":13,"location_name":"Mustika","location_id":9}"
2026-09-08 16:31:16,EEST,10,Suur-Paala,7,success,"{"total":7,"location_name":"Suur-Paala","location_id":10}"
2026-09-08 16:33:17,EEST,1,Hipodroom,3,success,"{"total":3,"location_name":"Hipodroom","location_id":1}"
2026-09-08 16:33:17,EEST,3,T1,25,success,"{"total":25,"location_name":"T1 Shopping Mall","location_id":3}"
2026-09-08 16:33:17,EEST,9,Mustika,13,success,"{"total":13,"location_name":"Mustika","location_id":9}"
2026-09-08 16:33:17,EEST,10,Suur-Paala,7,success,"{"total":7,"location_name":"Suur-Paala","location_id":10}"
2026-09-08 16:35:18,EEST,1,Hipodroom,3,success,"{"total":3,"location_name":"Hipodroom","location_id":1}"
2026-09-08 16:35:18,EEST,3,T1,25,success,"{"total":25,"location_name":"T1 Shopping Mall","location_id":3}"
2026-09-08 16:35:18,EEST,9,Mustika,13,success,"{"total":13,"location_name":"Mustika","location_id":9}"
2026-09-08 16:35:18,EEST,10,Suur-Paala,8,success,"{"total":8,"location_name":"Suur-Paala","location_id":10}"
2026-09-08 16:37:19,EEST,1,Hipodroom,3,success,"{"total":3,"location_name":"Hipodroom","location_id":1}"
2026-09-08 16:37:19,EEST,3,T1,26,success,"{"total":26,"location_name":"T1 Shopping Mall","location_id":3}"
2026-09-08 16:37:19,EEST,9,Mustika,13,success,"{"total":13,"location_name":"Mustika","location_id":9}"
2026-09-08 16:37:19,EEST,10,Suur-Paala,8,success,"{"total":8,"location_name":"Suur-Paala","location_id":10}"
2026-09-08 16:39:20,EEST,1,Hipodroom,3,success,"{"total":3,"location_name":"Hipodroom","location_id":1}"
2026-09-08 16:39:20,EEST,3,T1,26,success,"{"total":26,"location_name":"T1 Shopping Mall","location_id":3}"
2026-09-08 16:39:20,EEST,9,Mustika,13,success,"{"total":13,"location_name":"Mustika","location_id":9}"
2026-09-08 16:39:20,EEST,10,Suur-Paala,8,success,"{"total":8,"location_name":"Suur-Paala","location_id":10}"
2026-09-08 16:41:20,EEST,1,Hipodroom,3,success,"{"total":3,"location_name":"Hipodroom","location_id":1}"
2026-09-08 16:41:20,EEST,3,T1,26,success,"{"total":26,"location_name":"T1 Shopping Mall","location_id":3}"
2026-09-08 16:41:20,EEST,9,Mustika,13,success,"{"total":13,"location_name":"Mustika","location_id":9}"
2026-09-08 16:41:20,EEST,10,Suur-Paala,8,success,"{"total":8,"location_name":"Suur-Paala","location_id":10}"
2026-09-08 16:43:21,EEST,1,Hipodroom,2,success,"{"total":2,"location_name":"Hipodroom","location_id":1}"
2026-09-08 16:43:21,EEST,3,T1,28,success,"{"total":28,"location_name":"T1 Shopping Mall","location_id":3}"
2026-09-08 16:43:21,EEST,9,Mustika,15,success,"{"total":15,"location_name":"Mustika","location_id":9}"
2026-09-08 16:43:21,EEST,10,Suur-Paala,8,success,"{"total":8,"location_name":"Suur-Paala","location_id":10}"
2026-09-08 16:45:21,EEST,1,Hipodroom,2,success,"{"total":2,"location_name":"Hipodroom","location_id":1}"
2026-09-08 16:45:21,EEST,3,T1,28,success,"{"total":28,"location_name":"T1 Shopping Mall","location_id":3}"
2026-09-08 16:45:21,EEST,9,Mustika,15,success,"{"total":15,"location_name":"Mustika","location_id":9}"
2026-09-08 16:45:21,EEST,10,Suur-Paala,8,success,"{"total":8,"location_name":"Suur-Paala","location_id":10}"
2026-09-08 16:47:22,EEST,1,Hipodroom,2,success,"{"total":2,"location_name":"Hipodroom","location_id":1}"
2026-09-08 16:47:22,EEST,3,T1,28,success,"{"total":28,"location_name":"T1 Shopping Mall","location_id":3}"
2026-09-08 16:47:22,EEST,9,Mustika,15,success,"{"total":15,"location_name":"Mustika","location_id":9}"
2026-09-08 16:47:22,EEST,10,Suur-Paala,8,success,"{"total":8,"location_name":"Suur-Paala","location_id":10}"
2026-09-08 16:49:22,EEST,1,Hipodroom,2,success,"{"total":2,"location_name":"Hipodroom","location_id":1}"
2026-09-08 16:49:22,EEST,3,T1,29,success,"{"total":29,"location_name":"T1 Shopping Mall","location_id":3}"
2026-09-08 16:49:22,EEST,9,Mustika,16,success,"{"total":16,"location_name":"Mustika","location_id":9}"
2026-09-08 16:49:22,EEST,10,Suur-Paala,8,success,"{"total":8,"location_name":"Suur-Paala","location_id":10}"
2026-09-08 16:51:23,EEST,1,Hipodroom,2,success,"{"total":2,"location_name":"Hipodroom","location_id":1}"
2026-09-08 16:51:23,EEST,3,T1,29,success,"{"total":29,"location_name":"T1 Shopping Mall","location_id":3}"
2026-09-08 16:51:23,EEST,9,Mustika,16,success,"{"total":16,"location_name":"Mustika","location_id":9}"
2026-09-08 16:51:23,EEST,10,Suur-Paala,8,success,"{"total":8,"location_name":"Suur-Paala","location_id":10}"
2026-09-08 16:53:24,EEST,1,Hipodroom,2,success,"{"total":2,"location_name":"Hipodroom","location_id":1}"
2026-09-08 16:53:24,EEST,3,T1,29,success,"{"total":29,"location_name":"T1 Shopping Mall","location_id":3}"
2026-09-08 16:53:24,EEST,9,Mustika,16,success,"{"total":16,"location_name":"Mustika","location_id":9}"
2026-09-08 16:53:24,EEST,10,Suur-Paala,8,success,"{"total":8,"location_name":"Suur-Paala","location_id":10}"
2026-09-08 16:55:24,EEST,1,Hipodroom,2,success,"{"total":2,"location_name":"Hipodroom","location_id":1}"
2026-09-08 16:55:24,EEST,3,T1,30,success,"{"total":30,"location_name":"T1 Shopping Mall","location_id":3}"
2026-09-08 16:55:24,EEST,9,Mustika,18,success,"{"total":18,"location_name":"Mustika","location_id":9}"
2026-09-08 16:55:24,EEST,10,Suur-Paala,8,success,"{"total":8,"location_name":"Suur-Paala","location_id":10}"
2026-09-08 16:57:25,EEST,1,Hipodroom,2,success,"{"total":2,"location_name":"Hipodroom","location_id":1}"
2026-09-08 16:57:25,EEST,3,T1,30,success,"{"total":30,"location_name":"T1 Shopping Mall","location_id":3}"
2026-09-08 16:57:25,EEST,9,Mustika,18,success,"{"total":18,"location_name":"Mustika","location_id":9}"
2026-09-08 16:57:25,EEST,10,Suur-Paala,8,success,"{"total":8,"location_name":"Suur-Paala","location_id":10}"
2026-09-08 16:59:25,EEST,1,Hipodroom,2,success,"{"total":2,"location_name":"Hipodroom","location_id":1}"
2026-09-08 16:59:25,EEST,3,T1,30,success,"{"total":30,"location_name":"T1 Shopping Mall","location_id":3}"
2026-09-08 16:59:25,EEST,9,Mustika,18,success,"{"total":18,"location_name":"Mustika","location_id":9}"
2026-09-08 16:59:25,EEST,10,Suur-Paala,8,success,"{"total":8,"location_name":"Suur-Paala","location_id":10}"
2026-09-08 17:01:26,EEST,1,Hipodroom,2,success,"{"total":2,"location_name":"Hipodroom","location_id":1}"
2026-09-08 17:01:26,EEST,3,T1,31,success,"{"total":31,"location_name":"T1 Shopping Mall","location_id":3}"
2026-09-08 17:01:26,EEST,9,Mustika,20,success,"{"total":20,"location_name":"Mustika","location_id":9}"
2026-09-08 17:01:26,EEST,10,Suur-Paala,8,success,"{"total":8,"location_name":"Suur-Paala","location_id":10}"
2026-09-08 17:03:26,EEST,1,Hipodroom,2,success,"{"total":2,"location_name":"Hipodroom","location_id":1}"
2026-09-08 17:03:26,EEST,3,T1,31,success,"{"total":31,"location_name":"T1 Shopping Mall","location_id":3}"
2026-09-08 17:03:26,EEST,9,Mustika,20,success,"{"total":20,"location_name":"Mustika","location_id":9}"
2026-09-08 17:03:26,EEST,10,Suur-Paala,8,success,"{"total":8,"location_name":"Suur-Paala","location_id":10}"
2026-09-08 17:05:27,EEST,1,Hipodroom,2,success,"{"total":2,"location_name":"Hipodroom","location_id":1}"
2026-09-08 17:05:27,EEST,3,T1,31,success,"{"total":31,"location_name":"T1 Shopping Mall","location_id":3}"
2026-09-08 17:05:27,EEST,9,Mustika,20,success,"{"total":20,"location_name":"Mustika","location_id":9}"
2026-09-08 17:05:27,EEST,10,Suur-Paala,9,success,"{"total":9,"location_name":"Suur-Paala","location_id":10}"
2026-09-08 17:07:27,EEST,1,Hipodroom,2,success,"{"total":2,"location_name":"Hipodroom","location_id":1}"
2026-09-08 17:07:27,EEST,3,T1,31,success,"{"total":31,"location_name":"T1 Shopping Mall","location_id":3}"
2026-09-08 17:07:27,EEST,9,Mustika,20,success,"{"total":20,"location_name":"Mustika","location_id":9}"
2026-09-08 17:07:27,EEST,10,Suur-Paala,9,success,"{"total":9,"location_name":"Suur-Paala","location_id":10}"
2026-09-08 17:09:28,EEST,1,Hipodroom,2,success,"{"total":2,"location_name":"Hipodroom","location_id":1}"
2026-09-08 17:09:28,EEST,3,T1,31,success,"{"total":31,"location_name":"T1 Shopping Mall","location_id":3}"
2026-09-08 17:09:28,EEST,9,Mustika,20,success,"{"total":20,"location_name":"Mustika","location_id":9}"
2026-09-08 17:09:28,EEST,10,Suur-Paala,9,success,"{"total":9,"location_name":"Suur-Paala","location_id":10}"
2026-09-08 17:11:28,EEST,1,Hipodroom,2,success,"{"total":2,"location_name":"Hipodroom","location_id":1}"
2026-09-08 17:11:28,EEST,3,T1,31,success,"{"total":31,"location_name":"T1 Shopping Mall","location_id":3}"
2026-09-08 17:11:28,EEST,9,Mustika,20,success,"{"total":20,"location_name":"Mustika","location_id":9}"
2026-09-08 17:11:28,EEST,10,Suur-Paala,9,success,"{"total":9,"location_name":"Suur-Paala","location_id":10}"
2026-09-08 17:13:29,EEST,1,Hipodroom,2,success,"{"total":2,"location_name":"Hipodroom","location_id":1}"
2026-09-08 17:13:29,EEST,3,T1,31,success,"{"total":31,"location_name":"T1 Shopping Mall","location_id":3}"
2026-09-08 17:13:29,EEST,9,Mustika,20,success,"{"total":20,"location_name":"Mustika","location_id":9}"
2026-09-08 17:13:29,EEST,10,Suur-Paala,9,success,"{"total":9,"location_name":"Suur-Paala","location_id":10}"
2026-09-08 17:15:29,EEST,1,Hipodroom,2,success,"{"total":2,"location_name":"Hipodroom","location_id":1}"
2026-09-08 17:15:29,EEST,3,T1,31,success,"{"total":31,"location_name":"T1 Shopping Mall","location_id":3}"
2026-09-08 17:15:29,EEST,9,Mustika,20,success,"{"total":20,"location_name":"Mustika","location_id":9}"
2026-09-08 17:15:29,EEST,10,Suur-Paala,9,success,"{"total":9,"location_name":"Suur-Paala","location_id":10}"
2026-09-08 17:17:30,EEST,1,Hipodroom,2,success,"{"total":2,"location_name":"Hipodroom","location_id":1}"
2026-09-08 17:17:30,EEST,3,T1,31,success,"{"total":31,"location_name":"T1 Shopping Mall","location_id":3}"
2026-09-08 17:17:30,EEST,9,Mustika,20,success,"{"total":20,"location_name":"Mustika","location_id":9}"
2026-09-08 17:17:30,EEST,10,Suur-Paala,8,success,"{"total":8,"location_name":"Suur-Paala","location_id":10}"
2026-09-08 17:19:30,EEST,1,Hipodroom,3,success,"{"total":3,"location_name":"Hipodroom","location_id":1}"
2026-09-08 17:19:30,EEST,3,T1,32,success,"{"total":32,"location_name":"T1 Shopping Mall","location_id":3}"
2026-09-08 17:19:30,EEST,9,Mustika,23,success,"{"total":23,"location_name":"Mustika","location_id":9}"
2026-09-08 17:19:30,EEST,10,Suur-Paala,8,success,"{"total":8,"location_name":"Suur-Paala","location_id":10}"
2026-09-08 17:21:31,EEST,1,Hipodroom,3,success,"{"total":3,"location_name":"Hipodroom","location_id":1}"
2026-09-08 17:21:31,EEST,3,T1,32,success,"{"total":32,"location_name":"T1 Shopping Mall","location_id":3}"
2026-09-08 17:21:31,EEST,9,Mustika,23,success,"{"total":23,"location_name":"Mustika","location_id":9}"
2026-09-08 17:21:31,EEST,10,Suur-Paala,8,success,"{"total":8,"location_name":"Suur-Paala","location_id":10}"
2026-09-08 17:23:33,EEST,1,Hipodroom,3,success,"{"total":3,"location_name":"Hipodroom","location_id":1}"
2026-09-08 17:23:33,EEST,3,T1,32,success,"{"total":32,"location_name":"T1 Shopping Mall","location_id":3}"
2026-09-08 17:23:33,EEST,9,Mustika,23,success,"{"total":23,"location_name":"Mustika","location_id":9}"
2026-09-08 17:23:33,EEST,10,Suur-Paala,8,success,"{"total":8,"location_name":"Suur-Paala","location_id":10}"
2026-09-08 17:25:34,EEST,1,Hipodroom,5,success,"{"total":5,"location_name":"Hipodroom","location_id":1}"
2026-09-08 17:25:34,EEST,3,T1,33,success,"{"total":33,"location_name":"T1 Shopping Mall","location_id":3}"
2026-09-08 17:25:34,EEST,9,Mustika,27,success,"{"total":27,"location_name":"Mustika","location_id":9}"
2026-09-08 17:25:34,EEST,10,Suur-Paala,8,success,"{"total":8,"location_name":"Suur-Paala","location_id":10}"
2026-09-08 17:27:34,EEST,1,Hipodroom,5,success,"{"total":5,"location_name":"Hipodroom","location_id":1}"
2026-09-08 17:27:34,EEST,3,T1,33,success,"{"total":33,"location_name":"T1 Shopping Mall","location_id":3}"
2026-09-08 17:27:34,EEST,9,Mustika,27,success,"{"total":27,"location_name":"Mustika","location_id":9}"
2026-09-08 17:27:34,EEST,10,Suur-Paala,8,success,"{"total":8,"location_name":"Suur-Paala","location_id":10}"
2026-09-08 17:29:35,EEST,1,Hipodroom,5,success,"{"total":5,"location_name":"Hipodroom","location_id":1}"
2026-09-08 17:29:35,EEST,3,T1,33,success,"{"total":33,"location_name":"T1 Shopping Mall","location_id":3}"
2026-09-08 17:29:35,EEST,9,Mustika,27,success,"{"total":27,"location_name":"Mustika","location_id":9}"
2026-09-08 17:29:35,EEST,10,Suur-Paala,8,success,"{"total":8,"location_name":"Suur-Paala","location_id":10}"
2026-09-08 17:31:36,EEST,1,Hipodroom,5,success,"{"total":5,"location_name":"Hipodroom","location_id":1}"
2026-09-08 17:31:36,EEST,3,T1,33,success,"{"total":33,"location_name":"T1 Shopping Mall","location_id":3}"
2026-09-08 17:31:36,EEST,9,Mustika,31,success,"{"total":31,"location_name":"Mustika","location_id":9}"
2026-09-08 17:31:36,EEST,10,Suur-Paala,8,success,"{"total":8,"location_name":"Suur-Paala","location_id":10}"
2026-09-08 17:33:36,EEST,1,Hipodroom,5,success,"{"total":5,"location_name":"Hipodroom","location_id":1}"
2026-09-08 17:33:36,EEST,3,T1,33,success,"{"total":33,"location_name":"T1 Shopping Mall","location_id":3}"
2026-09-08 17:33:36,EEST,9,Mustika,31,success,"{"total":31,"location_name":"Mustika","location_id":9}"
2026-09-08 17:33:36,EEST,10,Suur-Paala,8,success,"{"total":8,"location_name":"Suur-Paala","location_id":10}"
2026-09-08 17:35:37,EEST,1,Hipodroom,5,success,"{"total":5,"location_name":"Hipodroom","location_id":1}"
2026-09-08 17:35:37,EEST,3,T1,33,success,"{"total":33,"location_name":"T1 Shopping Mall","location_id":3}"
2026-09-08 17:35:37,EEST,9,Mustika,31,success,"{"total":31,"location_name":"Mustika","location_id":9}"
2026-09-08 17:35:37,EEST,10,Suur-Paala,8,success,"{"total":8,"location_name":"Suur-Paala","location_id":10}"
2026-09-08 17:37:37,EEST,1,Hipodroom,5,success,"{"total":5,"location_name":"Hipodroom","location_id":1}"
2026-09-08 17:37:37,EEST,3,T1,33,success,"{"total":33,"location_name":"T1 Shopping Mall","location_id":3}"
2026-09-08 17:37:37,EEST,9,Mustika,34,success,"{"total":34,"location_name":"Mustika","location_id":9}"
2026-09-08 17:37:37,EEST,10,Suur-Paala,8,success,"{"total":8,"location_name":"Suur-Paala","location_id":10}"
2026-09-08 17:39:38,EEST,1,Hipodroom,5,success,"{"total":5,"location_name":"Hipodroom","location_id":1}"
2026-09-08 17:39:38,EEST,3,T1,33,success,"{"total":33,"location_name":"T1 Shopping Mall","location_id":3}"
2026-09-08 17:39:38,EEST,9,Mustika,34,success,"{"total":34,"location_name":"Mustika","location_id":9}"
2026-09-08 17:39:38,EEST,10,Suur-Paala,8,success,"{"total":8,"location_name":"Suur-Paala","location_id":10}"
2026-09-08 17:41:38,EEST,1,Hipodroom,5,success,"{"total":5,"location_name":"Hipodroom","location_id":1}"
2026-09-08 17:41:38,EEST,3,T1,33,success,"{"total":33,"location_name":"T1 Shopping Mall","location_id":3}"
2026-09-08 17:41:38,EEST,9,Mustika,34,success,"{"total":34,"location_name":"Mustika","location_id":9}"
2026-09-08 17:41:38,EEST,10,Suur-Paala,9,success,"{"total":9,"location_name":"Suur-Paala","location_id":10}"
2026-09-08 17:43:39,EEST,1,Hipodroom,4,success,"{"total":4,"location_name":"Hipodroom","location_id":1}"
2026-09-08 17:43:39,EEST,3,T1,33,success,"{"total":33,"location_name":"T1 Shopping Mall","location_id":3}"
2026-09-08 17:43:39,EEST,9,Mustika,34,success,"{"total":34,"location_name":"Mustika","location_id":9}"
2026-09-08 17:43:39,EEST,10,Suur-Paala,9,success,"{"total":9,"location_name":"Suur-Paala","location_id":10}"
2026-09-08 17:45:40,EEST,1,Hipodroom,4,success,"{"total":4,"location_name":"Hipodroom","location_id":1}"
2026-09-08 17:45:40,EEST,3,T1,33,success,"{"total":33,"location_name":"T1 Shopping Mall","location_id":3}"
2026-09-08 17:45:40,EEST,9,Mustika,34,success,"{"total":34,"location_name":"Mustika","location_id":9}"
2026-09-08 17:45:40,EEST,10,Suur-Paala,9,success,"{"total":9,"location_name":"Suur-Paala","location_id":10}"
2026-09-08 17:47:40,EEST,1,Hipodroom,4,success,"{"total":4,"location_name":"Hipodroom","location_id":1}"
2026-09-08 17:47:40,EEST,3,T1,33,success,"{"total":33,"location_name":"T1 Shopping Mall","location_id":3}"
2026-09-08 17:47:40,EEST,9,Mustika,34,success,"{"total":34,"location_name":"Mustika","location_id":9}"
2026-09-08 17:47:40,EEST,10,Suur-Paala,10,success,"{"total":10,"location_name":"Suur-Paala","location_id":10}"
2026-09-08 17:49:41,EEST,1,Hipodroom,4,success,"{"total":4,"location_name":"Hipodroom","location_id":1}"
2026-09-08 17:49:41,EEST,3,T1,35,success,"{"total":35,"location_name":"T1 Shopping Mall","location_id":3}"
2026-09-08 17:49:41,EEST,9,Mustika,35,success,"{"total":35,"location_name":"Mustika","location_id":9}"
2026-09-08 17:49:41,EEST,10,Suur-Paala,10,success,"{"total":10,"location_name":"Suur-Paala","location_id":10}"
2026-09-08 17:51:42,EEST,1,Hipodroom,4,success,"{"total":4,"location_name":"Hipodroom","location_id":1}"
2026-09-08 17:51:42,EEST,3,T1,35,success,"{"total":35,"location_name":"T1 Shopping Mall","location_id":3}"
2026-09-08 17:51:42,EEST,9,Mustika,35,success,"{"total":35,"location_name":"Mustika","location_id":9}"
2026-09-08 17:51:42,EEST,10,Suur-Paala,10,success,"{"total":10,"location_name":"Suur-Paala","location_id":10}"
2026-09-08 17:53:42,EEST,1,Hipodroom,4,success,"{"total":4,"location_name":"Hipodroom","location_id":1}"
2026-09-08 17:53:42,EEST,3,T1,35,success,"{"total":35,"location_name":"T1 Shopping Mall","location_id":3}"
2026-09-08 17:53:42,EEST,9,Mustika,35,success,"{"total":35,"location_name":"Mustika","location_id":9}"
2026-09-08 17:53:42,EEST,10,Suur-Paala,11,success,"{"total":11,"location_name":"Suur-Paala","location_id":10}"
2026-09-08 17:55:43,EEST,1,Hipodroom,4,success,"{"total":4,"location_name":"Hipodroom","location_id":1}"
2026-09-08 17:55:43,EEST,3,T1,36,success,"{"total":36,"location_name":"T1 Shopping Mall","location_id":3}"
2026-09-08 17:55:43,EEST,9,Mustika,37,success,"{"total":37,"location_name":"Mustika","location_id":9}"
2026-09-08 17:55:43,EEST,10,Suur-Paala,11,success,"{"total":11,"location_name":"Suur-Paala","location_id":10}"
2026-09-08 17:57:43,EEST,1,Hipodroom,4,success,"{"total":4,"location_name":"Hipodroom","location_id":1}"
2026-09-08 17:57:43,EEST,3,T1,36,success,"{"total":36,"location_name":"T1 Shopping Mall","location_id":3}"
2026-09-08 17:57:43,EEST,9,Mustika,37,success,"{"total":37,"location_name":"Mustika","location_id":9}"
2026-09-08 17:57:43,EEST,10,Suur-Paala,11,success,"{"total":11,"location_name":"Suur-Paala","location_id":10}"
2026-09-08 17:59:44,EEST,1,Hipodroom,4,success,"{"total":4,"location_name":"Hipodroom","location_id":1}"
2026-09-08 17:59:44,EEST,3,T1,36,success,"{"total":36,"location_name":"T1 Shopping Mall","location_id":3}"
2026-09-08 17:59:44,EEST,9,Mustika,37,success,"{"total":37,"location_name":"Mustika","location_id":9}"
2026-09-08 17:59:44,EEST,10,Suur-Paala,13,success,"{"total":13,"location_name":"Suur-Paala","location_id":10}"
2026-09-08 18:01:44,EEST,1,Hipodroom,4,success,"{"total":4,"location_name":"Hipodroom","location_id":1}"
2026-09-08 18:01:44,EEST,3,T1,38,success,"{"total":38,"location_name":"T1 Shopping Mall","location_id":3}"
2026-09-08 18:01:44,EEST,9,Mustika,39,success,"{"total":39,"location_name":"Mustika","location_id":9}"
2026-09-08 18:01:44,EEST,10,Suur-Paala,13,success,"{"total":13,"location_name":"Suur-Paala","location_id":10}"
2026-09-08 18:03:45,EEST,1,Hipodroom,4,success,"{"total":4,"location_name":"Hipodroom","location_id":1}"
2026-09-08 18:03:45,EEST,3,T1,38,success,"{"total":38,"location_name":"T1 Shopping Mall","location_id":3}"
2026-09-08 18:03:45,EEST,9,Mustika,39,success,"{"total":39,"location_name":"Mustika","location_id":9}"
2026-09-08 18:03:45,EEST,10,Suur-Paala,13,success,"{"total":13,"location_name":"Suur-Paala","location_id":10}"
2026-09-08 18:05:46,EEST,1,Hipodroom,4,success,"{"total":4,"location_name":"Hipodroom","location_id":1}"
2026-09-08 18:05:46,EEST,3,T1,38,success,"{"total":38,"location_name":"T1 Shopping Mall","location_id":3}"
2026-09-08 18:05:46,EEST,9,Mustika,39,success,"{"total":39,"location_name":"Mustika","location_id":9}"
2026-09-08 18:05:46,EEST,10,Suur-Paala,15,success,"{"total":15,"location_name":"Suur-Paala","location_id":10}"
2026-09-08 18:07:46,EEST,1,Hipodroom,5,success,"{"total":5,"location_name":"Hipodroom","location_id":1}"
2026-09-08 18:07:46,EEST,3,T1,39,success,"{"total":39,"location_name":"T1 Shopping Mall","location_id":3}"
2026-09-08 18:07:46,EEST,9,Mustika,40,success,"{"total":40,"location_name":"Mustika","location_id":9}"
2026-09-08 18:07:46,EEST,10,Suur-Paala,15,success,"{"total":15,"location_name":"Suur-Paala","location_id":10}"
2026-09-08 18:09:47,EEST,1,Hipodroom,5,success,"{"total":5,"location_name":"Hipodroom","location_id":1}"
2026-09-08 18:09:47,EEST,3,T1,39,success,"{"total":39,"location_name":"T1 Shopping Mall","location_id":3}"
2026-09-08 18:09:47,EEST,9,Mustika,40,success,"{"total":40,"location_name":"Mustika","location_id":9}"
2026-09-08 18:09:47,EEST,10,Suur-Paala,15,success,"{"total":15,"location_name":"Suur-Paala","location_id":10}"
2026-09-08 18:11:47,EEST,1,Hipodroom,5,success,"{"total":5,"location_name":"Hipodroom","location_id":1}"
2026-09-08 18:11:47,EEST,3,T1,39,success,"{"total":39,"location_name":"T1 Shopping Mall","location_id":3}"
2026-09-08 18:11:47,EEST,9,Mustika,40,success,"{"total":40,"location_name":"Mustika","location_id":9}"
2026-09-08 18:11:47,EEST,10,Suur-Paala,19,success,"{"total":19,"location_name":"Suur-Paala","location_id":10}"
2026-09-08 18:13:48,EEST,1,Hipodroom,6,success,"{"total":6,"location_name":"Hipodroom","location_id":1}"
2026-09-08 18:13:48,EEST,3,T1,42,success,"{"total":42,"location_name":"T1 Shopping Mall","location_id":3}"
2026-09-08 18:13:48,EEST,9,Mustika,41,success,"{"total":41,"location_name":"Mustika","location_id":9}"
2026-09-08 18:13:48,EEST,10,Suur-Paala,19,success,"{"total":19,"location_name":"Suur-Paala","location_id":10}"
2026-09-08 18:15:48,EEST,1,Hipodroom,6,success,"{"total":6,"location_name":"Hipodroom","location_id":1}"
2026-09-08 18:15:48,EEST,3,T1,42,success,"{"total":42,"location_name":"T1 Shopping Mall","location_id":3}"
2026-09-08 18:15:48,EEST,9,Mustika,41,success,"{"total":41,"location_name":"Mustika","location_id":9}"
2026-09-08 18:15:48,EEST,10,Suur-Paala,19,success,"{"total":19,"location_name":"Suur-Paala","location_id":10}"
2026-09-08 18:17:49,EEST,1,Hipodroom,6,success,"{"total":6,"location_name":"Hipodroom","location_id":1}"
2026-09-08 18:17:49,EEST,3,T1,42,success,"{"total":42,"location_name":"T1 Shopping Mall","location_id":3}"
2026-09-08 18:17:49,EEST,9,Mustika,41,success,"{"total":41,"location_name":"Mustika","location_id":9}"
2026-09-08 18:17:49,EEST,10,Suur-Paala,21,success,"{"total":21,"location_name":"Suur-Paala","location_id":10}"
2026-09-08 18:19:50,EEST,1,Hipodroom,6,success,"{"total":6,"location_name":"Hipodroom","location_id":1}"
2026-09-08 18:19:50,EEST,3,T1,43,success,"{"total":43,"location_name":"T1 Shopping Mall","location_id":3}"
2026-09-08 18:19:50,EEST,9,Mustika,41,success,"{"total":41,"location_name":"Mustika","location_id":9}"
2026-09-08 18:19:50,EEST,10,Suur-Paala,21,success,"{"total":21,"location_name":"Suur-Paala","location_id":10}"
2026-09-08 18:21:50,EEST,1,Hipodroom,6,success,"{"total":6,"location_name":"Hipodroom","location_id":1}"
2026-09-08 18:21:50,EEST,3,T1,43,success,"{"total":43,"location_name":"T1 Shopping Mall","location_id":3}"
2026-09-08 18:21:50,EEST,9,Mustika,41,success,"{"total":41,"location_name":"Mustika","location_id":9}"
2026-09-08 18:21:50,EEST,10,Suur-Paala,21,success,"{"total":21,"location_name":"Suur-Paala","location_id":10}"
2026-09-08 18:23:51,EEST,1,Hipodroom,6,success,"{"total":6,"location_name":"Hipodroom","location_id":1}"
2026-09-08 18:23:51,EEST,3,T1,43,success,"{"total":43,"location_name":"T1 Shopping Mall","location_id":3}"
2026-09-08 18:23:51,EEST,9,Mustika,41,success,"{"total":41,"location_name":"Mustika","location_id":9}"
2026-09-08 18:23:51,EEST,10,Suur-Paala,21,success,"{"total":21,"location_name":"Suur-Paala","location_id":10}"
2026-09-08 18:25:52,EEST,1,Hipodroom,6,success,"{"total":6,"location_name":"Hipodroom","location_id":1}"
2026-09-08 18:25:52,EEST,3,T1,42,success,"{"total":42,"location_name":"T1 Shopping Mall","location_id":3}"
2026-09-08 18:25:52,EEST,9,Mustika,41,success,"{"total":41,"location_name":"Mustika","location_id":9}"
2026-09-08 18:25:52,EEST,10,Suur-Paala,21,success,"{"total":21,"location_name":"Suur-Paala","location_id":10}"
2026-09-08 18:27:52,EEST,1,Hipodroom,6,success,"{"total":6,"location_name":"Hipodroom","location_id":1}"
2026-09-08 18:27:52,EEST,3,T1,42,success,"{"total":42,"location_name":"T1 Shopping Mall","location_id":3}"
2026-09-08 18:27:52,EEST,9,Mustika,41,success,"{"total":41,"location_name":"Mustika","location_id":9}"
2026-09-08 18:27:52,EEST,10,Suur-Paala,21,success,"{"total":21,"location_name":"Suur-Paala","location_id":10}"
2026-09-08 18:29:53,EEST,1,Hipodroom,6,success,"{"total":6,"location_name":"Hipodroom","location_id":1}"
2026-09-08 18:29:53,EEST,3,T1,42,success,"{"total":42,"location_name":"T1 Shopping Mall","location_id":3}"
2026-09-08 18:29:53,EEST,9,Mustika,41,success,"{"total":41,"location_name":"Mustika","location_id":9}"
2026-09-08 18:29:53,EEST,10,Suur-Paala,21,success,"{"total":21,"location_name":"Suur-Paala","location_id":10}"
2026-09-08 18:31:53,EEST,1,Hipodroom,6,success,"{"total":6,"location_name":"Hipodroom","location_id":1}"
2026-09-08 18:31:53,EEST,3,T1,48,success,"{"total":48,"location_name":"T1 Shopping Mall","location_id":3}"
2026-09-08 18:31:53,EEST,9,Mustika,42,success,"{"total":42,"location_name":"Mustika","location_id":9}"
2026-09-08 18:31:53,EEST,10,Suur-Paala,21,success,"{"total":21,"location_name":"Suur-Paala","location_id":10}"
2026-09-08 18:33:54,EEST,1,Hipodroom,6,success,"{"total":6,"location_name":"Hipodroom","location_id":1}"
2026-09-08 18:33:54,EEST,3,T1,48,success,"{"total":48,"location_name":"T1 Shopping Mall","location_id":3}"
2026-09-08 18:33:54,EEST,9,Mustika,42,success,"{"total":42,"location_name":"Mustika","location_id":9}"
2026-09-08 18:33:54,EEST,10,Suur-Paala,21,success,"{"total":21,"location_name":"Suur-Paala","location_id":10}"
2026-09-08 18:35:54,EEST,1,Hipodroom,6,success,"{"total":6,"location_name":"Hipodroom","location_id":1}"
2026-09-08 18:35:54,EEST,3,T1,48,success,"{"total":48,"location_name":"T1 Shopping Mall","location_id":3}"
2026-09-08 18:35:54,EEST,9,Mustika,42,success,"{"total":42,"location_name":"Mustika","location_id":9}"
2026-09-08 18:35:54,EEST,10,Suur-Paala,22,success,"{"total":22,"location_name":"Suur-Paala","location_id":10}"
2026-09-08 18:37:55,EEST,1,Hipodroom,6,success,"{"total":6,"location_name":"Hipodroom","location_id":1}"
2026-09-08 18:37:55,EEST,3,T1,51,success,"{"total":51,"location_name":"T1 Shopping Mall","location_id":3}"
2026-09-08 18:37:55,EEST,9,Mustika,42,success,"{"total":42,"location_name":"Mustika","location_id":9}"
2026-09-08 18:37:55,EEST,10,Suur-Paala,22,success,"{"total":22,"location_name":"Suur-Paala","location_id":10}"
2026-09-08 18:39:56,EEST,1,Hipodroom,6,success,"{"total":6,"location_name":"Hipodroom","location_id":1}"
2026-09-08 18:39:56,EEST,3,T1,51,success,"{"total":51,"location_name":"T1 Shopping Mall","location_id":3}"
2026-09-08 18:39:56,EEST,9,Mustika,42,success,"{"total":42,"location_name":"Mustika","location_id":9}"
2026-09-08 18:39:56,EEST,10,Suur-Paala,22,success,"{"total":22,"location_name":"Suur-Paala","location_id":10}"
2026-09-08 18:41:57,EEST,1,Hipodroom,6,success,"{"total":6,"location_name":"Hipodroom","location_id":1}"
2026-09-08 18:41:57,EEST,3,T1,51,success,"{"total":51,"location_name":"T1 Shopping Mall","location_id":3}"
2026-09-08 18:41:57,EEST,9,Mustika,42,success,"{"total":42,"location_name":"Mustika","location_id":9}"
2026-09-08 18:41:57,EEST,10,Suur-Paala,22,success,"{"total":22,"location_name":"Suur-Paala","location_id":10}"
2026-09-08 18:43:58,EEST,1,Hipodroom,7,success,"{"total":7,"location_name":"Hipodroom","location_id":1}"
2026-09-08 18:43:58,EEST,3,T1,50,success,"{"total":50,"location_name":"T1 Shopping Mall","location_id":3}"
2026-09-08 18:43:58,EEST,9,Mustika,43,success,"{"total":43,"location_name":"Mustika","location_id":9}"
2026-09-08 18:43:58,EEST,10,Suur-Paala,22,success,"{"total":22,"location_name":"Suur-Paala","location_id":10}"
2026-09-08 18:45:59,EEST,1,Hipodroom,7,success,"{"total":7,"location_name":"Hipodroom","location_id":1}"
2026-09-08 18:45:59,EEST,3,T1,50,success,"{"total":50,"location_name":"T1 Shopping Mall","location_id":3}"
2026-09-08 18:45:59,EEST,9,Mustika,43,success,"{"total":43,"location_name":"Mustika","location_id":9}"
2026-09-08 18:45:59,EEST,10,Suur-Paala,22,success,"{"total":22,"location_name":"Suur-Paala","location_id":10}"
2026-09-08 18:48:00,EEST,1,Hipodroom,7,success,"{"total":7,"location_name":"Hipodroom","location_id":1}"
2026-09-08 18:48:00,EEST,3,T1,50,success,"{"total":50,"location_name":"T1 Shopping Mall","location_id":3}"
2026-09-08 18:48:00,EEST,9,Mustika,43,success,"{"total":43,"location_name":"Mustika","location_id":9}"
2026-09-08 18:48:00,EEST,10,Suur-Paala,21,success,"{"total":21,"location_name":"Suur-Paala","location_id":10}"
2026-09-08 18:50:00,EEST,1,Hipodroom,7,success,"{"total":7,"location_name":"Hipodroom","location_id":1}"
2026-09-08 18:50:00,EEST,3,T1,53,success,"{"total":53,"location_name":"T1 Shopping Mall","location_id":3}"
2026-09-08 18:50:00,EEST,9,Mustika,43,success,"{"total":43,"location_name":"Mustika","location_id":9}"
2026-09-08 18:50:00,EEST,10,Suur-Paala,21,success,"{"total":21,"location_name":"Suur-Paala","location_id":10}"
2026-09-08 18:52:01,EEST,1,Hipodroom,7,success,"{"total":7,"location_name":"Hipodroom","location_id":1}"
2026-09-08 18:52:01,EEST,3,T1,53,success,"{"total":53,"location_name":"T1 Shopping Mall","location_id":3}"
2026-09-08 18:52:01,EEST,9,Mustika,43,success,"{"total":43,"location_name":"Mustika","location_id":9}"
2026-09-08 18:52:01,EEST,10,Suur-Paala,21,success,"{"total":21,"location_name":"Suur-Paala","location_id":10}"
2026-09-08 18:54:02,EEST,1,Hipodroom,7,success,"{"total":7,"location_name":"Hipodroom","location_id":1}"
2026-09-08 18:54:02,EEST,3,T1,50,success,"{"total":50,"location_name":"T1 Shopping Mall","location_id":3}"
2026-09-08 18:54:02,EEST,9,Mustika,44,success,"{"total":44,"location_name":"Mustika","location_id":9}"
2026-09-08 18:54:02,EEST,10,Suur-Paala,20,success,"{"total":20,"location_name":"Suur-Paala","location_id":10}"
2026-09-08 18:56:02,EEST,1,Hipodroom,7,success,"{"total":7,"location_name":"Hipodroom","location_id":1}"
2026-09-08 18:56:02,EEST,3,T1,50,success,"{"total":50,"location_name":"T1 Shopping Mall","location_id":3}"
2026-09-08 18:56:02,EEST,9,Mustika,44,success,"{"total":44,"location_name":"Mustika","location_id":9}"
2026-09-08 18:56:02,EEST,10,Suur-Paala,20,success,"{"total":20,"location_name":"Suur-Paala","location_id":10}"
2026-09-08 18:58:03,EEST,1,Hipodroom,7,success,"{"total":7,"location_name":"Hipodroom","location_id":1}"
2026-09-08 18:58:03,EEST,3,T1,50,success,"{"total":50,"location_name":"T1 Shopping Mall","location_id":3}"
2026-09-08 18:58:03,EEST,9,Mustika,44,success,"{"total":44,"location_name":"Mustika","location_id":9}"
2026-09-08 18:58:03,EEST,10,Suur-Paala,20,success,"{"total":20,"location_name":"Suur-Paala","location_id":10}"
2026-09-08 19:00:03,EEST,1,Hipodroom,6,success,"{"total":6,"location_name":"Hipodroom","location_id":1}"
2026-09-08 19:00:03,EEST,3,T1,49,success,"{"total":49,"location_name":"T1 Shopping Mall","location_id":3}"
2026-09-08 19:00:03,EEST,9,Mustika,45,success,"{"total":45,"location_name":"Mustika","location_id":9}"
2026-09-08 19:00:03,EEST,10,Suur-Paala,20,success,"{"total":20,"location_name":"Suur-Paala","location_id":10}"
2026-09-08 19:02:04,EEST,1,Hipodroom,6,success,"{"total":6,"location_name":"Hipodroom","location_id":1}"
2026-09-08 19:02:04,EEST,3,T1,49,success,"{"total":49,"location_name":"T1 Shopping Mall","location_id":3}"
2026-09-08 19:02:04,EEST,9,Mustika,45,success,"{"total":45,"location_name":"Mustika","location_id":9}"
2026-09-08 19:02:04,EEST,10,Suur-Paala,20,success,"{"total":20,"location_name":"Suur-Paala","location_id":10}"
2026-09-08 19:04:04,EEST,1,Hipodroom,6,success,"{"total":6,"location_name":"Hipodroom","location_id":1}"
2026-09-08 19:04:04,EEST,3,T1,49,success,"{"total":49,"location_name":"T1 Shopping Mall","location_id":3}"
2026-09-08 19:04:04,EEST,9,Mustika,45,success,"{"total":45,"location_name":"Mustika","location_id":9}"
2026-09-08 19:04:04,EEST,10,Suur-Paala,20,success,"{"total":20,"location_name":"Suur-Paala","location_id":10}"
2026-09-08 19:06:05,EEST,1,Hipodroom,8,success,"{"total":8,"location_name":"Hipodroom","location_id":1}"
2026-09-08 19:06:05,EEST,3,T1,49,success,"{"total":49,"location_name":"T1 Shopping Mall","location_id":3}"
2026-09-08 19:06:05,EEST,9,Mustika,45,success,"{"total":45,"location_name":"Mustika","location_id":9}"
2026-09-08 19:06:05,EEST,10,Suur-Paala,21,success,"{"total":21,"location_name":"Suur-Paala","location_id":10}"
2026-09-08 19:08:06,EEST,1,Hipodroom,8,success,"{"total":8,"location_name":"Hipodroom","location_id":1}"
2026-09-08 19:08:06,EEST,3,T1,49,success,"{"total":49,"location_name":"T1 Shopping Mall","location_id":3}"
2026-09-08 19:08:06,EEST,9,Mustika,45,success,"{"total":45,"location_name":"Mustika","location_id":9}"
2026-09-08 19:08:06,EEST,10,Suur-Paala,21,success,"{"total":21,"location_name":"Suur-Paala","location_id":10}"
2026-09-08 19:10:06,EEST,1,Hipodroom,8,success,"{"total":8,"location_name":"Hipodroom","location_id":1}"
2026-09-08 19:10:06,EEST,3,T1,49,success,"{"total":49,"location_name":"T1 Shopping Mall","location_id":3}"
2026-09-08 19:10:06,EEST,9,Mustika,45,success,"{"total":45,"location_name":"Mustika","location_id":9}"
2026-09-08 19:10:06,EEST,10,Suur-Paala,21,success,"{"total":21,"location_name":"Suur-Paala","location_id":10}"
2026-09-08 19:12:07,EEST,1,Hipodroom,8,success,"{"total":8,"location_name":"Hipodroom","location_id":1}"
2026-09-08 19:12:07,EEST,3,T1,47,success,"{"total":47,"location_name":"T1 Shopping Mall","location_id":3}"
2026-09-08 19:12:07,EEST,9,Mustika,42,success,"{"total":42,"location_name":"Mustika","location_id":9}"
2026-09-08 19:12:07,EEST,10,Suur-Paala,23,success,"{"total":23,"location_name":"Suur-Paala","location_id":10}"
2026-09-08 19:14:09,EEST,1,Hipodroom,8,success,"{"total":8,"location_name":"Hipodroom","location_id":1}"
2026-09-08 19:14:09,EEST,3,T1,47,success,"{"total":47,"location_name":"T1 Shopping Mall","location_id":3}"
2026-09-08 19:14:09,EEST,9,Mustika,42,success,"{"total":42,"location_name":"Mustika","location_id":9}"
2026-09-08 19:14:09,EEST,10,Suur-Paala,23,success,"{"total":23,"location_name":"Suur-Paala","location_id":10}"
2026-09-08 19:16:10,EEST,1,Hipodroom,8,success,"{"total":8,"location_name":"Hipodroom","location_id":1}"
2026-09-08 19:16:10,EEST,3,T1,47,success,"{"total":47,"location_name":"T1 Shopping Mall","location_id":3}"
2026-09-08 19:16:10,EEST,9,Mustika,42,success,"{"total":42,"location_name":"Mustika","location_id":9}"
2026-09-08 19:16:10,EEST,10,Suur-Paala,23,success,"{"total":23,"location_name":"Suur-Paala","location_id":10}"
2026-09-08 19:18:10,EEST,1,Hipodroom,8,success,"{"total":8,"location_name":"Hipodroom","location_id":1}"
2026-09-08 19:18:10,EEST,3,T1,47,success,"{"total":47,"location_name":"T1 Shopping Mall","location_id":3}"
2026-09-08 19:18:10,EEST,9,Mustika,44,success,"{"total":44,"location_name":"Mustika","location_id":9}"
2026-09-08 19:18:10,EEST,10,Suur-Paala,24,success,"{"total":24,"location_name":"Suur-Paala","location_id":10}"
2026-09-08 19:20:11,EEST,1,Hipodroom,8,success,"{"total":8,"location_name":"Hipodroom","location_id":1}"
2026-09-08 19:20:11,EEST,3,T1,47,success,"{"total":47,"location_name":"T1 Shopping Mall","location_id":3}"
2026-09-08 19:20:11,EEST,9,Mustika,44,success,"{"total":44,"location_name":"Mustika","location_id":9}"
2026-09-08 19:20:11,EEST,10,Suur-Paala,24,success,"{"total":24,"location_name":"Suur-Paala","location_id":10}"
2026-09-08 19:22:12,EEST,1,Hipodroom,8,success,"{"total":8,"location_name":"Hipodroom","location_id":1}"
2026-09-08 19:22:12,EEST,3,T1,47,success,"{"total":47,"location_name":"T1 Shopping Mall","location_id":3}"
2026-09-08 19:22:12,EEST,9,Mustika,44,success,"{"total":44,"location_name":"Mustika","location_id":9}"
2026-09-08 19:22:12,EEST,10,Suur-Paala,24,success,"{"total":24,"location_name":"Suur-Paala","location_id":10}"
2026-09-08 19:24:12,EEST,1,Hipodroom,8,success,"{"total":8,"location_name":"Hipodroom","location_id":1}"
2026-09-08 19:24:12,EEST,3,T1,50,success,"{"total":50,"location_name":"T1 Shopping Mall","location_id":3}"
2026-09-08 19:24:12,EEST,9,Mustika,43,success,"{"total":43,"location_name":"Mustika","location_id":9}"
2026-09-08 19:24:12,EEST,10,Suur-Paala,24,success,"{"total":24,"location_name":"Suur-Paala","location_id":10}"
2026-09-08 19:26:13,EEST,1,Hipodroom,8,success,"{"total":8,"location_name":"Hipodroom","location_id":1}"
2026-09-08 19:26:13,EEST,3,T1,50,success,"{"total":50,"location_name":"T1 Shopping Mall","location_id":3}"
2026-09-08 19:26:13,EEST,9,Mustika,43,success,"{"total":43,"location_name":"Mustika","location_id":9}"
2026-09-08 19:26:13,EEST,10,Suur-Paala,24,success,"{"total":24,"location_name":"Suur-Paala","location_id":10}"
2026-09-08 19:28:14,EEST,1,Hipodroom,8,success,"{"total":8,"location_name":"Hipodroom","location_id":1}"
2026-09-08 19:28:14,EEST,3,T1,50,success,"{"total":50,"location_name":"T1 Shopping Mall","location_id":3}"
2026-09-08 19:28:14,EEST,9,Mustika,43,success,"{"total":43,"location_name":"Mustika","location_id":9}"
2026-09-08 19:28:14,EEST,10,Suur-Paala,24,success,"{"total":24,"location_name":"Suur-Paala","location_id":10}"
2026-09-08 19:30:15,EEST,1,Hipodroom,8,success,"{"total":8,"location_name":"Hipodroom","location_id":1}"
2026-09-08 19:30:15,EEST,3,T1,54,success,"{"total":54,"location_name":"T1 Shopping Mall","location_id":3}"
2026-09-08 19:30:15,EEST,9,Mustika,44,success,"{"total":44,"location_name":"Mustika","location_id":9}"
2026-09-08 19:30:15,EEST,10,Suur-Paala,25,success,"{"total":25,"location_name":"Suur-Paala","location_id":10}"
2026-09-08 19:32:15,EEST,1,Hipodroom,8,success,"{"total":8,"location_name":"Hipodroom","location_id":1}"
2026-09-08 19:32:15,EEST,3,T1,54,success,"{"total":54,"location_name":"T1 Shopping Mall","location_id":3}"
2026-09-08 19:32:15,EEST,9,Mustika,44,success,"{"total":44,"location_name":"Mustika","location_id":9}"
2026-09-08 19:32:15,EEST,10,Suur-Paala,25,success,"{"total":25,"location_name":"Suur-Paala","location_id":10}"
2026-09-08 19:34:16,EEST,1,Hipodroom,8,success,"{"total":8,"location_name":"Hipodroom","location_id":1}"
2026-09-08 19:34:16,EEST,3,T1,54,success,"{"total":54,"location_name":"T1 Shopping Mall","location_id":3}"
2026-09-08 19:34:16,EEST,9,Mustika,44,success,"{"total":44,"location_name":"Mustika","location_id":9}"
2026-09-08 19:34:16,EEST,10,Suur-Paala,25,success,"{"total":25,"location_name":"Suur-Paala","location_id":10}"
2026-09-08 19:36:16,EEST,1,Hipodroom,9,success,"{"total":9,"location_name":"Hipodroom","location_id":1}"
2026-09-08 19:36:16,EEST,3,T1,54,success,"{"total":54,"location_name":"T1 Shopping Mall","location_id":3}"
2026-09-08 19:36:16,EEST,9,Mustika,46,success,"{"total":46,"location_name":"Mustika","location_id":9}"
2026-09-08 19:36:16,EEST,10,Suur-Paala,25,success,"{"total":25,"location_name":"Suur-Paala","location_id":10}"
2026-09-08 19:38:17,EEST,1,Hipodroom,9,success,"{"total":9,"location_name":"Hipodroom","location_id":1}"
2026-09-08 19:38:17,EEST,3,T1,54,success,"{"total":54,"location_name":"T1 Shopping Mall","location_id":3}"
2026-09-08 19:38:17,EEST,9,Mustika,46,success,"{"total":46,"location_name":"Mustika","location_id":9}"
2026-09-08 19:38:17,EEST,10,Suur-Paala,25,success,"{"total":25,"location_name":"Suur-Paala","location_id":10}"
2026-09-08 19:40:18,EEST,1,Hipodroom,9,success,"{"total":9,"location_name":"Hipodroom","location_id":1}"
2026-09-08 19:40:18,EEST,3,T1,54,success,"{"total":54,"location_name":"T1 Shopping Mall","location_id":3}"
2026-09-08 19:40:18,EEST,9,Mustika,46,success,"{"total":46,"location_name":"Mustika","location_id":9}"
2026-09-08 19:40:18,EEST,10,Suur-Paala,25,success,"{"total":25,"location_name":"Suur-Paala","location_id":10}"
2026-09-08 19:42:18,EEST,1,Hipodroom,9,success,"{"total":9,"location_name":"Hipodroom","location_id":1}"
2026-09-08 19:42:18,EEST,3,T1,54,success,"{"total":54,"location_name":"T1 Shopping Mall","location_id":3}"
2026-09-08 19:42:18,EEST,9,Mustika,47,success,"{"total":47,"location_name":"Mustika","location_id":9}"
2026-09-08 19:42:18,EEST,10,Suur-Paala,25,success,"{"total":25,"location_name":"Suur-Paala","location_id":10}"
2026-09-08 19:44:19,EEST,1,Hipodroom,9,success,"{"total":9,"location_name":"Hipodroom","location_id":1}"
2026-09-08 19:44:19,EEST,3,T1,54,success,"{"total":54,"location_name":"T1 Shopping Mall","location_id":3}"
2026-09-08 19:44:19,EEST,9,Mustika,47,success,"{"total":47,"location_name":"Mustika","location_id":9}"
2026-09-08 19:44:19,EEST,10,Suur-Paala,25,success,"{"total":25,"location_name":"Suur-Paala","location_id":10}"
2026-09-08 19:46:20,EEST,1,Hipodroom,9,success,"{"total":9,"location_name":"Hipodroom","location_id":1}"
2026-09-08 19:46:20,EEST,3,T1,54,success,"{"total":54,"location_name":"T1 Shopping Mall","location_id":3}"
2026-09-08 19:46:20,EEST,9,Mustika,47,success,"{"total":47,"location_name":"Mustika","location_id":9}"
2026-09-08 19:46:20,EEST,10,Suur-Paala,25,success,"{"total":25,"location_name":"Suur-Paala","location_id":10}"
2026-09-08 19:48:20,EEST,1,Hipodroom,9,success,"{"total":9,"location_name":"Hipodroom","location_id":1}"
2026-09-08 19:48:20,EEST,3,T1,53,success,"{"total":53,"location_name":"T1 Shopping Mall","location_id":3}"
2026-09-08 19:48:20,EEST,9,Mustika,46,success,"{"total":46,"location_name":"Mustika","location_id":9}"
2026-09-08 19:48:20,EEST,10,Suur-Paala,25,success,"{"total":25,"location_name":"Suur-Paala","location_id":10}"
2026-09-08 19:50:21,EEST,1,Hipodroom,9,success,"{"total":9,"location_name":"Hipodroom","location_id":1}"
2026-09-08 19:50:21,EEST,3,T1,53,success,"{"total":53,"location_name":"T1 Shopping Mall","location_id":3}"
2026-09-08 19:50:21,EEST,9,Mustika,46,success,"{"total":46,"location_name":"Mustika","location_id":9}"
2026-09-08 19:50:21,EEST,10,Suur-Paala,25,success,"{"total":25,"location_name":"Suur-Paala","location_id":10}"
2026-09-08 19:52:21,EEST,1,Hipodroom,9,success,"{"total":9,"location_name":"Hipodroom","location_id":1}"
2026-09-08 19:52:21,EEST,3,T1,53,success,"{"total":53,"location_name":"T1 Shopping Mall","location_id":3}"
2026-09-08 19:52:21,EEST,9,Mustika,46,success,"{"total":46,"location_name":"Mustika","location_id":9}"
2026-09-08 19:52:21,EEST,10,Suur-Paala,25,success,"{"total":25,"location_name":"Suur-Paala","location_id":10}"
2026-09-08 19:54:22,EEST,1,Hipodroom,9,success,"{"total":9,"location_name":"Hipodroom","location_id":1}"
2026-09-08 19:54:22,EEST,3,T1,53,success,"{"total":53,"location_name":"T1 Shopping Mall","location_id":3}"
2026-09-08 19:54:22,EEST,9,Mustika,42,success,"{"total":42,"location_name":"Mustika","location_id":9}"
2026-09-08 19:54:22,EEST,10,Suur-Paala,27,success,"{"total":27,"location_name":"Suur-Paala","location_id":10}"
2026-09-08 19:56:22,EEST,1,Hipodroom,9,success,"{"total":9,"location_name":"Hipodroom","location_id":1}"
2026-09-08 19:56:22,EEST,3,T1,53,success,"{"total":53,"location_name":"T1 Shopping Mall","location_id":3}"
2026-09-08 19:56:22,EEST,9,Mustika,42,success,"{"total":42,"location_name":"Mustika","location_id":9}"
2026-09-08 19:56:22,EEST,10,Suur-Paala,27,success,"{"total":27,"location_name":"Suur-Paala","location_id":10}"
2026-09-08 19:58:23,EEST,1,Hipodroom,9,success,"{"total":9,"location_name":"Hipodroom","location_id":1}"
2026-09-08 19:58:23,EEST,3,T1,53,success,"{"total":53,"location_name":"T1 Shopping Mall","location_id":3}"
2026-09-08 19:58:23,EEST,9,Mustika,42,success,"{"total":42,"location_name":"Mustika","location_id":9}"
2026-09-08 19:58:23,EEST,10,Suur-Paala,27,success,"{"total":27,"location_name":"Suur-Paala","location_id":10}"
2026-09-08 20:00:24,EEST,1,Hipodroom,9,success,"{"total":9,"location_name":"Hipodroom","location_id":1}"
2026-09-08 20:00:24,EEST,3,T1,52,success,"{"total":52,"location_name":"T1 Shopping Mall","location_id":3}"
2026-09-08 20:00:24,EEST,9,Mustika,43,success,"{"total":43,"location_name":"Mustika","location_id":9}"
2026-09-08 20:00:24,EEST,10,Suur-Paala,26,success,"{"total":26,"location_name":"Suur-Paala","location_id":10}"
2026-09-08 20:02:24,EEST,1,Hipodroom,9,success,"{"total":9,"location_name":"Hipodroom","location_id":1}"
2026-09-08 20:02:24,EEST,3,T1,52,success,"{"total":52,"location_name":"T1 Shopping Mall","location_id":3}"
2026-09-08 20:02:24,EEST,9,Mustika,43,success,"{"total":43,"location_name":"Mustika","location_id":9}"
2026-09-08 20:02:24,EEST,10,Suur-Paala,26,success,"{"total":26,"location_name":"Suur-Paala","location_id":10}"
2026-09-08 20:04:25,EEST,1,Hipodroom,9,success,"{"total":9,"location_name":"Hipodroom","location_id":1}"
2026-09-08 20:04:25,EEST,3,T1,52,success,"{"total":52,"location_name":"T1 Shopping Mall","location_id":3}"
2026-09-08 20:04:25,EEST,9,Mustika,43,success,"{"total":43,"location_name":"Mustika","location_id":9}"
2026-09-08 20:04:25,EEST,10,Suur-Paala,26,success,"{"total":26,"location_name":"Suur-Paala","location_id":10}"
2026-09-08 20:06:25,EEST,1,Hipodroom,9,success,"{"total":9,"location_name":"Hipodroom","location_id":1}"
2026-09-08 20:06:25,EEST,3,T1,53,success,"{"total":53,"location_name":"T1 Shopping Mall","location_id":3}"
2026-09-08 20:06:25,EEST,9,Mustika,43,success,"{"total":43,"location_name":"Mustika","location_id":9}"
2026-09-08 20:06:25,EEST,10,Suur-Paala,25,success,"{"total":25,"location_name":"Suur-Paala","location_id":10}"
2026-09-08 20:08:26,EEST,1,Hipodroom,9,success,"{"total":9,"location_name":"Hipodroom","location_id":1}"
2026-09-08 20:08:26,EEST,3,T1,53,success,"{"total":53,"location_name":"T1 Shopping Mall","location_id":3}"
2026-09-08 20:08:26,EEST,9,Mustika,43,success,"{"total":43,"location_name":"Mustika","location_id":9}"
2026-09-08 20:08:26,EEST,10,Suur-Paala,25,success,"{"total":25,"location_name":"Suur-Paala","location_id":10}"
2026-09-08 20:10:27,EEST,1,Hipodroom,9,success,"{"total":9,"location_name":"Hipodroom","location_id":1}"
2026-09-08 20:10:27,EEST,3,T1,53,success,"{"total":53,"location_name":"T1 Shopping Mall","location_id":3}"
2026-09-08 20:10:27,EEST,9,Mustika,43,success,"{"total":43,"location_name":"Mustika","location_id":9}"
2026-09-08 20:10:27,EEST,10,Suur-Paala,25,success,"{"total":25,"location_name":"Suur-Paala","location_id":10}"
2026-09-08 20:12:27,EEST,1,Hipodroom,8,success,"{"total":8,"location_name":"Hipodroom","location_id":1}"
2026-09-08 20:12:27,EEST,3,T1,53,success,"{"total":53,"location_name":"T1 Shopping Mall","location_id":3}"
2026-09-08 20:12:27,EEST,9,Mustika,44,success,"{"total":44,"location_name":"Mustika","location_id":9}"
2026-09-08 20:12:27,EEST,10,Suur-Paala,25,success,"{"total":25,"location_name":"Suur-Paala","location_id":10}"
2026-09-08 20:14:28,EEST,1,Hipodroom,8,success,"{"total":8,"location_name":"Hipodroom","location_id":1}"
2026-09-08 20:14:28,EEST,3,T1,53,success,"{"total":53,"location_name":"T1 Shopping Mall","location_id":3}"
2026-09-08 20:14:28,EEST,9,Mustika,44,success,"{"total":44,"location_name":"Mustika","location_id":9}"
2026-09-08 20:14:28,EEST,10,Suur-Paala,25,success,"{"total":25,"location_name":"Suur-Paala","location_id":10}"
2026-09-08 20:16:28,EEST,1,Hipodroom,8,success,"{"total":8,"location_name":"Hipodroom","location_id":1}"
2026-09-08 20:16:28,EEST,3,T1,53,success,"{"total":53,"location_name":"T1 Shopping Mall","location_id":3}"
2026-09-08 20:16:28,EEST,9,Mustika,44,success,"{"total":44,"location_name":"Mustika","location_id":9}"
2026-09-08 20:16:28,EEST,10,Suur-Paala,25,success,"{"total":25,"location_name":"Suur-Paala","location_id":10}"
2026-09-08 20:18:29,EEST,1,Hipodroom,10,success,"{"total":10,"location_name":"Hipodroom","location_id":1}"
2026-09-08 20:18:29,EEST,3,T1,52,success,"{"total":52,"location_name":"T1 Shopping Mall","location_id":3}"
2026-09-08 20:18:29,EEST,9,Mustika,41,success,"{"total":41,"location_name":"Mustika","location_id":9}"
2026-09-08 20:18:29,EEST,10,Suur-Paala,25,success,"{"total":25,"location_name":"Suur-Paala","location_id":10}"
2026-09-08 20:20:29,EEST,1,Hipodroom,10,success,"{"total":10,"location_name":"Hipodroom","location_id":1}"
2026-09-08 20:20:29,EEST,3,T1,52,success,"{"total":52,"location_name":"T1 Shopping Mall","location_id":3}"
2026-09-08 20:20:29,EEST,9,Mustika,41,success,"{"total":41,"location_name":"Mustika","location_id":9}"
2026-09-08 20:20:29,EEST,10,Suur-Paala,25,success,"{"total":25,"location_name":"Suur-Paala","location_id":10}"
2026-09-08 20:22:30,EEST,1,Hipodroom,10,success,"{"total":10,"location_name":"Hipodroom","location_id":1}"
2026-09-08 20:22:30,EEST,3,T1,52,success,"{"total":52,"location_name":"T1 Shopping Mall","location_id":3}"
2026-09-08 20:22:30,EEST,9,Mustika,41,success,"{"total":41,"location_name":"Mustika","location_id":9}"
2026-09-08 20:22:30,EEST,10,Suur-Paala,25,success,"{"total":25,"location_name":"Suur-Paala","location_id":10}"
2026-09-08 20:24:30,EEST,1,Hipodroom,9,success,"{"total":9,"location_name":"Hipodroom","location_id":1}"
2026-09-08 20:24:30,EEST,3,T1,55,success,"{"total":55,"location_name":"T1 Shopping Mall","location_id":3}"
2026-09-08 20:24:30,EEST,9,Mustika,39,success,"{"total":39,"location_name":"Mustika","location_id":9}"
2026-09-08 20:24:30,EEST,10,Suur-Paala,25,success,"{"total":25,"location_name":"Suur-Paala","location_id":10}"
2026-09-08 20:26:31,EEST,1,Hipodroom,9,success,"{"total":9,"location_name":"Hipodroom","location_id":1}"
2026-09-08 20:26:31,EEST,3,T1,55,success,"{"total":55,"location_name":"T1 Shopping Mall","location_id":3}"
2026-09-08 20:26:31,EEST,9,Mustika,39,success,"{"total":39,"location_name":"Mustika","location_id":9}"
2026-09-08 20:26:31,EEST,10,Suur-Paala,25,success,"{"total":25,"location_name":"Suur-Paala","location_id":10}"
2026-09-08 20:28:32,EEST,1,Hipodroom,9,success,"{"total":9,"location_name":"Hipodroom","location_id":1}"
2026-09-08 20:28:32,EEST,3,T1,55,success,"{"total":55,"location_name":"T1 Shopping Mall","location_id":3}"
2026-09-08 20:28:32,EEST,9,Mustika,39,success,"{"total":39,"location_name":"Mustika","location_id":9}"
2026-09-08 20:28:32,EEST,10,Suur-Paala,25,success,"{"total":25,"location_name":"Suur-Paala","location_id":10}"
2026-09-08 20:30:32,EEST,1,Hipodroom,9,success,"{"total":9,"location_name":"Hipodroom","location_id":1}"
2026-09-08 20:30:32,EEST,3,T1,55,success,"{"total":55,"location_name":"T1 Shopping Mall","location_id":3}"
2026-09-08 20:30:32,EEST,9,Mustika,34,success,"{"total":34,"location_name":"Mustika","location_id":9}"
2026-09-08 20:30:32,EEST,10,Suur-Paala,26,success,"{"total":26,"location_name":"Suur-Paala","location_id":10}"
2026-09-08 20:32:33,EEST,1,Hipodroom,9,success,"{"total":9,"location_name":"Hipodroom","location_id":1}"
2026-09-08 20:32:33,EEST,3,T1,55,success,"{"total":55,"location_name":"T1 Shopping Mall","location_id":3}"
2026-09-08 20:32:33,EEST,9,Mustika,34,success,"{"total":34,"location_name":"Mustika","location_id":9}"
2026-09-08 20:32:33,EEST,10,Suur-Paala,26,success,"{"total":26,"location_name":"Suur-Paala","location_id":10}"
2026-09-08 20:34:34,EEST,1,Hipodroom,9,success,"{"total":9,"location_name":"Hipodroom","location_id":1}"
2026-09-08 20:34:34,EEST,3,T1,55,success,"{"total":55,"location_name":"T1 Shopping Mall","location_id":3}"
2026-09-08 20:34:34,EEST,9,Mustika,34,success,"{"total":34,"location_name":"Mustika","location_id":9}"
2026-09-08 20:34:34,EEST,10,Suur-Paala,26,success,"{"total":26,"location_name":"Suur-Paala","location_id":10}"
2026-09-08 20:36:34,EEST,1,Hipodroom,9,success,"{"total":9,"location_name":"Hipodroom","location_id":1}"
2026-09-08 20:36:34,EEST,3,T1,54,success,"{"total":54,"location_name":"T1 Shopping Mall","location_id":3}"
2026-09-08 20:36:34,EEST,9,Mustika,32,success,"{"total":32,"location_name":"Mustika","location_id":9}"
2026-09-08 20:36:34,EEST,10,Suur-Paala,26,success,"{"total":26,"location_name":"Suur-Paala","location_id":10}"
2026-09-08 20:38:35,EEST,1,Hipodroom,9,success,"{"total":9,"location_name":"Hipodroom","location_id":1}"
2026-09-08 20:38:35,EEST,3,T1,54,success,"{"total":54,"location_name":"T1 Shopping Mall","location_id":3}"
2026-09-08 20:38:35,EEST,9,Mustika,32,success,"{"total":32,"location_name":"Mustika","location_id":9}"
2026-09-08 20:38:35,EEST,10,Suur-Paala,26,success,"{"total":26,"location_name":"Suur-Paala","location_id":10}"
2026-09-08 20:40:35,EEST,1,Hipodroom,9,success,"{"total":9,"location_name":"Hipodroom","location_id":1}"
2026-09-08 20:40:35,EEST,3,T1,54,success,"{"total":54,"location_name":"T1 Shopping Mall","location_id":3}"
2026-09-08 20:40:35,EEST,9,Mustika,32,success,"{"total":32,"location_name":"Mustika","location_id":9}"
2026-09-08 20:40:35,EEST,10,Suur-Paala,26,success,"{"total":26,"location_name":"Suur-Paala","location_id":10}"
2026-09-08 20:42:36,EEST,1,Hipodroom,9,success,"{"total":9,"location_name":"Hipodroom","location_id":1}"
2026-09-08 20:42:36,EEST,3,T1,53,success,"{"total":53,"location_name":"T1 Shopping Mall","location_id":3}"
2026-09-08 20:42:36,EEST,9,Mustika,32,success,"{"total":32,"location_name":"Mustika","location_id":9}"
2026-09-08 20:42:36,EEST,10,Suur-Paala,25,success,"{"total":25,"location_name":"Suur-Paala","location_id":10}"
2026-09-08 20:44:36,EEST,1,Hipodroom,9,success,"{"total":9,"location_name":"Hipodroom","location_id":1}"
2026-09-08 20:44:36,EEST,3,T1,53,success,"{"total":53,"location_name":"T1 Shopping Mall","location_id":3}"
2026-09-08 20:44:36,EEST,9,Mustika,32,success,"{"total":32,"location_name":"Mustika","location_id":9}"
2026-09-08 20:44:36,EEST,10,Suur-Paala,25,success,"{"total":25,"location_name":"Suur-Paala","location_id":10}"
2026-09-08 20:46:37,EEST,1,Hipodroom,9,success,"{"total":9,"location_name":"Hipodroom","location_id":1}"
2026-09-08 20:46:37,EEST,3,T1,53,success,"{"total":53,"location_name":"T1 Shopping Mall","location_id":3}"
2026-09-08 20:46:37,EEST,9,Mustika,32,success,"{"total":32,"location_name":"Mustika","location_id":9}"
2026-09-08 20:46:37,EEST,10,Suur-Paala,25,success,"{"total":25,"location_name":"Suur-Paala","location_id":10}"
2026-09-08 20:48:37,EEST,1,Hipodroom,9,success,"{"total":9,"location_name":"Hipodroom","location_id":1}"
2026-09-08 20:48:37,EEST,3,T1,50,success,"{"total":50,"location_name":"T1 Shopping Mall","location_id":3}"
2026-09-08 20:48:37,EEST,9,Mustika,30,success,"{"total":30,"location_name":"Mustika","location_id":9}"
2026-09-08 20:48:37,EEST,10,Suur-Paala,25,success,"{"total":25,"location_name":"Suur-Paala","location_id":10}"
2026-09-08 20:50:38,EEST,1,Hipodroom,9,success,"{"total":9,"location_name":"Hipodroom","location_id":1}"
2026-09-08 20:50:38,EEST,3,T1,50,success,"{"total":50,"location_name":"T1 Shopping Mall","location_id":3}"
2026-09-08 20:50:38,EEST,9,Mustika,30,success,"{"total":30,"location_name":"Mustika","location_id":9}"
2026-09-08 20:50:38,EEST,10,Suur-Paala,25,success,"{"total":25,"location_name":"Suur-Paala","location_id":10}"
2026-09-08 20:52:39,EEST,1,Hipodroom,9,success,"{"total":9,"location_name":"Hipodroom","location_id":1}"
2026-09-08 20:52:39,EEST,3,T1,50,success,"{"total":50,"location_name":"T1 Shopping Mall","location_id":3}"
2026-09-08 20:52:39,EEST,9,Mustika,30,success,"{"total":30,"location_name":"Mustika","location_id":9}"
2026-09-08 20:52:39,EEST,10,Suur-Paala,25,success,"{"total":25,"location_name":"Suur-Paala","location_id":10}"
2026-09-08 20:54:39,EEST,1,Hipodroom,9,success,"{"total":9,"location_name":"Hipodroom","location_id":1}"
2026-09-08 20:54:39,EEST,3,T1,50,success,"{"total":50,"location_name":"T1 Shopping Mall","location_id":3}"
2026-09-08 20:54:39,EEST,9,Mustika,29,success,"{"total":29,"location_name":"Mustika","location_id":9}"
2026-09-08 20:54:39,EEST,10,Suur-Paala,23,success,"{"total":23,"location_name":"Suur-Paala","location_id":10}"
2026-09-08 20:56:40,EEST,1,Hipodroom,9,success,"{"total":9,"location_name":"Hipodroom","location_id":1}"
2026-09-08 20:56:40,EEST,3,T1,50,success,"{"total":50,"location_name":"T1 Shopping Mall","location_id":3}"
2026-09-08 20:56:40,EEST,9,Mustika,29,success,"{"total":29,"location_name":"Mustika","location_id":9}"
2026-09-08 20:56:40,EEST,10,Suur-Paala,23,success,"{"total":23,"location_name":"Suur-Paala","location_id":10}"
2026-09-08 20:58:40,EEST,1,Hipodroom,9,success,"{"total":9,"location_name":"Hipodroom","location_id":1}"
2026-09-08 20:58:40,EEST,3,T1,50,success,"{"total":50,"location_name":"T1 Shopping Mall","location_id":3}"
2026-09-08 20:58:40,EEST,9,Mustika,29,success,"{"total":29,"location_name":"Mustika","location_id":9}"
2026-09-08 20:58:40,EEST,10,Suur-Paala,23,success,"{"total":23,"location_name":"Suur-Paala","location_id":10}"
2026-09-08 21:00:42,EEST,1,Hipodroom,9,success,"{"total":9,"location_name":"Hipodroom","location_id":1}"
2026-09-08 21:00:42,EEST,3,T1,48,success,"{"total":48,"location_name":"T1 Shopping Mall","location_id":3}"
2026-09-08 21:00:42,EEST,9,Mustika,26,success,"{"total":26,"location_name":"Mustika","location_id":9}"
2026-09-08 21:00:42,EEST,10,Suur-Paala,22,success,"{"total":22,"location_name":"Suur-Paala","location_id":10}"
2026-09-08 21:02:42,EEST,1,Hipodroom,9,success,"{"total":9,"location_name":"Hipodroom","location_id":1}"
2026-09-08 21:02:42,EEST,3,T1,48,success,"{"total":48,"location_name":"T1 Shopping Mall","location_id":3}"
2026-09-08 21:02:42,EEST,9,Mustika,26,success,"{"total":26,"location_name":"Mustika","location_id":9}"
2026-09-08 21:02:42,EEST,10,Suur-Paala,22,success,"{"total":22,"location_name":"Suur-Paala","location_id":10}"
2026-09-08 21:04:43,EEST,1,Hipodroom,9,success,"{"total":9,"location_name":"Hipodroom","location_id":1}"
2026-09-08 21:04:43,EEST,3,T1,48,success,"{"total":48,"location_name":"T1 Shopping Mall","location_id":3}"
2026-09-08 21:04:43,EEST,9,Mustika,26,success,"{"total":26,"location_name":"Mustika","location_id":9}"
2026-09-08 21:04:43,EEST,10,Suur-Paala,22,success,"{"total":22,"location_name":"Suur-Paala","location_id":10}"
2026-09-08 21:06:43,EEST,1,Hipodroom,7,success,"{"total":7,"location_name":"Hipodroom","location_id":1}"
2026-09-08 21:06:43,EEST,3,T1,46,success,"{"total":46,"location_name":"T1 Shopping Mall","location_id":3}"
2026-09-08 21:06:43,EEST,9,Mustika,24,success,"{"total":24,"location_name":"Mustika","location_id":9}"
2026-09-08 21:06:43,EEST,10,Suur-Paala,17,success,"{"total":17,"location_name":"Suur-Paala","location_id":10}"
2026-09-08 21:08:44,EEST,1,Hipodroom,7,success,"{"total":7,"location_name":"Hipodroom","location_id":1}"
2026-09-08 21:08:44,EEST,3,T1,46,success,"{"total":46,"location_name":"T1 Shopping Mall","location_id":3}"
2026-09-08 21:08:44,EEST,9,Mustika,24,success,"{"total":24,"location_name":"Mustika","location_id":9}"
2026-09-08 21:08:44,EEST,10,Suur-Paala,17,success,"{"total":17,"location_name":"Suur-Paala","location_id":10}"
2026-09-08 21:10:45,EEST,1,Hipodroom,7,success,"{"total":7,"location_name":"Hipodroom","location_id":1}"
2026-09-08 21:10:45,EEST,3,T1,46,success,"{"total":46,"location_name":"T1 Shopping Mall","location_id":3}"
2026-09-08 21:10:45,EEST,9,Mustika,24,success,"{"total":24,"location_name":"Mustika","location_id":9}"
2026-09-08 21:10:45,EEST,10,Suur-Paala,17,success,"{"total":17,"location_name":"Suur-Paala","location_id":10}"
2026-09-08 21:12:45,EEST,1,Hipodroom,7,success,"{"total":7,"location_name":"Hipodroom","location_id":1}"
2026-09-08 21:12:45,EEST,3,T1,42,success,"{"total":42,"location_name":"T1 Shopping Mall","location_id":3}"
2026-09-08 21:12:45,EEST,9,Mustika,23,success,"{"total":23,"location_name":"Mustika","location_id":9}"
2026-09-08 21:12:45,EEST,10,Suur-Paala,15,success,"{"total":15,"location_name":"Suur-Paala","location_id":10}"
2026-09-08 21:14:46,EEST,1,Hipodroom,7,success,"{"total":7,"location_name":"Hipodroom","location_id":1}"
2026-09-08 21:14:46,EEST,3,T1,42,success,"{"total":42,"location_name":"T1 Shopping Mall","location_id":3}"
2026-09-08 21:14:46,EEST,9,Mustika,23,success,"{"total":23,"location_name":"Mustika","location_id":9}"
2026-09-08 21:14:46,EEST,10,Suur-Paala,15,success,"{"total":15,"location_name":"Suur-Paala","location_id":10}"
2026-09-08 21:16:46,EEST,1,Hipodroom,7,success,"{"total":7,"location_name":"Hipodroom","location_id":1}"
2026-09-08 21:16:46,EEST,3,T1,42,success,"{"total":42,"location_name":"T1 Shopping Mall","location_id":3}"
2026-09-08 21:16:46,EEST,9,Mustika,23,success,"{"total":23,"location_name":"Mustika","location_id":9}"
2026-09-08 21:16:46,EEST,10,Suur-Paala,15,success,"{"total":15,"location_name":"Suur-Paala","location_id":10}"
2026-09-08 21:18:47,EEST,1,Hipodroom,7,success,"{"total":7,"location_name":"Hipodroom","location_id":1}"
2026-09-08 21:18:47,EEST,3,T1,42,success,"{"total":42,"location_name":"T1 Shopping Mall","location_id":3}"
2026-09-08 21:18:47,EEST,9,Mustika,23,success,"{"total":23,"location_name":"Mustika","location_id":9}"
2026-09-08 21:18:47,EEST,10,Suur-Paala,14,success,"{"total":14,"location_name":"Suur-Paala","location_id":10}"
2026-09-08 21:20:47,EEST,1,Hipodroom,7,success,"{"total":7,"location_name":"Hipodroom","location_id":1}"
2026-09-08 21:20:47,EEST,3,T1,42,success,"{"total":42,"location_name":"T1 Shopping Mall","location_id":3}"
2026-09-08 21:20:47,EEST,9,Mustika,23,success,"{"total":23,"location_name":"Mustika","location_id":9}"
2026-09-08 21:20:47,EEST,10,Suur-Paala,14,success,"{"total":14,"location_name":"Suur-Paala","location_id":10}"
2026-09-08 21:22:49,EEST,1,Hipodroom,7,success,"{"total":7,"location_name":"Hipodroom","location_id":1}"
2026-09-08 21:22:49,EEST,3,T1,42,success,"{"total":42,"location_name":"T1 Shopping Mall","location_id":3}"
2026-09-08 21:22:49,EEST,9,Mustika,23,success,"{"total":23,"location_name":"Mustika","location_id":9}"
2026-09-08 21:22:49,EEST,10,Suur-Paala,14,success,"{"total":14,"location_name":"Suur-Paala","location_id":10}"
2026-09-08 21:24:50,EEST,1,Hipodroom,7,success,"{"total":7,"location_name":"Hipodroom","location_id":1}"
2026-09-08 21:24:50,EEST,3,T1,42,success,"{"total":42,"location_name":"T1 Shopping Mall","location_id":3}"
2026-09-08 21:24:50,EEST,9,Mustika,23,success,"{"total":23,"location_name":"Mustika","location_id":9}"
2026-09-08 21:24:50,EEST,10,Suur-Paala,14,success,"{"total":14,"location_name":"Suur-Paala","location_id":10}"
2026-09-08 21:26:50,EEST,1,Hipodroom,7,success,"{"total":7,"location_name":"Hipodroom","location_id":1}"
2026-09-08 21:26:50,EEST,3,T1,42,success,"{"total":42,"location_name":"T1 Shopping Mall","location_id":3}"
2026-09-08 21:26:50,EEST,9,Mustika,23,success,"{"total":23,"location_name":"Mustika","location_id":9}"
2026-09-08 21:26:50,EEST,10,Suur-Paala,14,success,"{"total":14,"location_name":"Suur-Paala","location_id":10}"
2026-09-08 21:28:51,EEST,1,Hipodroom,7,success,"{"total":7,"location_name":"Hipodroom","location_id":1}"
2026-09-08 21:28:51,EEST,3,T1,42,success,"{"total":42,"location_name":"T1 Shopping Mall","location_id":3}"
2026-09-08 21:28:51,EEST,9,Mustika,23,success,"{"total":23,"location_name":"Mustika","location_id":9}"
2026-09-08 21:28:51,EEST,10,Suur-Paala,14,success,"{"total":14,"location_name":"Suur-Paala","location_id":10}"
2026-09-08 21:30:51,EEST,1,Hipodroom,7,success,"{"total":7,"location_name":"Hipodroom","location_id":1}"
2026-09-08 21:30:51,EEST,3,T1,36,success,"{"total":36,"location_name":"T1 Shopping Mall","location_id":3}"
2026-09-08 21:30:51,EEST,9,Mustika,21,success,"{"total":21,"location_name":"Mustika","location_id":9}"
2026-09-08 21:30:51,EEST,10,Suur-Paala,13,success,"{"total":13,"location_name":"Suur-Paala","location_id":10}"
2026-09-08 21:32:53,EEST,1,Hipodroom,7,success,"{"total":7,"location_name":"Hipodroom","location_id":1}"
2026-09-08 21:32:53,EEST,3,T1,36,success,"{"total":36,"location_name":"T1 Shopping Mall","location_id":3}"
2026-09-08 21:32:53,EEST,9,Mustika,21,success,"{"total":21,"location_name":"Mustika","location_id":9}"
2026-09-08 21:32:53,EEST,10,Suur-Paala,13,success,"{"total":13,"location_name":"Suur-Paala","location_id":10}"
2026-09-08 21:34:53,EEST,1,Hipodroom,7,success,"{"total":7,"location_name":"Hipodroom","location_id":1}"
2026-09-08 21:34:53,EEST,3,T1,36,success,"{"total":36,"location_name":"T1 Shopping Mall","location_id":3}"
2026-09-08 21:34:53,EEST,9,Mustika,21,success,"{"total":21,"location_name":"Mustika","location_id":9}"
2026-09-08 21:34:53,EEST,10,Suur-Paala,13,success,"{"total":13,"location_name":"Suur-Paala","location_id":10}"
2026-09-08 21:36:54,EEST,1,Hipodroom,7,success,"{"total":7,"location_name":"Hipodroom","location_id":1}"
2026-09-08 21:36:54,EEST,3,T1,33,success,"{"total":33,"location_name":"T1 Shopping Mall","location_id":3}"
2026-09-08 21:36:54,EEST,9,Mustika,21,success,"{"total":21,"location_name":"Mustika","location_id":9}"
2026-09-08 21:36:54,EEST,10,Suur-Paala,13,success,"{"total":13,"location_name":"Suur-Paala","location_id":10}"
2026-09-08 21:38:54,EEST,1,Hipodroom,7,success,"{"total":7,"location_name":"Hipodroom","location_id":1}"
2026-09-08 21:38:54,EEST,3,T1,33,success,"{"total":33,"location_name":"T1 Shopping Mall","location_id":3}"
2026-09-08 21:38:54,EEST,9,Mustika,21,success,"{"total":21,"location_name":"Mustika","location_id":9}"
2026-09-08 21:38:54,EEST,10,Suur-Paala,13,success,"{"total":13,"location_name":"Suur-Paala","location_id":10}"
2026-09-08 21:40:55,EEST,1,Hipodroom,7,success,"{"total":7,"location_name":"Hipodroom","location_id":1}"
2026-09-08 21:40:55,EEST,3,T1,33,success,"{"total":33,"location_name":"T1 Shopping Mall","location_id":3}"
2026-09-08 21:40:55,EEST,9,Mustika,21,success,"{"total":21,"location_name":"Mustika","location_id":9}"
2026-09-08 21:40:55,EEST,10,Suur-Paala,13,success,"{"total":13,"location_name":"Suur-Paala","location_id":10}"
2026-09-08 21:42:56,EEST,1,Hipodroom,6,success,"{"total":6,"location_name":"Hipodroom","location_id":1}"
2026-09-08 21:42:56,EEST,3,T1,31,success,"{"total":31,"location_name":"T1 Shopping Mall","location_id":3}"
2026-09-08 21:42:56,EEST,9,Mustika,22,success,"{"total":22,"location_name":"Mustika","location_id":9}"
2026-09-08 21:42:56,EEST,10,Suur-Paala,13,success,"{"total":13,"location_name":"Suur-Paala","location_id":10}"
2026-09-08 21:44:56,EEST,1,Hipodroom,6,success,"{"total":6,"location_name":"Hipodroom","location_id":1}"
2026-09-08 21:44:56,EEST,3,T1,31,success,"{"total":31,"location_name":"T1 Shopping Mall","location_id":3}"
2026-09-08 21:44:56,EEST,9,Mustika,22,success,"{"total":22,"location_name":"Mustika","location_id":9}"
2026-09-08 21:44:56,EEST,10,Suur-Paala,13,success,"{"total":13,"location_name":"Suur-Paala","location_id":10}"
2026-09-08 21:46:57,EEST,1,Hipodroom,6,success,"{"total":6,"location_name":"Hipodroom","location_id":1}"
2026-09-08 21:46:57,EEST,3,T1,31,success,"{"total":31,"location_name":"T1 Shopping Mall","location_id":3}"
2026-09-08 21:46:57,EEST,9,Mustika,22,success,"{"total":22,"location_name":"Mustika","location_id":9}"
2026-09-08 21:46:57,EEST,10,Suur-Paala,13,success,"{"total":13,"location_name":"Suur-Paala","location_id":10}"
2026-09-08 21:48:58,EEST,1,Hipodroom,6,success,"{"total":6,"location_name":"Hipodroom","location_id":1}"
2026-09-08 21:48:58,EEST,3,T1,29,success,"{"total":29,"location_name":"T1 Shopping Mall","location_id":3}"
2026-09-08 21:48:58,EEST,9,Mustika,24,success,"{"total":24,"location_name":"Mustika","location_id":9}"
2026-09-08 21:48:58,EEST,10,Suur-Paala,13,success,"{"total":13,"location_name":"Suur-Paala","location_id":10}"
2026-09-08 21:50:58,EEST,1,Hipodroom,6,success,"{"total":6,"location_name":"Hipodroom","location_id":1}"
2026-09-08 21:50:58,EEST,3,T1,29,success,"{"total":29,"location_name":"T1 Shopping Mall","location_id":3}"
2026-09-08 21:50:58,EEST,9,Mustika,24,success,"{"total":24,"location_name":"Mustika","location_id":9}"
2026-09-08 21:50:58,EEST,10,Suur-Paala,13,success,"{"total":13,"location_name":"Suur-Paala","location_id":10}"
2026-09-08 21:52:59,EEST,1,Hipodroom,6,success,"{"total":6,"location_name":"Hipodroom","location_id":1}"
2026-09-08 21:52:59,EEST,3,T1,29,success,"{"total":29,"location_name":"T1 Shopping Mall","location_id":3}"
2026-09-08 21:52:59,EEST,9,Mustika,24,success,"{"total":24,"location_name":"Mustika","location_id":9}"
2026-09-08 21:52:59,EEST,10,Suur-Paala,13,success,"{"total":13,"location_name":"Suur-Paala","location_id":10}"
2026-09-08 21:54:59,EEST,1,Hipodroom,7,success,"{"total":7,"location_name":"Hipodroom","location_id":1}"
2026-09-08 21:54:59,EEST,3,T1,29,success,"{"total":29,"location_name":"T1 Shopping Mall","location_id":3}"
2026-09-08 21:54:59,EEST,9,Mustika,23,success,"{"total":23,"location_name":"Mustika","location_id":9}"
2026-09-08 21:54:59,EEST,10,Suur-Paala,11,success,"{"total":11,"location_name":"Suur-Paala","location_id":10}"
2026-09-08 21:57:00,EEST,1,Hipodroom,7,success,"{"total":7,"location_name":"Hipodroom","location_id":1}"
2026-09-08 21:57:00,EEST,3,T1,29,success,"{"total":29,"location_name":"T1 Shopping Mall","location_id":3}"
2026-09-08 21:57:00,EEST,9,Mustika,23,success,"{"total":23,"location_name":"Mustika","location_id":9}"
2026-09-08 21:57:00,EEST,10,Suur-Paala,11,success,"{"total":11,"location_name":"Suur-Paala","location_id":10}"
2026-09-08 21:59:00,EEST,1,Hipodroom,7,success,"{"total":7,"location_name":"Hipodroom","location_id":1}"
2026-09-08 21:59:00,EEST,3,T1,29,success,"{"total":29,"location_name":"T1 Shopping Mall","location_id":3}"
2026-09-08 21:59:00,EEST,9,Mustika,23,success,"{"total":23,"location_name":"Mustika","location_id":9}"
2026-09-08 21:59:00,EEST,10,Suur-Paala,11,success,"{"total":11,"location_name":"Suur-Paala","location_id":10}"
2026-09-08 22:01:01,EEST,1,Hipodroom,7,success,"{"total":7,"location_name":"Hipodroom","location_id":1}"
2026-09-08 22:01:01,EEST,3,T1,27,success,"{"total":27,"location_name":"T1 Shopping Mall","location_id":3}"
2026-09-08 22:01:01,EEST,9,Mustika,22,success,"{"total":22,"location_name":"Mustika","location_id":9}"
2026-09-08 22:01:01,EEST,10,Suur-Paala,10,success,"{"total":10,"location_name":"Suur-Paala","location_id":10}"
2026-09-08 22:03:01,EEST,1,Hipodroom,7,success,"{"total":7,"location_name":"Hipodroom","location_id":1}"
2026-09-08 22:03:01,EEST,3,T1,27,success,"{"total":27,"location_name":"T1 Shopping Mall","location_id":3}"
2026-09-08 22:03:01,EEST,9,Mustika,22,success,"{"total":22,"location_name":"Mustika","location_id":9}"
2026-09-08 22:03:01,EEST,10,Suur-Paala,10,success,"{"total":10,"location_name":"Suur-Paala","location_id":10}"
2026-09-08 22:05:02,EEST,1,Hipodroom,7,success,"{"total":7,"location_name":"Hipodroom","location_id":1}"
2026-09-08 22:05:02,EEST,3,T1,27,success,"{"total":27,"location_name":"T1 Shopping Mall","location_id":3}"
2026-09-08 22:05:02,EEST,9,Mustika,22,success,"{"total":22,"location_name":"Mustika","location_id":9}"
2026-09-08 22:05:02,EEST,10,Suur-Paala,10,success,"{"total":10,"location_name":"Suur-Paala","location_id":10}"
2026-09-08 22:07:03,EEST,1,Hipodroom,5,success,"{"total":5,"location_name":"Hipodroom","location_id":1}"
2026-09-08 22:07:03,EEST,3,T1,26,success,"{"total":26,"location_name":"T1 Shopping Mall","location_id":3}"
2026-09-08 22:07:03,EEST,9,Mustika,21,success,"{"total":21,"location_name":"Mustika","location_id":9}"
2026-09-08 22:07:03,EEST,10,Suur-Paala,8,success,"{"total":8,"location_name":"Suur-Paala","location_id":10}"
2026-09-08 22:09:03,EEST,1,Hipodroom,5,success,"{"total":5,"location_name":"Hipodroom","location_id":1}"
2026-09-08 22:09:03,EEST,3,T1,26,success,"{"total":26,"location_name":"T1 Shopping Mall","location_id":3}"
2026-09-08 22:09:03,EEST,9,Mustika,21,success,"{"total":21,"location_name":"Mustika","location_id":9}"
2026-09-08 22:09:03,EEST,10,Suur-Paala,8,success,"{"total":8,"location_name":"Suur-Paala","location_id":10}"
2026-09-08 22:11:04,EEST,1,Hipodroom,5,success,"{"total":5,"location_name":"Hipodroom","location_id":1}"
2026-09-08 22:11:04,EEST,3,T1,26,success,"{"total":26,"location_name":"T1 Shopping Mall","location_id":3}"
2026-09-08 22:11:04,EEST,9,Mustika,21,success,"{"total":21,"location_name":"Mustika","location_id":9}"
2026-09-08 22:11:04,EEST,10,Suur-Paala,8,success,"{"total":8,"location_name":"Suur-Paala","location_id":10}"
2026-09-08 22:13:04,EEST,1,Hipodroom,5,success,"{"total":5,"location_name":"Hipodroom","location_id":1}"
2026-09-08 22:13:04,EEST,3,T1,25,success,"{"total":25,"location_name":"T1 Shopping Mall","location_id":3}"
2026-09-08 22:13:04,EEST,9,Mustika,20,success,"{"total":20,"location_name":"Mustika","location_id":9}"
2026-09-08 22:13:04,EEST,10,Suur-Paala,7,success,"{"total":7,"location_name":"Suur-Paala","location_id":10}"
2026-09-08 22:15:05,EEST,1,Hipodroom,5,success,"{"total":5,"location_name":"Hipodroom","location_id":1}"
2026-09-08 22:15:05,EEST,3,T1,25,success,"{"total":25,"location_name":"T1 Shopping Mall","location_id":3}"
2026-09-08 22:15:05,EEST,9,Mustika,20,success,"{"total":20,"location_name":"Mustika","location_id":9}"
2026-09-08 22:15:05,EEST,10,Suur-Paala,7,success,"{"total":7,"location_name":"Suur-Paala","location_id":10}"
2026-09-08 22:17:06,EEST,1,Hipodroom,5,success,"{"total":5,"location_name":"Hipodroom","location_id":1}"
2026-09-08 22:17:06,EEST,3,T1,25,success,"{"total":25,"location_name":"T1 Shopping Mall","location_id":3}"
2026-09-08 22:17:06,EEST,9,Mustika,20,success,"{"total":20,"location_name":"Mustika","location_id":9}"
2026-09-08 22:17:06,EEST,10,Suur-Paala,7,success,"{"total":7,"location_name":"Suur-Paala","location_id":10}"
2026-09-08 22:19:06,EEST,1,Hipodroom,5,success,"{"total":5,"location_name":"Hipodroom","location_id":1}"
2026-09-08 22:19:06,EEST,3,T1,23,success,"{"total":23,"location_name":"T1 Shopping Mall","location_id":3}"
2026-09-08 22:19:06,EEST,9,Mustika,18,success,"{"total":18,"location_name":"Mustika","location_id":9}"
2026-09-08 22:19:06,EEST,10,Suur-Paala,6,success,"{"total":6,"location_name":"Suur-Paala","location_id":10}"
2026-09-08 22:21:07,EEST,1,Hipodroom,5,success,"{"total":5,"location_name":"Hipodroom","location_id":1}"
2026-09-08 22:21:07,EEST,3,T1,23,success,"{"total":23,"location_name":"T1 Shopping Mall","location_id":3}"
2026-09-08 22:21:07,EEST,9,Mustika,18,success,"{"total":18,"location_name":"Mustika","location_id":9}"
2026-09-08 22:21:07,EEST,10,Suur-Paala,6,success,"{"total":6,"location_name":"Suur-Paala","location_id":10}"
2026-09-08 22:23:08,EEST,1,Hipodroom,5,success,"{"total":5,"location_name":"Hipodroom","location_id":1}"
2026-09-08 22:23:08,EEST,3,T1,23,success,"{"total":23,"location_name":"T1 Shopping Mall","location_id":3}"
2026-09-08 22:23:08,EEST,9,Mustika,18,success,"{"total":18,"location_name":"Mustika","location_id":9}"
2026-09-08 22:23:08,EEST,10,Suur-Paala,6,success,"{"total":6,"location_name":"Suur-Paala","location_id":10}"
2026-09-08 22:25:08,EEST,1,Hipodroom,5,success,"{"total":5,"location_name":"Hipodroom","location_id":1}"
2026-09-08 22:25:08,EEST,3,T1,18,success,"{"total":18,"location_name":"T1 Shopping Mall","location_id":3}"
2026-09-08 22:25:08,EEST,9,Mustika,15,success,"{"total":15,"location_name":"Mustika","location_id":9}"
2026-09-08 22:25:08,EEST,10,Suur-Paala,6,success,"{"total":6,"location_name":"Suur-Paala","location_id":10}"
2026-09-08 22:27:09,EEST,1,Hipodroom,5,success,"{"total":5,"location_name":"Hipodroom","location_id":1}"
2026-09-08 22:27:09,EEST,3,T1,18,success,"{"total":18,"location_name":"T1 Shopping Mall","location_id":3}"
2026-09-08 22:27:09,EEST,9,Mustika,15,success,"{"total":15,"location_name":"Mustika","location_id":9}"
2026-09-08 22:27:09,EEST,10,Suur-Paala,6,success,"{"total":6,"location_name":"Suur-Paala","location_id":10}"
2026-09-08 22:29:09,EEST,1,Hipodroom,5,success,"{"total":5,"location_name":"Hipodroom","location_id":1}"
2026-09-08 22:29:09,EEST,3,T1,18,success,"{"total":18,"location_name":"T1 Shopping Mall","location_id":3}"
2026-09-08 22:29:09,EEST,9,Mustika,15,success,"{"total":15,"location_name":"Mustika","location_id":9}"
2026-09-08 22:29:09,EEST,10,Suur-Paala,6,success,"{"total":6,"location_name":"Suur-Paala","location_id":10}"
2026-09-08 22:31:10,EEST,1,Hipodroom,5,success,"{"total":5,"location_name":"Hipodroom","location_id":1}"
2026-09-08 22:31:10,EEST,3,T1,15,success,"{"total":15,"location_name":"T1 Shopping Mall","location_id":3}"
2026-09-08 22:31:10,EEST,9,Mustika,14,success,"{"total":14,"location_name":"Mustika","location_id":9}"
2026-09-08 22:31:10,EEST,10,Suur-Paala,5,success,"{"total":5,"location_name":"Suur-Paala","location_id":10}"
2026-09-08 22:33:11,EEST,1,Hipodroom,5,success,"{"total":5,"location_name":"Hipodroom","location_id":1}"
2026-09-08 22:33:11,EEST,3,T1,15,success,"{"total":15,"location_name":"T1 Shopping Mall","location_id":3}"
2026-09-08 22:33:11,EEST,9,Mustika,14,success,"{"total":14,"location_name":"Mustika","location_id":9}"
2026-09-08 22:33:11,EEST,10,Suur-Paala,5,success,"{"total":5,"location_name":"Suur-Paala","location_id":10}"
2026-09-08 22:35:11,EEST,1,Hipodroom,5,success,"{"total":5,"location_name":"Hipodroom","location_id":1}"
2026-09-08 22:35:11,EEST,3,T1,15,success,"{"total":15,"location_name":"T1 Shopping Mall","location_id":3}"
2026-09-08 22:35:11,EEST,9,Mustika,14,success,"{"total":14,"location_name":"Mustika","location_id":9}"
2026-09-08 22:35:11,EEST,10,Suur-Paala,5,success,"{"total":5,"location_name":"Suur-Paala","location_id":10}"
2026-09-08 22:37:12,EEST,1,Hipodroom,4,success,"{"total":4,"location_name":"Hipodroom","location_id":1}"
2026-09-08 22:37:12,EEST,3,T1,14,success,"{"total":14,"location_name":"T1 Shopping Mall","location_id":3}"
2026-09-08 22:37:12,EEST,9,Mustika,10,success,"{"total":10,"location_name":"Mustika","location_id":9}"
2026-09-08 22:37:12,EEST,10,Suur-Paala,4,success,"{"total":4,"location_name":"Suur-Paala","location_id":10}"
2026-09-08 22:39:12,EEST,1,Hipodroom,4,success,"{"total":4,"location_name":"Hipodroom","location_id":1}"
2026-09-08 22:39:12,EEST,3,T1,14,success,"{"total":14,"location_name":"T1 Shopping Mall","location_id":3}"
2026-09-08 22:39:12,EEST,9,Mustika,10,success,"{"total":10,"location_name":"Mustika","location_id":9}"
2026-09-08 22:39:12,EEST,10,Suur-Paala,4,success,"{"total":4,"location_name":"Suur-Paala","location_id":10}"
2026-09-08 22:41:13,EEST,1,Hipodroom,4,success,"{"total":4,"location_name":"Hipodroom","location_id":1}"
2026-09-08 22:41:13,EEST,3,T1,14,success,"{"total":14,"location_name":"T1 Shopping Mall","location_id":3}"
2026-09-08 22:41:13,EEST,9,Mustika,10,success,"{"total":10,"location_name":"Mustika","location_id":9}"
2026-09-08 22:41:13,EEST,10,Suur-Paala,4,success,"{"total":4,"location_name":"Suur-Paala","location_id":10}"
2026-09-08 22:43:14,EEST,1,Hipodroom,4,success,"{"total":4,"location_name":"Hipodroom","location_id":1}"
2026-09-08 22:43:14,EEST,3,T1,12,success,"{"total":12,"location_name":"T1 Shopping Mall","location_id":3}"
2026-09-08 22:43:14,EEST,9,Mustika,9,success,"{"total":9,"location_name":"Mustika","location_id":9}"
2026-09-08 22:43:14,EEST,10,Suur-Paala,4,success,"{"total":4,"location_name":"Suur-Paala","location_id":10}"
2026-09-08 22:45:14,EEST,1,Hipodroom,4,success,"{"total":4,"location_name":"Hipodroom","location_id":1}"
2026-09-08 22:45:14,EEST,3,T1,12,success,"{"total":12,"location_name":"T1 Shopping Mall","location_id":3}"
2026-09-08 22:45:14,EEST,9,Mustika,9,success,"{"total":9,"location_name":"Mustika","location_id":9}"
2026-09-08 22:45:14,EEST,10,Suur-Paala,4,success,"{"total":4,"location_name":"Suur-Paala","location_id":10}"
2026-09-08 22:47:15,EEST,1,Hipodroom,4,success,"{"total":4,"location_name":"Hipodroom","location_id":1}"
2026-09-08 22:47:15,EEST,3,T1,12,success,"{"total":12,"location_name":"T1 Shopping Mall","location_id":3}"
2026-09-08 22:47:15,EEST,9,Mustika,9,success,"{"total":9,"location_name":"Mustika","location_id":9}"
2026-09-08 22:47:15,EEST,10,Suur-Paala,4,success,"{"total":4,"location_name":"Suur-Paala","location_id":10}"
2026-09-08 22:49:17,EEST,1,Hipodroom,4,success,"{"total":4,"location_name":"Hipodroom","location_id":1}"
2026-09-08 22:49:17,EEST,3,T1,12,success,"{"total":12,"location_name":"T1 Shopping Mall","location_id":3}"
2026-09-08 22:49:17,EEST,9,Mustika,9,success,"{"total":9,"location_name":"Mustika","location_id":9}"
2026-09-08 22:49:17,EEST,10,Suur-Paala,3,success,"{"total":3,"location_name":"Suur-Paala","location_id":10}"
2026-09-08 22:51:17,EEST,1,Hipodroom,4,success,"{"total":4,"location_name":"Hipodroom","location_id":1}"
2026-09-08 22:51:17,EEST,3,T1,12,success,"{"total":12,"location_name":"T1 Shopping Mall","location_id":3}"
2026-09-08 22:51:17,EEST,9,Mustika,9,success,"{"total":9,"location_name":"Mustika","location_id":9}"
2026-09-08 22:51:17,EEST,10,Suur-Paala,3,success,"{"total":3,"location_name":"Suur-Paala","location_id":10}"
2026-09-08 22:53:18,EEST,1,Hipodroom,4,success,"{"total":4,"location_name":"Hipodroom","location_id":1}"
2026-09-08 22:53:18,EEST,3,T1,12,success,"{"total":12,"location_name":"T1 Shopping Mall","location_id":3}"
2026-09-08 22:53:18,EEST,9,Mustika,9,success,"{"total":9,"location_name":"Mustika","location_id":9}"
2026-09-08 22:53:18,EEST,10,Suur-Paala,3,success,"{"total":3,"location_name":"Suur-Paala","location_id":10}"
2026-09-08 22:55:18,EEST,1,Hipodroom,4,success,"{"total":4,"location_name":"Hipodroom","location_id":1}"
2026-09-08 22:55:18,EEST,3,T1,12,success,"{"total":12,"location_name":"T1 Shopping Mall","location_id":3}"
2026-09-08 22:55:18,EEST,9,Mustika,9,success,"{"total":9,"location_name":"Mustika","location_id":9}"
2026-09-08 22:55:18,EEST,10,Suur-Paala,2,success,"{"total":2,"location_name":"Suur-Paala","location_id":10}"
2026-09-08 22:57:19,EEST,1,Hipodroom,4,success,"{"total":4,"location_name":"Hipodroom","location_id":1}"
2026-09-08 22:57:19,EEST,3,T1,12,success,"{"total":12,"location_name":"T1 Shopping Mall","location_id":3}"
2026-09-08 22:57:19,EEST,9,Mustika,9,success,"{"total":9,"location_name":"Mustika","location_id":9}"
2026-09-08 22:57:19,EEST,10,Suur-Paala,2,success,"{"total":2,"location_name":"Suur-Paala","location_id":10}"
2026-09-08 22:59:20,EEST,1,Hipodroom,4,success,"{"total":4,"location_name":"Hipodroom","location_id":1}"
2026-09-08 22:59:20,EEST,3,T1,12,success,"{"total":12,"location_name":"T1 Shopping Mall","location_id":3}"
2026-09-08 22:59:20,EEST,9,Mustika,9,success,"{"total":9,"location_name":"Mustika","location_id":9}"
2026-09-08 22:59:20,EEST,10,Suur-Paala,2,success,"{"total":2,"location_name":"Suur-Paala","location_id":10}"
2026-09-08 23:01:20,EEST,1,Hipodroom,4,success,"{"total":4,"location_name":"Hipodroom","location_id":1}"
2026-09-08 23:01:20,EEST,3,T1,12,success,"{"total":12,"location_name":"T1 Shopping Mall","location_id":3}"
2026-09-08 23:01:20,EEST,9,Mustika,8,success,"{"total":8,"location_name":"Mustika","location_id":9}"
2026-09-08 23:01:20,EEST,10,Suur-Paala,2,success,"{"total":2,"location_name":"Suur-Paala","location_id":10}"
2026-09-08 23:03:21,EEST,1,Hipodroom,4,success,"{"total":4,"location_name":"Hipodroom","location_id":1}"
2026-09-08 23:03:21,EEST,3,T1,12,success,"{"total":12,"location_name":"T1 Shopping Mall","location_id":3}"
2026-09-08 23:03:21,EEST,9,Mustika,8,success,"{"total":8,"location_name":"Mustika","location_id":9}"
2026-09-08 23:03:21,EEST,10,Suur-Paala,2,success,"{"total":2,"location_name":"Suur-Paala","location_id":10}"
2026-09-08 23:05:21,EEST,1,Hipodroom,4,success,"{"total":4,"location_name":"Hipodroom","location_id":1}"
2026-09-08 23:05:21,EEST,3,T1,12,success,"{"total":12,"location_name":"T1 Shopping Mall","location_id":3}"
2026-09-08 23:05:21,EEST,9,Mustika,8,success,"{"total":8,"location_name":"Mustika","location_id":9}"
2026-09-08 23:05:21,EEST,10,Suur-Paala,2,success,"{"total":2,"location_name":"Suur-Paala","location_id":10}"
2026-09-08 23:07:22,EEST,1,Hipodroom,4,success,"{"total":4,"location_name":"Hipodroom","location_id":1}"
2026-09-08 23:07:22,EEST,3,T1,11,success,"{"total":11,"location_name":"T1 Shopping Mall","location_id":3}"
2026-09-08 23:07:22,EEST,9,Mustika,8,success,"{"total":8,"location_name":"Mustika","location_id":9}"
2026-09-08 23:07:22,EEST,10,Suur-Paala,2,success,"{"total":2,"location_name":"Suur-Paala","location_id":10}"
2026-09-08 23:09:23,EEST,1,Hipodroom,4,success,"{"total":4,"location_name":"Hipodroom","location_id":1}"
2026-09-08 23:09:23,EEST,3,T1,11,success,"{"total":11,"location_name":"T1 Shopping Mall","location_id":3}"
2026-09-08 23:09:23,EEST,9,Mustika,8,success,"{"total":8,"location_name":"Mustika","location_id":9}"
2026-09-08 23:09:23,EEST,10,Suur-Paala,2,success,"{"total":2,"location_name":"Suur-Paala","location_id":10}"
2026-09-08 23:11:23,EEST,1,Hipodroom,4,success,"{"total":4,"location_name":"Hipodroom","location_id":1}"
2026-09-08 23:11:23,EEST,3,T1,11,success,"{"total":11,"location_name":"T1 Shopping Mall","location_id":3}"
2026-09-08 23:11:23,EEST,9,Mustika,8,success,"{"total":8,"location_name":"Mustika","location_id":9}"
2026-09-08 23:11:23,EEST,10,Suur-Paala,2,success,"{"total":2,"location_name":"Suur-Paala","location_id":10}"
2026-09-08 23:13:24,EEST,1,Hipodroom,3,success,"{"total":3,"location_name":"Hipodroom","location_id":1}"
2026-09-08 23:13:24,EEST,3,T1,11,success,"{"total":11,"location_name":"T1 Shopping Mall","location_id":3}"
2026-09-08 23:13:24,EEST,9,Mustika,7,success,"{"total":7,"location_name":"Mustika","location_id":9}"
2026-09-08 23:13:24,EEST,10,Suur-Paala,2,success,"{"total":2,"location_name":"Suur-Paala","location_id":10}"
2026-09-08 23:15:24,EEST,1,Hipodroom,3,success,"{"total":3,"location_name":"Hipodroom","location_id":1}"
2026-09-08 23:15:24,EEST,3,T1,11,success,"{"total":11,"location_name":"T1 Shopping Mall","location_id":3}"
2026-09-08 23:15:24,EEST,9,Mustika,7,success,"{"total":7,"location_name":"Mustika","location_id":9}"
2026-09-08 23:15:24,EEST,10,Suur-Paala,2,success,"{"total":2,"location_name":"Suur-Paala","location_id":10}"
2026-09-08 23:17:25,EEST,1,Hipodroom,3,success,"{"total":3,"location_name":"Hipodroom","location_id":1}"
2026-09-08 23:17:25,EEST,3,T1,11,success,"{"total":11,"location_name":"T1 Shopping Mall","location_id":3}"
2026-09-08 23:17:25,EEST,9,Mustika,7,success,"{"total":7,"location_name":"Mustika","location_id":9}"
2026-09-08 23:17:25,EEST,10,Suur-Paala,2,success,"{"total":2,"location_name":"Suur-Paala","location_id":10}"
2026-09-08 23:19:26,EEST,1,Hipodroom,2,success,"{"total":2,"location_name":"Hipodroom","location_id":1}"
2026-09-08 23:19:26,EEST,3,T1,9,success,"{"total":9,"location_name":"T1 Shopping Mall","location_id":3}"
2026-09-08 23:19:26,EEST,9,Mustika,5,success,"{"total":5,"location_name":"Mustika","location_id":9}"
2026-09-08 23:19:26,EEST,10,Suur-Paala,2,success,"{"total":2,"location_name":"Suur-Paala","location_id":10}"
2026-09-08 23:21:26,EEST,1,Hipodroom,2,success,"{"total":2,"location_name":"Hipodroom","location_id":1}"
2026-09-08 23:21:26,EEST,3,T1,9,success,"{"total":9,"location_name":"T1 Shopping Mall","location_id":3}"
2026-09-08 23:21:26,EEST,9,Mustika,5,success,"{"total":5,"location_name":"Mustika","location_id":9}"
2026-09-08 23:21:26,EEST,10,Suur-Paala,2,success,"{"total":2,"location_name":"Suur-Paala","location_id":10}"
2026-09-08 23:23:26,EEST,1,Hipodroom,2,success,"{"total":2,"location_name":"Hipodroom","location_id":1}"
2026-09-08 23:23:26,EEST,3,T1,9,success,"{"total":9,"location_name":"T1 Shopping Mall","location_id":3}"
2026-09-08 23:23:26,EEST,9,Mustika,5,success,"{"total":5,"location_name":"Mustika","location_id":9}"
2026-09-08 23:23:26,EEST,10,Suur-Paala,2,success,"{"total":2,"location_name":"Suur-Paala","location_id":10}"
2026-09-08 23:25:27,EEST,1,Hipodroom,1,success,"{"total":1,"location_name":"Hipodroom","location_id":1}"
2026-09-08 23:25:27,EEST,3,T1,6,success,"{"total":6,"location_name":"T1 Shopping Mall","location_id":3}"
2026-09-08 23:25:27,EEST,9,Mustika,5,success,"{"total":5,"location_name":"Mustika","location_id":9}"
2026-09-08 23:25:27,EEST,10,Suur-Paala,1,success,"{"total":1,"location_name":"Suur-Paala","location_id":10}"
2026-09-08 23:27:27,EEST,1,Hipodroom,1,success,"{"total":1,"location_name":"Hipodroom","location_id":1}"
2026-09-08 23:27:27,EEST,3,T1,6,success,"{"total":6,"location_name":"T1 Shopping Mall","location_id":3}"
2026-09-08 23:27:27,EEST,9,Mustika,5,success,"{"total":5,"location_name":"Mustika","location_id":9}"
2026-09-08 23:27:27,EEST,10,Suur-Paala,1,success,"{"total":1,"location_name":"Suur-Paala","location_id":10}"
2026-09-08 23:29:28,EEST,1,Hipodroom,1,success,"{"total":1,"location_name":"Hipodroom","location_id":1}"
2026-09-08 23:29:28,EEST,3,T1,6,success,"{"total":6,"location_name":"T1 Shopping Mall","location_id":3}"
2026-09-08 23:29:28,EEST,9,Mustika,5,success,"{"total":5,"location_name":"Mustika","location_id":9}"
2026-09-08 23:29:28,EEST,10,Suur-Paala,1,success,"{"total":1,"location_name":"Suur-Paala","location_id":10}"
2026-09-08 23:31:28,EEST,1,Hipodroom,1,success,"{"total":1,"location_name":"Hipodroom","location_id":1}"
2026-09-08 23:31:28,EEST,3,T1,5,success,"{"total":5,"location_name":"T1 Shopping Mall","location_id":3}"
2026-09-08 23:31:28,EEST,9,Mustika,5,success,"{"total":5,"location_name":"Mustika","location_id":9}"
2026-09-08 23:31:28,EEST,10,Suur-Paala,1,success,"{"total":1,"location_name":"Suur-Paala","location_id":10}"
2026-09-08 23:33:29,EEST,1,Hipodroom,1,success,"{"total":1,"location_name":"Hipodroom","location_id":1}"
2026-09-08 23:33:29,EEST,3,T1,5,success,"{"total":5,"location_name":"T1 Shopping Mall","location_id":3}"
2026-09-08 23:33:29,EEST,9,Mustika,5,success,"{"total":5,"location_name":"Mustika","location_id":9}"
2026-09-08 23:33:29,EEST,10,Suur-Paala,1,success,"{"total":1,"location_name":"Suur-Paala","location_id":10}"
2026-09-08 23:35:30,EEST,1,Hipodroom,1,success,"{"total":1,"location_name":"Hipodroom","location_id":1}"
2026-09-08 23:35:30,EEST,3,T1,5,success,"{"total":5,"location_name":"T1 Shopping Mall","location_id":3}"
2026-09-08 23:35:30,EEST,9,Mustika,5,success,"{"total":5,"location_name":"Mustika","location_id":9}"
2026-09-08 23:35:30,EEST,10,Suur-Paala,1,success,"{"total":1,"location_name":"Suur-Paala","location_id":10}"
2026-09-08 23:37:30,EEST,1,Hipodroom,1,success,"{"total":1,"location_name":"Hipodroom","location_id":1}"
2026-09-08 23:37:30,EEST,3,T1,5,success,"{"total":5,"location_name":"T1 Shopping Mall","location_id":3}"
2026-09-08 23:37:30,EEST,9,Mustika,5,success,"{"total":5,"location_name":"Mustika","location_id":9}"
2026-09-08 23:37:30,EEST,10,Suur-Paala,1,success,"{"total":1,"location_name":"Suur-Paala","location_id":10}"
2026-09-08 23:39:31,EEST,1,Hipodroom,1,success,"{"total":1,"location_name":"Hipodroom","location_id":1}"
2026-09-08 23:39:31,EEST,3,T1,5,success,"{"total":5,"location_name":"T1 Shopping Mall","location_id":3}"
2026-09-08 23:39:31,EEST,9,Mustika,5,success,"{"total":5,"location_name":"Mustika","location_id":9}"
2026-09-08 23:39:31,EEST,10,Suur-Paala,1,success,"{"total":1,"location_name":"Suur-Paala","location_id":10}"
2026-09-08 23:41:32,EEST,1,Hipodroom,1,success,"{"total":1,"location_name":"Hipodroom","location_id":1}"
2026-09-08 23:41:32,EEST,3,T1,5,success,"{"total":5,"location_name":"T1 Shopping Mall","location_id":3}"
2026-09-08 23:41:32,EEST,9,Mustika,5,success,"{"total":5,"location_name":"Mustika","location_id":9}"
2026-09-08 23:41:32,EEST,10,Suur-Paala,1,success,"{"total":1,"location_name":"Suur-Paala","location_id":10}"
2026-09-08 23:43:32,EEST,1,Hipodroom,1,success,"{"total":1,"location_name":"Hipodroom","location_id":1}"
2026-09-08 23:43:32,EEST,3,T1,9,success,"{"total":9,"location_name":"T1 Shopping Mall","location_id":3}"
2026-09-08 23:43:32,EEST,9,Mustika,5,success,"{"total":5,"location_name":"Mustika","location_id":9}"
2026-09-08 23:43:32,EEST,10,Suur-Paala,1,success,"{"total":1,"location_name":"Suur-Paala","location_id":10}"
2026-09-08 23:45:33,EEST,1,Hipodroom,1,success,"{"total":1,"location_name":"Hipodroom","location_id":1}"
2026-09-08 23:45:33,EEST,3,T1,9,success,"{"total":9,"location_name":"T1 Shopping Mall","location_id":3}"
2026-09-08 23:45:33,EEST,9,Mustika,5,success,"{"total":5,"location_name":"Mustika","location_id":9}"
2026-09-08 23:45:33,EEST,10,Suur-Paala,1,success,"{"total":1,"location_name":"Suur-Paala","location_id":10}"
2026-09-08 23:47:33,EEST,1,Hipodroom,1,success,"{"total":1,"location_name":"Hipodroom","location_id":1}"
2026-09-08 23:47:33,EEST,3,T1,9,success,"{"total":9,"location_name":"T1 Shopping Mall","location_id":3}"
2026-09-08 23:47:33,EEST,9,Mustika,5,success,"{"total":5,"location_name":"Mustika","location_id":9}"
2026-09-08 23:47:33,EEST,10,Suur-Paala,1,success,"{"total":1,"location_name":"Suur-Paala","location_id":10}"
2026-09-08 23:49:34,EEST,1,Hipodroom,1,success,"{"total":1,"location_name":"Hipodroom","location_id":1}"
2026-09-08 23:49:34,EEST,3,T1,9,success,"{"total":9,"location_name":"T1 Shopping Mall","location_id":3}"
2026-09-08 23:49:34,EEST,9,Mustika,4,success,"{"total":4,"location_name":"Mustika","location_id":9}"
2026-09-08 23:49:34,EEST,10,Suur-Paala,0,success,"{"total":0,"location_name":"Suur-Paala","location_id":10}"
2026-09-08 23:51:35,EEST,1,Hipodroom,1,success,"{"total":1,"location_name":"Hipodroom","location_id":1}"
2026-09-08 23:51:35,EEST,3,T1,9,success,"{"total":9,"location_name":"T1 Shopping Mall","location_id":3}"
2026-09-08 23:51:35,EEST,9,Mustika,4,success,"{"total":4,"location_name":"Mustika","location_id":9}"
2026-09-08 23:51:35,EEST,10,Suur-Paala,0,success,"{"total":0,"location_name":"Suur-Paala","location_id":10}"
2026-09-08 23:53:36,EEST,1,Hipodroom,1,success,"{"total":1,"location_name":"Hipodroom","location_id":1}"
2026-09-08 23:53:36,EEST,3,T1,9,success,"{"total":9,"location_name":"T1 Shopping Mall","location_id":3}"
2026-09-08 23:53:36,EEST,9,Mustika,4,success,"{"total":4,"location_name":"Mustika","location_id":9}"
2026-09-08 23:53:36,EEST,10,Suur-Paala,0,success,"{"total":0,"location_name":"Suur-Paala","location_id":10}"
2026-09-08 23:55:37,EEST,1,Hipodroom,2,success,"{"total":2,"location_name":"Hipodroom","location_id":1}"
2026-09-08 23:55:37,EEST,3,T1,8,success,"{"total":8,"location_name":"T1 Shopping Mall","location_id":3}"
2026-09-08 23:55:37,EEST,9,Mustika,4,success,"{"total":4,"location_name":"Mustika","location_id":9}"
2026-09-08 23:55:37,EEST,10,Suur-Paala,0,success,"{"total":0,"location_name":"Suur-Paala","location_id":10}"
2026-09-08 23:57:37,EEST,1,Hipodroom,2,success,"{"total":2,"location_name":"Hipodroom","location_id":1}"
2026-09-08 23:57:37,EEST,3,T1,8,success,"{"total":8,"location_name":"T1 Shopping Mall","location_id":3}"
2026-09-08 23:57:37,EEST,9,Mustika,4,success,"{"total":4,"location_name":"Mustika","location_id":9}"
2026-09-08 23:57:37,EEST,10,Suur-Paala,0,success,"{"total":0,"location_name":"Suur-Paala","location_id":10}"
2026-09-08 23:59:38,EEST,1,Hipodroom,2,success,"{"total":2,"location_name":"Hipodroom","location_id":1}"
2026-09-08 23:59:38,EEST,3,T1,8,success,"{"total":8,"location_name":"T1 Shopping Mall","location_id":3}"
2026-09-08 23:59:38,EEST,9,Mustika,4,success,"{"total":4,"location_name":"Mustika","location_id":9}"
2026-09-08 23:59:38,EEST,10,Suur-Paala,0,success,"{"total":0,"location_name":"Suur-Paala","location_id":10}"
